film_title,film_year,film_wikidata,tmdb_id,n_director_refs,director_slugs,rep_types,source
A City of Sadness,1989,Q133461,,1,auteur-hou-hsiao-hsien,defining,film_auteur
My Twentieth Century,1989,,,1,auteur-ildiko-enyedi,defining,film_auteur
Europa Europa,1990,,,1,auteur-agnieszka-holland,defining,film_auteur
The Northerners,1992,,,1,auteur-alex-van-warmerdam,defining,film_auteur
The Piano,1993,Q117315,,1,auteur-jane-campion,defining,film_auteur
Vive L'Amour,1994,Q711684,,1,auteur-tsai-ming-liang,defining,film_auteur
Breaking the Waves,1996,Q538412,,1,auteur-lars-von-trier,defining,film_auteur
Pusher,1996,Q316761,,1,auteur-nicolas-winding-refn,defining,film_auteur
Cure,1997,Q1144476,,1,auteur-kiyoshi-kurosawa,defining,film_auteur
Flowers of Shanghai,1998,Q383729,,1,auteur-hou-hsiao-hsien,defining,film_auteur
The Celebration,1998,Q841958,,1,auteur-thomas-vinterberg,defining,film_auteur
West Beirut,1998,,,1,auteur-ziad-doueiri,defining,film_auteur
All About My Mother,1999,,,1,auteur-pedro-almodovar,defining,film_auteur
Rosetta,1999,,,1,auteur-dardenne-brothers,defining,film_auteur
Amores Perros,2000,Q474098,,1,auteur-alejandro-gonzalez-inarritu,defining,film_auteur
Dancer in the Dark,2000,Q110365,,1,auteur-lars-von-trier,defining,film_auteur
In Vanda's Room,2000,,,1,auteur-pedro-costa,defining,film_auteur
O Fantasma,2000,,,1,auteur-joao-pedro-rodrigues,defining,film_auteur
Platform,2000,Q197412,,1,auteur-jia-zhangke,defining,film_auteur
Sexy Beast,2000,,,1,auteur-jonathan-glazer,defining,film_auteur
Songs from the Second Floor,2000,Q2301516,,1,auteur-roy-andersson,defining,film_auteur
The Circle,2000,Q1194947,,1,auteur-jafar-panahi,defining,film_auteur
La Ciénaga,2001,Q3214034,,1,auteur-lucrecia-martel,defining,film_auteur
No Man's Land,2001,,,1,auteur-danis-tanovic,defining,film_auteur
Pulse,2001,Q196184,,1,auteur-kiyoshi-kurosawa,defining,film_auteur
The Devil's Backbone,2001,Q1350521,,1,auteur-guillermo-del-toro,defining,film_auteur
Y Tu Mamá También,2001,Q128848,,1,auteur-alfonso-cuaron,defining,film_auteur
Distant,2002,,,1,auteur-nuri-bilge-ceylan,defining,film_auteur
Divine Intervention,2002,Q1388799,,1,auteur-elia-suleiman,defining,film_auteur
Madame Satã,2002,Q3102024,,1,auteur-karim-ainouz,defining,film_auteur
Talk to Her,2002,,,1,auteur-pedro-almodovar,defining,film_auteur
The Man Without a Past,2002,Q944984,,1,auteur-aki-kaurismaki,defining,film_auteur
The Son,2002,,,1,auteur-dardenne-brothers,defining,film_auteur
"Goodbye, Dragon Inn",2003,Q3110692,,1,auteur-tsai-ming-liang,defining,film_auteur
Memories of Murder,2003,Q488169,,1,auteur-bong-joon-ho,defining,film_auteur
Oldboy,2003,Q475693,,1,auteur-park-chan-wook,defining,film_auteur
The Return,2003,,,1,auteur-andrey-zvyagintsev,defining,film_auteur
Tie Xi Qu: West of the Tracks,2003,Q3576744,,1,auteur-wang-bing,defining,film_auteur
Head-On,2004,,,1,auteur-fatih-akin,defining,film_auteur
Nobody Knows,2004,Q612298,,1,auteur-hirokazu-kore-eda,defining,film_auteur
Shutter,2004,,,1,auteur-banjong-pisanthanakun,defining,film_auteur
Tropical Malady,2004,Q594131,,1,auteur-apichatpong-weerasethakul,defining,film_auteur
Caché,2005,,,1,auteur-michael-haneke,defining,film_auteur
L'Enfant,2005,,,1,auteur-dardenne-brothers,defining,film_auteur
Paradise Now,2005,Q309459,,1,auteur-hany-abu-assad,defining,film_auteur
The Death of Mr. Lazarescu,2005,,,1,auteur-cristi-puiu,defining,film_auteur
Tiempo de Valientes,2005,Q7801019,,1,auteur-damian-szifron,defining,film_auteur
Away from Her,2006,Q482652,,1,auteur-sarah-polley,defining,film_auteur
Children of Men,2006,Q221090,,1,auteur-alfonso-cuaron,defining,film_auteur
Colossal Youth,2006,,,1,auteur-pedro-costa,defining,film_auteur
Grbavica,2006,,,1,auteur-jasmila-zbanic,defining,film_auteur
Pan's Labyrinth,2006,Q216006,,1,auteur-guillermo-del-toro,defining,film_auteur
Red Road,2006,,,1,auteur-andrea-arnold,defining,film_auteur
Reprise,2006,,,1,auteur-joachim-trier,defining,film_auteur
Still Life,2006,Q1371155,,1,auteur-jia-zhangke,defining,film_auteur
Syndromes and a Century,2006,Q3508807,,1,auteur-apichatpong-weerasethakul,defining,film_auteur
Volver,2006,,,1,auteur-pedro-almodovar,defining,film_auteur
"4 Months, 3 Weeks and 2 Days",2007,,,1,auteur-cristian-mungiu,defining,film_auteur
Black Friday,2007,Q621690,,1,auteur-anurag-kashyap,defining,film_auteur
Boy A,2007,,,1,auteur-john-crowley,defining,film_auteur
Caramel,2007,Q544992,,1,auteur-nadine-labaki,defining,film_auteur
Egg,2007,,,1,auteur-semih-kaplanoglu,defining,film_auteur
Garage,2007,,,1,auteur-lenny-abrahamson,defining,film_auteur
Secret Sunshine,2007,Q496752,,1,auteur-lee-chang-dong,defining,film_auteur
The Edge of Heaven,2007,,,1,auteur-fatih-akin,defining,film_auteur
The Trap,2007,,,1,auteur-srdan-golubovic,defining,film_auteur
There Will Be Blood,2007,Q244315,,1,auteur-paul-thomas-anderson,defining,film_auteur
You the Living,2007,Q387727,,1,auteur-roy-andersson,defining,film_auteur
Gomorrah,2008,,,1,auteur-matteo-garrone,defining,film_auteur
Hunger,2008,,,1,auteur-steve-mcqueen,defining,film_auteur
Il Divo,2008,,,1,auteur-paolo-sorrentino,defining,film_auteur
In Bruges,2008,,,1,auteur-martin-mcdonagh,defining,film_auteur
Serbis,2008,Q3479121,,1,auteur-brillante-mendoza,defining,film_auteur
Snow,2008,,,1,auteur-aida-begic,defining,film_auteur
Still Walking,2008,Q874074,,1,auteur-hirokazu-kore-eda,defining,film_auteur
The Headless Woman,2008,Q2636960,,1,auteur-lucrecia-martel,defining,film_auteur
Tobruk,2008,,,1,auteur-vaclav-marhoul,defining,film_auteur
Tokyo Sonata,2008,Q1368350,,1,auteur-kiyoshi-kurosawa,defining,film_auteur
Waltz with Bashir,2008,Q160793,,1,auteur-ari-folman,defining,film_auteur
A Prophet,2009,,,1,auteur-jacques-audiard,defining,film_auteur
About Elly,2009,Q1311890,,1,auteur-asghar-farhadi,defining,film_auteur
Dev.D,2009,Q3506295,,1,auteur-anurag-kashyap,defining,film_auteur
Dogtooth,2009,Q1075918,,1,auteur-yorgos-lanthimos,defining,film_auteur
Everyone Else,2009,,,1,auteur-maren-ade,defining,film_auteur
Fish Tank,2009,,,1,auteur-andrea-arnold,defining,film_auteur
I Killed My Mother,2009,Q2354576,,1,auteur-xavier-dolan,defining,film_auteur
Kinatay,2009,Q1627903,,1,auteur-brillante-mendoza,defining,film_auteur
Lebanon,2009,,,1,auteur-samuel-maoz,defining,film_auteur
Lourdes,2009,,,1,auteur-jessica-hausner,defining,film_auteur
Mother,2009,Q483761,,1,auteur-bong-joon-ho,defining,film_auteur
The Time That Remains,2009,Q3227617,,1,auteur-elia-suleiman,defining,film_auteur
The White Ribbon,2009,,,1,auteur-michael-haneke,defining,film_auteur
To Die Like a Man,2009,,,1,auteur-joao-pedro-rodrigues,defining,film_auteur
Attenberg,2010,,,1,auteur-athina-rachel-tsangari,defining,film_auteur
Aurora,2010,,,1,auteur-cristi-puiu,defining,film_auteur
Brownian Movement,2010,,,1,auteur-nanouk-leopold,both,film_auteur
Honey,2010,,,1,auteur-semih-kaplanoglu,defining,film_auteur
Incendies,2010,Q1212650,,1,auteur-denis-villeneuve,defining,film_auteur
Limbo,2010,,,1,auteur-maria-sodahl,both,film_auteur
My Joy,2010,,,1,auteur-sergei-loznitsa,defining,film_auteur
Poetry,2010,Q486803,,1,auteur-lee-chang-dong,both,film_auteur
Sandcastle,2010,,,1,auteur-boo-junfeng,both,film_auteur
The Fourth Portrait,2010,Q19849458,,1,auteur-chung-mong-hong,defining,film_auteur
Uncle Boonmee Who Can Recall His Past Lives,2010,Q553901,,1,auteur-apichatpong-weerasethakul,both,film_auteur
A Separation,2011,Q640561,,1,auteur-asghar-farhadi,both,film_auteur
Beauty,2011,Q2270848,,1,auteur-oliver-hermanus,both,film_auteur
Drive,2011,Q732960,,1,auteur-nicolas-winding-refn,both,film_auteur
In Darkness,2011,,,1,auteur-agnieszka-holland,defining,film_auteur
Le Havre,2011,,,1,auteur-aki-kaurismaki,defining,film_auteur
Melancholia,2011,Q165699,,1,auteur-lars-von-trier,defining,film_auteur
Once Upon a Time in Anatolia,2011,,,1,auteur-nuri-bilge-ceylan,defining,film_auteur
"Oslo, August 31st",2011,Q401566,,1,auteur-joachim-trier,defining,film_auteur
Porfirio,2011,,,1,auteur-alejandro-landes,both,film_auteur
Shame,2011,,,1,auteur-steve-mcqueen,both,film_auteur
Snowtown,2011,Q2133240,,1,auteur-justin-kurzel,defining,film_auteur
Still Life,2011,,,1,auteur-sebastian-meise,both,film_auteur
Suicide Room,2011,,,1,auteur-jan-komasa,defining,film_auteur
This Is Not a Film,2011,Q627471,,1,auteur-jafar-panahi,both,film_auteur
Tomboy,2011,,,1,auteur-celine-sciamma,defining,film_auteur
Where Do We Go Now?,2011,Q1766235,,1,auteur-nadine-labaki,both,film_auteur
Amour,2012,,,1,auteur-michael-haneke,both,film_auteur
Barbara,2012,,,1,auteur-christian-petzold,defining,film_auteur
Beyond the Hills,2012,,,1,auteur-cristian-mungiu,defining,film_auteur
Children of Sarajevo,2012,,,1,auteur-aida-begic,both,film_auteur
Gangs of Wasseypur,2012,Q21001632,,1,auteur-anurag-kashyap,both,film_auteur
Hemel,2012,,,1,auteur-sacha-polak,both,film_auteur
Horses of God,2012,Q5274248,,1,auteur-nabil-ayouch,both,film_auteur
In the Fog,2012,,,1,auteur-sergei-loznitsa,defining,film_auteur
Laurence Anyways,2012,,,1,auteur-xavier-dolan,defining,film_auteur
Neighbouring Sounds,2012,Q4414346,,1,auteur-kleber-mendonca-filho,defining,film_auteur
No,2012,Q2620241,,1,auteur-pablo-larrain,defining,film_auteur
Reality,2012,,,1,auteur-matteo-garrone,defining,film_auteur
Rust and Bone,2012,,,1,auteur-jacques-audiard,defining,film_auteur
Tabu,2012,,,1,auteur-miguel-gomes,defining,film_auteur
Tey,2012,,,1,auteur-alain-gomis,both,film_auteur
The Attack,2012,,,1,auteur-ziad-doueiri,both,film_auteur
The Hunt,2012,Q32303,,1,auteur-thomas-vinterberg,defining,film_auteur
The Master,2012,Q283586,,1,auteur-paul-thomas-anderson,defining,film_auteur
Wadjda,2012,Q5474120,,1,auteur-haifaa-al-mansour,both,film_auteur
'Til Madness Do Us Part,2013,Q19952772,,1,auteur-wang-bing,defining,film_auteur
12 Years a Slave,2013,,,1,auteur-steve-mcqueen,both,film_auteur
A Touch of Sin,2013,Q13218237,,1,auteur-jia-zhangke,both,film_auteur
An Episode in the Life of an Iron Picker,2013,,,1,auteur-danis-tanovic,recent,film_auteur
Borgman,2013,,,1,auteur-alex-van-warmerdam,both,film_auteur
Circles,2013,,,1,auteur-srdan-golubovic,both,film_auteur
Gloria,2013,Q5013909,,1,auteur-sebastian-lelio,defining,film_auteur
Gravity,2013,Q2579784,,1,auteur-alfonso-cuaron,defining,film_auteur
Harmony Lessons,2013,,,1,auteur-emir-baigazin,both,film_auteur
Ida,2013,,,1,auteur-pawel-pawlikowski,defining,film_auteur
Ilo Ilo,2013,,,1,auteur-anthony-chen,both,film_auteur
In Bloom,2013,,,1,auteur-nana-ekvtimishvili,both,film_auteur
"Mary Is Happy, Mary Is Happy",2013,,,1,auteur-nawapol-thamrongrattanarit,both,film_auteur
"Norte, the End of History",2013,Q13099348,,1,auteur-lav-diaz,both,film_auteur
Of Horses and Men,2013,,,1,auteur-benedikt-erlingsson,both,film_auteur
Omar,2013,Q13475554,,1,auteur-hany-abu-assad,recent,film_auteur
On the Job,2013,,,1,auteur-erik-matti,both,film_auteur
Pee Mak,2013,,,1,auteur-banjong-pisanthanakun,both,film_auteur
Soul,2013,Q15040712,,1,auteur-chung-mong-hong,defining,film_auteur
Story of My Death,2013,,,1,auteur-albert-serra,defining,film_auteur
Stray Dogs,2013,Q12144835,,1,auteur-tsai-ming-liang,both,film_auteur
The Congress,2013,Q3520383,,1,auteur-ari-folman,recent,film_auteur
The Great Beauty,2013,,,1,auteur-paolo-sorrentino,both,film_auteur
Under the Skin,2013,,,1,auteur-jonathan-glazer,defining,film_auteur
A Pigeon Sat on a Branch Reflecting on Existence,2014,Q10483256,,1,auteur-roy-andersson,both,film_auteur
Amour Fou,2014,,,1,auteur-jessica-hausner,defining,film_auteur
Birdman,2014,Q13255497,,1,auteur-alejandro-gonzalez-inarritu,both,film_auteur
Blind,2014,Q15648873,,1,auteur-eskil-vogt,defining,film_auteur
Force Majeure,2014,Q10706553,,1,auteur-ruben-ostlund,defining,film_auteur
Frank,2014,,,1,auteur-lenny-abrahamson,defining,film_auteur
From What Is Before,2014,Q17986904,,1,auteur-lav-diaz,recent,film_auteur
Futuro Beach,2014,Q16938850,,1,auteur-karim-ainouz,defining,film_auteur
Girlhood,2014,,,1,auteur-celine-sciamma,defining,film_auteur
Horse Money,2014,,,1,auteur-pedro-costa,both,film_auteur
Leviathan,2014,Q15972383,,1,auteur-andrey-zvyagintsev,both,film_auteur
Maidan,2014,,,1,auteur-sergei-loznitsa,recent,film_auteur
Mommy,2014,Q16395232,,1,auteur-xavier-dolan,both,film_auteur
Phoenix,2014,,,1,auteur-christian-petzold,defining,film_auteur
The Babadook,2014,Q16011764,,1,auteur-jennifer-kent,defining,film_auteur
The Kindergarten Teacher,2014,Q18214949,,1,auteur-nadav-lapid,both,film_auteur
The Owners,2014,Q18129067,,1,auteur-adilkhan-yerzhanov,defining,film_auteur
The Tribe,2014,,,1,auteur-myroslav-slaboshpytskyi,defining,film_auteur
The Wonders,2014,,,1,auteur-alice-rohrwacher,defining,film_auteur
Whiplash,2014,Q15648198,,1,auteur-damien-chazelle,defining,film_auteur
White God,2014,,,1,auteur-kornel-mundruczo,both,film_auteur
Wild Tales,2014,Q16672466,,1,auteur-damian-szifron,both,film_auteur
Winter Sleep,2014,,,1,auteur-nuri-bilge-ceylan,both,film_auteur
Aferim!,2015,,,1,auteur-radu-jude,defining,film_auteur
Arabian Nights,2015,,,1,auteur-miguel-gomes,defining,film_auteur
As I Open My Eyes,2015,,,1,auteur-leyla-bouzid,both,film_auteur
Brooklyn,2015,,,1,auteur-john-crowley,both,film_auteur
Chevalier,2015,,,1,auteur-athina-rachel-tsangari,defining,film_auteur
Dheepan,2015,,,1,auteur-jacques-audiard,both,film_auteur
Embrace of the Serpent,2015,Q19824642,,1,auteur-ciro-guerra,both,film_auteur
Happy Hour,2015,Q28682695,,1,auteur-ryusuke-hamaguchi,defining,film_auteur
Heart Attack,2015,,,1,auteur-nawapol-thamrongrattanarit,both,film_auteur
Honor Thy Father,2015,,,1,auteur-erik-matti,both,film_auteur
Ixcanul,2015,Q18702255,,1,auteur-jayro-bustamante,both,film_auteur
Kaili Blues,2015,Q20687830,,1,auteur-bi-gan,both,film_auteur
Macbeth,2015,Q15934383,,1,auteur-justin-kurzel,defining,film_auteur
Much Loved,2015,Q19894499,,1,auteur-nabil-ayouch,recent,film_auteur
Mustang,2015,,,1,auteur-deniz-gamze-erguven,both,film_auteur
Paulina,2015,,,1,auteur-santiago-mitre,both,film_auteur
Room,2015,,,1,auteur-lenny-abrahamson,both,film_auteur
Son of Saul,2015,Q19816400,,1,auteur-laszlo-nemes,defining,film_auteur
Taxi,2015,Q18844625,,1,auteur-jafar-panahi,both,film_auteur
The Assassin,2015,Q15831713,,1,auteur-hou-hsiao-hsien,both,film_auteur
The Club,2015,Q18959440,,1,auteur-pablo-larrain,defining,film_auteur
The High Sun,2015,,,1,auteur-dalibor-matanic,both,film_auteur
The Revenant,2015,Q18002795,,1,auteur-alejandro-gonzalez-inarritu,recent,film_auteur
American Honey,2016,,,1,auteur-andrea-arnold,both,film_auteur
Apprentice,2016,,,1,auteur-boo-junfeng,both,film_auteur
Aquarius,2016,Q23833608,,1,auteur-kleber-mendonca-filho,defining,film_auteur
Arrival,2016,Q20382729,,1,auteur-denis-villeneuve,both,film_auteur
Clash,2016,,,1,auteur-mohamed-diab,both,film_auteur
Graduation,2016,,,1,auteur-cristian-mungiu,recent,film_auteur
Jackie,2016,Q22350767,,1,auteur-pablo-larrain,recent,film_auteur
La La Land,2016,Q20856802,,1,auteur-damien-chazelle,both,film_auteur
Ma' Rosa,2016,Q23834520,,1,auteur-brillante-mendoza,both,film_auteur
Moonlight,2016,Q21527875,,1,auteur-barry-jenkins,both,film_auteur
Personal Affairs,2016,,,1,auteur-maha-haj,both,film_auteur
Raw,2016,,,1,auteur-julia-ducournau,defining,film_auteur
Sieranevada,2016,,,1,auteur-cristi-puiu,recent,film_auteur
The Death of Louis XIV,2016,,,1,auteur-albert-serra,defining,film_auteur
The Handmaiden,2016,Q20444585,,1,auteur-park-chan-wook,both,film_auteur
The Happiest Day in the Life of Olli Mäki,2016,Q23838435,,1,auteur-juho-kuosmanen,defining,film_auteur
The Neon Demon,2016,Q19750881,,1,auteur-nicolas-winding-refn,both,film_auteur
The Ornithologist,2016,,,1,auteur-joao-pedro-rodrigues,both,film_auteur
The Salesman,2016,Q22344480,,1,auteur-asghar-farhadi,both,film_auteur
The Student,2016,,,1,auteur-kirill-serebrennikov,defining,film_auteur
The Woman Who Left,2016,Q26158148,,1,auteur-lav-diaz,both,film_auteur
Toni Erdmann,2016,,,1,auteur-maren-ade,both,film_auteur
Vaya,2016,,,1,auteur-akin-omotoso,both,film_auteur
A Fantastic Woman,2017,Q28127580,,1,auteur-sebastian-lelio,both,film_auteur
A Man of Integrity,2017,Q29401467,,1,auteur-mohammad-rasoulof,both,film_auteur
Beauty and the Dogs,2017,Q29413105,,1,auteur-kaouther-ben-hania,both,film_auteur
Blade Runner 2049,2017,Q21500755,,1,auteur-denis-villeneuve,recent,film_auteur
Closeness,2017,,,1,auteur-kantemir-balagov,defining,film_auteur
Foxtrot,2017,,,1,auteur-samuel-maoz,both,film_auteur
Frost,2017,,,1,auteur-sarunas-bartas,both,film_auteur
Félicité,2017,,,1,auteur-alain-gomis,both,film_auteur
In the Fade,2017,,,1,auteur-fatih-akin,recent,film_auteur
Killing Jesus,2017,,,1,auteur-laura-mora-ortega,both,film_auteur
Let the Summer Never Come Again,2017,,,1,auteur-alexandre-koberidze,both,film_auteur
Loveless,2017,,,1,auteur-andrey-zvyagintsev,both,film_auteur
My Happy Family,2017,,,1,auteur-nana-ekvtimishvili,both,film_auteur
On Body and Soul,2017,,,1,auteur-ildiko-enyedi,both,film_auteur
Phantom Thread,2017,Q28840386,,1,auteur-paul-thomas-anderson,defining,film_auteur
Satan's Slaves,2017,,,1,auteur-joko-anwar,both,film_auteur
Summer 1993,2017,,,1,auteur-carla-simon,defining,film_auteur
The Insult,2017,,,1,auteur-ziad-doueiri,both,film_auteur
The Seen and Unseen,2017,,,1,auteur-kamila-andini,both,film_auteur
The Shape of Water,2017,Q26698156,,1,auteur-guillermo-del-toro,both,film_auteur
The Square,2017,Q27237522,,1,auteur-ruben-ostlund,both,film_auteur
The Summit,2017,,,1,auteur-santiago-mitre,both,film_auteur
The Wound,2017,,,1,auteur-john-trengove,both,film_auteur
Those Who Are Fine,2017,,,1,auteur-cyril-schaublin,both,film_auteur
Three Billboards Outside Ebbing Missouri,2017,,,1,auteur-martin-mcdonagh,both,film_auteur
Until the Birds Return,2017,,,1,auteur-karim-moussaoui,both,film_auteur
Village Rockstars,2017,,,1,auteur-rima-das,both,film_auteur
Winter Brothers,2017,,,1,auteur-hlynur-palmason,both,film_auteur
Zama,2017,Q22931120,,1,auteur-lucrecia-martel,recent,film_auteur
Asako I & II,2018,Q51800443,,1,auteur-ryusuke-hamaguchi,recent,film_auteur
Birds of Passage,2018,Q51998716,,1,auteur-ciro-guerra,recent,film_auteur
Border,2018,Q53736577,,1,auteur-ali-abbasi,both,film_auteur
Bulbul Can Sing,2018,,,1,auteur-rima-das,both,film_auteur
Burning,2018,Q27964354,,1,auteur-lee-chang-dong,recent,film_auteur
Capernaum,2018,Q51803319,,1,auteur-nadine-labaki,both,film_auteur
Cobain,2018,,,1,auteur-nanouk-leopold,both,film_auteur
Cold War,2018,,,1,auteur-pawel-pawlikowski,both,film_auteur
Dogman,2018,,,1,auteur-matteo-garrone,recent,film_auteur
Donbass,2018,,,1,auteur-sergei-loznitsa,recent,film_auteur
Girl,2018,,,1,auteur-lukas-dhont,defining,film_auteur
Happy as Lazzaro,2018,,,1,auteur-alice-rohrwacher,both,film_auteur
If Beale Street Could Talk,2018,Q38685547,,1,auteur-barry-jenkins,recent,film_auteur
Leto,2018,,,1,auteur-kirill-serebrennikov,both,film_auteur
Long Day's Journey into Night,2018,Q51879925,,1,auteur-bi-gan,both,film_auteur
Rafiki,2018,,,1,auteur-wanuri-kahiu,both,film_auteur
Roma,2018,Q27959455,,1,auteur-alfonso-cuaron,both,film_auteur
Shoplifters,2018,Q48765577,,1,auteur-hirokazu-kore-eda,both,film_auteur
Sunset,2018,,,1,auteur-laszlo-nemes,recent,film_auteur
The Favourite,2018,,,1,auteur-yorgos-lanthimos,defining,film_auteur
The Nightingale,2018,Q29262902,,1,auteur-jennifer-kent,recent,film_auteur
The River,2018,,,1,auteur-emir-baigazin,both,film_auteur
The Third Wife,2018,,,1,auteur-ash-mayfair,both,film_auteur
Transit,2018,,,1,auteur-christian-petzold,recent,film_auteur
Woman at War,2018,,,1,auteur-benedikt-erlingsson,both,film_auteur
A Dark Dark Man,2019,Q98546087,,1,auteur-adilkhan-yerzhanov,recent,film_auteur
A Sun,2019,Q69400860,,1,auteur-chung-mong-hong,both,film_auteur
A White White Day,2019,,,1,auteur-hlynur-palmason,both,film_auteur
Adam,2019,,,1,auteur-maryam-touzani,both,film_auteur
Atlantics,2019,Q63212985,,1,auteur-mati-diop,both,film_auteur
Bacurau,2019,Q63246555,,2,auteur-juliano-dornelles;auteur-kleber-mendonca-filho,both,film_auteur
Beanpole,2019,,,1,auteur-kantemir-balagov,both,film_auteur
Corpus Christi,2019,,,1,auteur-jan-komasa,both,film_auteur
Dirty God,2019,,,1,auteur-sacha-polak,both,film_auteur
Ghost Tropic,2019,,,1,auteur-bas-devos,both,film_auteur
God Exists Her Name Is Petrunya,2019,,,1,auteur-teona-strugar-mitevska,both,film_auteur
Hope,2019,,,1,auteur-maria-sodahl,both,film_auteur
Impetigore,2019,,,1,auteur-joko-anwar,both,film_auteur
In the Dusk,2019,,,1,auteur-sarunas-bartas,both,film_auteur
Invisible Life,2019,Q64166529,,1,auteur-karim-ainouz,recent,film_auteur
It Must Be Heaven,2019,Q63226387,,1,auteur-elia-suleiman,recent,film_auteur
La Llorona,2019,Q66813625,,1,auteur-jayro-bustamante,recent,film_auteur
Little Joe,2019,,,1,auteur-jessica-hausner,both,film_auteur
Moffie,2019,Q72697912,,1,auteur-oliver-hermanus,recent,film_auteur
Monos,2019,,,1,auteur-alejandro-landes,both,film_auteur
Our Mothers,2019,,,1,auteur-cesar-diaz,both,film_auteur
Pain and Glory,2019,,,1,auteur-pedro-almodovar,recent,film_auteur
Parasite,2019,Q61448040,,1,auteur-bong-joon-ho,both,film_auteur
Portrait of a Lady on Fire,2019,,,1,auteur-celine-sciamma,both,film_auteur
Synonyms,2019,Q61672685,,1,auteur-nadav-lapid,both,film_auteur
Temblores,2019,Q60583022,,1,auteur-jayro-bustamante,recent,film_auteur
The Painted Bird,2019,,,1,auteur-vaclav-marhoul,both,film_auteur
The Perfect Candidate,2019,Q65954726,,1,auteur-haifaa-al-mansour,recent,film_auteur
Vitalina Varela,2019,,,1,auteur-pedro-costa,recent,film_auteur
Wet Season,2019,,,1,auteur-anthony-chen,both,film_auteur
You Will Die at Twenty,2019,,,1,auteur-amjad-abu-alala,both,film_auteur
Another Round,2020,Q69303989,,1,auteur-thomas-vinterberg,both,film_auteur
Apples,2020,,,1,auteur-christos-nikou,both,film_auteur
Beginning,2020,,,1,auteur-dea-kulumbegashvili,both,film_auteur
Father,2020,,,1,auteur-srdan-golubovic,both,film_auteur
Pieces of a Woman,2020,,,1,auteur-kornel-mundruczo,both,film_auteur
"Quo Vadis, Aida?",2020,Q97765712,,1,auteur-jasmila-zbanic,both,film_auteur
The Earth Is Blue as an Orange,2020,,,1,auteur-iryna-tsilyk,both,film_auteur
The Hater,2020,,,1,auteur-jan-komasa,recent,film_auteur
The Man Who Sold His Skin,2020,Q88465322,,1,auteur-kaouther-ben-hania,recent,film_auteur
The Mole Agent,2020,,,1,auteur-maite-alberdi,both,film_auteur
There Is No Evil,2020,Q84321441,,1,auteur-mohammad-rasoulof,both,film_auteur
Wife of a Spy,2020,Q97768272,,1,auteur-kiyoshi-kurosawa,recent,film_auteur
Yellow Cat,2020,Q98690237,,1,auteur-adilkhan-yerzhanov,recent,film_auteur
A Night of Knowing Nothing,2021,Q108613403,,1,auteur-payal-kapadia,recent,film_auteur
A Tale of Love and Desire,2021,,,1,auteur-leyla-bouzid,both,film_auteur
Ahed's Knee,2021,Q107089450,,1,auteur-nadav-lapid,recent,film_auteur
Amira,2021,,,1,auteur-mohamed-diab,both,film_auteur
Bad Luck Banging or Loony Porn,2021,,,1,auteur-radu-jude,both,film_auteur
Casablanca Beats,2021,Q107096526,,1,auteur-nabil-ayouch,recent,film_auteur
Compartment No. 6,2021,Q107092356,,1,auteur-juho-kuosmanen,both,film_auteur
Drive My Car,2021,Q107107865,,1,auteur-ryusuke-hamaguchi,both,film_auteur
Dune,2021,Q60834962,,1,auteur-denis-villeneuve,recent,film_auteur
Great Freedom,2021,,,1,auteur-sebastian-meise,both,film_auteur
Hive,2021,,,1,auteur-blerta-basholli,both,film_auteur
Lamb,2021,,,1,auteur-valdimar-johannsson,both,film_auteur
Nitram,2021,Q106462638,,1,auteur-justin-kurzel,recent,film_auteur
Petite Maman,2021,,,1,auteur-celine-sciamma,recent,film_auteur
Petrov's Flu,2021,,,1,auteur-kirill-serebrennikov,recent,film_auteur
The Hand of God,2021,,,1,auteur-paolo-sorrentino,recent,film_auteur
The Innocents,2021,Q107112059,,1,auteur-eskil-vogt,both,film_auteur
The Medium,2021,,,1,auteur-banjong-pisanthanakun,both,film_auteur
The Power of the Dog,2021,Q85323337,,1,auteur-jane-campion,both,film_auteur
The Story of My Wife,2021,,,1,auteur-ildiko-enyedi,recent,film_auteur
The Worst Person in the World,2021,Q107089587,,1,auteur-joachim-trier,both,film_auteur
Titane,2021,,,1,auteur-julia-ducournau,both,film_auteur
What Do We See When We Look at the Sky?,2021,,,1,auteur-alexandre-koberidze,both,film_auteur
Yuni,2021,,,1,auteur-kamila-andini,both,film_auteur
Alcarràs,2022,,,1,auteur-carla-simon,both,film_auteur
Argentina 1985,2022,,,1,auteur-santiago-mitre,both,film_auteur
Before Now & Then,2022,,,1,auteur-kamila-andini,both,film_auteur
Close,2022,,,1,auteur-lukas-dhont,both,film_auteur
Decision to Leave,2022,Q100889636,,1,auteur-park-chan-wook,both,film_auteur
Fast & Feel Love,2022,,,1,auteur-nawapol-thamrongrattanarit,both,film_auteur
Godland,2022,,,1,auteur-hlynur-palmason,both,film_auteur
Hatching,2022,,,1,auteur-hanna-bergholm,both,film_auteur
Holy Spider,2022,Q111600223,,1,auteur-ali-abbasi,recent,film_auteur
Living,2022,Q107304169,,1,auteur-oliver-hermanus,recent,film_auteur
Mediterranean Fever,2022,,,1,auteur-maha-haj,both,film_auteur
No Bears,2022,Q113151425,,1,auteur-jafar-panahi,recent,film_auteur
Pacifiction,2022,,,1,auteur-albert-serra,recent,film_auteur
R.M.N.,2022,,,1,auteur-cristian-mungiu,recent,film_auteur
Rise,2022,,,1,auteur-akin-omotoso,both,film_auteur
Tchaikovsky's Wife,2022,,,1,auteur-kirill-serebrennikov,recent,film_auteur
The Banshees of Inisherin,2022,,,1,auteur-martin-mcdonagh,recent,film_auteur
The Blue Caftan,2022,,,1,auteur-maryam-touzani,both,film_auteur
The Happiest Man in the World,2022,,,1,auteur-teona-strugar-mitevska,both,film_auteur
The Kings of the World,2022,,,1,auteur-laura-mora-ortega,both,film_auteur
Triangle of Sadness,2022,Q97304180,,1,auteur-ruben-ostlund,both,film_auteur
Unrest,2022,,,1,auteur-cyril-schaublin,both,film_auteur
Women Talking,2022,Q108030443,,1,auteur-sarah-polley,both,film_auteur
Afire,2023,,,1,auteur-christian-petzold,recent,film_auteur
Club Zero,2023,,,1,auteur-jessica-hausner,recent,film_auteur
Do Not Expect Too Much from the End of the World,2023,,,1,auteur-radu-jude,recent,film_auteur
Fallen Leaves,2023,Q113396073,,1,auteur-aki-kaurismaki,both,film_auteur
Four Daughters,2023,Q117705910,,1,auteur-kaouther-ben-hania,recent,film_auteur
Green Border,2023,,,1,auteur-agnieszka-holland,recent,film_auteur
Here,2023,,,1,auteur-bas-devos,both,film_auteur
Io Capitano,2023,,,1,auteur-matteo-garrone,recent,film_auteur
La Chimera,2023,,,1,auteur-alice-rohrwacher,recent,film_auteur
Mami Wata,2023,Q116947644,,1,auteur-cj-obasi,recent,film_auteur
Manodrome,2023,,,1,auteur-john-trengove,both,film_auteur
Poor Things,2023,Q108760382,,1,auteur-yorgos-lanthimos,both,film_auteur
The Breaking Ice,2023,,,1,auteur-anthony-chen,both,film_auteur
The Eternal Memory,2023,,,1,auteur-maite-alberdi,both,film_auteur
The Zone of Interest,2023,,,1,auteur-jonathan-glazer,both,film_auteur
Tiger Stripes,2023,,,1,auteur-amanda-nell-eu,both,film_auteur
To Catch a Killer,2023,Q105123073,,1,auteur-damian-szifron,recent,film_auteur
Youth (Spring),2023,Q117706339,,1,auteur-wang-bing,recent,film_auteur
All We Imagine as Light,2024,Q125422662,,1,auteur-payal-kapadia,both,film_auteur
April,2024,,,1,auteur-dea-kulumbegashvili,recent,film_auteur
Dahomey,2024,Q124319816,,1,auteur-mati-diop,recent,film_auteur
Emilia Pérez,2024,,,1,auteur-jacques-audiard,recent,film_auteur
Grand Tour,2024,,,1,auteur-miguel-gomes,recent,film_auteur
Harvest,2024,,,1,auteur-athina-rachel-tsangari,recent,film_auteur
The Apprentice,2024,Q123582987,,1,auteur-ali-abbasi,recent,film_auteur
The Seed of the Sacred Fig,2024,Q125563776,,1,auteur-mohammad-rasoulof,recent,film_auteur
We Live in Time,2024,,,1,auteur-john-crowley,recent,film_auteur
Resurrection,2025,Q122329458,,1,auteur-bi-gan,recent,film_auteur
The Secret Agent,2025,Q132531438,,1,auteur-kleber-mendonca-filho,recent,film_auteur
Union Pacific,1939,,,0,,,film_lineage
The Battle of the Rails,1946,,,0,,,film_lineage
Brief Encounter,1945,,,0,,,film_lineage
Maria Candelaria,1944,,,0,,,film_lineage
Men Without Wings,1946,,,0,,,film_lineage
Neecha Nagar,1946,,,0,,,film_lineage
The Last Chance,1945,,,0,,,film_lineage
The Lost Weekend,1945,,,0,,,film_lineage
The Red Meadows,1945,,,0,,,film_lineage
Rome Open City,1945,,,0,,,film_lineage
The Turning Point,1945,,,0,,,film_lineage
Torment,1944,,,0,,,film_lineage
Antoine and Antoinette,1947,,,0,,,film_lineage
Crossfire,1947,,,0,,,film_lineage
Ziegfeld Follies,1945,,,0,,,film_lineage
The Damned,1947,,,0,,,film_lineage
The Third Man,1949,,,0,,,film_lineage
Miracle in Milan,1951,,,0,,,film_lineage
Miss Julie,1951,,,0,,,film_lineage
Othello,1951,,,0,,,film_lineage
Two Cents Worth of Hope,1952,,,0,,,film_lineage
The Wages of Fear,1953,,,0,,,film_lineage
Gate of Hell,1953,,,0,,,film_lineage
Marty,1955,,,0,,,film_lineage
The Silent World,1956,,,0,,,film_lineage
Friendly Persuasion,1956,,,0,,,film_lineage
The Cranes Are Flying,1957,,,0,,,film_lineage
Black Orpheus,1959,,,0,,,film_lineage
La Dolce Vita,1960,,,0,,,film_lineage
Viridiana,1961,,,0,,,film_lineage
The Long Absence,1961,,,0,,,film_lineage
The Given Word,1962,,,0,,,film_lineage
The Leopard,1963,,,0,,,film_lineage
The Umbrellas of Cherbourg,1964,,,0,,,film_lineage
The Knack and How to Get It,1965,,,0,,,film_lineage
A Man and a Woman,1966,,,0,,,film_lineage
The Birds the Bees and the Italians,1966,,,0,,,film_lineage
Blow-Up,1966,,,0,,,film_lineage
If....,1968,,,0,,,film_lineage
MASH,1970,,,0,,,film_lineage
The Go-Between,1971,,,0,,,film_lineage
The Mattei Affair,1972,,,0,,,film_lineage
The Working Class Goes to Heaven,1971,,,0,,,film_lineage
The Hireling,1973,,,0,,,film_lineage
Scarecrow,1973,,,0,,,film_lineage
The Conversation,1974,,,0,,,film_lineage
Chronicle of the Years of Fire,1975,,,0,,,film_lineage
Taxi Driver,1976,,,0,,,film_lineage
Padre Padrone,1977,,,0,,,film_lineage
The Tree of Wooden Clogs,1978,,,0,,,film_lineage
Apocalypse Now,1979,,,0,,,film_lineage
The Tin Drum,1979,,,0,,,film_lineage
All That Jazz,1979,,,0,,,film_lineage
Kagemusha,1980,,,0,,,film_lineage
Man of Iron,1981,,,0,,,film_lineage
Missing,1982,,,0,,,film_lineage
Yol,1982,,,0,,,film_lineage
The Ballad of Narayama,1983,,,0,,,film_lineage
Paris Texas,1984,,,0,,,film_lineage
When Father Was Away on Business,1985,,,0,,,film_lineage
The Mission,1986,,,0,,,film_lineage
Under the Sun of Satan,1987,,,0,,,film_lineage
Pelle the Conqueror,1987,,,0,,,film_lineage
Sex Lies and Videotape,1989,,,0,,,film_lineage
Wild at Heart,1990,,,0,,,film_lineage
Barton Fink,1991,,,0,,,film_lineage
The Best Intentions,1992,,,0,,,film_lineage
Farewell My Concubine,1993,,,0,,,film_lineage
Pulp Fiction,1994,,,0,,,film_lineage
Underground,1995,,,0,,,film_lineage
Secrets & Lies,1996,,,0,,,film_lineage
The Eel,1997,,,0,,,film_lineage
Taste of Cherry,1997,,,0,,,film_lineage
Eternity and a Day,1998,,,0,,,film_lineage
The Son's Room,2001,,,0,,,film_lineage
The Pianist,2002,,,0,,,film_lineage
Elephant,2003,,,0,,,film_lineage
Fahrenheit 9/11,2004,,,0,,,film_lineage
The Wind That Shakes the Barley,2006,,,0,,,film_lineage
4 Months 3 Weeks and 2 Days,2007,,,0,,,film_lineage
The Class,2008,,,0,,,film_lineage
The Tree of Life,2011,,,0,,,film_lineage
Blue Is the Warmest Colour,2013,,,0,,,film_lineage
I Daniel Blake,2016,,,0,,,film_lineage
Anatomy of a Fall,2023,,,0,,,film_lineage
Anora,2024,,,0,,,film_lineage
It Was Just an Accident,2025,,,0,,,film_lineage
Manon,1949,,,0,,,film_lineage
Justice Is Done,1950,,,0,,,film_lineage
Rashomon,1950,,,0,,,film_lineage
Forbidden Games,1952,,,0,,,film_lineage
Romeo and Juliet,1954,,,0,,,film_lineage
Ordet,1955,,,0,,,film_lineage
Aparajito,1956,,,0,,,film_lineage
The Rickshaw Man,1958,,,0,,,film_lineage
The Great War,1959,,,0,,,film_lineage
General Della Rovere,1959,,,0,,,film_lineage
Le Passage du Rhin,1960,,,0,,,film_lineage
Last Year at Marienbad,1961,,,0,,,film_lineage
Childhood of Ivan,1962,,,0,,,film_lineage
Family Diary,1962,,,0,,,film_lineage
Hands over the City,1963,,,0,,,film_lineage
Red Desert,1964,,,0,,,film_lineage
Of a Thousand Delights,1965,,,0,,,film_lineage
The Battle of Algiers,1966,,,0,,,film_lineage
Belle de Jour,1967,,,0,,,film_lineage
Artists Under the Big Top Perplexed,1968,,,0,,,film_lineage
Atlantic City,1980,,,0,,,film_lineage
Gloria,1980,,,0,,,film_lineage
The German Sisters,1981,,,0,,,film_lineage
The State of Things,1982,,,0,,,film_lineage
Prénom Carmen,1983,,,0,,,film_lineage
A Year of the Quiet Sun,1984,,,0,,,film_lineage
Vagabond,1985,,,0,,,film_lineage
The Green Ray,1986,,,0,,,film_lineage
Au revoir les enfants,1987,,,0,,,film_lineage
The Legend of the Holy Drinker,1988,,,0,,,film_lineage
City of Sadness,1989,,,0,,,film_lineage
Rosencrantz & Guildenstern Are Dead,1990,,,0,,,film_lineage
Urga,1991,,,0,,,film_lineage
The Story of Qiu Ju,1992,,,0,,,film_lineage
Short Cuts,1993,,,0,,,film_lineage
Three Colours Blue,1993,,,0,,,film_lineage
Before the Rain,1994,,,0,,,film_lineage
Cyclo,1995,,,0,,,film_lineage
Michael Collins,1996,,,0,,,film_lineage
Hana-bi,1997,,,0,,,film_lineage
The Way We Laughed,1998,,,0,,,film_lineage
Not One Less,1999,,,0,,,film_lineage
Monsoon Wedding,2001,,,0,,,film_lineage
The Magdalene Sisters,2002,,,0,,,film_lineage
Vera Drake,2004,,,0,,,film_lineage
Brokeback Mountain,2005,,,0,,,film_lineage
Lust Caution,2007,,,0,,,film_lineage
The Wrestler,2008,,,0,,,film_lineage
Somewhere,2010,,,0,,,film_lineage
Faust,2011,,,0,,,film_lineage
Pietà,2012,,,0,,,film_lineage
Sacro GRA,2013,,,0,,,film_lineage
From Afar,2015,,,0,,,film_lineage
Joker,2019,,,0,,,film_lineage
Nomadland,2020,,,0,,,film_lineage
Happening,2021,,,0,,,film_lineage
All the Beauty and the Bloodshed,2022,,,0,,,film_lineage
The Room Next Door,2024,,,0,,,film_lineage
Father Mother Sister Brother,2025,,,0,,,film_lineage
Four in a Jeep,1951,,,0,,,film_lineage
Cinderella,1950,,,0,,,film_lineage
The Wall,1949,,,0,,,film_lineage
She Danced for the Summer,1951,,,0,,,film_lineage
Hobson's Choice,1954,,,0,,,film_lineage
The Rats,1955,,,0,,,film_lineage
Invitation to the Dance,1956,,,0,,,film_lineage
Twelve Angry Men,1957,,,0,,,film_lineage
Wild Strawberries,1957,,,0,,,film_lineage
The Cousins,1959,,,0,,,film_lineage
El Lazarillo de Tormes,1959,,,0,,,film_lineage
La Notte,1961,,,0,,,film_lineage
A Kind of Loving,1962,,,0,,,film_lineage
The Devil,1963,,,0,,,film_lineage
Il Diavolo,1963,,,0,,,film_lineage
Dry Summer,1963,,,0,,,film_lineage
Alphaville,1965,,,0,,,film_lineage
Cul-de-sac,1966,,,0,,,film_lineage
The Departure,1967,,,0,,,film_lineage
Ole Dole Doff,1968,,,0,,,film_lineage
Early Works,1969,,,0,,,film_lineage
The Garden of the Finzi-Continis,1970,,,0,,,film_lineage
The Canterbury Tales,1972,,,0,,,film_lineage
Distant Thunder,1973,,,0,,,film_lineage
The Apprenticeship of Duddy Kravitz,1974,,,0,,,film_lineage
Adoption,1975,,,0,,,film_lineage
Buffalo Bill and the Indians,1976,,,0,,,film_lineage
The Ascent,1977,,,0,,,film_lineage
The Words of Max,1978,,,0,,,film_lineage
Trout,1978,,,0,,,film_lineage
David,1979,,,0,,,film_lineage
Heartland,1979,,,0,,,film_lineage
Palermo or Wolfsburg,1980,,,0,,,film_lineage
Fast Fast,1981,,,0,,,film_lineage
Veronika Voss,1982,,,0,,,film_lineage
Ascendancy,1983,,,0,,,film_lineage
The Beehive,1982,,,0,,,film_lineage
Love Streams,1984,,,0,,,film_lineage
Wetherby,1985,,,0,,,film_lineage
The Woman and the Stranger,1985,,,0,,,film_lineage
Stammheim,1986,,,0,,,film_lineage
The Theme,1979,,,0,,,film_lineage
Red Sorghum,1987,,,0,,,film_lineage
Rain Man,1988,,,0,,,film_lineage
Larks on a String,1969,,,0,,,film_lineage
Music Box,1989,,,0,,,film_lineage
House of Smiles,1991,,,0,,,film_lineage
Grand Canyon,1991,,,0,,,film_lineage
The Wedding Banquet,1993,,,0,,,film_lineage
The Women from the Lake of Scented Souls,1993,,,0,,,film_lineage
In the Name of the Father,1993,,,0,,,film_lineage
The Bait,1995,,,0,,,film_lineage
Sense and Sensibility,1995,,,0,,,film_lineage
The People vs. Larry Flynt,1996,,,0,,,film_lineage
Central Station,1998,,,0,,,film_lineage
The Thin Red Line,1998,,,0,,,film_lineage
Magnolia,1999,,,0,,,film_lineage
Intimacy,2001,,,0,,,film_lineage
Spirited Away,2001,,,0,,,film_lineage
Bloody Sunday,2002,,,0,,,film_lineage
In This World,2002,,,0,,,film_lineage
U-Carmen eKhayelitsha,2005,,,0,,,film_lineage
Tuya's Marriage,2006,,,0,,,film_lineage
Elite Squad,2007,,,0,,,film_lineage
The Milk of Sorrow,2009,,,0,,,film_lineage
Caesar Must Die,2012,,,0,,,film_lineage
Child's Pose,2013,,,0,,,film_lineage
Black Coal Thin Ice,2014,,,0,,,film_lineage
Fire at Sea,2016,,,0,,,film_lineage
Touch Me Not,2018,,,0,,,film_lineage
On the Adamant,2023,,,0,,,film_lineage
Dreams,2025,,,0,,,film_lineage
Citizen Kane,1941,,,0,,,film_lineage
The Godfather,1972,,,0,,,film_lineage
Casablanca,1942,,,0,,,film_lineage
Raging Bull,1980,,,0,,,film_lineage
Singin' in the Rain,1952,,,0,,,film_lineage
Gone with the Wind,1939,,,0,,,film_lineage
Lawrence of Arabia,1962,,,0,,,film_lineage
Schindler's List,1993,,,0,,,film_lineage
Vertigo,1958,,,0,,,film_lineage
The Wizard of Oz,1939,,,0,,,film_lineage
City Lights,1931,,,0,,,film_lineage
The Searchers,1956,,,0,,,film_lineage
Star Wars,1977,,,0,,,film_lineage
Psycho,1960,,,0,,,film_lineage
2001: A Space Odyssey,1968,,,0,,,film_lineage
Sunset Boulevard,1950,,,0,,,film_lineage
The Graduate,1967,,,0,,,film_lineage
The General,1926,,,0,,,film_lineage
On the Waterfront,1954,,,0,,,film_lineage
It's a Wonderful Life,1946,,,0,,,film_lineage
Chinatown,1974,,,0,,,film_lineage
Some Like It Hot,1959,,,0,,,film_lineage
The Grapes of Wrath,1940,,,0,,,film_lineage
E.T. the Extra-Terrestrial,1982,,,0,,,film_lineage
To Kill a Mockingbird,1962,,,0,,,film_lineage
Mr. Smith Goes to Washington,1939,,,0,,,film_lineage
High Noon,1952,,,0,,,film_lineage
All About Eve,1950,,,0,,,film_lineage
Double Indemnity,1944,,,0,,,film_lineage
The Maltese Falcon,1941,,,0,,,film_lineage
The Godfather Part II,1974,,,0,,,film_lineage
One Flew Over the Cuckoo's Nest,1975,,,0,,,film_lineage
Snow White and the Seven Dwarfs,1937,,,0,,,film_lineage
Annie Hall,1977,,,0,,,film_lineage
The Bridge on the River Kwai,1957,,,0,,,film_lineage
The Best Years of Our Lives,1946,,,0,,,film_lineage
The Treasure of the Sierra Madre,1948,,,0,,,film_lineage
Dr. Strangelove,1964,,,0,,,film_lineage
The Sound of Music,1965,,,0,,,film_lineage
King Kong,1933,,,0,,,film_lineage
Bonnie and Clyde,1967,,,0,,,film_lineage
Midnight Cowboy,1969,,,0,,,film_lineage
The Philadelphia Story,1940,,,0,,,film_lineage
Shane,1953,,,0,,,film_lineage
It Happened One Night,1934,,,0,,,film_lineage
A Streetcar Named Desire,1951,,,0,,,film_lineage
Rear Window,1954,,,0,,,film_lineage
Intolerance,1916,,,0,,,film_lineage
The Lord of the Rings: The Fellowship of the Ring,2001,,,0,,,film_lineage
West Side Story,1961,,,0,,,film_lineage
The Deer Hunter,1978,,,0,,,film_lineage
M*A*S*H,1970,,,0,,,film_lineage
North by Northwest,1959,,,0,,,film_lineage
Jaws,1975,,,0,,,film_lineage
Rocky,1976,,,0,,,film_lineage
The Gold Rush,1925,,,0,,,film_lineage
Nashville,1975,,,0,,,film_lineage
Duck Soup,1933,,,0,,,film_lineage
Sullivan's Travels,1941,,,0,,,film_lineage
American Graffiti,1973,,,0,,,film_lineage
Cabaret,1972,,,0,,,film_lineage
Network,1976,,,0,,,film_lineage
The African Queen,1951,,,0,,,film_lineage
Raiders of the Lost Ark,1981,,,0,,,film_lineage
Who's Afraid of Virginia Woolf?,1966,,,0,,,film_lineage
Unforgiven,1992,,,0,,,film_lineage
Tootsie,1982,,,0,,,film_lineage
A Clockwork Orange,1971,,,0,,,film_lineage
Saving Private Ryan,1998,,,0,,,film_lineage
The Shawshank Redemption,1994,,,0,,,film_lineage
Butch Cassidy and the Sundance Kid,1969,,,0,,,film_lineage
The Silence of the Lambs,1991,,,0,,,film_lineage
In the Heat of the Night,1967,,,0,,,film_lineage
Forrest Gump,1994,,,0,,,film_lineage
All the President's Men,1976,,,0,,,film_lineage
Modern Times,1936,,,0,,,film_lineage
The Wild Bunch,1969,,,0,,,film_lineage
The Apartment,1960,,,0,,,film_lineage
Spartacus,1960,,,0,,,film_lineage
Sunrise: A Song of Two Humans,1927,,,0,,,film_lineage
Titanic,1997,,,0,,,film_lineage
Easy Rider,1969,,,0,,,film_lineage
A Night at the Opera,1935,,,0,,,film_lineage
Platoon,1986,,,0,,,film_lineage
12 Angry Men,1957,,,0,,,film_lineage
Bringing Up Baby,1938,,,0,,,film_lineage
The Sixth Sense,1999,,,0,,,film_lineage
Swing Time,1936,,,0,,,film_lineage
Sophie's Choice,1982,,,0,,,film_lineage
Goodfellas,1990,,,0,,,film_lineage
The French Connection,1971,,,0,,,film_lineage
The Last Picture Show,1971,,,0,,,film_lineage
Do the Right Thing,1989,,,0,,,film_lineage
Blade Runner,1982,,,0,,,film_lineage
Yankee Doodle Dandy,1942,,,0,,,film_lineage
Toy Story,1995,,,0,,,film_lineage
Ben-Hur,1959,,,0,,,film_lineage
Wings,1927,,,0,,,film_lineage
The Broadway Melody,1929,,,0,,,film_lineage
All Quiet on the Western Front,1930,,,0,,,film_lineage
Cimarron,1931,,,0,,,film_lineage
Grand Hotel,1932,,,0,,,film_lineage
Cavalcade,1933,,,0,,,film_lineage
Mutiny on the Bounty,1935,,,0,,,film_lineage
The Great Ziegfeld,1936,,,0,,,film_lineage
The Life of Emile Zola,1937,,,0,,,film_lineage
You Can't Take It with You,1938,,,0,,,film_lineage
Rebecca,1940,,,0,,,film_lineage
How Green Was My Valley,1941,,,0,,,film_lineage
Mrs. Miniver,1942,,,0,,,film_lineage
Casablanca,1943,,,0,,,film_lineage
Going My Way,1944,,,0,,,film_lineage
Gentleman's Agreement,1947,,,0,,,film_lineage
Hamlet,1948,,,0,,,film_lineage
All the King's Men,1949,,,0,,,film_lineage
An American in Paris,1951,,,0,,,film_lineage
The Greatest Show on Earth,1952,,,0,,,film_lineage
From Here to Eternity,1953,,,0,,,film_lineage
Around the World in 80 Days,1956,,,0,,,film_lineage
Gigi,1958,,,0,,,film_lineage
Tom Jones,1963,,,0,,,film_lineage
My Fair Lady,1964,,,0,,,film_lineage
A Man for All Seasons,1966,,,0,,,film_lineage
Oliver!,1968,,,0,,,film_lineage
Patton,1970,,,0,,,film_lineage
The Sting,1973,,,0,,,film_lineage
Kramer vs. Kramer,1979,,,0,,,film_lineage
Ordinary People,1980,,,0,,,film_lineage
Chariots of Fire,1981,,,0,,,film_lineage
Gandhi,1982,,,0,,,film_lineage
Terms of Endearment,1983,,,0,,,film_lineage
Amadeus,1984,,,0,,,film_lineage
Out of Africa,1985,,,0,,,film_lineage
The Last Emperor,1987,,,0,,,film_lineage
Driving Miss Daisy,1989,,,0,,,film_lineage
Dances with Wolves,1990,,,0,,,film_lineage
Braveheart,1995,,,0,,,film_lineage
The English Patient,1996,,,0,,,film_lineage
Shakespeare in Love,1998,,,0,,,film_lineage
American Beauty,1999,,,0,,,film_lineage
Gladiator,2000,,,0,,,film_lineage
A Beautiful Mind,2001,,,0,,,film_lineage
Chicago,2002,,,0,,,film_lineage
The Lord of the Rings: The Return of the King,2003,,,0,,,film_lineage
Million Dollar Baby,2004,,,0,,,film_lineage
Crash,2005,,,0,,,film_lineage
The Departed,2006,,,0,,,film_lineage
No Country for Old Men,2007,,,0,,,film_lineage
Slumdog Millionaire,2008,,,0,,,film_lineage
The Hurt Locker,2009,,,0,,,film_lineage
The King's Speech,2010,,,0,,,film_lineage
The Artist,2011,,,0,,,film_lineage
Argo,2012,,,0,,,film_lineage
Spotlight,2015,,,0,,,film_lineage
Green Book,2018,,,0,,,film_lineage
CODA,2021,,,0,,,film_lineage
Everything Everywhere All at Once,2022,,,0,,,film_lineage
Oppenheimer,2023,,,0,,,film_lineage
7th Heaven,1927,,,0,,,film_lineage
Two Arabian Knights,1927,,,0,,,film_lineage
The Divine Lady,1929,,,0,,,film_lineage
Skippy,1931,,,0,,,film_lineage
Bad Girl,1931,,,0,,,film_lineage
The Informer,1935,,,0,,,film_lineage
Mr. Deeds Goes to Town,1936,,,0,,,film_lineage
The Awful Truth,1937,,,0,,,film_lineage
A Letter to Three Wives,1949,,,0,,,film_lineage
A Place in the Sun,1951,,,0,,,film_lineage
The Quiet Man,1952,,,0,,,film_lineage
Giant,1956,,,0,,,film_lineage
Reds,1981,,,0,,,film_lineage
Born on the Fourth of July,1989,,,0,,,film_lineage
Traffic,2000,,,0,,,film_lineage
Life of Pi,2012,,,0,,,film_lineage
Shoeshine,1947,,,0,,,film_lineage
Monsieur Vincent,1948,,,0,,,film_lineage
Bicycle Thieves,1949,,,0,,,film_lineage
The Walls of Malapaga,1950,,,0,,,film_lineage
Rashomon,1951,,,0,,,film_lineage
Gate of Hell,1954,,,0,,,film_lineage
Samurai I,1955,,,0,,,film_lineage
La Strada,1956,,,0,,,film_lineage
Nights of Cabiria,1957,,,0,,,film_lineage
Mon Oncle,1958,,,0,,,film_lineage
The Virgin Spring,1960,,,0,,,film_lineage
Through a Glass Darkly,1961,,,0,,,film_lineage
Sundays and Cybele,1962,,,0,,,film_lineage
8½,1963,,,0,,,film_lineage
Yesterday Today and Tomorrow,1964,,,0,,,film_lineage
The Shop on Main Street,1965,,,0,,,film_lineage
Closely Watched Trains,1967,,,0,,,film_lineage
War and Peace,1968,,,0,,,film_lineage
Z,1969,,,0,,,film_lineage
Investigation of a Citizen Above Suspicion,1970,,,0,,,film_lineage
The Garden of the Finzi-Continis,1971,,,0,,,film_lineage
The Discreet Charm of the Bourgeoisie,1972,,,0,,,film_lineage
Day for Night,1973,,,0,,,film_lineage
Amarcord,1974,,,0,,,film_lineage
Dersu Uzala,1975,,,0,,,film_lineage
Black and White in Color,1976,,,0,,,film_lineage
Madame Rosa,1977,,,0,,,film_lineage
Get Out Your Handkerchiefs,1978,,,0,,,film_lineage
Moscow Does Not Believe in Tears,1980,,,0,,,film_lineage
Mephisto,1981,,,0,,,film_lineage
To Begin Again,1982,,,0,,,film_lineage
Fanny and Alexander,1983,,,0,,,film_lineage
Dangerous Moves,1984,,,0,,,film_lineage
The Official Story,1985,,,0,,,film_lineage
The Assault,1986,,,0,,,film_lineage
Babette's Feast,1987,,,0,,,film_lineage
Pelle the Conqueror,1988,,,0,,,film_lineage
Cinema Paradiso,1989,,,0,,,film_lineage
Journey of Hope,1990,,,0,,,film_lineage
Mediterraneo,1991,,,0,,,film_lineage
Indochine,1992,,,0,,,film_lineage
Belle Époque,1993,,,0,,,film_lineage
Burnt by the Sun,1994,,,0,,,film_lineage
Antonia's Line,1995,,,0,,,film_lineage
Kolya,1996,,,0,,,film_lineage
Character,1997,,,0,,,film_lineage
Life Is Beautiful,1998,,,0,,,film_lineage
Crouching Tiger Hidden Dragon,2000,,,0,,,film_lineage
Nowhere in Africa,2002,,,0,,,film_lineage
The Barbarian Invasions,2003,,,0,,,film_lineage
The Sea Inside,2004,,,0,,,film_lineage
Tsotsi,2005,,,0,,,film_lineage
The Lives of Others,2006,,,0,,,film_lineage
The Counterfeiters,2007,,,0,,,film_lineage
Departures,2008,,,0,,,film_lineage
The Secret in Their Eyes,2009,,,0,,,film_lineage
In a Better World,2010,,,0,,,film_lineage
Ida,2014,,,0,,,film_lineage
All Quiet on the Western Front,2022,,,0,,,film_lineage
I'm Still Here,2024,,,0,,,film_lineage
The Best Years of Our Lives,1947,,,0,,,film_lineage
La Ronde,1951,,,0,,,film_lineage
The Sound Barrier,1952,,,0,,,film_lineage
Forbidden Games,1953,,,0,,,film_lineage
The Wages of Fear,1954,,,0,,,film_lineage
Richard III,1955,,,0,,,film_lineage
Gervaise,1956,,,0,,,film_lineage
Room at the Top,1958,,,0,,,film_lineage
Ballad of a Soldier,1961,,,0,,,film_lineage
The Hustler,1961,,,0,,,film_lineage
My Fair Lady,1965,,,0,,,film_lineage
A Man for All Seasons,1967,,,0,,,film_lineage
The Graduate,1968,,,0,,,film_lineage
Butch Cassidy and the Sundance Kid,1970,,,0,,,film_lineage
Sunday Bloody Sunday,1971,,,0,,,film_lineage
Lacombe Lucien,1974,,,0,,,film_lineage
Alice Doesn't Live Here Anymore,1975,,,0,,,film_lineage
One Flew Over the Cuckoo's Nest,1976,,,0,,,film_lineage
Julia,1978,,,0,,,film_lineage
Manhattan,1979,,,0,,,film_lineage
The Elephant Man,1980,,,0,,,film_lineage
Educating Rita,1983,,,0,,,film_lineage
The Killing Fields,1984,,,0,,,film_lineage
The Purple Rose of Cairo,1985,,,0,,,film_lineage
A Room with a View,1986,,,0,,,film_lineage
Jean de Florette,1987,,,0,,,film_lineage
The Last Emperor,1988,,,0,,,film_lineage
Dead Poets Society,1989,,,0,,,film_lineage
The Commitments,1991,,,0,,,film_lineage
Howards End,1992,,,0,,,film_lineage
Four Weddings and a Funeral,1994,,,0,,,film_lineage
The Full Monty,1997,,,0,,,film_lineage
The Aviator,2004,,,0,,,film_lineage
The Queen,2006,,,0,,,film_lineage
Atonement,2007,,,0,,,film_lineage
Boyhood,2014,,,0,,,film_lineage
1917,2019,,,0,,,film_lineage
Conclave,2024,,,0,,,film_lineage
"Jeanne Dielman, 23 Quai du Commerce, 1080 Bruxelles",1975,,,0,,,film_lineage
Tokyo Story,1953,,,0,,,film_lineage
In the Mood for Love,2000,,,0,,,film_lineage
Beau travail,1998,,,0,,,film_lineage
Mulholland Dr.,2001,,,0,,,film_lineage
Man with a Movie Camera,1929,,,0,,,film_lineage
Singin' in the Rain,1951,,,0,,,film_lineage
La Règle du jeu,1939,,,0,,,film_lineage
Cléo from 5 to 7,1962,,,0,,,film_lineage
Meshes of the Afternoon,1943,,,0,,,film_lineage
Close-up,1989,,,0,,,film_lineage
Persona,1966,,,0,,,film_lineage
Seven Samurai,1954,,,0,,,film_lineage
Late Spring,1949,,,0,,,film_lineage
The Passion of Joan of Arc,1927,,,0,,,film_lineage
Playtime,1967,,,0,,,film_lineage
The Night of the Hunter,1955,,,0,,,film_lineage
Au hasard Balthazar,1966,,,0,,,film_lineage
Shoah,1985,,,0,,,film_lineage
Daisies,1966,,,0,,,film_lineage
Mirror,1975,,,0,,,film_lineage
L'Atalante,1934,,,0,,,film_lineage
Pather Panchali,1955,,,0,,,film_lineage
M,1931,,,0,,,film_lineage
À bout de souffle,1960,,,0,,,film_lineage
Bicycle Thieves,1948,,,0,,,film_lineage
Stalker,1979,,,0,,,film_lineage
Killer of Sheep,1977,,,0,,,film_lineage
Barry Lyndon,1975,,,0,,,film_lineage
Wanda,1970,,,0,,,film_lineage
The Piano,1992,,,0,,,film_lineage
The 400 Blows,1959,,,0,,,film_lineage
News from Home,1976,,,0,,,film_lineage
Fear Eats the Soul,1974,,,0,,,film_lineage
Sherlock Jr.,1924,,,0,,,film_lineage
Le Mépris,1963,,,0,,,film_lineage
Battleship Potemkin,1925,,,0,,,film_lineage
Sans soleil,1982,,,0,,,film_lineage
Daughters of the Dust,1991,,,0,,,film_lineage
Touki Bouki,1973,,,0,,,film_lineage
The Red Shoes,1948,,,0,,,film_lineage
Metropolis,1927,,,0,,,film_lineage
Andrei Rublev,1966,,,0,,,film_lineage
La Jetée,1962,,,0,,,film_lineage
The Gleaners and I,2000,,,0,,,film_lineage
L'avventura,1960,,,0,,,film_lineage
Journey to Italy,1954,,,0,,,film_lineage
My Neighbour Totoro,1988,,,0,,,film_lineage
Sansho the Bailiff,1954,,,0,,,film_lineage
Imitation of Life,1959,,,0,,,film_lineage
Histoire(s) du Cinéma,1988,,,0,,,film_lineage
A Matter of Life and Death,1946,,,0,,,film_lineage
Sunset Blvd.,1950,,,0,,,film_lineage
Céline and Julie Go Boating,1974,,,0,,,film_lineage
A Brighter Summer Day,1991,,,0,,,film_lineage
Sátántangó,1994,,,0,,,film_lineage
Blue Velvet,1986,,,0,,,film_lineage
The Spirit of the Beehive,1973,,,0,,,film_lineage
Pierrot le fou,1965,,,0,,,film_lineage
The Shining,1980,,,0,,,film_lineage
Chungking Express,1994,,,0,,,film_lineage
Yi Yi,1999,,,0,,,film_lineage
Ugetsu Monogatari,1953,,,0,,,film_lineage
The Leopard,1962,,,0,,,film_lineage
Madame de...,1953,,,0,,,film_lineage
Once upon a Time in the West,1968,,,0,,,film_lineage
A Man Escaped,1956,,,0,,,film_lineage
Black Girl,1965,,,0,,,film_lineage
Get Out,2017,,,0,,,film_lineage
A Woman under the Influence,1974,,,0,,,film_lineage
La strada,1954,,,0,,,film_lineage
Come and See,1985,,,0,,,film_lineage
Eraserhead,1976,,,0,,,film_lineage
Fanny and Alexander,1982,,,0,,,film_lineage
La Maman et la Putain,1973,,,0,,,film_lineage
Dr. Strangelove or: How I Learned to Stop Worrying and Love the Bomb,1963,,,0,,,film_lineage
Don't Look Now,1973,,,0,,,film_lineage
Kes,1969,,,0,,,film_lineage
"Salò, or the 120 Days of Sodom",1975,,,0,,,film_lineage
L'Argent,1983,,,0,,,film_lineage
Where Is the Friend's House?,1987,,,0,,,film_lineage
Ikiru,1952,,,0,,,film_lineage
The Seventh Seal,1957,,,0,,,film_lineage
The Ascent,1976,,,0,,,film_lineage
Throne of Blood,1957,,,0,,,film_lineage
Eternal Sunshine of the Spotless Mind,2004,,,0,,,film_lineage
Hidden,2004,,,0,,,film_lineage
Pickpocket,1959,,,0,,,film_lineage
The Colour of Pomegranates,1968,,,0,,,film_lineage
The Conformist,1970,,,0,,,film_lineage
Mulholland Drive,2001,,,0,,,film_lineage
Yi Yi,2000,,,0,,,film_lineage
The Rules of the Game,1939,,,0,,,film_lineage
8 and a Half,1963,,,0,,,film_lineage
The Song of Bernadette,1943,,,0,,,film_lineage
Johnny Belinda,1948,,,0,,,film_lineage
The Robe,1953,,,0,,,film_lineage
East of Eden,1955,,,0,,,film_lineage
The Defiant Ones,1958,,,0,,,film_lineage
The Guns of Navarone,1961,,,0,,,film_lineage
The Cardinal,1963,,,0,,,film_lineage
Becket,1964,,,0,,,film_lineage
Doctor Zhivago,1965,,,0,,,film_lineage
The Lion in Winter,1968,,,0,,,film_lineage
Anne of the Thousand Days,1969,,,0,,,film_lineage
Love Story,1970,,,0,,,film_lineage
The Exorcist,1973,,,0,,,film_lineage
The Turning Point,1977,,,0,,,film_lineage
Midnight Express,1978,,,0,,,film_lineage
On Golden Pond,1981,,,0,,,film_lineage
Bugsy,1991,,,0,,,film_lineage
Scent of a Woman,1992,,,0,,,film_lineage
The Hours,2002,,,0,,,film_lineage
Babel,2006,,,0,,,film_lineage
Avatar,2009,,,0,,,film_lineage
The Social Network,2010,,,0,,,film_lineage
The Descendants,2011,,,0,,,film_lineage
"Three Billboards Outside Ebbing, Missouri",2017,,,0,,,film_lineage
Bohemian Rhapsody,2018,,,0,,,film_lineage
The Fabelmans,2022,,,0,,,film_lineage
The Brutalist,2024,,,0,,,film_lineage
Hamnet,2025,,,0,,,film_lineage
With a Song in My Heart,1952,,,0,,,film_lineage
Carmen Jones,1954,,,0,,,film_lineage
Guys and Dolls,1955,,,0,,,film_lineage
The King and I,1956,,,0,,,film_lineage
Les Girls,1957,,,0,,,film_lineage
"The Russians Are Coming, the Russians Are Coming",1966,,,0,,,film_lineage
The Secret of Santa Vittoria,1969,,,0,,,film_lineage
Fiddler on the Roof,1971,,,0,,,film_lineage
The Longest Yard,1974,,,0,,,film_lineage
The Sunshine Boys,1975,,,0,,,film_lineage
A Star Is Born,1976,,,0,,,film_lineage
The Goodbye Girl,1977,,,0,,,film_lineage
Heaven Can Wait,1978,,,0,,,film_lineage
Breaking Away,1979,,,0,,,film_lineage
Coal Miner's Daughter,1980,,,0,,,film_lineage
Arthur,1981,,,0,,,film_lineage
Yentl,1983,,,0,,,film_lineage
Romancing the Stone,1984,,,0,,,film_lineage
Prizzi's Honor,1985,,,0,,,film_lineage
Hannah and Her Sisters,1986,,,0,,,film_lineage
Hope and Glory,1987,,,0,,,film_lineage
Working Girl,1988,,,0,,,film_lineage
Green Card,1990,,,0,,,film_lineage
Beauty and the Beast,1991,,,0,,,film_lineage
The Player,1992,,,0,,,film_lineage
Mrs. Doubtfire,1993,,,0,,,film_lineage
The Lion King,1994,,,0,,,film_lineage
Babe,1995,,,0,,,film_lineage
Evita,1996,,,0,,,film_lineage
As Good as It Gets,1997,,,0,,,film_lineage
Toy Story 2,1999,,,0,,,film_lineage
Almost Famous,2000,,,0,,,film_lineage
Moulin Rouge!,2001,,,0,,,film_lineage
Lost in Translation,2003,,,0,,,film_lineage
Sideways,2004,,,0,,,film_lineage
Walk the Line,2005,,,0,,,film_lineage
Dreamgirls,2006,,,0,,,film_lineage
Sweeney Todd: The Demon Barber of Fleet Street,2007,,,0,,,film_lineage
Vicky Cristina Barcelona,2008,,,0,,,film_lineage
The Hangover,2009,,,0,,,film_lineage
The Kids Are All Right,2010,,,0,,,film_lineage
Les Misérables,2012,,,0,,,film_lineage
American Hustle,2013,,,0,,,film_lineage
The Grand Budapest Hotel,2014,,,0,,,film_lineage
The Martian,2015,,,0,,,film_lineage
Lady Bird,2017,,,0,,,film_lineage
Once Upon a Time in Hollywood,2019,,,0,,,film_lineage
Borat Subsequent Moviefilm,2020,,,0,,,film_lineage
West Side Story,2021,,,0,,,film_lineage
One Battle After Another,2025,,,0,,,film_lineage
A Short Film About Killing,1988,,,0,,,film_lineage
Landscape in the Mist,1989,,,0,,,film_lineage
Open Doors,1990,,,0,,,film_lineage
Riff-Raff,1991,,,0,,,film_lineage
The Stolen Children,1992,,,0,,,film_lineage
Close to Eden,1993,,,0,,,film_lineage
Lamerica,1994,,,0,,,film_lineage
Land and Freedom,1995,,,0,,,film_lineage
Amélie,2001,,,0,,,film_lineage
"Good Bye, Lenin!",2003,,,0,,,film_lineage
Hidden,2005,,,0,,,film_lineage
The Ghost Writer,2010,,,0,,,film_lineage
Youth,2015,,,0,,,film_lineage
The Favourite,2019,,,0,,,film_lineage
"Quo Vadis, Aida?",2021,,,0,,,film_lineage
Sentimental Value,2025,,,0,,,film_lineage
After Hours,1985,,,0,,,film_lineage
River's Edge,1987,,,0,,,film_lineage
Stand and Deliver,1988,,,0,,,film_lineage
"Sex, Lies, and Videotape",1989,,,0,,,film_lineage
The Grifters,1990,,,0,,,film_lineage
Rambling Rose,1991,,,0,,,film_lineage
Leaving Las Vegas,1995,,,0,,,film_lineage
Fargo,1996,,,0,,,film_lineage
The Apostle,1997,,,0,,,film_lineage
Gods and Monsters,1998,,,0,,,film_lineage
Election,1999,,,0,,,film_lineage
"Crouching Tiger, Hidden Dragon",2000,,,0,,,film_lineage
Memento,2001,,,0,,,film_lineage
Far from Heaven,2002,,,0,,,film_lineage
Little Miss Sunshine,2006,,,0,,,film_lineage
Juno,2007,,,0,,,film_lineage
Precious,2009,,,0,,,film_lineage
Black Swan,2010,,,0,,,film_lineage
Silver Linings Playbook,2012,,,0,,,film_lineage
Birdman or (The Unexpected Virtue of Ignorance),2014,,,0,,,film_lineage
The Farewell,2019,,,0,,,film_lineage
The Lost Daughter,2021,,,0,,,film_lineage
Past Lives,2023,,,0,,,film_lineage
Train Dreams,2025,,,0,,,film_lineage
And Then There Were None,1946,,,0,,,film_lineage
Man About Town,1947,,,0,,,film_lineage
Germany Year Zero,1948,,,0,,,film_lineage
The Farm of Seven Sins,1949,,,0,,,film_lineage
When Willie Comes Marching Home,1950,,,0,,,film_lineage
Hunted,1952,,,0,,,film_lineage
The 39 Steps,1935,,,0,,,film_lineage
Great Expectations,1946,,,0,,,film_lineage
Kind Hearts and Coronets,1949,,,0,,,film_lineage
Trainspotting,1996,,,0,,,film_lineage
The Ladykillers,1955,,,0,,,film_lineage
Saturday Night and Sunday Morning,1960,,,0,,,film_lineage
Brighton Rock,1947,,,0,,,film_lineage
Get Carter,1971,,,0,,,film_lineage
The Lavender Hill Mob,1951,,,0,,,film_lineage
Henry V,1944,,,0,,,film_lineage
The Long Good Friday,1980,,,0,,,film_lineage
The Servant,1963,,,0,,,film_lineage
Whisky Galore!,1949,,,0,,,film_lineage
The Crying Game,1992,,,0,,,film_lineage
Monty Python's Life of Brian,1979,,,0,,,film_lineage
Withnail & I,1987,,,0,,,film_lineage
Gregory's Girl,1980,,,0,,,film_lineage
Zulu,1964,,,0,,,film_lineage
Room at the Top,1959,,,0,,,film_lineage
Alfie,1966,,,0,,,film_lineage
The Lady Vanishes,1938,,,0,,,film_lineage
The Italian Job,1969,,,0,,,film_lineage
Local Hero,1983,,,0,,,film_lineage
A Fish Called Wanda,1988,,,0,,,film_lineage
Dr. No,1962,,,0,,,film_lineage
The Madness of King George,1994,,,0,,,film_lineage
Black Narcissus,1947,,,0,,,film_lineage
The Life and Death of Colonel Blimp,1943,,,0,,,film_lineage
Oliver Twist,1948,,,0,,,film_lineage
I'm All Right Jack,1959,,,0,,,film_lineage
Performance,1970,,,0,,,film_lineage
My Beautiful Laundrette,1985,,,0,,,film_lineage
This Sporting Life,1963,,,0,,,film_lineage
My Left Foot,1989,,,0,,,film_lineage
Brazil,1985,,,0,,,film_lineage
A Taste of Honey,1961,,,0,,,film_lineage
The Go-Between,1970,,,0,,,film_lineage
The Man in the White Suit,1951,,,0,,,film_lineage
The Ipcress File,1965,,,0,,,film_lineage
The Loneliness of the Long Distance Runner,1962,,,0,,,film_lineage
Passport to Pimlico,1949,,,0,,,film_lineage
The Remains of the Day,1993,,,0,,,film_lineage
"Sunday, Bloody Sunday",1971,,,0,,,film_lineage
The Railway Children,1970,,,0,,,film_lineage
Mona Lisa,1986,,,0,,,film_lineage
The Dam Busters,1955,,,0,,,film_lineage
Goldfinger,1964,,,0,,,film_lineage
Elizabeth,1998,,,0,,,film_lineage
"Goodbye, Mr. Chips",1939,,,0,,,film_lineage
A Room with a View,1985,,,0,,,film_lineage
The Day of the Jackal,1973,,,0,,,film_lineage
The Cruel Sea,1953,,,0,,,film_lineage
Billy Liar,1963,,,0,,,film_lineage
Peeping Tom,1960,,,0,,,film_lineage
Far from the Madding Crowd,1967,,,0,,,film_lineage
The Draughtsman's Contract,1982,,,0,,,film_lineage
"Distant Voices, Still Lives",1988,,,0,,,film_lineage
Darling,1965,,,0,,,film_lineage
Brassed Off,1996,,,0,,,film_lineage
Genevieve,1953,,,0,,,film_lineage
Women in Love,1969,,,0,,,film_lineage
A Hard Day's Night,1964,,,0,,,film_lineage
Fires Were Started,1943,,,0,,,film_lineage
My Name Is Joe,1998,,,0,,,film_lineage
In Which We Serve,1942,,,0,,,film_lineage
Caravaggio,1986,,,0,,,film_lineage
The Belles of St. Trinian's,1954,,,0,,,film_lineage
Life Is Sweet,1990,,,0,,,film_lineage
The Wicker Man,1973,,,0,,,film_lineage
Nil by Mouth,1997,,,0,,,film_lineage
Small Faces,1996,,,0,,,film_lineage
Carry On Up the Khyber,1968,,,0,,,film_lineage
Girlfriends,1978,,,0,,,film_lineage
Best Boy,1979,,,0,,,film_lineage
Bad Timing,1980,,,0,,,film_lineage
Tempest,1982,,,0,,,film_lineage
The Big Chill,1983,,,0,,,film_lineage
Places in the Heart,1984,,,0,,,film_lineage
The Decline of the American Empire,1986,,,0,,,film_lineage
The Princess Bride,1987,,,0,,,film_lineage
Women on the Verge of a Nervous Breakdown,1988,,,0,,,film_lineage
Roger & Me,1989,,,0,,,film_lineage
Cyrano de Bergerac,1990,,,0,,,film_lineage
The Fisher King,1991,,,0,,,film_lineage
Strictly Ballroom,1992,,,0,,,film_lineage
The Snapper,1993,,,0,,,film_lineage
Priest,1994,,,0,,,film_lineage
Antonia,1995,,,0,,,film_lineage
Shine,1996,,,0,,,film_lineage
The Hanging Garden,1997,,,0,,,film_lineage
Life Is Beautiful,1997,,,0,,,film_lineage
Whale Rider,2002,,,0,,,film_lineage
Zatōichi,2003,,,0,,,film_lineage
Hotel Rwanda,2004,,,0,,,film_lineage
Bella,2006,,,0,,,film_lineage
Eastern Promises,2007,,,0,,,film_lineage
Precious: Based on the Novel 'Push' by Sapphire,2009,,,0,,,film_lineage
The Imitation Game,2014,,,0,,,film_lineage
Jojo Rabbit,2019,,,0,,,film_lineage
Belfast,2021,,,0,,,film_lineage
American Fiction,2023,,,0,,,film_lineage
The Life of Chuck,2024,,,0,,,film_lineage
Circle of Power,1982,,,0,,,film_lineage
Purple Haze,1982,,,0,,,film_lineage
Old Enough,1984,,,0,,,film_lineage
Blood Simple,1984,,,0,,,film_lineage
Smooth Talk,1985,,,0,,,film_lineage
The Trouble with Dick,1986,,,0,,,film_lineage
Waiting for the Moon,1987,,,0,,,film_lineage
Heat and Sunlight,1987,,,0,,,film_lineage
True Love,1989,,,0,,,film_lineage
Chameleon Street,1989,,,0,,,film_lineage
Poison,1991,,,0,,,film_lineage
In the Soup,1992,,,0,,,film_lineage
Public Access,1993,,,0,,,film_lineage
Ruby in Paradise,1993,,,0,,,film_lineage
What Happened Was...,1994,,,0,,,film_lineage
The Brothers McMullen,1995,,,0,,,film_lineage
The Young Poisoner's Handbook,1995,,,0,,,film_lineage
Welcome to the Dollhouse,1995,,,0,,,film_lineage
Sunday,1997,,,0,,,film_lineage
Slam,1998,,,0,,,film_lineage
Three Seasons,1999,,,0,,,film_lineage
Girlfight,2000,,,0,,,film_lineage
You Can Count on Me,2000,,,0,,,film_lineage
The Believer,2001,,,0,,,film_lineage
Personal Velocity,2002,,,0,,,film_lineage
American Splendor,2003,,,0,,,film_lineage
Primer,2004,,,0,,,film_lineage
Forty Shades of Blue,2005,,,0,,,film_lineage
Quinceañera,2006,,,0,,,film_lineage
Padre Nuestro,2007,,,0,,,film_lineage
Frozen River,2008,,,0,,,film_lineage
"Precious: Based on the Novel ""Push"" by Sapphire",2009,,,0,,,film_lineage
Winter's Bone,2010,,,0,,,film_lineage
Like Crazy,2011,,,0,,,film_lineage
Beasts of the Southern Wild,2012,,,0,,,film_lineage
Fruitvale Station,2013,,,0,,,film_lineage
Me and Earl and the Dying Girl,2015,,,0,,,film_lineage
The Birth of a Nation,2016,,,0,,,film_lineage
I Don't Feel at Home in This World Anymore,2017,,,0,,,film_lineage
The Miseducation of Cameron Post,2018,,,0,,,film_lineage
Clemency,2019,,,0,,,film_lineage
Minari,2020,,,0,,,film_lineage
Nanny,2022,,,0,,,film_lineage
A Thousand and One,2023,,,0,,,film_lineage
In the Summers,2024,,,0,,,film_lineage
Atropia,2025,,,0,,,film_lineage
Josephine,2026,,,0,,,film_lineage
Mad Max: Fury Road,2015,,,0,,,film_lineage
Inglourious Basterds,2009,,,0,,,film_lineage
City of God,2002,,,0,,,film_lineage
Zodiac,2007,,,0,,,film_lineage
The Wolf of Wall Street,2013,,,0,,,film_lineage
The Royal Tenenbaums,2001,,,0,,,film_lineage
Her,2013,,,0,,,film_lineage
Adaptation.,2002,,,0,,,film_lineage
The Dark Knight,2008,,,0,,,film_lineage
Bridesmaids,2011,,,0,,,film_lineage
WALL·E,2008,,,0,,,film_lineage
A Serious Man,2009,,,0,,,film_lineage
Call Me by Your Name,2017,,,0,,,film_lineage
Once Upon a Time… in Hollywood,2019,,,0,,,film_lineage
Moneyball,2011,,,0,,,film_lineage
Before Sunset,2004,,,0,,,film_lineage
Up,2009,,,0,,,film_lineage
Borat: Cultural Learnings of America for Make Benefit Glorious Nation of Kazakhstan,2006,,,0,,,film_lineage
Inception,2010,,,0,,,film_lineage
Punch-Drunk Love,2002,,,0,,,film_lineage
Best in Show,2000,,,0,,,film_lineage
Uncut Gems,2019,,,0,,,film_lineage
Kill Bill: Vol. 1,2003,,,0,,,film_lineage
Memento,2000,,,0,,,film_lineage
Gone Girl,2014,,,0,,,film_lineage
TÁR,2022,,,0,,,film_lineage
The Hurt Locker,2008,,,0,,,film_lineage
Under the Skin,2014,,,0,,,film_lineage
Let the Right One In,2008,,,0,,,film_lineage
Ocean's Eleven,2001,,,0,,,film_lineage
Carol,2015,,,0,,,film_lineage
Ratatouille,2007,,,0,,,film_lineage
The Florida Project,2017,,,0,,,film_lineage
"O Brother, Where Art Thou?",2000,,,0,,,film_lineage
Aftersun,2022,,,0,,,film_lineage
The Act of Killing,2012,,,0,,,film_lineage
Inside Llewyn Davis,2013,,,0,,,film_lineage
Anchorman: The Legend of Ron Burgundy,2004,,,0,,,film_lineage
The Gleaners & I,2000,,,0,,,film_lineage
Interstellar,2014,,,0,,,film_lineage
Frances Ha,2013,,,0,,,film_lineage
Michael Clayton,2007,,,0,,,film_lineage
Minority Report,2002,,,0,,,film_lineage
Black Panther,2018,,,0,,,film_lineage
Grizzly Man,2005,,,0,,,film_lineage
Superbad,2007,,,0,,,film_lineage
Aguirre: The Wrath of God,1972,,,0,,,film_lineage
The Apu Trilogy,1955,,,0,,,film_lineage
Baby Face,1933,,,0,,,film_lineage
Bande à part,1964,,,0,,,film_lineage
Berlin Alexanderplatz,1980,,,0,,,film_lineage
Bride of Frankenstein,1935,,,0,,,film_lineage
Camille,1936,,,0,,,film_lineage
Charade,1963,,,0,,,film_lineage
Children of Paradise,1945,,,0,,,film_lineage
Closely Watched Trains,1966,,,0,,,film_lineage
The Crime of Monsieur Lange,1936,,,0,,,film_lineage
The Crowd,1928,,,0,,,film_lineage
The Decalogue,1989,,,0,,,film_lineage
Detour,1945,,,0,,,film_lineage
Dodsworth,1936,,,0,,,film_lineage
Dr. Strangelove: or How I Learned to Stop Worrying and Love the Bomb,1964,,,0,,,film_lineage
Drunken Master II,1994,,,0,,,film_lineage
E.T. The Extra Terrestrial,1982,,,0,,,film_lineage
8 1/2,1963,,,0,,,film_lineage
Finding Nemo,2003,,,0,,,film_lineage
The Fly,1986,,,0,,,film_lineage
"The Godfather, Parts I and II",1972,,,0,,,film_lineage
"The Good, The Bad and The Ugly",1966,,,0,,,film_lineage
His Girl Friday,1940,,,0,,,film_lineage
In A Lonely Place,1950,,,0,,,film_lineage
Invasion of the Body Snatchers,1956,,,0,,,film_lineage
It's A Gift,1934,,,0,,,film_lineage
Kandahar,2001,,,0,,,film_lineage
The Lady Eve,1941,,,0,,,film_lineage
The Last Command,1928,,,0,,,film_lineage
Léolo,1992,,,0,,,film_lineage
The Lord of the Rings,2001,,,0,,,film_lineage
The Man with a Movie Camera,1929,,,0,,,film_lineage
The Manchurian Candidate,1962,,,0,,,film_lineage
Meet Me in St. Louis,1944,,,0,,,film_lineage
Miller's Crossing,1990,,,0,,,film_lineage
Mon oncle d'Amérique,1980,,,0,,,film_lineage
Mouchette,1967,,,0,,,film_lineage
Nayakan,1987,,,0,,,film_lineage
Ninotchka,1939,,,0,,,film_lineage
Notorious,1946,,,0,,,film_lineage
"Olympia, Parts 1 and 2",1938,,,0,,,film_lineage
Out of the Past,1947,,,0,,,film_lineage
Pinocchio,1940,,,0,,,film_lineage
Pyaasa,1957,,,0,,,film_lineage
"Sherlock, Jr.",1924,,,0,,,film_lineage
The Shop Around the Corner,1940,,,0,,,film_lineage
The Singing Detective,1986,,,0,,,film_lineage
Smiles of a Summer Night,1955,,,0,,,film_lineage
Sunrise,1927,,,0,,,film_lineage
Sweet Smell of Success,1957,,,0,,,film_lineage
A Touch of Zen,1971,,,0,,,film_lineage
Ugetsu,1953,,,0,,,film_lineage
Ulysses' Gaze,1995,,,0,,,film_lineage
Umberto D,1952,,,0,,,film_lineage
White Heat,1949,,,0,,,film_lineage
Wings of Desire,1987,,,0,,,film_lineage
Yojimbo,1961,,,0,,,film_lineage
Accident,1967,,,0,,,film_lineage
Skupljači perja,1967,,,0,,,film_lineage
Adalen 31,1969,,,0,,,film_lineage
Johnny Got His Gun,1971,,,0,,,film_lineage
Death in Venice,1971,,,0,,,film_lineage
Solaris,1972,,,0,,,film_lineage
The Mother and the Whore,1973,,,0,,,film_lineage
The Mirror,1974,,,0,,,film_lineage
The Story of Sin,1975,,,0,,,film_lineage
The Marquise of O,1976,,,0,,,film_lineage
Cria Cuervos,1976,,,0,,,film_lineage
The Shout,1978,,,0,,,film_lineage
Bye Bye Monkey,1978,,,0,,,film_lineage
Siberiade,1979,,,0,,,film_lineage
Mon oncle d'Amerique,1980,,,0,,,film_lineage
Light Years Away,1981,,,0,,,film_lineage
The Night of the Shooting Stars,1982,,,0,,,film_lineage
Monty Python's The Meaning of Life,1983,,,0,,,film_lineage
Diary for My Children,1984,,,0,,,film_lineage
Birdy,1984,,,0,,,film_lineage
The Sacrifice,1986,,,0,,,film_lineage
Repentance,1987,,,0,,,film_lineage
A World Apart,1988,,,0,,,film_lineage
Cinema Paradiso,1988,,,0,,,film_lineage
Too Beautiful for You,1989,,,0,,,film_lineage
The Sting of Death,1990,,,0,,,film_lineage
Tilai,1990,,,0,,,film_lineage
La Belle Noiseuse,1991,,,0,,,film_lineage
"Faraway, So Close!",1993,,,0,,,film_lineage
To Live,1994,,,0,,,film_lineage
The Sweet Hereafter,1997,,,0,,,film_lineage
Humanite,1999,,,0,,,film_lineage
Devils on the Doorstep,2000,,,0,,,film_lineage
The Piano Teacher,2001,,,0,,,film_lineage
Broken Flowers,2005,,,0,,,film_lineage
Flanders,2006,,,0,,,film_lineage
The Mourning Forest,2007,,,0,,,film_lineage
Of Gods and Men,2010,,,0,,,film_lineage
The Kid with a Bike,2011,,,0,,,film_lineage
It's Only the End of the World,2016,,,0,,,film_lineage
120 BPM,2017,,,0,,,film_lineage
BlacKkKlansman,2018,,,0,,,film_lineage
A Hero,2021,,,0,,,film_lineage
Stars at Noon,2022,,,0,,,film_lineage
The Walls of Malapaga,1949,,,0,,,film_lineage
We Are All Murderers,1952,,,0,,,film_lineage
Pictures from a Revolution,1955,,,0,,,film_lineage
A Big Family,1954,,,0,,,film_lineage
Othello,1955,,,0,,,film_lineage
My Uncle,1958,,,0,,,film_lineage
Chronicle of Flaming Years,1961,,,0,,,film_lineage
The Knack ...and How to Get It,1965,,,0,,,film_lineage
Lenin in Poland,1966,,,0,,,film_lineage
Leo the Last,1970,,,0,,,film_lineage
The Tall Blond Man with One Black Shoe,1972,,,0,,,film_lineage
Special Section,1975,,,0,,,film_lineage
Identification of a Woman,1982,,,0,,,film_lineage
Nostalghia,1983,,,0,,,film_lineage
The Element of Crime,1984,,,0,,,film_lineage
Colonel Redl,1985,,,0,,,film_lineage
Bird,1988,,,0,,,film_lineage
Days of Being Wild,1990,,,0,,,film_lineage
The Long Day Closes,1992,,,0,,,film_lineage
The Puppetmaster,1993,,,0,,,film_lineage
Through the Olive Trees,1994,,,0,,,film_lineage
Western,1997,,,0,,,film_lineage
The General,1998,,,0,,,film_lineage
The Letter,1999,,,0,,,film_lineage
The Man Who Wasn't There,2001,,,0,,,film_lineage
Ten,2002,,,0,,,film_lineage
Clean,2004,,,0,,,film_lineage
The Diving Bell and the Butterfly,2007,,,0,,,film_lineage
Three Monkeys,2008,,,0,,,film_lineage
Tournée,2010,,,0,,,film_lineage
Post Tenebras Lux,2012,,,0,,,film_lineage
Heli,2013,,,0,,,film_lineage
Foxcatcher,2014,,,0,,,film_lineage
Personal Shopper,2016,,,0,,,film_lineage
The Beguiled,2017,,,0,,,film_lineage
Young Ahmed,2019,,,0,,,film_lineage
Annette,2021,,,0,,,film_lineage
The Pot-au-Feu,2023,,,0,,,film_lineage
The Little World of Don Camillo,1952,,,0,,,film_lineage
Eternal Return,1943,,,0,,,film_lineage
Mandy,1952,,,0,,,film_lineage
The Challenge,1958,,,0,,,film_lineage
The Adventure,1960,,,0,,,film_lineage
Peace to Him Who Enters,1961,,,0,,,film_lineage
Le Feu follet,1963,,,0,,,film_lineage
Introduction to Life,1963,,,0,,,film_lineage
The Gospel According to St. Matthew,1964,,,0,,,film_lineage
Hamlet,1964,,,0,,,film_lineage
I Am Twenty,1965,,,0,,,film_lineage
Chappaqua,1966,,,0,,,film_lineage
China Is Near,1967,,,0,,,film_lineage
The Subject of the Sermon,1968,,,0,,,film_lineage
Marianna Ucria,1981,,,0,,,film_lineage
Streamers,1983,,,0,,,film_lineage
Storia d'amore,1986,,,0,,,film_lineage
And There Was Light,1989,,,0,,,film_lineage
The Divine Comedy,1991,,,0,,,film_lineage
Hyenas,1992,,,0,,,film_lineage
Brigands,1996,,,0,,,film_lineage
The Wind Will Carry Us,1999,,,0,,,film_lineage
Dog Days,2001,,,0,,,film_lineage
House of Fools,2002,,,0,,,film_lineage
The Kite,2003,,,0,,,film_lineage
Dry Season,2006,,,0,,,film_lineage
Teza,2008,,,0,,,film_lineage
Paradise: Faith,2012,,,0,,,film_lineage
The Look of Silence,2014,,,0,,,film_lineage
Anomalisa,2015,,,0,,,film_lineage
An Officer and a Spy,2019,,,0,,,film_lineage
New Order,2020,,,0,,,film_lineage
Saint Omer,2022,,,0,,,film_lineage
Evil Does Not Exist,2023,,,0,,,film_lineage
Vermiglio,2024,,,0,,,film_lineage
The Voice of Hind Rajab,2025,,,0,,,film_lineage
A Time to Live a Time to Die,1985,,,0,,,film_lineage
Spring in a Small Town,1948,,,0,,,film_lineage
Dust in the Wind,1986,,,0,,,film_lineage
Dragon Inn,1967,,,0,,,film_lineage
The Love Eterne,1963,,,0,,,film_lineage
The Terrorizers,1986,,,0,,,film_lineage
Yellow Earth,1984,,,0,,,film_lineage
Comrades: Almost a Love Story,1996,,,0,,,film_lineage
A Better Tomorrow,1986,,,0,,,film_lineage
Infernal Affairs,2002,,,0,,,film_lineage
In the Heat of the Sun,1994,,,0,,,film_lineage
Street Angel,1937,,,0,,,film_lineage
The Goddess,1934,,,0,,,film_lineage
The Boys From Fengkuei,1983,,,0,,,film_lineage
Happy Together,1997,,,0,,,film_lineage
The Sandwich Man,1983,,,0,,,film_lineage
At Dawn,1967,,,0,,,film_lineage
Rouge,1988,,,0,,,film_lineage
Center Stage,1991,,,0,,,film_lineage
That Day on the Beach,1983,,,0,,,film_lineage
Fist of Fury,1972,,,0,,,film_lineage
"Lust, Caution",2007,,,0,,,film_lineage
Pickpocket,1997,,,0,,,film_lineage
A Chinese Ghost Story,1987,,,0,,,film_lineage
Execution in Autumn,1972,,,0,,,film_lineage
Cape No. 7,2008,,,0,,,film_lineage
The Spring River Flows East,1947,,,0,,,film_lineage
The Blue Kite,1994,,,0,,,film_lineage
Darkness and Light,1999,,,0,,,film_lineage
The Mission,1999,,,0,,,film_lineage
The Arch,1969,,,0,,,film_lineage
Goodbye Darling,1987,,,0,,,film_lineage
Kung Fu Hustle,2004,,,0,,,film_lineage
Let It Be,2000,,,0,,,film_lineage
The Big Road,1935,,,0,,,film_lineage
Beautiful Duckling,1965,,,0,,,film_lineage
Taipei Story,1985,,,0,,,film_lineage
Ashes of Time,1994,,,0,,,film_lineage
Raise the Red Lantern,1991,,,0,,,film_lineage
An Autumn's Tale,1987,,,0,,,film_lineage
Growing Up,1986,,,0,,,film_lineage
The Way of the Dragon,1972,,,0,,,film_lineage
The Spooky Bunch,1980,,,0,,,film_lineage
Old Well,1986,,,0,,,film_lineage
Made in Hong Kong,1997,,,0,,,film_lineage
Rebels of the Neon God,1993,,,0,,,film_lineage
The Way We Are,2008,,,0,,,film_lineage
Cannot Live Without You,2009,,,0,,,film_lineage
Blind Shaft,2003,,,0,,,film_lineage
Shaolin Soccer,2001,,,0,,,film_lineage
Eat Drink Man Woman,1994,,,0,,,film_lineage
Strawman,1987,,,0,,,film_lineage
The Private Eyes,1976,,,0,,,film_lineage
Drunken Master,1978,,,0,,,film_lineage
Story of Mother,1973,,,0,,,film_lineage
Zu: Warriors From the Magic Mountain,1983,,,0,,,film_lineage
In Our Time,1982,,,0,,,film_lineage
Jade Love,1984,,,0,,,film_lineage
Sun Moon and Star,1961,,,0,,,film_lineage
The One-Armed Swordsman,1967,,,0,,,film_lineage
A Chinese Odyssey Part One: Pandora's Box,1995,,,0,,,film_lineage
A Chinese Odyssey Part Two: Cinderella,1995,,,0,,,film_lineage
Summer Snow,1995,,,0,,,film_lineage
A Borrowed Life,1995,,,0,,,film_lineage
Summer Palace,2006,,,0,,,film_lineage
Mountain Patrol,2004,,,0,,,film_lineage
Blue Gate Crossing,2002,,,0,,,film_lineage
Crazy Stone,2006,,,0,,,film_lineage
Hill of No Return,1992,,,0,,,film_lineage
The River,1997,,,0,,,film_lineage
He Never Gives Up,1979,,,0,,,film_lineage
Boat People,1982,,,0,,,film_lineage
Crossroads,1937,,,0,,,film_lineage
The Last Message,1975,,,0,,,film_lineage
The Blue and the Black,1966,,,0,,,film_lineage
Two Stage Sisters,1964,,,0,,,film_lineage
Little Toys,1933,,,0,,,film_lineage
The Lim Family Shop,1959,,,0,,,film_lineage
Police Story,1985,,,0,,,film_lineage
Once Upon a Time in China,1991,,,0,,,film_lineage
The Hole,1998,,,0,,,film_lineage
Floating Clouds,1955,,,0,,,film_lineage
A Sun-Tribe Myth From the Bakumatsu Era,1957,,,0,,,film_lineage
"The Yakuza Papers, Vol. 1: Battles Without Honor and Humanity",1973,,,0,,,film_lineage
Twenty-Four Eyes,1954,,,0,,,film_lineage
Sazen Tange and the Pot Worth a Million Ryo,1935,,,0,,,film_lineage
The Man Who Stole the Sun,1979,,,0,,,film_lineage
The Family Game,1983,,,0,,,film_lineage
Stray Dog,1949,,,0,,,film_lineage
Typhoon Club,1985,,,0,,,film_lineage
Susaki Paradise: Red Light District,1956,,,0,,,film_lineage
High and Low,1963,,,0,,,film_lineage
A Fugitive From the Past,1965,,,0,,,film_lineage
Harakiri,1962,,,0,,,film_lineage
Intentions of Murder,1964,,,0,,,film_lineage
Tokyo Olympiad,1965,,,0,,,film_lineage
Castle of Sand,1974,,,0,,,film_lineage
Bitterness of Youth,1974,,,0,,,film_lineage
Nausicaa of the Valley of the Wind,1984,,,0,,,film_lineage
Humanity and Paper Balloons,1937,,,0,,,film_lineage
Fighting Elegy,1966,,,0,,,film_lineage
Fall Guy,1982,,,0,,,film_lineage
Boiling Point,1990,,,0,,,film_lineage
The Crucified Lovers,1954,,,0,,,film_lineage
She Was Like a Wild Chrysanthemum,1955,,,0,,,film_lineage
Flowing,1956,,,0,,,film_lineage
Samurai Vendetta,1959,,,0,,,film_lineage
Branded to Kill,1967,,,0,,,film_lineage
Vengeance Is Mine,1979,,,0,,,film_lineage
Zigeunerweisen,1980,,,0,,,film_lineage
Here's to the Young Lady,1949,,,0,,,film_lineage
The Ball at the Anjo House,1947,,,0,,,film_lineage
Till We Meet Again,1950,,,0,,,film_lineage
The Life of Oharu,1952,,,0,,,film_lineage
A Bloody Spear on Mount Fuji,1955,,,0,,,film_lineage
The Lower Depths,1957,,,0,,,film_lineage
Stakeout,1958,,,0,,,film_lineage
Floating Weeds,1959,,,0,,,film_lineage
Good Morning,1959,,,0,,,film_lineage
Desperado Outpost,1959,,,0,,,film_lineage
Younger Brother,1960,,,0,,,film_lineage
Cruel Story of Youth,1960,,,0,,,film_lineage
The Graceful Brute,1962,,,0,,,film_lineage
"The Yakuza Papers, Vol. 3: Proxy War",1973,,,0,,,film_lineage
The Wanderers,1973,,,0,,,film_lineage
The Youth Killer,1976,,,0,,,film_lineage
Muddy River,1981,,,0,,,film_lineage
The Funeral,1984,,,0,,,film_lineage
Fire Festival,1985,,,0,,,film_lineage
My Neighbor Totoro,1988,,,0,,,film_lineage
Noriko's Dinner Table,2005,,,0,,,film_lineage
"I Was Born, But...",1932,,,0,,,film_lineage
What Did the Lady Forget?,1937,,,0,,,film_lineage
Singing Lovebirds,1939,,,0,,,film_lineage
The Life of Matsu the Untamed,1943,,,0,,,film_lineage
Carmen Comes Home,1951,,,0,,,film_lineage
The Human Condition,1959,,,0,,,film_lineage
The Human Vapor,1960,,,0,,,film_lineage
Sanjuro,1962,,,0,,,film_lineage
The Insect Woman,1963,,,0,,,film_lineage
Pale Flower,1964,,,0,,,film_lineage
Yearning,1964,,,0,,,film_lineage
Tokyo Drifter,1966,,,0,,,film_lineage
Japan's Longest Day,1967,,,0,,,film_lineage
Profound Desires of the Gods,1968,,,0,,,film_lineage
The Human Bullet,1968,,,0,,,film_lineage
Big Time Gambling Boss,1968,,,0,,,film_lineage
I the Executioner,1968,,,0,,,film_lineage
Boy,1969,,,0,,,film_lineage
Double Suicide,1969,,,0,,,film_lineage
Tora-San Our Lovable Tramp,1969,,,0,,,film_lineage
Take Care Red Riding Hood,1970,,,0,,,film_lineage
Red Peony Gambler: Oryu's Return,1970,,,0,,,film_lineage
Kaoyaku,1971,,,0,,,film_lineage
Wet Sand in August,1971,,,0,,,film_lineage
Outlaw Killers: Three Mad Dog Brothers,1972,,,0,,,film_lineage
Secret Chronicle: She Beast Market,1974,,,0,,,film_lineage
Lupin the Third: The Castle of Cagliostro,1979,,,0,,,film_lineage
Crazy Thunder Road,1980,,,0,,,film_lineage
Crazed Fruit,1981,,,0,,,film_lineage
A Japanese Village,1982,,,0,,,film_lineage
P.P.Rider,1983,,,0,,,film_lineage
Merry Christmas Mr. Lawrence,1983,,,0,,,film_lineage
The Little Girl Who Conquered Time,1983,,,0,,,film_lineage
Love Hotel,1985,,,0,,,film_lineage
Ran,1985,,,0,,,film_lineage
No More Comics!,1986,,,0,,,film_lineage
Castle in the Sky,1986,,,0,,,film_lineage
Tetsuo: The Iron Man,1989,,,0,,,film_lineage
Moving,1993,,,0,,,film_lineage
Sonatine,1993,,,0,,,film_lineage
Kids Return,1996,,,0,,,film_lineage
Crayon Shin-Chan: The Adult Empire Strikes Back,2001,,,0,,,film_lineage
The Twilight Samurai,2002,,,0,,,film_lineage
Bright Future,2003,,,0,,,film_lineage
Ramblers,2004,,,0,,,film_lineage
Summer Days With Coo,2007,,,0,,,film_lineage
Holy Motors,2012,,,0,,,film_lineage
Mad Max Fury Road,2015,,,0,,,film_lineage
"Synecdoche, New York",2008,,,0,,,film_lineage
25th Hour,2002,,,0,,,film_lineage
WALL-E,2008,,,0,,,film_lineage
Margaret,2011,,,0,,,film_lineage
Timbuktu,2014,,,0,,,film_lineage
The New World,2005,,,0,,,film_lineage
Inside Out,2015,,,0,,,film_lineage
Blue Is the Warmest Color,2013,,,0,,,film_lineage
Certified Copy,2010,,,0,,,film_lineage
Goodbye to Language,2014,,,0,,,film_lineage
Tropical Malady,2005,,,0,,,film_lineage
Werckmeister Harmonies,2000,,,0,,,film_lineage
Zero Dark Thirty,2012,,,0,,,film_lineage
Moolaade,2004,,,0,,,film_lineage
A History of Violence,2005,,,0,,,film_lineage
The Turin Horse,2011,,,0,,,film_lineage
"Spring, Summer, Fall, Winter... and Spring",2003,,,0,,,film_lineage
Stories We Tell,2012,,,0,,,film_lineage
Only Lovers Left Alive,2013,,,0,,,film_lineage
Spring Breakers,2012,,,0,,,film_lineage
Inherent Vice,2014,,,0,,,film_lineage
Dogville,2003,,,0,,,film_lineage
A.I. Artificial Intelligence,2001,,,0,,,film_lineage
Amelie,2001,,,0,,,film_lineage
The Assassination of Jesse James by the Coward Robert Ford,2007,,,0,,,film_lineage
Moonrise Kingdom,2012,,,0,,,film_lineage
White Material,2010,,,0,,,film_lineage
Carlos,2010,,,0,,,film_lineage
Requiem for a Dream,2000,,,0,,,film_lineage
Breathless,1960,,,0,,,film_lineage
Jeanne Dielman 23 Quai Du Commerce 1080 Bruxelles,1975,,,0,,,film_lineage
Aguirre the Wrath of God,1972,,,0,,,film_lineage
The Passion of Joan of Arc,1928,,,0,,,film_lineage
Fanny & Alexander,1982,,,0,,,film_lineage
Grand Illusion,1937,,,0,,,film_lineage
Close-Up,1990,,,0,,,film_lineage
Beau Travail,2000,,,0,,,film_lineage
Cleo From 5 to 7,1962,,,0,,,film_lineage
Jules and Jim,1962,,,0,,,film_lineage
The Earrings of Madame De...,1953,,,0,,,film_lineage
Contempt,1963,,,0,,,film_lineage
Three Colors Blue,1993,,,0,,,film_lineage
Ali Fear Eats the Soul,1974,,,0,,,film_lineage
Exterminating Angels,2006,,,0,,,film_lineage
L'eclisse,1962,,,0,,,film_lineage
Y Tu Mama Tambien,2001,,,0,,,film_lineage
Los Olvidados,1950,,,0,,,film_lineage
Celine and Julie Go Boating,1974,,,0,,,film_lineage
Umberto D.,1952,,,0,,,film_lineage
La Jetee,1962,,,0,,,film_lineage
The Story of the Last Chrysanthemum,1939,,,0,,,film_lineage
Hiroshima Mon Amour,1959,,,0,,,film_lineage
Rififi,1955,,,0,,,film_lineage
Scenes From a Marriage,1973,,,0,,,film_lineage
Where Is My Friend's House?,1987,,,0,,,film_lineage
Ashes and Diamonds,1958,,,0,,,film_lineage
Landscape in the Mist,1988,,,0,,,film_lineage
Point Break,1991,,,0,,,film_lineage
The Swamp,2001,,,0,,,film_lineage
Seven Beauties,1975,,,0,,,film_lineage
American Psycho,2000,,,0,,,film_lineage
Orlando,1992,,,0,,,film_lineage
Clueless,1995,,,0,,,film_lineage
We Need to Talk About Kevin,2011,,,0,,,film_lineage
The Hitch-Hiker,1953,,,0,,,film_lineage
The House Is Black,1963,,,0,,,film_lineage
Selma,2014,,,0,,,film_lineage
Le Bonheur,1965,,,0,,,film_lineage
Zama,2018,,,0,,,film_lineage
The Night Porter,1974,,,0,,,film_lineage
You Were Never Really Here,2018,,,0,,,film_lineage
Morvern Callar,2002,,,0,,,film_lineage
The Matrix,1999,,,0,,,film_lineage
Wendy and Lucy,2008,,,0,,,film_lineage
Olympia Parts 1 & 2,1938,,,0,,,film_lineage
Paris Is Burning,1990,,,0,,,film_lineage
Boys Don't Cry,1999,,,0,,,film_lineage
The Adventures of Prince Achmed,1926,,,0,,,film_lineage
The Virgin Suicides,1999,,,0,,,film_lineage
Triumph of the Will,1935,,,0,,,film_lineage
Near Dark,1987,,,0,,,film_lineage
An Angel at My Table,1990,,,0,,,film_lineage
The Asthenic Syndrome,1990,,,0,,,film_lineage
Salaam Bombay!,1988,,,0,,,film_lineage
Outrage,1950,,,0,,,film_lineage
Harlan County U.S.A.,1976,,,0,,,film_lineage
Bright Star,2009,,,0,,,film_lineage
Monster,2003,,,0,,,film_lineage
13th,2016,,,0,,,film_lineage
Desperately Seeking Susan,1985,,,0,,,film_lineage
The Long Farewell,1971,,,0,,,film_lineage
A League of Their Own,1992,,,0,,,film_lineage
India Song,1975,,,0,,,film_lineage
Strange Days,1995,,,0,,,film_lineage
Marie Antoinette,2006,,,0,,,film_lineage
The Rider,2018,,,0,,,film_lineage
Leave No Trace,2018,,,0,,,film_lineage
Ratcatcher,1999,,,0,,,film_lineage
Eve's Bayou,1997,,,0,,,film_lineage
The Connection,1962,,,0,,,film_lineage
Whale Rider,2003,,,0,,,film_lineage
The Seashell and the Clergyman,1928,,,0,,,film_lineage
Chocolat,1988,,,0,,,film_lineage
Meek's Cutoff,2010,,,0,,,film_lineage
The Apple,1998,,,0,,,film_lineage
Shoes,1916,,,0,,,film_lineage
Big,1988,,,0,,,film_lineage
A Girl Walks Home Alone at Night,2014,,,0,,,film_lineage
At Land,1944,,,0,,,film_lineage
Sleepless in Seattle,1993,,,0,,,film_lineage
Portrait of Jason,1967,,,0,,,film_lineage
One Sings the Other Doesn't,1977,,,0,,,film_lineage
35 Shots of Rum,2009,,,0,,,film_lineage
The Silences of the Palace,1994,,,0,,,film_lineage
The Beaches of Agnes,2008,,,0,,,film_lineage
Fast Times at Ridgemont High,1982,,,0,,,film_lineage
Ritual in Transfigured Time,1946,,,0,,,film_lineage
The Meetings of Anna,1978,,,0,,,film_lineage
The Souvenir,2019,,,0,,,film_lineage
The Citadel,1938,,,0,,,film_lineage
Wuthering Heights,1939,,,0,,,film_lineage
Watch on the Rhine,1943,,,0,,,film_lineage
Five Easy Pieces,1970,,,0,,,film_lineage
Cries and Whispers,1972,,,0,,,film_lineage
A Passage to India,1984,,,0,,,film_lineage
Broadcast News,1987,,,0,,,film_lineage
The Accidental Tourist,1988,,,0,,,film_lineage
Quiz Show,1994,,,0,,,film_lineage
L.A. Confidential,1997,,,0,,,film_lineage
Topsy-Turvy,1999,,,0,,,film_lineage
United 93,2006,,,0,,,film_lineage
Milk,2008,,,0,,,film_lineage
The Irishman,2019,,,0,,,film_lineage
First Cow,2020,,,0,,,film_lineage
Killers of the Flower Moon,2023,,,0,,,film_lineage
Dog Day Afternoon,1975,,,0,,,film_lineage
Coming Home,1978,,,0,,,film_lineage
Atlantic City,1981,,,0,,,film_lineage
Little Dorrit,1988,,,0,,,film_lineage
The Insider,1999,,,0,,,film_lineage
In the Bedroom,2001,,,0,,,film_lineage
About Schmidt,2002,,,0,,,film_lineage
Letters from Iwo Jima,2006,,,0,,,film_lineage
Small Axe,2020,,,0,,,film_lineage
Persona,1967,,,0,,,film_lineage
Shame,1968,,,0,,,film_lineage
Claire's Knee,1971,,,0,,,film_lineage
Scenes from a Marriage,1974,,,0,,,film_lineage
Melvin and Howard,1980,,,0,,,film_lineage
The Night of the Shooting Stars,1983,,,0,,,film_lineage
Stranger Than Paradise,1984,,,0,,,film_lineage
The Dead,1987,,,0,,,film_lineage
The Unbearable Lightness of Being,1988,,,0,,,film_lineage
Drugstore Cowboy,1989,,,0,,,film_lineage
Life Is Sweet,1991,,,0,,,film_lineage
Out of Sight,1998,,,0,,,film_lineage
Being John Malkovich,1999,,,0,,,film_lineage
Capote,2005,,,0,,,film_lineage
Nickel Boys,2024,,,0,,,film_lineage
I Am a Fugitive from a Chain Gang,1932,,,0,,,film_lineage
Topaze,1933,,,0,,,film_lineage
Night Must Fall,1937,,,0,,,film_lineage
Confessions of a Nazi Spy,1939,,,0,,,film_lineage
The Ox-Bow Incident,1943,,,0,,,film_lineage
None But the Lonely Heart,1944,,,0,,,film_lineage
The True Glory,1945,,,0,,,film_lineage
Henry V,1946,,,0,,,film_lineage
Monsieur Verdoux,1947,,,0,,,film_lineage
Paisan,1948,,,0,,,film_lineage
Julius Caesar,1953,,,0,,,film_lineage
The Old Man and the Sea,1958,,,0,,,film_lineage
The Nun's Story,1959,,,0,,,film_lineage
Sons and Lovers,1960,,,0,,,film_lineage
Question 7,1961,,,0,,,film_lineage
The Longest Day,1962,,,0,,,film_lineage
The Eleanor Roosevelt Story,1965,,,0,,,film_lineage
The Shoes of the Fisherman,1968,,,0,,,film_lineage
"They Shoot Horses, Don't They?",1969,,,0,,,film_lineage
Macbeth,1971,,,0,,,film_lineage
Days of Heaven,1978,,,0,,,film_lineage
Betrayal,1983,,,0,,,film_lineage
The Color Purple,1985,,,0,,,film_lineage
Empire of the Sun,1987,,,0,,,film_lineage
Mississippi Burning,1988,,,0,,,film_lineage
Quills,2000,,,0,,,film_lineage
Mystic River,2003,,,0,,,film_lineage
Finding Neverland,2004,,,0,,,film_lineage
"Good Night, and Good Luck.",2005,,,0,,,film_lineage
Up in the Air,2009,,,0,,,film_lineage
Hugo,2011,,,0,,,film_lineage
A Most Violent Year,2014,,,0,,,film_lineage
Manchester by the Sea,2016,,,0,,,film_lineage
The Post,2017,,,0,,,film_lineage
Da 5 Bloods,2020,,,0,,,film_lineage
Licorice Pizza,2021,,,0,,,film_lineage
Top Gun: Maverick,2022,,,0,,,film_lineage
Wicked,2024,,,0,,,film_lineage
Carmen Jones,1955,,,0,,,film_lineage
Il grido,1957,,,0,,,film_lineage
Ten North Frederick,1958,,,0,,,film_lineage
Killer's Kiss,1959,,,0,,,film_lineage
Il bell'Antonio,1960,,,0,,,film_lineage
Fires on the Plain,1961,,,0,,,film_lineage
The Winner,1962,,,0,,,film_lineage
Transport from Paradise,1963,,,0,,,film_lineage
Black Peter,1964,,,0,,,film_lineage
Four in the Morning,1965,,,0,,,film_lineage
Everyday Courage,1966,,,0,,,film_lineage
Entranced Earth,1967,,,0,,,film_lineage
The Visionaries,1968,,,0,,,film_lineage
"Charles, Dead or Alive",1969,,,0,,,film_lineage
End of the Road,1970,,,0,,,film_lineage
They Have Changed Their Face,1971,,,0,,,film_lineage
Bleak Moments,1972,,,0,,,film_lineage
The Illumination,1973,,,0,,,film_lineage
25 Fireman's Street,1974,,,0,,,film_lineage
The Son of Amir Is Dead,1975,,,0,,,film_lineage
The Big Night,1976,,,0,,,film_lineage
Antonio Gramsci: The Days of Prison,1977,,,0,,,film_lineage
The Idlers of the Fertile Valley,1978,,,0,,,film_lineage
The Herd,1979,,,0,,,film_lineage
To Love the Damned,1980,,,0,,,film_lineage
The Vicious Circle,1981,,,0,,,film_lineage
The Princess,1983,,,0,,,film_lineage
Alpine Fire,1985,,,0,,,film_lineage
Lake of Constance,1986,,,0,,,film_lineage
The Jester,1987,,,0,,,film_lineage
Why Has Bodhi-Dharma Left for the East?,1989,,,0,,,film_lineage
Accidental Waltz,1990,,,0,,,film_lineage
Johnny Suede,1991,,,0,,,film_lineage
Autumn Moon,1992,,,0,,,film_lineage
The Place on a Grey Tricorne,1993,,,0,,,film_lineage
Khomreh,1994,,,0,,,film_lineage
Raï,1995,,,0,,,film_lineage
Nenette and Boni,1996,,,0,,,film_lineage
The Mirror,1997,,,0,,,film_lineage
Mr. Zhao,1998,,,0,,,film_lineage
"Skin of Man, Heart of Beast",1999,,,0,,,film_lineage
Father,2000,,,0,,,film_lineage
Off to the Revolution by a 2CV,2001,,,0,,,film_lineage
The Longing,2002,,,0,,,film_lineage
Khamosh Pani,2003,,,0,,,film_lineage
Private,2004,,,0,,,film_lineage
Nine Lives,2005,,,0,,,film_lineage
Das Fräulein,2006,,,0,,,film_lineage
The Rebirth,2007,,,0,,,film_lineage
Parque Vía,2008,,,0,,,film_lineage
"She, a Chinese",2009,,,0,,,film_lineage
Winter Vacation,2010,,,0,,,film_lineage
Back to Stay,2011,,,0,,,film_lineage
The Girl from Nowhere,2012,,,0,,,film_lineage
"Right Now, Wrong Then",2015,,,0,,,film_lineage
Godless,2016,,,0,,,film_lineage
Mrs. Fang,2017,,,0,,,film_lineage
A Land Imagined,2018,,,0,,,film_lineage
"Vengeance Is Mine, All Others Pay Cash",2021,,,0,,,film_lineage
Rule 34,2022,,,0,,,film_lineage
Critical Zone,2023,,,0,,,film_lineage
Toxic,2024,,,0,,,film_lineage
"Two Seasons, Two Strangers",2025,,,0,,,film_lineage
Postman,1995,,,0,,,film_lineage
How Old Is the River?,1995,,,0,,,film_lineage
"Thalassa, Thalassa, Ruckkehr Zum Mmer",1995,,,0,,,film_lineage
Sons,1996,,,0,,,film_lineage
Like Grains of Sand,1996,,,0,,,film_lineage
Last Holiday,1997,,,0,,,film_lineage
The Day a Pig Fell into the Well,1997,,,0,,,film_lineage
Robinson in Space,1997,,,0,,,film_lineage
Buttoners,1998,,,0,,,film_lineage
Round the Moons Between Earth and Sea,1998,,,0,,,film_lineage
The Inheritors,1998,,,0,,,film_lineage
The Iron Heel of Oligarchy,1999,,,0,,,film_lineage
More Than Yesterday,1999,,,0,,,film_lineage
Following,1999,,,0,,,film_lineage
Suzhou River,2000,,,0,,,film_lineage
Crane World,2000,,,0,,,film_lineage
Bye Bye Blue Bird,2000,,,0,,,film_lineage
Bad Company,2001,,,0,,,film_lineage
The Days Between,2001,,,0,,,film_lineage
25 Watts,2001,,,0,,,film_lineage
Sleeping Rough,2002,,,0,,,film_lineage
Everyday God Kisses Us on the Mouth,2002,,,0,,,film_lineage
Wild Bees,2002,,,0,,,film_lineage
With Love. Lilya,2003,,,0,,,film_lineage
Strange,2003,,,0,,,film_lineage
Jealousy Is My Middle Name,2003,,,0,,,film_lineage
The Missing,2004,,,0,,,film_lineage
Summer in the Golden Valley,2004,,,0,,,film_lineage
En Route,2004,,,0,,,film_lineage
Changing Destiny,2005,,,0,,,film_lineage
4,2005,,,0,,,film_lineage
The Sky Turns,2005,,,0,,,film_lineage
Walking on the Wild Side,2006,,,0,,,film_lineage
The Dog Pound,2006,,,0,,,film_lineage
Old Joy,2006,,,0,,,film_lineage
Love Conquers All,2007,,,0,,,film_lineage
The Unpolished,2007,,,0,,,film_lineage
Bog of Beasts,2007,,,0,,,film_lineage
AFR,2007,,,0,,,film_lineage
Go With Peace Jamil,2008,,,0,,,film_lineage
Wonderful Town,2008,,,0,,,film_lineage
Flower in the Pocket,2008,,,0,,,film_lineage
Be Calm and Count to Seven,2009,,,0,,,film_lineage
Breathless,2009,,,0,,,film_lineage
Wrong Rosary,2009,,,0,,,film_lineage
Cold Water of the Sea,2010,,,0,,,film_lineage
Alamar,2010,,,0,,,film_lineage
Mundane History,2010,,,0,,,film_lineage
The Journals of Musan,2011,,,0,,,film_lineage
Finisterrae,2011,,,0,,,film_lineage
Eternity,2011,,,0,,,film_lineage
Klip,2012,,,0,,,film_lineage
Thursday Till Sunday,2012,,,0,,,film_lineage
Egg and Stone,2012,,,0,,,film_lineage
My Dog Killer,2013,,,0,,,film_lineage
Soldier Jane,2013,,,0,,,film_lineage
Fat Shaker,2013,,,0,,,film_lineage
Anatomy of a Paper Clip,2014,,,0,,,film_lineage
Something Must Break,2014,,,0,,,film_lineage
Han Gong-ju,2014,,,0,,,film_lineage
The Project of the Century,2015,,,0,,,film_lineage
Videophilia (and Other Viral Syndromes),2015,,,0,,,film_lineage
Vanishing Point,2015,,,0,,,film_lineage
Radio Dreams,2016,,,0,,,film_lineage
Sexy Durga,2017,,,0,,,film_lineage
The Widowed Witch,2018,,,0,,,film_lineage
Present.Perfect.,2019,,,0,,,film_lineage
The Cloud In Her Room,2020,,,0,,,film_lineage
Pebbles,2021,,,0,,,film_lineage
EAMI,2022,,,0,,,film_lineage
Le spectre de Boko Haram,2023,,,0,,,film_lineage
Rei,2024,,,0,,,film_lineage
Fiume o morte!,2025,,,0,,,film_lineage
Variations on a Theme!,2026,,,0,,,film_lineage
I Was a Parish Priest,1953,,,0,,,film_lineage
Cursed Mountain,1954,,,0,,,film_lineage
Days of Love,1955,,,0,,,film_lineage
The Railroad Man,1956,,,0,,,film_lineage
Oh! Sabella,1957,,,0,,,film_lineage
Eve Wants to Sleep,1958,,,0,,,film_lineage
"Romeo, Juliet and Darkness",1960,,,0,,,film_lineage
One-Eyed Jacks,1961,,,0,,,film_lineage
Arturo's Island,1962,,,0,,,film_lineage
Mafioso,1963,,,0,,,film_lineage
"America, America",1964,,,0,,,film_lineage
I Was Happy Here,1966,,,0,,,film_lineage
Two for the Road,1967,,,0,,,film_lineage
The Long Day's Dying,1968,,,0,,,film_lineage
The Rain People,1969,,,0,,,film_lineage
Dead of Summer,1970,,,0,,,film_lineage
The Glass House,1972,,,0,,,film_lineage
Badlands,1974,,,0,,,film_lineage
Poachers,1975,,,0,,,film_lineage
Gypsies Are Found Near Heaven,1976,,,0,,,film_lineage
An Unfinished Piece for Mechanical Piano,1977,,,0,,,film_lineage
Alambrista!,1978,,,0,,,film_lineage
Autumn Marathon,1979,,,0,,,film_lineage
The Orchestra Conductor,1980,,,0,,,film_lineage
Tales of Ordinary Madness,1981,,,0,,,film_lineage
Demons in the Garden,1982,,,0,,,film_lineage
Entre Nous,1983,,,0,,,film_lineage
Rumble Fish,1984,,,0,,,film_lineage
Yesterday,1985,,,0,,,film_lineage
Half of Heaven,1986,,,0,,,film_lineage
Wedding in Galilee,1987,,,0,,,film_lineage
On the Black Hill,1988,,,0,,,film_lineage
Letters from Alou,1990,,,0,,,film_lineage
Butterfly Wings,1991,,,0,,,film_lineage
A Place in the World,1992,,,0,,,film_lineage
Margaret's Museum,1995,,,0,,,film_lineage
The Swindle,1997,,,0,,,film_lineage
Wind with the Gone,1998,,,0,,,film_lineage
C'est quoi la vie?,1999,,,0,,,film_lineage
The Ruination of Men,2000,,,0,,,film_lineage
A Cab for Three,2001,,,0,,,film_lineage
Mondays in the Sun,2002,,,0,,,film_lineage
Gun-shy,2003,,,0,,,film_lineage
Turtles Can Fly,2004,,,0,,,film_lineage
Something Like Happiness,2005,,,0,,,film_lineage
A Thousand Years of Good Prayers,2007,,,0,,,film_lineage
Pandora's Box,2008,,,0,,,film_lineage
City of Life and Death,2009,,,0,,,film_lineage
Neds,2010,,,0,,,film_lineage
Los pasos dobles,2011,,,0,,,film_lineage
In the House,2012,,,0,,,film_lineage
Bad Hair,2013,,,0,,,film_lineage
Magical Girl,2014,,,0,,,film_lineage
Sparrows,2015,,,0,,,film_lineage
I Am Not Madame Bovary,2016,,,0,,,film_lineage
The Disaster Artist,2017,,,0,,,film_lineage
Between Two Waters,2018,,,0,,,film_lineage
Pacified,2019,,,0,,,film_lineage
Blue Moon,2021,,,0,,,film_lineage
The Rye Horn,2023,,,0,,,film_lineage
Afternoons of Solitude,2024,,,0,,,film_lineage
Sundays,2025,,,0,,,film_lineage
Golden Queen,1965,,,0,,,film_lineage
Mirage,1965,,,0,,,film_lineage
Homer and Eddie,1989,,,0,,,film_lineage
La nación clandestina,1989,,,0,,,film_lineage
The Beginning and the End,1993,,,0,,,film_lineage
Sara,1993,,,0,,,film_lineage
Bwana,1996,,,0,,,film_lineage
Trojan Eddie,1996,,,0,,,film_lineage
Half Moon,2006,,,0,,,film_lineage
Mon fils à moi,2006,,,0,,,film_lineage
The Last Stage,1948,,,0,,,film_lineage
The Battle of Stalingrad 1,1949,,,0,,,film_lineage
The Fall of Berlin,1950,,,0,,,film_lineage
Dream of a Cossack,1951,,,0,,,film_lineage
The Unforgettable Year 1919,1952,,,0,,,film_lineage
If All the Guys in the World,1956,,,0,,,film_lineage
Jagte Raho,1957,,,0,,,film_lineage
And Quiet Flows the Don,1958,,,0,,,film_lineage
Nine Days of One Year,1962,,,0,,,film_lineage
Accused,1964,,,0,,,film_lineage
Capricious Summer,1968,,,0,,,film_lineage
Taming of the Fire,1972,,,0,,,film_lineage
A Lover's Romance,1974,,,0,,,film_lineage
Shadows of a Hot Summer,1978,,,0,,,film_lineage
The Fiancee,1980,,,0,,,film_lineage
Red Bells,1982,,,0,,,film_lineage
Hibiscus Town,1988,,,0,,,film_lineage
My Soul Brother,1994,,,0,,,film_lineage
The Ride,1995,,,0,,,film_lineage
Prisoner of the Mountains,1996,,,0,,,film_lineage
My Life in Pink,1997,,,0,,,film_lineage
Streetheart,1998,,,0,,,film_lineage
Yana's Friends,1999,,,0,,,film_lineage
Me You Them,2000,,,0,,,film_lineage
Year of the Devil,2002,,,0,,,film_lineage
Facing Windows,2003,,,0,,,film_lineage
A Children's Story,2004,,,0,,,film_lineage
My Nikifor,2005,,,0,,,film_lineage
Sherrybaby,2006,,,0,,,film_lineage
Jar City,2007,,,0,,,film_lineage
Terribly Happy,2008,,,0,,,film_lineage
Angel at Sea,2009,,,0,,,film_lineage
The Mosquito Net,2010,,,0,,,film_lineage
Restoration,2011,,,0,,,film_lineage
The Almost Man,2012,,,0,,,film_lineage
The Notebook,2013,,,0,,,film_lineage
Corn Island,2014,,,0,,,film_lineage
Bob and the Trees,2015,,,0,,,film_lineage
It's Not the Time of My Life,2016,,,0,,,film_lineage
Little Crusader,2017,,,0,,,film_lineage
I Do Not Care If We Go Down in History as Barbarians,2018,,,0,,,film_lineage
The Father,2019,,,0,,,film_lineage
As Far as I Can Walk,2021,,,0,,,film_lineage
Summer with Hope,2022,,,0,,,film_lineage
Blaga's Lessons,2023,,,0,,,film_lineage
A Sudden Glimpse to Deeper Things,2024,,,0,,,film_lineage
Better Go Mad in the Wild,2025,,,0,,,film_lineage
Salt of the Earth,1954,,,0,,,film_lineage
True Friends,1954,,,0,,,film_lineage
Seryozha,1960,,,0,,,film_lineage
Cantata de Chile,1976,,,0,,,film_lineage
Lev Tolstoy,1984,,,0,,,film_lineage
A Street to Die,1986,,,0,,,film_lineage
Krapatchouk,1992,,,0,,,film_lineage
Stepbrothers,1958,,,0,,,film_lineage
White Bim Black Ear,1978,,,0,,,film_lineage
Team America: World Police,2004,,,0,,,film_lineage
Lincoln,2012,,,0,,,film_lineage
Nebraska,2013,,,0,,,film_lineage
The Child,2005,,,0,,,film_lineage
45 Years,2015,,,0,,,film_lineage
Unrelated,2007,,,0,,,film_lineage
The House of Mirth,2000,,,0,,,film_lineage
24 Hour Party People,2002,,,0,,,film_lineage
Russian Ark,2002,,,0,,,film_lineage
Behind the Candelabra,2013,,,0,,,film_lineage
Wuthering Heights,2011,,,0,,,film_lineage
Gangs of Wasseypur II,2012,,,0,,,film_lineage
Ted,2012,,,0,,,film_lineage
Waiting for Happiness,2002,,,0,,,film_lineage
The Incredibles,2004,,,0,,,film_lineage
Mr. Turner,2014,,,0,,,film_lineage
Paddington 2,2017,,,0,,,film_lineage
Love & Friendship,2016,,,0,,,film_lineage
Philomena,2013,,,0,,,film_lineage
Persepolis,2007,,,0,,,film_lineage
The Selfish Giant,2013,,,0,,,film_lineage
Eden,2014,,,0,,,film_lineage
To Be and to Have,2002,,,0,,,film_lineage
"You, the Living",2007,,,0,,,film_lineage
Private Life,2018,,,0,,,film_lineage
Greed,1924,,,0,,,film_lineage
Rio Bravo,1959,,,0,,,film_lineage
To Be or Not to Be,1942,,,0,,,film_lineage
Tales of Ugetsu,1953,,,0,,,film_lineage
Nosferatu the Vampire,1922,,,0,,,film_lineage
The Music Room,1958,,,0,,,film_lineage
Freaks,1932,,,0,,,film_lineage
Johnny Guitar,1954,,,0,,,film_lineage
The Great Dictator,1940,,,0,,,film_lineage
"Hiroshima, My Love",1959,,,0,,,film_lineage
The Box of Pandora,1929,,,0,,,film_lineage
Golden Helmet,1952,,,0,,,film_lineage
The Barefoot Contessa,1954,,,0,,,film_lineage
Moonfleet,1955,,,0,,,film_lineage
Diamond Earrings,1953,,,0,,,film_lineage
Pleasure,1952,,,0,,,film_lineage
Ivan the Terrible,1944,,,0,,,film_lineage
Touch of Evil,1958,,,0,,,film_lineage
The Wind,1928,,,0,,,film_lineage
Confessions of a Cheat,1936,,,0,,,film_lineage
Amarcord,1973,,,0,,,film_lineage
Beauty and the Beast,1946,,,0,,,film_lineage
Some Came Running,1958,,,0,,,film_lineage
Gertrud,1964,,,0,,,film_lineage
Laura,1944,,,0,,,film_lineage
The Seven Samurai,1954,,,0,,,film_lineage
Trouble in Paradise,1932,,,0,,,film_lineage
La Grande Illusion,1937,,,0,,,film_lineage
A Day in the Country,1936,,,0,,,film_lineage
"Rome, Open City",1945,,,0,,,film_lineage
Livia,1954,,,0,,,film_lineage
Van Gogh,1991,,,0,,,film_lineage
An Affair to Remember,1957,,,0,,,film_lineage
The Scarlet Empress,1934,,,0,,,film_lineage
The Party,1968,,,0,,,film_lineage
Tabu,1931,,,0,,,film_lineage
The Bandwagon,1953,,,0,,,film_lineage
A Star Is Born,1954,,,0,,,film_lineage
Mr. Hulot's Holiday,1953,,,0,,,film_lineage
"America, America",1963,,,0,,,film_lineage
El,1953,,,0,,,film_lineage
Kiss Me Deadly,1955,,,0,,,film_lineage
Once Upon a Time in America,1984,,,0,,,film_lineage
Daybreak,1939,,,0,,,film_lineage
Letter from an Unknown Woman,1948,,,0,,,film_lineage
Lola,1961,,,0,,,film_lineage
My Night at Maud's,1969,,,0,,,film_lineage
Night and Fog,1956,,,0,,,film_lineage
Scarface,1932,,,0,,,film_lineage
Napoléon,1927,,,0,,,film_lineage
The Old Gun,1975,,,0,,,film_lineage
Mr. Klein,1976,,,0,,,film_lineage
Providence,1977,,,0,,,film_lineage
Other People's Money,1978,,,0,,,film_lineage
Tess,1979,,,0,,,film_lineage
The Last Metro,1980,,,0,,,film_lineage
Quest for Fire,1981,,,0,,,film_lineage
The Nark,1982,,,0,,,film_lineage
The Ball,1983,,,0,,,film_lineage
My New Partner,1984,,,0,,,film_lineage
Three Men and a Cradle,1985,,,0,,,film_lineage
Thérèse,1986,,,0,,,film_lineage
"Goodbye, Children",1987,,,0,,,film_lineage
Camille Claudel,1988,,,0,,,film_lineage
All the Mornings of the World,1991,,,0,,,film_lineage
Savage Nights,1992,,,0,,,film_lineage
Smoking/No Smoking,1993,,,0,,,film_lineage
Wild Reeds,1994,,,0,,,film_lineage
Hate,1995,,,0,,,film_lineage
Ridicule,1996,,,0,,,film_lineage
Same Old Song,1997,,,0,,,film_lineage
The Dreamlife of Angels,1998,,,0,,,film_lineage
Venus Beauty Institute,1999,,,0,,,film_lineage
The Taste of Others,2000,,,0,,,film_lineage
Games of Love and Chance,2004,,,0,,,film_lineage
The Beat That My Heart Skipped,2005,,,0,,,film_lineage
Lady Chatterley,2006,,,0,,,film_lineage
The Secret of the Grain,2007,,,0,,,film_lineage
Séraphine,2008,,,0,,,film_lineage
"Me, Myself and Mum",2013,,,0,,,film_lineage
Fatima,2015,,,0,,,film_lineage
Elle,2016,,,0,,,film_lineage
BPM (Beats per Minute),2017,,,0,,,film_lineage
Custody,2018,,,0,,,film_lineage
Les Misérables,2019,,,0,,,film_lineage
Bye Bye Morons,2020,,,0,,,film_lineage
Lost Illusions,2021,,,0,,,film_lineage
The Night of the 12th,2022,,,0,,,film_lineage
The Ties That Bind Us,2025,,,0,,,film_lineage
Voyage to Nowhere,1985,,,0,,,film_lineage
The Enchanted Forest,1986,,,0,,,film_lineage
Women on the Verge of a Nervous Breakdown,1987,,,0,,,film_lineage
Twisted Obsession,1988,,,0,,,film_lineage
¡Ay Carmela!,1989,,,0,,,film_lineage
Lovers,1990,,,0,,,film_lineage
Belle Époque,1991,,,0,,,film_lineage
Everyone to Jail,1992,,,0,,,film_lineage
Running Out of Time,1993,,,0,,,film_lineage
Nobody Will Speak of Us When We're Dead,1994,,,0,,,film_lineage
Thesis,1995,,,0,,,film_lineage
The Lucky Star,1996,,,0,,,film_lineage
The Girl of Your Dreams,1997,,,0,,,film_lineage
All About My Mother,1998,,,0,,,film_lineage
Pellet,1999,,,0,,,film_lineage
The Others,2000,,,0,,,film_lineage
Mondays in the Sun,2001,,,0,,,film_lineage
Take My Eyes,2002,,,0,,,film_lineage
The Sea Inside,2003,,,0,,,film_lineage
The Secret Life of Words,2004,,,0,,,film_lineage
Volver,2005,,,0,,,film_lineage
Solitary Fragments,2006,,,0,,,film_lineage
Camino,2007,,,0,,,film_lineage
Cell 211,2008,,,0,,,film_lineage
Black Bread,2009,,,0,,,film_lineage
No Rest for the Wicked,2010,,,0,,,film_lineage
Blancanieves,2011,,,0,,,film_lineage
Living Is Easy with Eyes Closed,2012,,,0,,,film_lineage
Marshland,2013,,,0,,,film_lineage
Truman,2014,,,0,,,film_lineage
The Fury of a Patient Man,2015,,,0,,,film_lineage
The Bookshop,2016,,,0,,,film_lineage
Champions,2017,,,0,,,film_lineage
Pain and Glory,2018,,,0,,,film_lineage
Schoolgirls,2019,,,0,,,film_lineage
The Good Boss,2020,,,0,,,film_lineage
The Beasts,2021,,,0,,,film_lineage
Society of the Snow,2022,,,0,,,film_lineage
The 47,2023,,,0,,,film_lineage
Sundays,2024,,,0,,,film_lineage
Investigation of a Citizen Above Suspicion,1969,,,0,,,film_lineage
Metello,1969,,,0,,,film_lineage
This Kind of Love,1971,,,0,,,film_lineage
"Alfredo, Alfredo",1972,,,0,,,film_lineage
Conversation Piece,1974,,,0,,,film_lineage
Illustrious Corpses,1975,,,0,,,film_lineage
An Average Little Man,1976,,,0,,,film_lineage
In the Name of the Pope King,1977,,,0,,,film_lineage
Christ Stopped at Eboli,1978,,,0,,,film_lineage
I'm Starting from Three,1980,,,0,,,film_lineage
Talcum Powder,1981,,,0,,,film_lineage
And the Ship Sails On,1983,,,0,,,film_lineage
Carmen,1984,,,0,,,film_lineage
Let's Hope It's a Girl,1985,,,0,,,film_lineage
The Family,1986,,,0,,,film_lineage
Open Doors,1989,,,0,,,film_lineage
Mediterraneo,1990,,,0,,,film_lineage
The Stolen Children,1991,,,0,,,film_lineage
The Great Pumpkin,1992,,,0,,,film_lineage
Caro diario,1993,,,0,,,film_lineage
La scuola,1994,,,0,,,film_lineage
August Vacation,1995,,,0,,,film_lineage
The Truce,1996,,,0,,,film_lineage
Not of this World,1998,,,0,,,film_lineage
Bread and Tulips,1999,,,0,,,film_lineage
The Son's Room,2000,,,0,,,film_lineage
The Profession of Arms,2001,,,0,,,film_lineage
Facing Windows,2002,,,0,,,film_lineage
The Best of Youth,2003,,,0,,,film_lineage
The Consequences of Love,2004,,,0,,,film_lineage
The Caiman,2005,,,0,,,film_lineage
The Unknown Woman,2006,,,0,,,film_lineage
The Girl by the Lake,2007,,,0,,,film_lineage
The Man Who Will Come,2009,,,0,,,film_lineage
We Believed,2010,,,0,,,film_lineage
Caesar Must Die,2011,,,0,,,film_lineage
The Best Offer,2012,,,0,,,film_lineage
Human Capital,2013,,,0,,,film_lineage
Black Souls,2014,,,0,,,film_lineage
Perfect Strangers,2015,,,0,,,film_lineage
Like Crazy,2016,,,0,,,film_lineage
Love and Bullets,2017,,,0,,,film_lineage
The Traitor,2019,,,0,,,film_lineage
Hidden Away,2020,,,0,,,film_lineage
The Eight Mountains,2022,,,0,,,film_lineage
Kinship,1963,,,0,,,film_lineage
Extra Human Being,1964,,,0,,,film_lineage
Sad Story of Self Supporting Child,1965,,,0,,,film_lineage
Market,1966,,,0,,,film_lineage
Flame in the Valley,1967,,,0,,,film_lineage
Descendents of Cain,1969,,,0,,,film_lineage
The Old Jar Craftsman,1970,,,0,,,film_lineage
When a Woman Breaks Her Jewel Box,1971,,,0,,,film_lineage
Oyster Village,1972,,,0,,,film_lineage
The Three-Day Reign,1973,,,0,,,film_lineage
Black Republic,1990,,,0,,,film_lineage
Death Song,1991,,,0,,,film_lineage
Our Twisted Hero,1992,,,0,,,film_lineage
Sopyonje,1993,,,0,,,film_lineage
The Taebaek Mountains,1994,,,0,,,film_lineage
A Single Spark,1995,,,0,,,film_lineage
Festival,1996,,,0,,,film_lineage
Green Fish,1997,,,0,,,film_lineage
Christmas in August,1998,,,0,,,film_lineage
Nowhere to Hide,1999,,,0,,,film_lineage
Joint Security Area,2000,,,0,,,film_lineage
One Fine Spring Day,2001,,,0,,,film_lineage
Chi-hwa-seon,2002,,,0,,,film_lineage
Silmido,2004,,,0,,,film_lineage
Sympathy for Lady Vengeance,2005,,,0,,,film_lineage
The Host,2006,,,0,,,film_lineage
The Show Must Go On,2007,,,0,,,film_lineage
Forever the Moment,2008,,,0,,,film_lineage
Secret Reunion,2010,,,0,,,film_lineage
The Unjust,2011,,,0,,,film_lineage
Hope,2013,,,0,,,film_lineage
The Attorney,2014,,,0,,,film_lineage
Assassination,2015,,,0,,,film_lineage
Inside Men,2016,,,0,,,film_lineage
A Taxi Driver,2017,,,0,,,film_lineage
1987: When the Day Comes,2018,,,0,,,film_lineage
The Man Standing Next,2020,,,0,,,film_lineage
Escape from Mogadishu,2021,,,0,,,film_lineage
Smugglers,2023,,,0,,,film_lineage
12.12: The Day,2024,,,0,,,film_lineage
No Other Choice,2025,,,0,,,film_lineage
A Trip to the Moon,1902,,,0,,,film_lineage
The Great Train Robbery,1903,,,0,,,film_lineage
The Birth of a Nation,1915,,,0,,,film_lineage
Les Vampires,1915,,,0,,,film_lineage
Broken Blossoms,1919,,,0,,,film_lineage
Within Our Gates,1920,,,0,,,film_lineage
The Cabinet of Dr. Caligari,1920,,,0,,,film_lineage
Way Down East,1920,,,0,,,film_lineage
The Phantom Carriage,1921,,,0,,,film_lineage
Orphans of the Storm,1921,,,0,,,film_lineage
Foolish Wives,1922,,,0,,,film_lineage
Nosferatu,1922,,,0,,,film_lineage
"Dr. Mabuse, the Gambler",1922,,,0,,,film_lineage
Nanook of the North,1922,,,0,,,film_lineage
Häxan,1922,,,0,,,film_lineage
La Roue,1923,,,0,,,film_lineage
The Smiling Madame Beudet,1923,,,0,,,film_lineage
Our Hospitality,1923,,,0,,,film_lineage
The Saga of Gosta Berling,1924,,,0,,,film_lineage
The Thief of Bagdad,1924,,,0,,,film_lineage
The Great White Silence,1924,,,0,,,film_lineage
The Last Laugh,1924,,,0,,,film_lineage
Seven Chances,1925,,,0,,,film_lineage
Strike,1925,,,0,,,film_lineage
The Phantom of the Opera,1925,,,0,,,film_lineage
The Big Parade,1925,,,0,,,film_lineage
The Eagle,1925,,,0,,,film_lineage
The Kid Brother,1927,,,0,,,film_lineage
Napoleon,1927,,,0,,,film_lineage
The Unknown,1927,,,0,,,film_lineage
The Jazz Singer,1927,,,0,,,film_lineage
October: Ten Days That Shook the World (1928),1928,,,0,,,film_lineage
"Steamboat Bill, Jr.",1928,,,0,,,film_lineage
The Docks of New York,1928,,,0,,,film_lineage
Storm Over Asia,1928,,,0,,,film_lineage
Pandora's Box,1929,,,0,,,film_lineage
Un Chien Andalou,1929,,,0,,,film_lineage
Blackmail,1929,,,0,,,film_lineage
A Throw of Dice,1929,,,0,,,film_lineage
The Blue Angel,1930,,,0,,,film_lineage
Earth,1930,,,0,,,film_lineage
L'âge D'Or,1930,,,0,,,film_lineage
Little Ceasar,1931,,,0,,,film_lineage
Dracula,1931,,,0,,,film_lineage
The Public Enemy,1931,,,0,,,film_lineage
Le Million,1931,,,0,,,film_lineage
Limite,1931,,,0,,,film_lineage
Daphnis and Chloe,1931,,,0,,,film_lineage
La Chienne,1931,,,0,,,film_lineage
Frankenstein,1931,,,0,,,film_lineage
"Hyppolit, the Butler",1931,,,0,,,film_lineage
À Nous La Liberté,1931,,,0,,,film_lineage
Shanghai Express,1932,,,0,,,film_lineage
Vampyr,1932,,,0,,,film_lineage
Love Me Tonight,1932,,,0,,,film_lineage
Boudu Saved From Drowning,1932,,,0,,,film_lineage
Me and My Gal,1932,,,0,,,film_lineage
The Bitter Tea of General Yen,1933,,,0,,,film_lineage
She Done Him Wrong,1933,,,0,,,film_lineage
42nd Street,1933,,,0,,,film_lineage
Zero for Conduct,1933,,,0,,,film_lineage
Gold Diggers of 1933,1933,,,0,,,film_lineage
Footlight Parade,1933,,,0,,,film_lineage
Land Without Bread,1933,,,0,,,film_lineage
Queen Christina,1933,,,0,,,film_lineage
Sons of the Desert,1933,,,0,,,film_lineage
The Black Cat,1934,,,0,,,film_lineage
The Thin Man,1934,,,0,,,film_lineage
Judge Priest,1934,,,0,,,film_lineage
Top Hat,1935,,,0,,,film_lineage
Peter Ibbetson,1935,,,0,,,film_lineage
Captain Blood,1935,,,0,,,film_lineage
Things to Come,1936,,,0,,,film_lineage
My Man Godfrey,1936,,,0,,,film_lineage
The Story of a Cheat,1936,,,0,,,film_lineage
Sabotage,1936,,,0,,,film_lineage
Juha,1937,,,0,,,film_lineage
Pépé Le Moko,1937,,,0,,,film_lineage
Song at Midnight,1937,,,0,,,film_lineage
Pensionat Paradiset,1937,,,0,,,film_lineage
Make Way for Tomorrow,1937,,,0,,,film_lineage
Captains Courageous,1937,,,0,,,film_lineage
Stella Dallas,1937,,,0,,,film_lineage
Drole De Drame,1937,,,0,,,film_lineage
Jezebel,1938,,,0,,,film_lineage
Olympia,1938,,,0,,,film_lineage
The Adventures of Robin Hood,1938,,,0,,,film_lineage
Stolen Death,1938,,,0,,,film_lineage
The Baker's Wife,1938,,,0,,,film_lineage
Pygmalion,1938,,,0,,,film_lineage
Women of Niskavuori,1938,,,0,,,film_lineage
Angels With Dirty Faces,1938,,,0,,,film_lineage
Gunga Din,1939,,,0,,,film_lineage
Stagecoach,1939,,,0,,,film_lineage
Only Angels Have Wings,1939,,,0,,,film_lineage
Le Jour Se Lève,1939,,,0,,,film_lineage
Babes in Arms,1939,,,0,,,film_lineage
Destry Rides Again,1939,,,0,,,film_lineage
The Mortal Storm,1940,,,0,,,film_lineage
"Dance, Girl, Dance",1940,,,0,,,film_lineage
Fantasia,1940,,,0,,,film_lineage
The Bank Dick,1940,,,0,,,film_lineage
High Sierra,1941,,,0,,,film_lineage
Sergeant York,1941,,,0,,,film_lineage
The Yellow Handkerchief,1977,,,0,,,film_lineage
The Incident,1978,,,0,,,film_lineage
Station,1981,,,0,,,film_lineage
Gray Sunset,1985,,,0,,,film_lineage
House on Fire,1986,,,0,,,film_lineage
A Taxing Woman,1987,,,0,,,film_lineage
The Silk Road,1988,,,0,,,film_lineage
Black Rain,1989,,,0,,,film_lineage
Childhood Days,1990,,,0,,,film_lineage
My Sons,1991,,,0,,,film_lineage
"Sumo Do, Sumo Don't",1992,,,0,,,film_lineage
A Class to Remember,1993,,,0,,,film_lineage
Crest of Betrayal,1994,,,0,,,film_lineage
A Last Note,1995,,,0,,,film_lineage
Shall We Dance?,1996,,,0,,,film_lineage
Princess Mononoke,1997,,,0,,,film_lineage
Begging for Love,1998,,,0,,,film_lineage
Poppoya,1999,,,0,,,film_lineage
After the Rain,2000,,,0,,,film_lineage
When the Last Sword Is Drawn,2003,,,0,,,film_lineage
Half a Confession,2004,,,0,,,film_lineage
Always Sanchome no Yuhi,2005,,,0,,,film_lineage
Hula Girls,2006,,,0,,,film_lineage
Tokyo Tower: Mom and Me and Sometimes Dad,2007,,,0,,,film_lineage
The Unbroken,2009,,,0,,,film_lineage
Confessions,2010,,,0,,,film_lineage
Rebirth,2011,,,0,,,film_lineage
The Kirishima Thing,2012,,,0,,,film_lineage
The Great Passage,2013,,,0,,,film_lineage
The Eternal Zero,2014,,,0,,,film_lineage
Our Little Sister,2015,,,0,,,film_lineage
Shin Godzilla,2016,,,0,,,film_lineage
The Third Murder,2017,,,0,,,film_lineage
The Journalist,2019,,,0,,,film_lineage
Midnight Swan,2020,,,0,,,film_lineage
A Man,2022,,,0,,,film_lineage
Godzilla Minus One,2023,,,0,,,film_lineage
A Samurai in Time,2024,,,0,,,film_lineage
"Sun, Moon and Star",1961,,,0,,,film_lineage
"Hsi-shih, Beauty of Beauties",1965,,,0,,,film_lineage
Orchids and My Love,1965,,,0,,,film_lineage
The Road,1967,,,0,,,film_lineage
Spring in a Small Town,1969,,,0,,,film_lineage
Home Sweet Home,1970,,,0,,,film_lineage
The Story of Ti-Ying,1971,,,0,,,film_lineage
The Escape,1972,,,0,,,film_lineage
Land of the Undaunted,1975,,,0,,,film_lineage
Victory,1976,,,0,,,film_lineage
Heroes of the Eastern Skies,1977,,,0,,,film_lineage
He Never Gives Up,1978,,,0,,,film_lineage
The Story of a Small Town,1979,,,0,,,film_lineage
"Good Morning, Taipei",1979,,,0,,,film_lineage
If I Were for Real,1981,,,0,,,film_lineage
The Battle for the Republic of China,1981,,,0,,,film_lineage
Growing Up,1983,,,0,,,film_lineage
Old Mao's Second Spring,1984,,,0,,,film_lineage
"Kuei-Mei, a Woman",1985,,,0,,,film_lineage
Terrorizers,1986,,,0,,,film_lineage
Straw Man,1987,,,0,,,film_lineage
Painted Faces,1988,,,0,,,film_lineage
Full Moon in New York,1989,,,0,,,film_lineage
Red Dust,1990,,,0,,,film_lineage
Xiu Xiu: The Sent Down Girl,1998,,,0,,,film_lineage
Ordinary Heroes,1999,,,0,,,film_lineage
Durian Durian,2000,,,0,,,film_lineage
The Best of Times,2002,,,0,,,film_lineage
Kekexili: Mountain Patrol,2004,,,0,,,film_lineage
After This Our Exile,2006,,,0,,,film_lineage
The Warlords,2007,,,0,,,film_lineage
No Puedo Vivir Sin Ti,2009,,,0,,,film_lineage
When Love Comes,2010,,,0,,,film_lineage
Seediq Bale,2011,,,0,,,film_lineage
Beijing Blues,2012,,,0,,,film_lineage
Blind Massage,2014,,,0,,,film_lineage
The Summer Is Gone,2016,,,0,,,film_lineage
"The Bold, the Corrupt, and the Beautiful",2017,,,0,,,film_lineage
An Elephant Sitting Still,2018,,,0,,,film_lineage
My Missing Valentine,2020,,,0,,,film_lineage
The Falls,2021,,,0,,,film_lineage
Coo-Coo 043,2022,,,0,,,film_lineage
Stonewalling,2022,,,0,,,film_lineage
An Unfinished Film,2024,,,0,,,film_lineage
A Foggy Tale,2025,,,0,,,film_lineage
The Shack,1944,,,0,,,film_lineage
Enamorada,1945,,,0,,,film_lineage
The Pearl,1946,,,0,,,film_lineage
Río Escondido,1947,,,0,,,film_lineage
A Family Like Many Others,1948,,,0,,,film_lineage
In the Palm of Your Hand,1949,,,0,,,film_lineage
El niño y la niebla,1951,,,0,,,film_lineage
Los Fernández de Peralvillo,1953,,,0,,,film_lineage
Robinson Crusoe,1954,,,0,,,film_lineage
El camino de la vida,1955,,,0,,,film_lineage
Tizoc,1956,,,0,,,film_lineage
El castillo de la pureza,1971,,,0,,,film_lineage
El principio,1972,,,0,,,film_lineage
La Choca,1973,,,0,,,film_lineage
Actas de Marusia,1974,,,0,,,film_lineage
La pasión según Berenice,1975,,,0,,,film_lineage
El lugar sin límites,1976,,,0,,,film_lineage
Cadena perpetua,1977,,,0,,,film_lineage
El año de la peste,1978,,,0,,,film_lineage
Las grandes aguas,1979,,,0,,,film_lineage
Ora sí ¡tenemos que ganar!,1980,,,0,,,film_lineage
La pachanga,1981,,,0,,,film_lineage
Bajo la metralla,1982,,,0,,,film_lineage
"Frida, naturaleza viva",1983,,,0,,,film_lineage
Veneno para las hadas,1984,,,0,,,film_lineage
El imperio de la fortuna,1985,,,0,,,film_lineage
"Mariana, Mariana",1986,,,0,,,film_lineage
Esperanza,1987,,,0,,,film_lineage
"Goitia, un dios para sí mismo",1988,,,0,,,film_lineage
Rojo amanecer,1989,,,0,,,film_lineage
Como agua para chocolate,1990,,,0,,,film_lineage
Cronos,1991,,,0,,,film_lineage
Principio y fin,1992,,,0,,,film_lineage
El callejón de los milagros,1993,,,0,,,film_lineage
Sin Remitente,1994,,,0,,,film_lineage
Sender Unknown,1995,,,0,,,film_lineage
Cilantro and Parsley,1996,,,0,,,film_lineage
Por si no te vuelvo a ver,1997,,,0,,,film_lineage
Bajo California: El límite del tiempo,1998,,,0,,,film_lineage
Herod's Law,1999,,,0,,,film_lineage
Bedtime Fairy Tales for Crocodiles,2001,,,0,,,film_lineage
The Crime of Padre Amaro,2002,,,0,,,film_lineage
El misterio del Trinidad,2003,,,0,,,film_lineage
Duck Season,2004,,,0,,,film_lineage
Mezcal,2005,,,0,,,film_lineage
Silent Light,2007,,,0,,,film_lineage
Lake Tahoe,2008,,,0,,,film_lineage
Nora's Will,2009,,,0,,,film_lineage
Hell,2010,,,0,,,film_lineage
Pastorela,2011,,,0,,,film_lineage
The Prize,2012,,,0,,,film_lineage
The Golden Dream,2013,,,0,,,film_lineage
Güeros,2014,,,0,,,film_lineage
The Chosen Ones,2015,,,0,,,film_lineage
The 4th Company,2016,,,0,,,film_lineage
I Dream in Another Language,2017,,,0,,,film_lineage
I'm No Longer Here,2019,,,0,,,film_lineage
Identifying Features,2020,,,0,,,film_lineage
Prayers for the Stolen,2021,,,0,,,film_lineage
Northern Skies Over Empty Space,2022,,,0,,,film_lineage
Tótem,2023,,,0,,,film_lineage
Sujo,2024,,,0,,,film_lineage
Father and Son,1981,,,0,,,film_lineage
Ah Ying,1983,,,0,,,film_lineage
Homecoming,1984,,,0,,,film_lineage
Beyond the Sunset,1989,,,0,,,film_lineage
To Be Number One,1991,,,0,,,film_lineage
Cageman,1992,,,0,,,film_lineage
"C'est la vie, mon chéri",1993,,,0,,,film_lineage
Beast Cops,1998,,,0,,,film_lineage
Running on Karma,2003,,,0,,,film_lineage
Election,2005,,,0,,,film_lineage
Ip Man,2008,,,0,,,film_lineage
Bodyguards and Assassins,2009,,,0,,,film_lineage
Gallants,2010,,,0,,,film_lineage
A Simple Life,2011,,,0,,,film_lineage
Cold War,2012,,,0,,,film_lineage
The Grandmaster,2013,,,0,,,film_lineage
The Golden Era,2014,,,0,,,film_lineage
Ten Years,2015,,,0,,,film_lineage
Trivisa,2016,,,0,,,film_lineage
Our Time Will Come,2017,,,0,,,film_lineage
Project Gutenberg,2018,,,0,,,film_lineage
Better Days,2019,,,0,,,film_lineage
Raging Fire,2021,,,0,,,film_lineage
To My Nineteen Year Old Self,2022,,,0,,,film_lineage
A Guilty Conscience,2023,,,0,,,film_lineage
Twilight of the Warriors: Walled In,2024,,,0,,,film_lineage
Ciao UFO,2025,,,0,,,film_lineage
Four Steps in the Clouds,1942,,,0,,,film_lineage
Ossessione,1943,,,0,,,film_lineage
Shoeshine,1946,,,0,,,film_lineage
Paisan,1946,,,0,,,film_lineage
Angelina,1947,,,0,,,film_lineage
La Terra Trema,1948,,,0,,,film_lineage
City of Pain,1949,,,0,,,film_lineage
Bitter Rice,1949,,,0,,,film_lineage
Heaven over the Marshes,1949,,,0,,,film_lineage
Chains,1949,,,0,,,film_lineage
Sunday in August,1950,,,0,,,film_lineage
Stromboli,1950,,,0,,,film_lineage
Father's Dilemma,1950,,,0,,,film_lineage
Story of a Love Affair,1950,,,0,,,film_lineage
Path of Hope,1950,,,0,,,film_lineage
Variety Lights,1950,,,0,,,film_lineage
Cops and Robbers,1951,,,0,,,film_lineage
The Passaguai Family,1951,,,0,,,film_lineage
Bellissima,1951,,,0,,,film_lineage
Little World of Don Camillo,1952,,,0,,,film_lineage
Toto in Color,1952,,,0,,,film_lineage
The White Sheik,1952,,,0,,,film_lineage
Europe '51,1952,,,0,,,film_lineage
The Wayward Wife,1953,,,0,,,film_lineage
Eager to Live,1953,,,0,,,film_lineage
Neapolitans in Milan,1953,,,0,,,film_lineage
Empty Eyes,1953,,,0,,,film_lineage
I vitelloni,1953,,,0,,,film_lineage
"Bread, Love and Dreams",1953,,,0,,,film_lineage
Neapolitan Carousel,1954,,,0,,,film_lineage
The Beach,1954,,,0,,,film_lineage
The Gold of Naples,1954,,,0,,,film_lineage
An American in Rome,1954,,,0,,,film_lineage
Senso,1954,,,0,,,film_lineage
The Art of Getting Along,1954,,,0,,,film_lineage
A Free Woman,1954,,,0,,,film_lineage
A Hero of Our Times,1955,,,0,,,film_lineage
Abandoned,1955,,,0,,,film_lineage
"Poor, But Handsome",1957,,,0,,,film_lineage
Big Deal on Madonna Street,1958,,,0,,,film_lineage
You're on Your Own,1959,,,0,,,film_lineage
I magliari,1959,,,0,,,film_lineage
Long Night in 1943,1960,,,0,,,film_lineage
Rocco and His Brothers,1960,,,0,,,film_lineage
Everybody Go Home,1960,,,0,,,film_lineage
Girl with a Suitcase,1961,,,0,,,film_lineage
Il posto,1961,,,0,,,film_lineage
Accattone,1961,,,0,,,film_lineage
Divorce Italian Style,1961,,,0,,,film_lineage
Leoni al sole,1961,,,0,,,film_lineage
A Difficult Life,1961,,,0,,,film_lineage
Salvatore Giuliano,1962,,,0,,,film_lineage
Mafioso,1962,,,0,,,film_lineage
Il sorpasso,1962,,,0,,,film_lineage
I mostri,1963,,,0,,,film_lineage
Chi lavora è perduto,1963,,,0,,,film_lineage
The Ape Woman,1964,,,0,,,film_lineage
Love Meetings,1964,,,0,,,film_lineage
La vita agra,1964,,,0,,,film_lineage
Fists in the Pocket,1965,,,0,,,film_lineage
I Knew Her Well,1965,,,0,,,film_lineage
The Hawks and the Sparrows,1966,,,0,,,film_lineage
Bandits in Milan,1968,,,0,,,film_lineage
Be Sick... It's Free,1968,,,0,,,film_lineage
Dillinger Is Dead,1969,,,0,,,film_lineage
Nel nome del padre,1972,,,0,,,film_lineage
The Audience,1972,,,0,,,film_lineage
The Scientific Cardplayer,1972,,,0,,,film_lineage
Diario di un maestro,1973,,,0,,,film_lineage
Bread and Chocolate,1973,,,0,,,film_lineage
We All Loved Each Other So Much,1974,,,0,,,film_lineage
Fantozzi,1975,,,0,,,film_lineage
Illustrious Corpses,1976,,,0,,,film_lineage
1900,1976,,,0,,,film_lineage
An Average Little Man,1977,,,0,,,film_lineage
A Special Day,1977,,,0,,,film_lineage
The Housemaid,1960,,,0,,,film_lineage
An Aimless Bullet,1961,,,0,,,film_lineage
The March of Fools,1975,,,0,,,film_lineage
Madame Freedom,1956,,,0,,,film_lineage
The Coachman,1961,,,0,,,film_lineage
Heavenly Homecoming to Stars,1974,,,0,,,film_lineage
A Fine Windy Day,1980,,,0,,,film_lineage
Mother and a Guest,1961,,,0,,,film_lineage
Youngja's Heydays,1975,,,0,,,film_lineage
Declaration of Fools,1983,,,0,,,film_lineage
Crossroads of Youth,1934,,,0,,,film_lineage
A Hometown in Heart,1949,,,0,,,film_lineage
The Flower in Hell,1958,,,0,,,film_lineage
Goryeojang,1963,,,0,,,film_lineage
The Marines Who Never Returned,1963,,,0,,,film_lineage
Green Rain,1966,,,0,,,film_lineage
Burning Mountain,1967,,,0,,,film_lineage
A Day Off,1968,,,0,,,film_lineage
The Road to Sampo,1975,,,0,,,film_lineage
Ieodo,1977,,,0,,,film_lineage
The Last Witness,1980,,,0,,,film_lineage
Jagko,1980,,,0,,,film_lineage
The Hut,1981,,,0,,,film_lineage
A Dwarf Launches a Little Ball,1981,,,0,,,film_lineage
People in the Slum,1982,,,0,,,film_lineage
Whale Hunting,1984,,,0,,,film_lineage
Chilsu and Mansu,1988,,,0,,,film_lineage
Gagman,1989,,,0,,,film_lineage
Lovers in Woomukbaemi,1990,,,0,,,film_lineage
North Korean Partisan in South Korea,1990,,,0,,,film_lineage
My Love My Bride,1990,,,0,,,film_lineage
White Badge,1992,,,0,,,film_lineage
Sorum,2001,,,0,,,film_lineage
Save the Green Planet,2003,,,0,,,film_lineage
Old Boy,2003,,,0,,,film_lineage
3-Iron,2004,,,0,,,film_lineage
Pieta,2012,,,0,,,film_lineage
Embrujo,1947,,,0,,,film_lineage
Deus e o Diabo na Terra do Sol,1964,,,0,,,film_lineage
Vidas Secas,1963,,,0,,,film_lineage
Cabra Marcado para Morrer,1984,,,0,,,film_lineage
"Rules of the Game, The",1939,,,0,,,film_lineage
"Godfather, The",1972,,,0,,,film_lineage
"Searchers, The",1956,,,0,,,film_lineage
"Passion of Joan of Arc, The",1928,,,0,,,film_lineage
Atalante L',1934,,,0,,,film_lineage
"400 Blows, The",1959,,,0,,,film_lineage
"Godfather Part II, The",1974,,,0,,,film_lineage
Dolce vita La,1960,,,0,,,film_lineage
"Night of the Hunter, The",1955,,,0,,,film_lineage
Avventura L',1960,,,0,,,film_lineage
"General, The",1926,,,0,,,film_lineage
Beau travail,1999,,,0,,,film_lineage
"Third Man, The",1949,,,0,,,film_lineage
"Apartment, The",1960,,,0,,,film_lineage
"Battle of Algiers, The",1966,,,0,,,film_lineage
Grande illusion La,1937,,,0,,,film_lineage
Dr. Strangelove or: How I Learned to Stop Worrying and Love the Bomb,1964,,,0,,,film_lineage
"Woman Under the Influence, A",1974,,,0,,,film_lineage
Enfants du paradis Les,1945,,,0,,,film_lineage
Strada La,1954,,,0,,,film_lineage
"Leopard, The",1963,,,0,,,film_lineage
"Wild Bunch, The",1969,,,0,,,film_lineage
"Shining, The",1980,,,0,,,film_lineage
Man Escaped A,1956,,,0,,,film_lineage
"Conformist, The",1970,,,0,,,film_lineage
"Seventh Seal, The",1957,,,0,,,film_lineage
"Man Who Shot Liberty Valance, The",1962,,,0,,,film_lineage
"Magnificent Ambersons, The",1942,,,0,,,film_lineage
"Gold Rush, The",1925,,,0,,,film_lineage
Jetée La,1962,,,0,,,film_lineage
Sans soleil,1983,,,0,,,film_lineage
Jules et Jim,1962,,,0,,,film_lineage
"Mother and the Whore, The",1973,,,0,,,film_lineage
"Clockwork Orange, A",1971,,,0,,,film_lineage
Ali: Fear Eats the Soul,1974,,,0,,,film_lineage
"Spirit of the Beehive, The",1973,,,0,,,film_lineage
"Wizard of Oz, The",1939,,,0,,,film_lineage
"Piano, The",1993,,,0,,,film_lineage
"Brighter Summer Day, A",1991,,,0,,,film_lineage
"Red Shoes, The",1948,,,0,,,film_lineage
Alien,1979,,,0,,,film_lineage
"Day in the Country, A",1936,,,0,,,film_lineage
Vivre sa vie,1962,,,0,,,film_lineage
Eclisse L',1962,,,0,,,film_lineage
"Matter of Life and Death, A",1946,,,0,,,film_lineage
Olvidados Los,1950,,,0,,,film_lineage
"Exterminating Angel, The",1962,,,0,,,film_lineage
My Darling Clementine,1946,,,0,,,film_lineage
"Gospel According to St. Matthew, The",1964,,,0,,,film_lineage
"Umbrellas of Cherbourg, The",1964,,,0,,,film_lineage
"Conversation, The",1974,,,0,,,film_lineage
Chien andalou Un,1928,,,0,,,film_lineage
"Good, the Bad and the Ugly, The",1966,,,0,,,film_lineage
"Deer Hunter, The",1978,,,0,,,film_lineage
Argent L',1983,,,0,,,film_lineage
Rosemary's Baby,1968,,,0,,,film_lineage
"Passenger, The",1975,,,0,,,film_lineage
Badlands,1973,,,0,,,film_lineage
Âge d'or L',1930,,,0,,,film_lineage
"Texas Chain Saw Massacre, The",1974,,,0,,,film_lineage
Dekalog,1989,,,0,,,film_lineage
"Discreet Charm of the Bourgeoisie, The",1972,,,0,,,film_lineage
Close Encounters of the Third Kind,1977,,,0,,,film_lineage
"Birds, The",1963,,,0,,,film_lineage
"Colour of Pomegranates, The",1969,,,0,,,film_lineage
"River, The",1951,,,0,,,film_lineage
"Tree of Life, The",2011,,,0,,,film_lineage
Chimes at Midnight,1965,,,0,,,film_lineage
"Gleaners & I, The",2000,,,0,,,film_lineage
Notte La,1961,,,0,,,film_lineage
Salò or the 120 Days of Sodom,1975,,,0,,,film_lineage
"Lady Eve, The",1941,,,0,,,film_lineage
"Last Laugh, The",1924,,,0,,,film_lineage
"City of Sadness, A",1989,,,0,,,film_lineage
"Thing, The",1982,,,0,,,film_lineage
"Great Dictator, The",1940,,,0,,,film_lineage
"Life and Death of Colonel Blimp, The",1943,,,0,,,film_lineage
"Quiet Man, The",1952,,,0,,,film_lineage
Wavelength,1967,,,0,,,film_lineage
Samouraï Le,1967,,,0,,,film_lineage
"Grapes of Wrath, The",1940,,,0,,,film_lineage
"Big Lebowski, The",1998,,,0,,,film_lineage
"Best Years of Our Lives, The",1946,,,0,,,film_lineage
"Life of Oharu, The",1952,,,0,,,film_lineage
Back to the Future,1985,,,0,,,film_lineage
"Matrix, The",1999,,,0,,,film_lineage
McCabe & Mrs. Miller,1971,,,0,,,film_lineage
"Travelling Players, The",1975,,,0,,,film_lineage
Black God White Devil,1964,,,0,,,film_lineage
"House is Black, The",1963,,,0,,,film_lineage
"Crowd, The",1928,,,0,,,film_lineage
Memories of Underdevelopment,1968,,,0,,,film_lineage
Eraserhead,1977,,,0,,,film_lineage
Ivan the Terrible Part II,1946,,,0,,,film_lineage
"Band Wagon, The",1953,,,0,,,film_lineage
"Graduate, The",1967,,,0,,,film_lineage
Ivan the Terrible Part I,1944,,,0,,,film_lineage
"Autumn Afternoon, An",1962,,,0,,,film_lineage
"Exorcist, The",1973,,,0,,,film_lineage
Heat,1995,,,0,,,film_lineage
"Thin Red Line, The",1998,,,0,,,film_lineage
"Green Ray, The",1986,,,0,,,film_lineage
Eyes Wide Shut,1999,,,0,,,film_lineage
Verdugo El,1963,,,0,,,film_lineage
Diary of a Country Priest,1951,,,0,,,film_lineage
"Treasure of the Sierra Madre, The",1948,,,0,,,film_lineage
F for Fake,1973,,,0,,,film_lineage
"Cabinet of Dr. Caligari, The",1920,,,0,,,film_lineage
Red River,1948,,,0,,,film_lineage
Night and Fog,1955,,,0,,,film_lineage
Ciénaga La,2001,,,0,,,film_lineage
Three Colours: Blue,1993,,,0,,,film_lineage
Day of Wrath,1943,,,0,,,film_lineage
Black Girl,1966,,,0,,,film_lineage
Groundhog Day,1993,,,0,,,film_lineage
"Shop Around the Corner, The",1940,,,0,,,film_lineage
Paths of Glory,1957,,,0,,,film_lineage
"Ascent, The",1977,,,0,,,film_lineage
"Story of the Last Chrysanthemums, The",1939,,,0,,,film_lineage
Goodbye Dragon Inn,2003,,,0,,,film_lineage
Army of Shadows,1969,,,0,,,film_lineage
2 or 3 Things I Know About Her,1967,,,0,,,film_lineage
All That Heaven Allows,1955,,,0,,,film_lineage
"Sacrifice, The",1986,,,0,,,film_lineage
Three Colours: Red,1994,,,0,,,film_lineage
"Big Sleep, The",1946,,,0,,,film_lineage
Mean Streets,1973,,,0,,,film_lineage
Distant Voices Still Lives,1988,,,0,,,film_lineage
"Empire Strikes Back, The",1980,,,0,,,film_lineage
"Maltese Falcon, The",1941,,,0,,,film_lineage
Terra em Transe,1967,,,0,,,film_lineage
"Music Room, The",1958,,,0,,,film_lineage
Separation A,2011,,,0,,,film_lineage
Charulata,1964,,,0,,,film_lineage
"World of Apu, The",1959,,,0,,,film_lineage
Faces,1968,,,0,,,film_lineage
"King of Comedy, The",1982,,,0,,,film_lineage
In the Realm of the Senses,1976,,,0,,,film_lineage
Videodrome,1983,,,0,,,film_lineage
I Am Cuba,1964,,,0,,,film_lineage
Harold and Maude,1971,,,0,,,film_lineage
Husbands,1970,,,0,,,film_lineage
Lola Montès,1955,,,0,,,film_lineage
Kings of the Road,1976,,,0,,,film_lineage
Belle et la bête La,1946,,,0,,,film_lineage
"Philadelphia Story, The",1940,,,0,,,film_lineage
Berlin Alexanderplatz [TV],1980,,,0,,,film_lineage
Canterbury Tale A,1944,,,0,,,film_lineage
"Kid, The",1921,,,0,,,film_lineage
"Young Girls of Rochefort, The",1967,,,0,,,film_lineage
"Wages of Fear, The",1953,,,0,,,film_lineage
Tie Xi Qu: West of the Tracks,2002,,,0,,,film_lineage
"Time to Live and the Time to Die, The",1985,,,0,,,film_lineage
"Tree of Wooden Clogs, The",1978,,,0,,,film_lineage
"Double Life of Véronique, The",1991,,,0,,,film_lineage
Aliens,1986,,,0,,,film_lineage
"Last Picture Show, The",1971,,,0,,,film_lineage
"Elephant Man, The",1980,,,0,,,film_lineage
Weekend,1967,,,0,,,film_lineage
Opening Night,1977,,,0,,,film_lineage
"Cranes Are Flying, The",1957,,,0,,,film_lineage
Touch of Zen A,1971,,,0,,,film_lineage
"Puppetmaster, The",1993,,,0,,,film_lineage
"Cloud-Capped Star, The",1960,,,0,,,film_lineage
"Silence of the Lambs, The",1991,,,0,,,film_lineage
Night of the Living Dead,1968,,,0,,,film_lineage
Last Tango in Paris,1972,,,0,,,film_lineage
"Turin Horse, The",2011,,,0,,,film_lineage
Written on the Wind,1956,,,0,,,film_lineage
Safe,1995,,,0,,,film_lineage
Out 1,1971,,,0,,,film_lineage
"Quince Tree Sun, The",1992,,,0,,,film_lineage
Heaven's Gate,1980,,,0,,,film_lineage
"Killing of a Chinese Bookie, The",1976,,,0,,,film_lineage
Muriel,1963,,,0,,,film_lineage
Fitzcarraldo,1982,,,0,,,film_lineage
Marnie,1964,,,0,,,film_lineage
This is Spinal Tap,1984,,,0,,,film_lineage
"White Ribbon, The",2009,,,0,,,film_lineage
Two-Lane Blacktop,1971,,,0,,,film_lineage
Affair to Remember An,1957,,,0,,,film_lineage
Teorema,1968,,,0,,,film_lineage
Lost Highway,1997,,,0,,,film_lineage
I Was Born But...,1932,,,0,,,film_lineage
Tristana,1970,,,0,,,film_lineage
"Hour of the Furnaces, The",1968,,,0,,,film_lineage
Woman in the Dunes,1964,,,0,,,film_lineage
"Long Goodbye, The",1973,,,0,,,film_lineage
In a Year with 13 Moons,1978,,,0,,,film_lineage
"Thin Blue Line, The",1988,,,0,,,film_lineage
"Flowers of St. Francis, The",1950,,,0,,,film_lineage
Eyes Without a Face,1960,,,0,,,film_lineage
"Tenant, The",1976,,,0,,,film_lineage
"Birth of a Nation, The",1915,,,0,,,film_lineage
Dawn of the Dead,1978,,,0,,,film_lineage
Crimes and Misdemeanors,1989,,,0,,,film_lineage
"Headless Woman, The",2008,,,0,,,film_lineage
Suspiria,1977,,,0,,,film_lineage
I Know Where I'm Going!,1945,,,0,,,film_lineage
Orpheus,1950,,,0,,,film_lineage
Splendor in the Grass,1961,,,0,,,film_lineage
Plaisir Le,1952,,,0,,,film_lineage
Twenty Years Later,1984,,,0,,,film_lineage
"Innocents, The",1961,,,0,,,film_lineage
Europa '51,1952,,,0,,,film_lineage
Bonheur Le,1965,,,0,,,film_lineage
"Awful Truth, The",1937,,,0,,,film_lineage
Angel at My Table An,1990,,,0,,,film_lineage
Chelsea Girls,1966,,,0,,,film_lineage
Possession,1981,,,0,,,film_lineage
Casino,1995,,,0,,,film_lineage
Naked,1993,,,0,,,film_lineage
If….,1968,,,0,,,film_lineage
Star is Born A,1954,,,0,,,film_lineage
Winter Light,1963,,,0,,,film_lineage
French Cancan,1955,,,0,,,film_lineage
Shadows of Forgotten Ancestors,1965,,,0,,,film_lineage
Carrie,1976,,,0,,,film_lineage
Boogie Nights,1997,,,0,,,film_lineage
"Act of Killing, The",2012,,,0,,,film_lineage
"Shawshank Redemption, The",1994,,,0,,,film_lineage
Listen to Britain,1942,,,0,,,film_lineage
Ivan's Childhood,1962,,,0,,,film_lineage
Limelight,1952,,,0,,,film_lineage
"Cameraman, The",1928,,,0,,,film_lineage
"Scarlet Empress, The",1934,,,0,,,film_lineage
Terra trema La,1948,,,0,,,film_lineage
"Wind, The",1928,,,0,,,film_lineage
"Crime of Monsieur Lange, The",1936,,,0,,,film_lineage
Festen,1998,,,0,,,film_lineage
October,1928,,,0,,,film_lineage
Trip to the Moon A,1902,,,0,,,film_lineage
À nos amours,1983,,,0,,,film_lineage
Koyaanisqatsi,1982,,,0,,,film_lineage
Grave of the Fireflies,1988,,,0,,,film_lineage
Barren Lives,1963,,,0,,,film_lineage
"Dead, The",1987,,,0,,,film_lineage
Shoot the Piano Player,1960,,,0,,,film_lineage
Wagon Master,1950,,,0,,,film_lineage
Steamboat Bill Jr.,1928,,,0,,,film_lineage
Région centrale La,1971,,,0,,,film_lineage
"Palm Beach Story, The",1942,,,0,,,film_lineage
Fight Club,1999,,,0,,,film_lineage
"Death of Mr. Lazarescu, The",2005,,,0,,,film_lineage
By the Bluest of Seas,1936,,,0,,,film_lineage
Reservoir Dogs,1992,,,0,,,film_lineage
"Hustler, The",1961,,,0,,,film_lineage
"Lives of Others, The",2006,,,0,,,film_lineage
Twin Peaks: Fire Walk with Me,1992,,,0,,,film_lineage
Die Hard,1988,,,0,,,film_lineage
After Life,1998,,,0,,,film_lineage
Inland Empire,2006,,,0,,,film_lineage
Blow Out,1981,,,0,,,film_lineage
"Bitter Tears of Petra von Kant, The",1972,,,0,,,film_lineage
"Bridge on the River Kwai, The",1957,,,0,,,film_lineage
Early Summer,1951,,,0,,,film_lineage
Twin Peaks: The Return [TV],2017,,,0,,,film_lineage
To Have and Have Not,1944,,,0,,,film_lineage
Crash,1996,,,0,,,film_lineage
Being There,1979,,,0,,,film_lineage
Masculin féminin,1966,,,0,,,film_lineage
Jurassic Park,1993,,,0,,,film_lineage
Marketa Lazarová,1967,,,0,,,film_lineage
Dead Ringers,1988,,,0,,,film_lineage
Alice in the Cities,1974,,,0,,,film_lineage
Mad Max 2,1981,,,0,,,film_lineage
"French Connection, The",1971,,,0,,,film_lineage
"Sound of Music, The",1965,,,0,,,film_lineage
Moment of Innocence A,1996,,,0,,,film_lineage
Se7en,1995,,,0,,,film_lineage
"Age of Innocence, The",1993,,,0,,,film_lineage
Night at the Opera A,1935,,,0,,,film_lineage
And Life Goes On...,1992,,,0,,,film_lineage
Faust,1926,,,0,,,film_lineage
"Devil, Probably, The",1977,,,0,,,film_lineage
Vampires Les,1915,,,0,,,film_lineage
"Enigma of Kaspar Hauser, The",1974,,,0,,,film_lineage
"Damned, The",1969,,,0,,,film_lineage
Alexander Nevsky,1938,,,0,,,film_lineage
"Wind Will Carry Us, The",1999,,,0,,,film_lineage
Strangers on a Train,1951,,,0,,,film_lineage
Haine La,1995,,,0,,,film_lineage
Nostalgia for the Light,2010,,,0,,,film_lineage
Yeelen,1987,,,0,,,film_lineage
Blue,1993,,,0,,,film_lineage
"Master, The",2012,,,0,,,film_lineage
"Lady from Shanghai, The",1948,,,0,,,film_lineage
Picnic at Hanging Rock,1975,,,0,,,film_lineage
Terminator 2: Judgment Day,1991,,,0,,,film_lineage
"Terminator, The",1984,,,0,,,film_lineage
Young Mr. Lincoln,1939,,,0,,,film_lineage
As I Was Moving Ahead Occasionally I Saw Brief Glimpses of Beauty,2000,,,0,,,film_lineage
Point Blank,1967,,,0,,,film_lineage
Bigger Than Life,1956,,,0,,,film_lineage
Man of Aran,1934,,,0,,,film_lineage
I Walked with a Zombie,1943,,,0,,,film_lineage
Je tu il elle,1974,,,0,,,film_lineage
"Blue Angel, The",1930,,,0,,,film_lineage
Cat People,1942,,,0,,,film_lineage
Halloween,1978,,,0,,,film_lineage
Dead Man,1995,,,0,,,film_lineage
Fellini Satyricon,1969,,,0,,,film_lineage
"Testament of Dr. Mabuse, The",1933,,,0,,,film_lineage
Shadow of a Doubt,1943,,,0,,,film_lineage
Deliverance,1972,,,0,,,film_lineage
That Obscure Object of Desire,1977,,,0,,,film_lineage
"Lord of the Rings: The Fellowship of the Ring, The",2001,,,0,,,film_lineage
"Wedding March, The",1928,,,0,,,film_lineage
When Harry Met Sally...,1989,,,0,,,film_lineage
Sambizanga,1972,,,0,,,film_lineage
Full Metal Jacket,1987,,,0,,,film_lineage
Loves of a Blonde,1965,,,0,,,film_lineage
Repulsion,1965,,,0,,,film_lineage
Hatari!,1962,,,0,,,film_lineage
"Servant, The",1963,,,0,,,film_lineage
"Silence, The",1963,,,0,,,film_lineage
Plácido,1961,,,0,,,film_lineage
"Asphalt Jungle, The",1950,,,0,,,film_lineage
D'Est,1993,,,0,,,film_lineage
Fellini's Roma,1972,,,0,,,film_lineage
Grey Gardens,1975,,,0,,,film_lineage
Shadows,1959,,,0,,,film_lineage
Edvard Munch [TV],1974,,,0,,,film_lineage
"Taking of Power by Louis XIV, The",1966,,,0,,,film_lineage
Symbiopsychotaxiplasm: Take One,1968,,,0,,,film_lineage
"Piano Teacher, The",2001,,,0,,,film_lineage
West Indies: The Fugitive Slaves of Liberty,1979,,,0,,,film_lineage
Tale of Tales,1979,,,0,,,film_lineage
Gentlemen Prefer Blondes,1953,,,0,,,film_lineage
"Devils, The",1971,,,0,,,film_lineage
Synecdoche New York,2008,,,0,,,film_lineage
"Wicker Man, The",1973,,,0,,,film_lineage
3 Women,1977,,,0,,,film_lineage
"Long Day Closes, The",1992,,,0,,,film_lineage
Raising Arizona,1987,,,0,,,film_lineage
Down by Law,1986,,,0,,,film_lineage
Don't Look Back,1967,,,0,,,film_lineage
"Ladies Man, The",1961,,,0,,,film_lineage
"Royal Tenenbaums, The",2001,,,0,,,film_lineage
"Round-Up, The",1966,,,0,,,film_lineage
My Friend Ivan Lapshin,1985,,,0,,,film_lineage
Vitelloni I,1953,,,0,,,film_lineage
"Red Circle, The",1970,,,0,,,film_lineage
Amants du Pont-Neuf Les,1991,,,0,,,film_lineage
Fat City,1972,,,0,,,film_lineage
Walkabout,1971,,,0,,,film_lineage
Scorpio Rising,1963,,,0,,,film_lineage
Pink Flamingos,1972,,,0,,,film_lineage
Hour of the Wolf,1968,,,0,,,film_lineage
"Dark Knight, The",2008,,,0,,,film_lineage
Ace in the Hole,1951,,,0,,,film_lineage
"Prophet, A",2009,,,0,,,film_lineage
Nazarín,1958,,,0,,,film_lineage
Casque d'Or,1952,,,0,,,film_lineage
Millennium Mambo,2001,,,0,,,film_lineage
Pat Garrett and Billy the Kid,1973,,,0,,,film_lineage
Malcolm X,1992,,,0,,,film_lineage
"Golden Coach, The",1952,,,0,,,film_lineage
RoboCop,1987,,,0,,,film_lineage
Ferris Bueller's Day Off,1986,,,0,,,film_lineage
Hoop Dreams,1994,,,0,,,film_lineage
"Watermelon Woman, The",1996,,,0,,,film_lineage
"Virgin Spring, The",1960,,,0,,,film_lineage
Young Frankenstein,1974,,,0,,,film_lineage
Arrebato,1979,,,0,,,film_lineage
My Own Private Idaho,1991,,,0,,,film_lineage
They Live by Night,1948,,,0,,,film_lineage
Bring Me the Head of Alfredo Garcia,1974,,,0,,,film_lineage
"Lady Vanishes, The",1938,,,0,,,film_lineage
"Marriage of Maria Braun, The",1979,,,0,,,film_lineage
Akira,1988,,,0,,,film_lineage
"Manchurian Candidate, The",1962,,,0,,,film_lineage
"Navigator, The",1924,,,0,,,film_lineage
Wake in Fright,1971,,,0,,,film_lineage
Rushmore,1998,,,0,,,film_lineage
Xala,1975,,,0,,,film_lineage
"American Werewolf in London, An",1981,,,0,,,film_lineage
"Posto, Il",1961,,,0,,,film_lineage
"Place in the Sun, A",1951,,,0,,,film_lineage
Hyènes,1992,,,0,,,film_lineage
"Purple Rose of Cairo, The",1985,,,0,,,film_lineage
Chronicle of a Summer,1961,,,0,,,film_lineage
Bambi,1942,,,0,,,film_lineage
"Killing, The",1956,,,0,,,film_lineage
"Ghost and Mrs. Muir, The",1947,,,0,,,film_lineage
"Great Beauty, The",2013,,,0,,,film_lineage
"Farewell, My Concubine",1993,,,0,,,film_lineage
"Intruder, The",2004,,,0,,,film_lineage
"Hard Day's Night, A",1964,,,0,,,film_lineage
"Sorrow and the Pity, The",1969,,,0,,,film_lineage
Thelma & Louise,1991,,,0,,,film_lineage
Gimme Shelter,1970,,,0,,,film_lineage
Chronicle of Anna Magdalena Bach,1968,,,0,,,film_lineage
Salesman,1969,,,0,,,film_lineage
WR: Mysteries of the Organism,1971,,,0,,,film_lineage
"Holy Mountain, The",1973,,,0,,,film_lineage
"Social Network, The",2010,,,0,,,film_lineage
Lancelot du Lac,1974,,,0,,,film_lineage
7 Women,1965,,,0,,,film_lineage
Once Upon a Time... in Hollywood,2019,,,0,,,film_lineage
"Party, The",1968,,,0,,,film_lineage
"Grido, Il",1957,,,0,,,film_lineage
"Phantom of Liberty, The",1974,,,0,,,film_lineage
"Firemen's Ball, The",1967,,,0,,,film_lineage
Paper Moon,1973,,,0,,,film_lineage
Sauve qui peut (la vie),1980,,,0,,,film_lineage
Kaagaz Ke Phool,1959,,,0,,,film_lineage
"Sun Shines Bright, The",1953,,,0,,,film_lineage
"Adventures of Prince Achmed, The",1926,,,0,,,film_lineage
Dazed and Confused,1993,,,0,,,film_lineage
Nouvelle Vague,1990,,,0,,,film_lineage
Red Beard,1965,,,0,,,film_lineage
"Idiots, The",1998,,,0,,,film_lineage
"New Leaf, A",1971,,,0,,,film_lineage
"Hawks and the Sparrows, The",1966,,,0,,,film_lineage
"Emperor's Naked Army Marches On, The",1987,,,0,,,film_lineage
"Big Heat, The",1953,,,0,,,film_lineage
Stand by Me,1986,,,0,,,film_lineage
Antonio das Mortes,1969,,,0,,,film_lineage
"Streetcar Named Desire, A",1951,,,0,,,film_lineage
"Dames du Bois de Boulogne, Les",1945,,,0,,,film_lineage
"Fly, The",1986,,,0,,,film_lineage
Titicut Follies,1967,,,0,,,film_lineage
"Short Film About Killing, A",1987,,,0,,,film_lineage
Rebel Without a Cause,1955,,,0,,,film_lineage
"Oh, Sun",1970,,,0,,,film_lineage
"Bad and the Beautiful, The",1952,,,0,,,film_lineage
"Tiger of Eschnapur, The",1958,,,0,,,film_lineage
35 Shots of Rum,2008,,,0,,,film_lineage
"Circus, The",1928,,,0,,,film_lineage
One Way or Another,1977,,,0,,,film_lineage
Design for Living,1933,,,0,,,film_lineage
Lolita,1962,,,0,,,film_lineage
Phantom of the Paradise,1974,,,0,,,film_lineage
JFK,1991,,,0,,,film_lineage
Born in Flames,1983,,,0,,,film_lineage
"New York, New York",1977,,,0,,,film_lineage
"New World, The",2005,,,0,,,film_lineage
"Diaries, Notes and Sketches",1969,,,0,,,film_lineage
Subarnarekha,1965,,,0,,,film_lineage
"Cook, the Thief, His Wife & Her Lover, The",1989,,,0,,,film_lineage
"Wild Child, The",1970,,,0,,,film_lineage
Fort Apache,1948,,,0,,,film_lineage
Diabolique,1955,,,0,,,film_lineage
Mädchen in Uniform,1931,,,0,,,film_lineage
"Belle Noiseuse, La",1991,,,0,,,film_lineage
Two English Girls,1971,,,0,,,film_lineage
Flaming Creatures,1963,,,0,,,film_lineage
"Man Who Would Be King, The",1975,,,0,,,film_lineage
Hellzapoppin',1941,,,0,,,film_lineage
"Age of the Earth, The",1980,,,0,,,film_lineage
Edward Scissorhands,1990,,,0,,,film_lineage
Blissfully Yours,2002,,,0,,,film_lineage
Mother and Son,1997,,,0,,,film_lineage
Code Unknown,2000,,,0,,,film_lineage
My Life as a Dog,1985,,,0,,,film_lineage
"Trial, The",1962,,,0,,,film_lineage
Airplane!,1980,,,0,,,film_lineage
"Sur, El",1983,,,0,,,film_lineage
Mamma Roma,1962,,,0,,,film_lineage
Morocco,1930,,,0,,,film_lineage
"39 Steps, The",1935,,,0,,,film_lineage
Mikey and Nicky,1976,,,0,,,film_lineage
Scarface,1983,,,0,,,film_lineage
"Story from Chikamatsu, A",1954,,,0,,,film_lineage
Wings,1966,,,0,,,film_lineage
Trouble Every Day,2001,,,0,,,film_lineage
Dog Star Man,1965,,,0,,,film_lineage
Song of Love,1954,,,0,,,film_lineage
Evil Dead II,1987,,,0,,,film_lineage
"Thief of Bagdad, The",1940,,,0,,,film_lineage
Cairo Station,1958,,,0,,,film_lineage
Zelig,1983,,,0,,,film_lineage
"Faster, Pussycat! Kill! Kill!",1965,,,0,,,film_lineage
"Great Escape, The",1963,,,0,,,film_lineage
Funny Games,1997,,,0,,,film_lineage
"Woman of Paris: A Drama of Fate, A",1923,,,0,,,film_lineage
Dumbo,1941,,,0,,,film_lineage
"Producers, The",1967,,,0,,,film_lineage
She Wore a Yellow Ribbon,1949,,,0,,,film_lineage
Shock Corridor,1963,,,0,,,film_lineage
Abraham's Valley,1993,,,0,,,film_lineage
Godard's Passion,1982,,,0,,,film_lineage
My Little Loves,1974,,,0,,,film_lineage
Gummo,1997,,,0,,,film_lineage
Rose Hobart,1936,,,0,,,film_lineage
Funeral Parade of Roses,1969,,,0,,,film_lineage
"Son, The",2002,,,0,,,film_lineage
O Lucky Man!,1973,,,0,,,film_lineage
Deep End,1970,,,0,,,film_lineage
Street of Shame,1956,,,0,,,film_lineage
"Commune (Paris, 1871), La",2000,,,0,,,film_lineage
Toute une nuit,1982,,,0,,,film_lineage
Losing Ground,1982,,,0,,,film_lineage
Irreversible,2002,,,0,,,film_lineage
"Red and the White, The",1967,,,0,,,film_lineage
"Naked Island, The",1960,,,0,,,film_lineage
Spies,1928,,,0,,,film_lineage
Dodes'ka-den,1970,,,0,,,film_lineage
"Asthenic Syndrome, The",1989,,,0,,,film_lineage
Starship Troopers,1997,,,0,,,film_lineage
"Amour fou, L'",1969,,,0,,,film_lineage
Angel,1937,,,0,,,film_lineage
"Adventures of Robin Hood, The",1938,,,0,,,film_lineage
My American Uncle,1980,,,0,,,film_lineage
"Right Stuff, The",1983,,,0,,,film_lineage
They Were Expendable,1945,,,0,,,film_lineage
Female Trouble,1974,,,0,,,film_lineage
Claire's Knee,1970,,,0,,,film_lineage
Time of the Gypsies,1988,,,0,,,film_lineage
Hitler: A Film from Germany,1977,,,0,,,film_lineage
"Unknown, The",1927,,,0,,,film_lineage
"Tin Drum, The",1979,,,0,,,film_lineage
Too Early / Too Late,1981,,,0,,,film_lineage
Welfare,1975,,,0,,,film_lineage
Breakfast at Tiffany's,1961,,,0,,,film_lineage
"Last Detail, The",1973,,,0,,,film_lineage
Showgirls,1995,,,0,,,film_lineage
Mysteries of Lisbon,2010,,,0,,,film_lineage
"Princess Bride, The",1987,,,0,,,film_lineage
Sicily!,1999,,,0,,,film_lineage
Cria!,1976,,,0,,,film_lineage
Juliet of the Spirits,1965,,,0,,,film_lineage
Excalibur,1981,,,0,,,film_lineage
Elephant,1989,,,0,,,film_lineage
Monty Python and the Holy Grail,1975,,,0,,,film_lineage
"Misfits, The",1961,,,0,,,film_lineage
Outskirts,1933,,,0,,,film_lineage
Port of Shadows,1938,,,0,,,film_lineage
Red Sorghum,1988,,,0,,,film_lineage
"Miracle of Morgan's Creek, The",1943,,,0,,,film_lineage
"African Queen, The",1951,,,0,,,film_lineage
"Woman Next Door, The",1981,,,0,,,film_lineage
"Bridges of Madison County, The",1995,,,0,,,film_lineage
They Live,1988,,,0,,,film_lineage
"Night of Counting the Years, The",1969,,,0,,,film_lineage
Naked Childhood,1968,,,0,,,film_lineage
"Tarnished Angels, The",1957,,,0,,,film_lineage
Shaun of the Dead,2004,,,0,,,film_lineage
Exotica,1994,,,0,,,film_lineage
Dear Diary,1993,,,0,,,film_lineage
Dreams,1990,,,0,,,film_lineage
Stroszek,1977,,,0,,,film_lineage
"Seasons, The",1975,,,0,,,film_lineage
"Fountainhead, The",1949,,,0,,,film_lineage
Deep Red,1975,,,0,,,film_lineage
Tongues Untied,1989,,,0,,,film_lineage
Assault on Precinct 13,1976,,,0,,,film_lineage
"Phantom Carriage, The",1921,,,0,,,film_lineage
People on Sunday,1930,,,0,,,film_lineage
Zabriskie Point,1970,,,0,,,film_lineage
"Blues Brothers, The",1980,,,0,,,film_lineage
Heimat,1984,,,0,,,film_lineage
"River, The",1997,,,0,,,film_lineage
Sholay,1975,,,0,,,film_lineage
Night of the Demon,1957,,,0,,,film_lineage
"End of Summer, The",1961,,,0,,,film_lineage
"Criminal Life of Archibaldo de la Cruz, The",1955,,,0,,,film_lineage
Ceddo,1977,,,0,,,film_lineage
"History of Violence, A",2005,,,0,,,film_lineage
"Trou, Le",1960,,,0,,,film_lineage
Duel,1971,,,0,,,film_lineage
"Flor, La",2018,,,0,,,film_lineage
Simon of the Desert,1965,,,0,,,film_lineage
Anatomy of a Murder,1959,,,0,,,film_lineage
"American in Paris, An",1951,,,0,,,film_lineage
Kwaidan,1964,,,0,,,film_lineage
"Butcher, The",1970,,,0,,,film_lineage
"Straight Story, The",1999,,,0,,,film_lineage
"Last Temptation of Christ, The",1988,,,0,,,film_lineage
Carlito's Way,1993,,,0,,,film_lineage
Roman Holiday,1953,,,0,,,film_lineage
Zorns Lemma,1970,,,0,,,film_lineage
"Hurt Locker, The",2008,,,0,,,film_lineage
Cool Hand Luke,1967,,,0,,,film_lineage
Portrait of Jennie,1948,,,0,,,film_lineage
No Home Movie,2015,,,0,,,film_lineage
Mothlight,1963,,,0,,,film_lineage
Before Sunrise,1995,,,0,,,film_lineage
"Killer, The",1989,,,0,,,film_lineage
"Godfather Part III, The",1990,,,0,,,film_lineage
"Lord of the Rings: The Return of the King, The",2003,,,0,,,film_lineage
Dirty Harry,1971,,,0,,,film_lineage
"Sorpasso, Il",1962,,,0,,,film_lineage
Enter the Dragon,1973,,,0,,,film_lineage
"Chienne, La",1931,,,0,,,film_lineage
From the Clouds to the Resistance,1979,,,0,,,film_lineage
Doomed Love,1978,,,0,,,film_lineage
"Return, The",2003,,,0,,,film_lineage
"Page of Madness, A",1926,,,0,,,film_lineage
Ghostbusters,1984,,,0,,,film_lineage
"Khrustalyov, My Car!",1998,,,0,,,film_lineage
Duel in the Sun,1946,,,0,,,film_lineage
"Last Emperor, The",1987,,,0,,,film_lineage
Diary,1983,,,0,,,film_lineage
Berlin: Symphony of a Great City,1927,,,0,,,film_lineage
Elevator to the Gallows,1958,,,0,,,film_lineage
"Host, The",2006,,,0,,,film_lineage
"Reckless Moment, The",1949,,,0,,,film_lineage
Gun Crazy,1950,,,0,,,film_lineage
"Breakfast Club, The",1985,,,0,,,film_lineage
"Bête Humaine, La",1938,,,0,,,film_lineage
Perfumed Nightmare,1977,,,0,,,film_lineage
Fox and His Friends,1975,,,0,,,film_lineage
Olympia Part One: Festival of the Nations,1938,,,0,,,film_lineage
"Ice Storm, The",1997,,,0,,,film_lineage
"Pianist, The",2002,,,0,,,film_lineage
Léon: The Professional,1994,,,0,,,film_lineage
True Heart Susie,1919,,,0,,,film_lineage
Ed Wood,1994,,,0,,,film_lineage
"Long Farewell, The",1971,,,0,,,film_lineage
Rope,1948,,,0,,,film_lineage
Lady Windermere's Fan,1925,,,0,,,film_lineage
Sawdust and Tinsel,1953,,,0,,,film_lineage
Ride the High Country,1962,,,0,,,film_lineage
El espíritu de la colmena,1973,,,0,,,film_lineage
El verdugo,1963,,,0,,,film_lineage
La caza,1966,,,0,,,film_lineage
El Sur,1983,,,0,,,film_lineage
El extraño viaje,1964,,,0,,,film_lineage
El mundo sigue,1965,,,0,,,film_lineage
El desencanto,1976,,,0,,,film_lineage
Calle Mayor,1956,,,0,,,film_lineage
Aguaespejo granadino,1955,,,0,,,film_lineage
Fuego en Castilla,1960,,,0,,,film_lineage
Acariño galaico,1961,,,0,,,film_lineage
Las Hurdes (Tierra sin pan),1933,,,0,,,film_lineage
El sol del membrillo,1992,,,0,,,film_lineage
"Bienvenido, Míster Marshall",1953,,,0,,,film_lineage
Vida en sombras,1948,,,0,,,film_lineage
Muerte de un ciclista,1955,,,0,,,film_lineage
Furtivos,1975,,,0,,,film_lineage
Los santos inocentes,1984,,,0,,,film_lineage
Tren de sombras,1997,,,0,,,film_lineage
Campanadas a medianoche,1965,,,0,,,film_lineage
La torre de los siete jorobados,1944,,,0,,,film_lineage
Un perro andaluz,1929,,,0,,,film_lineage
Surcos,1951,,,0,,,film_lineage
Mujeres al borde de un ataque de nervios,1988,,,0,,,film_lineage
¿Qué he hecho yo para merecer esto?,1984,,,0,,,film_lineage
Hable con ella,2002,,,0,,,film_lineage
Cría cuervos...,1976,,,0,,,film_lineage
Canciones para después de una guerra,1976,,,0,,,film_lineage
Todo sobre mi madre,1999,,,0,,,film_lineage
La tía Tula,1964,,,0,,,film_lineage
Cielo negro,1951,,,0,,,film_lineage
El cochecito,1960,,,0,,,film_lineage
La aldea maldita,1930,,,0,,,film_lineage
El viaje a ninguna parte,1986,,,0,,,film_lineage
"Vampir, Cuadecuc",1970,,,0,,,film_lineage
"Amanece, que no es poco",1989,,,0,,,film_lineage
La vida en un hilo,1945,,,0,,,film_lineage
En construcción,2001,,,0,,,film_lineage
El cebo,1958,,,0,,,film_lineage
El día de la bestia,1995,,,0,,,film_lineage
Nueve cartas a Berta,1966,,,0,,,film_lineage
El pisito,1958,,,0,,,film_lineage
Umbracle,1972,,,0,,,film_lineage
La prima Angélica,1974,,,0,,,film_lineage
Lejos de los árboles,1972,,,0,,,film_lineage
La verbena de la Paloma,1935,,,0,,,film_lineage
Función de noche,1981,,,0,,,film_lineage
Sierra de Teruel,1940,,,0,,,film_lineage
Mi tío Jacinto,1956,,,0,,,film_lineage
La escopeta nacional,1978,,,0,,,film_lineage
Honor de cavalleria,2006,,,0,,,film_lineage
La piel que habito,2011,,,0,,,film_lineage
La ley del deseo,1987,,,0,,,film_lineage
De niños,2003,,,0,,,film_lineage
Ere erera baleibu izik subua aruaren,1970,,,0,,,film_lineage
Innisfree,1990,,,0,,,film_lineage
Informe general sobre unas cuestiones de interés para una proyección pública,1977,,,0,,,film_lineage
Te doy mis ojos,2003,,,0,,,film_lineage
Contactos,1970,,,0,,,film_lineage
Amantes,1991,,,0,,,film_lineage
Los amantes del círculo polar,1998,,,0,,,film_lineage
Tras el cristal,1986,,,0,,,film_lineage
Margarita y el lobo,1969,,,0,,,film_lineage
¿Quién puede matar a un niño?,1976,,,0,,,film_lineage
Atraco a las tres,1962,,,0,,,film_lineage
El laberinto del fauno,2006,,,0,,,film_lineage
Bilbao,1978,,,0,,,film_lineage
"Elisa, vida mía",1977,,,0,,,film_lineage
Los golfos,1960,,,0,,,film_lineage
En la ciudad de Sylvia,2007,,,0,,,film_lineage
Blancanieves,2012,,,0,,,film_lineage
La isla mínima,2014,,,0,,,film_lineage
El cielo gira,2004,,,0,,,film_lineage
Tesis,1996,,,0,,,film_lineage
Abre los ojos,1997,,,0,,,film_lineage
Ana y los lobos,1973,,,0,,,film_lineage
"Marcelino, pan y vino",1955,,,0,,,film_lineage
Belle Époque,1992,,,0,,,film_lineage
La cabina,1972,,,0,,,film_lineage
Queridísimos verdugos,1977,,,0,,,film_lineage
Monos como Becky,1999,,,0,,,film_lineage
La vida por delante,1958,,,0,,,film_lineage
El crack,1981,,,0,,,film_lineage
Vacas,1992,,,0,,,film_lineage
Historia de mi muerte,2013,,,0,,,film_lineage
Domingo de carnaval,1945,,,0,,,film_lineage
Nunca pasa nada,1963,,,0,,,film_lineage
La leyenda del tiempo,2006,,,0,,,film_lineage
La vida mancha,2003,,,0,,,film_lineage
Mi vida sin mí,2003,,,0,,,film_lineage
Solas,1999,,,0,,,film_lineage
Puente de Varsovia,1990,,,0,,,film_lineage
Vivir en Sevilla,1978,,,0,,,film_lineage
Tasio,1984,,,0,,,film_lineage
O Bandido da Luz Vermelha,1968,,,0,,,film_lineage
São Paulo S/A,1965,,,0,,,film_lineage
Cidade de Deus,2002,,,0,,,film_lineage
O Pagador de Promessas,1962,,,0,,,film_lineage
Macunaíma,1969,,,0,,,film_lineage
Central do Brasil,1998,,,0,,,film_lineage
"Pixote, a Lei do Mais Fraco",1981,,,0,,,film_lineage
Ilha das Flores,1989,,,0,,,film_lineage
Eles Não Usam Black-Tie,1981,,,0,,,film_lineage
O Som ao Redor,2012,,,0,,,film_lineage
Lavoura Arcaica,2001,,,0,,,film_lineage
Jogo de Cena,2007,,,0,,,film_lineage
"Bye Bye, Brasil",1979,,,0,,,film_lineage
Assalto ao Trem Pagador,1962,,,0,,,film_lineage
São Bernardo,1974,,,0,,,film_lineage
"Iracema, uma Transa Amazônica",1975,,,0,,,film_lineage
Noite Vazia,1964,,,0,,,film_lineage
Os Fuzis,1964,,,0,,,film_lineage
Ganga Bruta,1933,,,0,,,film_lineage
Bang Bang,1971,,,0,,,film_lineage
A Hora e a Vez de Augusto Matraga,1968,,,0,,,film_lineage
"Rio, 40 Graus",1955,,,0,,,film_lineage
Edifício Master,2002,,,0,,,film_lineage
Memórias do Cárcere,1984,,,0,,,film_lineage
Tropa de Elite,2007,,,0,,,film_lineage
O Padre e a Moça,1965,,,0,,,film_lineage
Serras da Desordem,2006,,,0,,,film_lineage
Santiago,2007,,,0,,,film_lineage
O Dragão da Maldade contra o Santo Guerreiro,1969,,,0,,,film_lineage
Tropa de Elite 2 – O Inimigo Agora é Outro,2010,,,0,,,film_lineage
O Invasor,2002,,,0,,,film_lineage
Todas as Mulheres do Mundo,1967,,,0,,,film_lineage
Matou a Família e Foi ao Cinema,1969,,,0,,,film_lineage
Dona Flor e Seus Dois Maridos,1976,,,0,,,film_lineage
Os Cafajestes,1962,,,0,,,film_lineage
O Homem do Sputnik,1959,,,0,,,film_lineage
A Hora da Estrela,1985,,,0,,,film_lineage
Sem Essa Aranha,1970,,,0,,,film_lineage
SuperOutro,1989,,,0,,,film_lineage
Filme Demência,1986,,,0,,,film_lineage
À Meia-Noite Levarei Sua Alma,1964,,,0,,,film_lineage
Terra Estrangeira,1996,,,0,,,film_lineage
A Mulher de Todos,1969,,,0,,,film_lineage
"Rio, Zona Norte",1957,,,0,,,film_lineage
Alma Corsária,1993,,,0,,,film_lineage
A Margem,1967,,,0,,,film_lineage
Toda Nudez Será Castigada,1973,,,0,,,film_lineage
Madame Satã,2000,,,0,,,film_lineage
A Falecida,1965,,,0,,,film_lineage
O Despertar da Besta – Ritual dos Sádicos,1969,,,0,,,film_lineage
Tudo Bem,1978,,,0,,,film_lineage
A Idade da Terra,1980,,,0,,,film_lineage
Abril Despedaçado,2001,,,0,,,film_lineage
O Grande Momento,1958,,,0,,,film_lineage
O Lobo Atrás da Porta,2014,,,0,,,film_lineage
O Beijo da Mulher-Aranha,1985,,,0,,,film_lineage
O Homem que Virou Suco,1980,,,0,,,film_lineage
O Auto da Compadecida,1999,,,0,,,film_lineage
O Cangaceiro,1953,,,0,,,film_lineage
A Lira do Delírio,1978,,,0,,,film_lineage
O Caso dos Irmãos Naves,1967,,,0,,,film_lineage
Ônibus 174,2002,,,0,,,film_lineage
O Anjo Nasceu,1969,,,0,,,film_lineage
Meu Nome é... Tonho,1969,,,0,,,film_lineage
O Céu de Suely,2006,,,0,,,film_lineage
Que Horas Ela Volta?,2015,,,0,,,film_lineage
Bicho de Sete Cabeças,2001,,,0,,,film_lineage
Tatuagem,2013,,,0,,,film_lineage
Estômago,2010,,,0,,,film_lineage
"Cinema, Aspirinas e Urubus",2005,,,0,,,film_lineage
Baile Perfumado,1997,,,0,,,film_lineage
"Pra Frente, Brasil",1982,,,0,,,film_lineage
"Lúcio Flávio, o Passageiro da Agonia",1976,,,0,,,film_lineage
O Viajante,1999,,,0,,,film_lineage
Anjos do Arrabalde,1987,,,0,,,film_lineage
Mar de Rosas,1977,,,0,,,film_lineage
O País de São Saruê,1971,,,0,,,film_lineage
A Marvada Carne,1985,,,0,,,film_lineage
Sargento Getúlio,1983,,,0,,,film_lineage
Inocência,1983,,,0,,,film_lineage
Amarelo Manga,2002,,,0,,,film_lineage
Os Saltimbancos Trapalhões,1981,,,0,,,film_lineage
Di,1977,,,0,,,film_lineage
Os Inconfidentes,1972,,,0,,,film_lineage
Esta Noite Encarnarei no Teu Cadáver,1966,,,0,,,film_lineage
Cabaret Mineiro,1980,,,0,,,film_lineage
Chuvas de Verão,1977,,,0,,,film_lineage
Dois Córregos,1999,,,0,,,film_lineage
Aruanda,1960,,,0,,,film_lineage
Carandiru,2003,,,0,,,film_lineage
Blá Blá Blá,1968,,,0,,,film_lineage
O Signo do Caos,2003,,,0,,,film_lineage
O Ano em que Meus Pais Saíram de Férias,2006,,,0,,,film_lineage
"Meteorango Kid, Herói Intergaláctico",1969,,,0,,,film_lineage
Guerra Conjugal,1975,,,0,,,film_lineage
"Bar Esperança, o Último que Fecha",1983,,,0,,,film_lineage
Das Cabinet des Dr. Caligari,1920,,,0,,,film_lineage
Berlin – Die Sinfonie der Großstadt,1927,,,0,,,film_lineage
Nosferatu – Eine Symphonie des Grauens,1922,,,0,,,film_lineage
Menschen am Sonntag,1930,,,0,,,film_lineage
Die Mörder sind unter uns,1946,,,0,,,film_lineage
Der blaue Engel,1930,,,0,,,film_lineage
Die freudlose Gasse,1925,,,0,,,film_lineage
Der Untertan,1951,,,0,,,film_lineage
Kuhle Wampe oder: Wem gehört die Welt?,1932,,,0,,,film_lineage
Der Student von Prag,1913,,,0,,,film_lineage
Die Brücke,1959,,,0,,,film_lineage
Abschied von gestern,1966,,,0,,,film_lineage
Mutter Krausens Fahrt ins Glück,1929,,,0,,,film_lineage
"Der Golem, wie er in die Welt kam",1920,,,0,,,film_lineage
"Dr. Mabuse, der Spieler",1922,,,0,,,film_lineage
Unter den Brücken,1944,,,0,,,film_lineage
Die Nibelungen,1924,,,0,,,film_lineage
Der letzte Mann,1924,,,0,,,film_lineage
Der müde Tod,1921,,,0,,,film_lineage
Liebelei,1933,,,0,,,film_lineage
Spur der Steine,1966,,,0,,,film_lineage
Wintergartenprogramm,1895,,,0,,,film_lineage
Lola Montez,1955,,,0,,,film_lineage
Faust – eine deutsche Volkssage,1926,,,0,,,film_lineage
Heimat – Eine deutsche Chronik,1984,,,0,,,film_lineage
Deutschland im Herbst,1978,,,0,,,film_lineage
Madame Dubarry,1919,,,0,,,film_lineage
Berlin – Alexanderplatz,1931,,,0,,,film_lineage
Die Ehe der Maria Braun,1979,,,0,,,film_lineage
Münchhausen,1943,,,0,,,film_lineage
Die Büchse der Pandora,1929,,,0,,,film_lineage
Die Blechtrommel,1979,,,0,,,film_lineage
Das Testament des Dr. Mabuse,1933,,,0,,,film_lineage
Im Lauf der Zeit,1976,,,0,,,film_lineage
Triumph des Willens,1935,,,0,,,film_lineage
Der junge Törless,1966,,,0,,,film_lineage
Katzelmacher,1969,,,0,,,film_lineage
Große Freiheit Nr. 7,1944,,,0,,,film_lineage
Rotation,1949,,,0,,,film_lineage
Wir Wunderkinder,1958,,,0,,,film_lineage
Das Wachsfigurenkabinett,1924,,,0,,,film_lineage
Varieté,1925,,,0,,,film_lineage
Rosen für den Staatsanwalt,1959,,,0,,,film_lineage
Alice in den Städten,1974,,,0,,,film_lineage
Die Halbstarken,1956,,,0,,,film_lineage
Die verlorene Ehre der Katharina Blum,1975,,,0,,,film_lineage
Westfront 1918,1930,,,0,,,film_lineage
Die Dreigroschenoper,1931,,,0,,,film_lineage
Solo Sunny,1979,,,0,,,film_lineage
Angst essen Seele auf,1974,,,0,,,film_lineage
Der Verlorene,1951,,,0,,,film_lineage
Die Drei von der Tankstelle,1930,,,0,,,film_lineage
In jenen Tagen,1947,,,0,,,film_lineage
Jud Süß,1940,,,0,,,film_lineage
Der geteilte Himmel,1964,,,0,,,film_lineage
Der Himmel über Berlin,1987,,,0,,,film_lineage
Nicht versöhnt,1965,,,0,,,film_lineage
Vampyr – Der Traum des Allan Gray,1932,,,0,,,film_lineage
Tagebuch einer Verlorenen,1929,,,0,,,film_lineage
Der Prozeß,1984,,,0,,,film_lineage
Händler der vier Jahreszeiten,1972,,,0,,,film_lineage
Romanze in Moll,1943,,,0,,,film_lineage
Ehe im Schatten,1947,,,0,,,film_lineage
Die Legende von Paul und Paula,1973,,,0,,,film_lineage
Chronik der Anna Magdalena Bach,1968,,,0,,,film_lineage
"Aguirre, der Zorn Gottes",1972,,,0,,,film_lineage
Ich war neunzehn,1968,,,0,,,film_lineage
Die Abenteuer des Prinzen Achmed,1926,,,0,,,film_lineage
Sterne,1959,,,0,,,film_lineage
Die bleierne Zeit,1981,,,0,,,film_lineage
Die Straße,1923,,,0,,,film_lineage
Deutschland im Jahre Null,1948,,,0,,,film_lineage
Kameradschaft,1931,,,0,,,film_lineage
Emil und die Detektive,1931,,,0,,,film_lineage
Berlin – Ecke Schönhauser…,1957,,,0,,,film_lineage
Der Kongreß tanzt,1931,,,0,,,film_lineage
Das Kaninchen bin ich,1965,,,0,,,film_lineage
Die Artisten in der Zirkuskuppel: ratlos,1968,,,0,,,film_lineage
Fontane Effi Briest,1974,,,0,,,film_lineage
Der amerikanische Freund,1977,,,0,,,film_lineage
Asphalt,1929,,,0,,,film_lineage
Jakob der Lügner,1974,,,0,,,film_lineage
Jeder für sich und Gott gegen alle,1974,,,0,,,film_lineage
"Nachts, wenn der Teufel kam",1957,,,0,,,film_lineage
Mysterien eines Frisiersalons,1923,,,0,,,film_lineage
Die weiße Hölle vom Piz Palü,1929,,,0,,,film_lineage
Das Mädchen Rosemarie,1958,,,0,,,film_lineage
Aus einem deutschen Leben,1977,,,0,,,film_lineage
Viktor und Viktoria,1933,,,0,,,film_lineage
Das Boot,1981,,,0,,,film_lineage
Jagdszenen aus Niederbayern,1968,,,0,,,film_lineage
Lebensläufe – Die Kinder von Golzow,1981,,,0,,,film_lineage
Berliner Ballade,1948,,,0,,,film_lineage
Die zweite Heimat – Chronik einer Jugend,1992,,,0,,,film_lineage
Körkarlen,1921,,,0,,,film_lineage
En kärlekshistoria,1970,,,0,,,film_lineage
Kvarteret Korpen,1963,,,0,,,film_lineage
Fucking Åmål,1998,,,0,,,film_lineage
Flickorna,1968,,,0,,,film_lineage
Flicka och hyacinter,1950,,,0,,,film_lineage
Här har du ditt liv,1966,,,0,,,film_lineage
Fanny och Alexander,1982,,,0,,,film_lineage
Smultronstället,1957,,,0,,,film_lineage
Mannen på taket,1976,,,0,,,film_lineage
Låt den rätte komma in,2008,,,0,,,film_lineage
Sånger från andra våningen,2000,,,0,,,film_lineage
Älskande par,1964,,,0,,,film_lineage
De ofrivilliga,2008,,,0,,,film_lineage
Äta sova dö,2012,,,0,,,film_lineage
Nattvardsgästerna,1963,,,0,,,film_lineage
Utvandrarna/Nybyggarna,1971,,,0,,,film_lineage
Ett anständigt liv,1979,,,0,,,film_lineage
Belleville Baby,2013,,,0,,,film_lineage
Sameblod,2016,,,0,,,film_lineage
Återträffen,2013,,,0,,,film_lineage
Ingeborg Holm,1913,,,0,,,film_lineage
Sommarnattens leende,1955,,,0,,,film_lineage
Aimless Bullet,1961,,,0,,,film_lineage
The Day a Pig Fell Into a Well,1996,,,0,,,film_lineage
Turning Point of the Youngsters,1934,,,0,,,film_lineage
Spring of Korean Peninsula,1941,,,0,,,film_lineage
The Widow,1955,,,0,,,film_lineage
Piagol,1955,,,0,,,film_lineage
A Water Mill,1966,,,0,,,film_lineage
Mist,1967,,,0,,,film_lineage
Homebound,1967,,,0,,,film_lineage
The General's Mustache,1968,,,0,,,film_lineage
Woman of Fire,1970,,,0,,,film_lineage
The Pollen of Flowers,1972,,,0,,,film_lineage
Yeong-ja's Heydays,1975,,,0,,,film_lineage
Ieoh Island,1977,,,0,,,film_lineage
A Woman After a Killer Butterfly,1978,,,0,,,film_lineage
"A Fine, Windy Day",1980,,,0,,,film_lineage
The Hut,1980,,,0,,,film_lineage
Mandala,1981,,,0,,,film_lineage
Declaration of Idiot,1983,,,0,,,film_lineage
Gilsotteum,1985,,,0,,,film_lineage
Deep Blue Night,1985,,,0,,,film_lineage
The Surrogate Woman,1986,,,0,,,film_lineage
Our Joyful Young Days,1987,,,0,,,film_lineage
Sanggye-Dong Olympic,1988,,,0,,,film_lineage
Chil-su and Man-su,1988,,,0,,,film_lineage
Gagman,1988,,,0,,,film_lineage
The Night before Strike,1990,,,0,,,film_lineage
The Road to the Race Track,1991,,,0,,,film_lineage
First Love,1993,,,0,,,film_lineage
The Murmuring,1995,,,0,,,film_lineage
The People in White,1995,,,0,,,film_lineage
A Petal,1996,,,0,,,film_lineage
The Contact,1997,,,0,,,film_lineage
No. 3,1997,,,0,,,film_lineage
The Power of Kangwon Province,1998,,,0,,,film_lineage
Memento Mori,1999,,,0,,,film_lineage
Peppermint Candy,1999,,,0,,,film_lineage
Shiri,1999,,,0,,,film_lineage
Die Bad,2000,,,0,,,film_lineage
Chunhyang,2000,,,0,,,film_lineage
The Foul King,2000,,,0,,,film_lineage
Waikiki Brothers,2001,,,0,,,film_lineage
Take Care of My Cat,2001,,,0,,,film_lineage
Sympathy for Mr. Vengeance,2002,,,0,,,film_lineage
Repatriation,2003,,,0,,,film_lineage
Lady Vengeance,2005,,,0,,,film_lineage
The President's Last Bang,2005,,,0,,,film_lineage
The King and the Clown,2005,,,0,,,film_lineage
Tazza: The High Rollers,2006,,,0,,,film_lineage
The Description of Bankruptcy,2006,,,0,,,film_lineage
Family Ties,2006,,,0,,,film_lineage
The Chaser,2007,,,0,,,film_lineage
Thirst,2009,,,0,,,film_lineage
Two Doors,2011,,,0,,,film_lineage
Jiseul,2012,,,0,,,film_lineage
A Girl at My Door,2014,,,0,,,film_lineage
The Wailing,2015,,,0,,,film_lineage
The Truth Beneath,2015,,,0,,,film_lineage
Dongju: The Portrait of a Poet,2015,,,0,,,film_lineage
The World of Us,2016,,,0,,,film_lineage
Train to Busan,2016,,,0,,,film_lineage
House of Hummingbird,2018,,,0,,,film_lineage
The Book of Fish,2019,,,0,,,film_lineage
Prince Yeonsan,1962,,,0,,,film_lineage
The Memorial Gate for Virtuous Women,1963,,,0,,,film_lineage
Kinship,1964,,,0,,,film_lineage
Deaf Sam-yong,1964,,,0,,,film_lineage
The Sea Village,1965,,,0,,,film_lineage
Coming Back,1967,,,0,,,film_lineage
Prince Daewon,1968,,,0,,,film_lineage
Patriotic Martyr An Jung-gun,1972,,,0,,,film_lineage
The General in Red Robes,1973,,,0,,,film_lineage
The Land,1974,,,0,,,film_lineage
Flame,1975,,,0,,,film_lineage
Mother,1976,,,0,,,film_lineage
Diary of Korean-Japanese War,1977,,,0,,,film_lineage
Police Story,1978,,,0,,,film_lineage
The Hidden Hero,1979,,,0,,,film_lineage
Son of Man,1980,,,0,,,film_lineage
Invited People,1981,,,0,,,film_lineage
Come Unto Down,1982,,,0,,,film_lineage
Mulleya Mulleya,1983,,,0,,,film_lineage
Adultery Tree,1984,,,0,,,film_lineage
The Mother,1985,,,0,,,film_lineage
Pillar of Mist,1986,,,0,,,film_lineage
Diary of King Yeonsan,1987,,,0,,,film_lineage
Come Come Come Upward,1989,,,0,,,film_lineage
All That Falls Has Wings,1990,,,0,,,film_lineage
Passion Portrait,1991,,,0,,,film_lineage
Fly High Run Far,1992,,,0,,,film_lineage
The Story of Two Women,1994,,,0,,,film_lineage
The Eternal Empire,1995,,,0,,,film_lineage
Henequen,1996,,,0,,,film_lineage
Spring in My Hometown,1998,,,0,,,film_lineage
Peppermint Candy,2000,,,0,,,film_lineage
The Way Home,2002,,,0,,,film_lineage
Marathon,2005,,,0,,,film_lineage
King and the Clown,2005,,,0,,,film_lineage
The Chaser,2008,,,0,,,film_lineage
The Divine Weapon,2008,,,0,,,film_lineage
The Front Line,2011,,,0,,,film_lineage
Masquerade,2012,,,0,,,film_lineage
The Face Reader,2013,,,0,,,film_lineage
The Admiral: Roaring Currents,2014,,,0,,,film_lineage
Ode to My Father,2014,,,0,,,film_lineage
Inside Men,2015,,,0,,,film_lineage
Concrete Utopia,2023,,,0,,,film_lineage
Late Autumn,1966,,,0,,,film_lineage
Children of the Firing Range,1967,,,0,,,film_lineage
"Spring, Spring",1969,,,0,,,film_lineage
Frozen Spring,1970,,,0,,,film_lineage
War and Humanity,1971,,,0,,,film_lineage
Gate of Women,1972,,,0,,,film_lineage
Special Investigation Unit: The Case of Bae Tae-ok,1973,,,0,,,film_lineage
The Executioner,1974,,,0,,,film_lineage
A Byegone Romance,1975,,,0,,,film_lineage
Concentration of Attention,1976,,,0,,,film_lineage
A Splendid Outing,1977,,,0,,,film_lineage
The Last Words from a Comrade in Arms,1978,,,0,,,film_lineage
Man-suk Run!,1979,,,0,,,film_lineage
Come Unto Down,1981,,,0,,,film_lineage
Village in the Mist,1982,,,0,,,film_lineage
Gilsoddeum,1985,,,0,,,film_lineage
Moonlight Hunter,1987,,,0,,,film_lineage
Adada,1987,,,0,,,film_lineage
Seoul Rainbow,1989,,,0,,,film_lineage
The Lovers of Woomook-baemi,1990,,,0,,,film_lineage
Silver Stallion,1991,,,0,,,film_lineage
Stairways of Heaven,1991,,,0,,,film_lineage
Two Cops,1993,,,0,,,film_lineage
Seopyeonje,1993,,,0,,,film_lineage
Life and Death of the Hollywood Kid,1994,,,0,,,film_lineage
Farewell My Darling,1996,,,0,,,film_lineage
The Spy,1999,,,0,,,film_lineage
Libera Me,2000,,,0,,,film_lineage
Oasis,2002,,,0,,,film_lineage
Taegukgi: The Brotherhood of War,2004,,,0,,,film_lineage
Blood Rain,2005,,,0,,,film_lineage
Forever the Moment,2007,,,0,,,film_lineage
Viva! Love,2008,,,0,,,film_lineage
Take Off,2009,,,0,,,film_lineage
The Man from Nowhere,2010,,,0,,,film_lineage
Unbowed,2011,,,0,,,film_lineage
The Attorney,2013,,,0,,,film_lineage
Revivre,2014,,,0,,,film_lineage
The Wailing,2016,,,0,,,film_lineage
The Fortress,2017,,,0,,,film_lineage
The Spy Gone North,2018,,,0,,,film_lineage
Samjin Company English Class,2020,,,0,,,film_lineage
The Night Owl,2022,,,0,,,film_lineage
12.12: The Day,2023,,,0,,,film_lineage
Harbin,2024,,,0,,,film_lineage
Shyamchi Aai,1952,,,0,,,film_lineage
Mirza Ghalib,1953,,,0,,,film_lineage
Pather Panchali,1954,,,0,,,film_lineage
Kabuliwala,1955,,,0,,,film_lineage
Do Aankhen Barah Haath,1956,,,0,,,film_lineage
Sagar Sangamey,1957,,,0,,,film_lineage
Apur Sansar,1958,,,0,,,film_lineage
Anuradha,1959,,,0,,,film_lineage
Bhagini Nivedita,1960,,,0,,,film_lineage
Dada Thakur,1961,,,0,,,film_lineage
Shehar Aur Sapna,1962,,,0,,,film_lineage
Charulata,1963,,,0,,,film_lineage
Chemmeen,1964,,,0,,,film_lineage
Teesri Kasam,1965,,,0,,,film_lineage
Hatey Bazarey,1966,,,0,,,film_lineage
Goopy Gyne Bagha Byne,1967,,,0,,,film_lineage
Bhuvan Shome,1968,,,0,,,film_lineage
Samskara,1969,,,0,,,film_lineage
Seemabaddha,1970,,,0,,,film_lineage
Swayamvaram,1971,,,0,,,film_lineage
Nirmalyam,1972,,,0,,,film_lineage
Chorus,1973,,,0,,,film_lineage
Chomana Dudi,1974,,,0,,,film_lineage
Mrigayaa,1975,,,0,,,film_lineage
Ghatashraddha,1976,,,0,,,film_lineage
Shodh,1978,,,0,,,film_lineage
Akaler Shandhaney,1979,,,0,,,film_lineage
Dakhal,1980,,,0,,,film_lineage
Chokh,1981,,,0,,,film_lineage
Adi Shankaracharya,1982,,,0,,,film_lineage
Damul,1983,,,0,,,film_lineage
Chidambaram,1984,,,0,,,film_lineage
Tabarana Kathe,1985,,,0,,,film_lineage
Halodhia Choraye Baodhan Khai,1986,,,0,,,film_lineage
Piravi,1987,,,0,,,film_lineage
Bagh Bahadur,1988,,,0,,,film_lineage
Marupakkam,1989,,,0,,,film_lineage
Agantuk,1990,,,0,,,film_lineage
Bhagavad Gita,1991,,,0,,,film_lineage
Charachar,1992,,,0,,,film_lineage
Unishe April,1993,,,0,,,film_lineage
Kathapurushan,1994,,,0,,,film_lineage
Lal Darja,1995,,,0,,,film_lineage
Thaayi Saheba,1996,,,0,,,film_lineage
Samar,1997,,,0,,,film_lineage
Vanaprastham,1998,,,0,,,film_lineage
Shantham,1999,,,0,,,film_lineage
Dweepa,2000,,,0,,,film_lineage
Mondo Meyer Upakhyan,2001,,,0,,,film_lineage
Shwaas,2002,,,0,,,film_lineage
Page 3,2003,,,0,,,film_lineage
Kaalpurush,2004,,,0,,,film_lineage
Pulijanmam,2005,,,0,,,film_lineage
Kanchivaram,2006,,,0,,,film_lineage
Antaheen,2007,,,0,,,film_lineage
Kutty Srank,2008,,,0,,,film_lineage
Adaminte Makan Abu,2009,,,0,,,film_lineage
Deool,2010,,,0,,,film_lineage
Byari,2010,,,0,,,film_lineage
Paan Singh Tomar,2011,,,0,,,film_lineage
Ship of Theseus,2012,,,0,,,film_lineage
Court,2013,,,0,,,film_lineage
Baahubali: The Beginning,2014,,,0,,,film_lineage
Kaasav,2015,,,0,,,film_lineage
Village Rockstars,2016,,,0,,,film_lineage
Hellaro,2017,,,0,,,film_lineage
Marakkar: Lion of the Arabian Sea,2018,,,0,,,film_lineage
Soorarai Pottru,2019,,,0,,,film_lineage
Rocketry: The Nambi Effect,2020,,,0,,,film_lineage
Aattam,2021,,,0,,,film_lineage
12th Fail,2022,,,0,,,film_lineage
Do Bigha Zamin,1953,,,0,,,film_lineage
Boot Polish,1954,,,0,,,film_lineage
Jagriti,1955,,,0,,,film_lineage
Jhanak Jhanak Payal Baaje,1956,,,0,,,film_lineage
Mother India,1957,,,0,,,film_lineage
Madhumati,1958,,,0,,,film_lineage
Sujata,1959,,,0,,,film_lineage
Mughal-e-Azam,1960,,,0,,,film_lineage
Jis Desh Men Ganga Behti Hai,1961,,,0,,,film_lineage
Sahib Bibi Aur Ghulam,1962,,,0,,,film_lineage
Bandini,1963,,,0,,,film_lineage
Dosti,1964,,,0,,,film_lineage
Himalaya Ki God Mein,1965,,,0,,,film_lineage
Guide,1966,,,0,,,film_lineage
Upkar,1967,,,0,,,film_lineage
Brahmachari,1968,,,0,,,film_lineage
Aradhana,1969,,,0,,,film_lineage
Khilona,1970,,,0,,,film_lineage
Anand,1971,,,0,,,film_lineage
Be-Imaan,1972,,,0,,,film_lineage
Anuraag,1973,,,0,,,film_lineage
Rajnigandha,1974,,,0,,,film_lineage
Deewaar,1975,,,0,,,film_lineage
Mausam,1976,,,0,,,film_lineage
Bhumika,1977,,,0,,,film_lineage
Main Tulsi Tere Aangan Ki,1978,,,0,,,film_lineage
Junoon,1979,,,0,,,film_lineage
Khubsoorat,1980,,,0,,,film_lineage
Kalyug,1981,,,0,,,film_lineage
Shakti,1982,,,0,,,film_lineage
Ardh Satya,1983,,,0,,,film_lineage
Sparsh,1984,,,0,,,film_lineage
Ram Teri Ganga Maili,1985,,,0,,,film_lineage
Qayamat Se Qayamat Tak,1988,,,0,,,film_lineage
Maine Pyar Kiya,1989,,,0,,,film_lineage
Ghayal,1990,,,0,,,film_lineage
Lamhe,1991,,,0,,,film_lineage
Jo Jeeta Wohi Sikandar,1992,,,0,,,film_lineage
Hum Hain Rahi Pyar Ke,1993,,,0,,,film_lineage
Hum Aapke Hain Koun..!,1994,,,0,,,film_lineage
Dilwale Dulhania Le Jayenge,1995,,,0,,,film_lineage
Raja Hindustani,1996,,,0,,,film_lineage
Dil To Pagal Hai,1997,,,0,,,film_lineage
Kuch Kuch Hota Hai,1998,,,0,,,film_lineage
Hum Dil De Chuke Sanam,1999,,,0,,,film_lineage
Kaho Naa... Pyaar Hai,2000,,,0,,,film_lineage
Lagaan,2001,,,0,,,film_lineage
Devdas,2002,,,0,,,film_lineage
Koi... Mil Gaya,2003,,,0,,,film_lineage
Veer-Zaara,2004,,,0,,,film_lineage
Black,2005,,,0,,,film_lineage
Rang De Basanti,2006,,,0,,,film_lineage
Taare Zameen Par,2007,,,0,,,film_lineage
Jodhaa Akbar,2008,,,0,,,film_lineage
3 Idiots,2009,,,0,,,film_lineage
Dabangg,2010,,,0,,,film_lineage
Zindagi Na Milegi Dobara,2011,,,0,,,film_lineage
Barfi!,2012,,,0,,,film_lineage
Bhaag Milkha Bhaag,2013,,,0,,,film_lineage
Queen,2014,,,0,,,film_lineage
Bajirao Mastani,2015,,,0,,,film_lineage
Dangal,2016,,,0,,,film_lineage
Hindi Medium,2017,,,0,,,film_lineage
Raazi,2018,,,0,,,film_lineage
Gully Boy,2019,,,0,,,film_lineage
Thappad,2020,,,0,,,film_lineage
Shershaah,2021,,,0,,,film_lineage
Gangubai Kathiawadi,2022,,,0,,,film_lineage
12th Fail,2023,,,0,,,film_lineage
Laapataa Ladies,2024,,,0,,,film_lineage
The Scarecrow,1984,,,0,,,film_lineage
The Flight in the Night,1986,,,0,,,film_lineage
Eye of the Hurricane,1988,,,0,,,film_lineage
The Immigrant,1989,,,0,,,film_lineage
Apartment No.13,1990,,,0,,,film_lineage
The Need,1991,,,0,,,film_lineage
From Karkheh to Rhein,1992,,,0,,,film_lineage
The Fateful Day,1994,,,0,,,film_lineage
The Father,1995,,,0,,,film_lineage
Children of Heaven,1996,,,0,,,film_lineage
The Glass Agency,1997,,,0,,,film_lineage
Heeva,1998,,,0,,,film_lineage
"Smell of Camphor, Scent of Jasmine",1999,,,0,,,film_lineage
Baran,2000,,,0,,,film_lineage
A House Built on Water,2001,,,0,,,film_lineage
The Insane Flew Away,2002,,,0,,,film_lineage
Mum's Guest,2003,,,0,,,film_lineage
So Close So Far,2004,,,0,,,film_lineage
In the Name of the Father,2005,,,0,,,film_lineage
The Third Day,2006,,,0,,,film_lineage
As Simple as That,2007,,,0,,,film_lineage
Doubt,2008,,,0,,,film_lineage
In Amethyst Color,2009,,,0,,,film_lineage
Crime,2010,,,0,,,film_lineage
Give Back,2012,,,0,,,film_lineage
Hussein Who Said No,2013,,,0,,,film_lineage
Crazy Rook,2014,,,0,,,film_lineage
Standing in the Dust,2015,,,0,,,film_lineage
Midday Adventures,2016,,,0,,,film_lineage
The Lost Strait,2017,,,0,,,film_lineage
When the Moon Was Full,2018,,,0,,,film_lineage
The Sun,2019,,,0,,,film_lineage
Yadoo,2020,,,0,,,film_lineage
The Situation of Mehdi,2021,,,0,,,film_lineage
Metropol Cinema,2022,,,0,,,film_lineage
Majnoon,2023,,,0,,,film_lineage
Los sonambulos,2019,,,0,,,film_lineage
El Angel,2018,,,0,,,film_lineage
La luz incidente,2016,,,0,,,film_lineage
El patron: radiografia de un crimen,2015,,,0,,,film_lineage
Refugiado,2014,,,0,,,film_lineage
Wakolda,2013,,,0,,,film_lineage
Infancia clandestina,2012,,,0,,,film_lineage
Las acacias,2011,,,0,,,film_lineage
Carancho,2010,,,0,,,film_lineage
El secreto de sus ojos,2009,,,0,,,film_lineage
Aniceto,2008,,,0,,,film_lineage
XXY,2007,,,0,,,film_lineage
Cronica de una fuga,2006,,,0,,,film_lineage
El aura,2005,,,0,,,film_lineage
Roma,2004,,,0,,,film_lineage
Valentin,2002,,,0,,,film_lineage
Historias minimas,2002,,,0,,,film_lineage
El hijo de la novia,2001,,,0,,,film_lineage
Nueve reinas,2000,,,0,,,film_lineage
"El mismo amor, la misma lluvia",1999,,,0,,,film_lineage
"Pizza, birra, faso",1998,,,0,,,film_lineage
Buenos Aires Vice Versa,1996,,,0,,,film_lineage
Sol de otono,1996,,,0,,,film_lineage
Casas de fuego,1995,,,0,,,film_lineage
Cortazar,1994,,,0,,,film_lineage
"Gatica, el mono",1993,,,0,,,film_lineage
Un lugar en el mundo,1992,,,0,,,film_lineage
Despues de la tormenta,1991,,,0,,,film_lineage
Ultimas imagenes del naufragio,1989,,,0,,,film_lineage
La ciudad oculta,1989,,,0,,,film_lineage
Veronico Cruz: La deuda interna,1988,,,0,,,film_lineage
Hombre mirando al sudeste,1986,,,0,,,film_lineage
El exilio de Gardel (Tangos),1986,,,0,,,film_lineage
La historia oficial,1985,,,0,,,film_lineage
Darse cuenta,1984,,,0,,,film_lineage
Plata dulce,1982,,,0,,,film_lineage
Tiempo de revancha,1981,,,0,,,film_lineage
El infierno tan temido,1980,,,0,,,film_lineage
Juan Moreira,1973,,,0,,,film_lineage
Las Venganzas de Beto Sanchez,1973,,,0,,,film_lineage
La maffia,1972,,,0,,,film_lineage
Nosotros los monos,1971,,,0,,,film_lineage
La valija,1971,,,0,,,film_lineage
Juan Lamaglia y senora,1970,,,0,,,film_lineage
Don Segundo Sombra,1969,,,0,,,film_lineage
Martin Fierro,1968,,,0,,,film_lineage
El Romance del Aniceto y la Francisca,1967,,,0,,,film_lineage
Del brazo y por la calle,1966,,,0,,,film_lineage
Cronica de un nino solo,1965,,,0,,,film_lineage
Los evadidos,1964,,,0,,,film_lineage
Paula cautiva,1963,,,0,,,film_lineage
Los Jovenes viejos,1962,,,0,,,film_lineage
Alias Gardelito,1961,,,0,,,film_lineage
Shunko,1960,,,0,,,film_lineage
La caida,1959,,,0,,,film_lineage
El jefe,1958,,,0,,,film_lineage
Los tallos amargos,1956,,,0,,,film_lineage
La Quintrala,1955,,,0,,,film_lineage
Barrio gris,1954,,,0,,,film_lineage
Caballito criollo,1953,,,0,,,film_lineage
Las aguas bajan turbias,1952,,,0,,,film_lineage
Los isleros,1951,,,0,,,film_lineage
Escuela de campeones,1950,,,0,,,film_lineage
Almafuerte,1949,,,0,,,film_lineage
Dios se lo pague,1948,,,0,,,film_lineage
Albeniz,1947,,,0,,,film_lineage
Celos,1946,,,0,,,film_lineage
La dama duende,1945,,,0,,,film_lineage
Su mejor alumno,1944,,,0,,,film_lineage
Juvenilia,1943,,,0,,,film_lineage
La guerra gaucha,1942,,,0,,,film_lineage
Jack and Jill: A Postscript,1969,,,0,,,film_lineage
Three to Go: Michael,1970,,,0,,,film_lineage
Homesdale,1971,,,0,,,film_lineage
Stork,1972,,,0,,,film_lineage
27A,1973,,,0,,,film_lineage
Libido: The Child,1973,,,0,,,film_lineage
Sunday Too Far Away,1975,,,0,,,film_lineage
The Devil's Playground,1976,,,0,,,film_lineage
Storm Boy,1977,,,0,,,film_lineage
Newsfront,1978,,,0,,,film_lineage
My Brilliant Career,1979,,,0,,,film_lineage
Breaker Morant,1980,,,0,,,film_lineage
Gallipoli,1981,,,0,,,film_lineage
Lonely Hearts,1982,,,0,,,film_lineage
Careful He Might Hear You,1983,,,0,,,film_lineage
Annie's Coming Out,1984,,,0,,,film_lineage
Bliss,1985,,,0,,,film_lineage
Malcolm,1986,,,0,,,film_lineage
The Year My Voice Broke,1987,,,0,,,film_lineage
The Navigator: A Medieval Odyssey,1988,,,0,,,film_lineage
Evil Angels,1989,,,0,,,film_lineage
Flirting,1990,,,0,,,film_lineage
Proof,1991,,,0,,,film_lineage
Muriel's Wedding,1994,,,0,,,film_lineage
Angel Baby,1995,,,0,,,film_lineage
Kiss or Kill,1997,,,0,,,film_lineage
The Interview,1998,,,0,,,film_lineage
Two Hands,1999,,,0,,,film_lineage
Looking for Alibrandi,2000,,,0,,,film_lineage
Lantana,2001,,,0,,,film_lineage
Rabbit-Proof Fence,2002,,,0,,,film_lineage
Japanese Story,2003,,,0,,,film_lineage
Somersault,2004,,,0,,,film_lineage
Look Both Ways,2005,,,0,,,film_lineage
Ten Canoes,2006,,,0,,,film_lineage
Romulus My Father,2007,,,0,,,film_lineage
The Black Balloon,2008,,,0,,,film_lineage
Samson and Delilah,2009,,,0,,,film_lineage
Animal Kingdom,2010,,,0,,,film_lineage
Red Dog,2011,,,0,,,film_lineage
The Sapphires,2012,,,0,,,film_lineage
The Great Gatsby,2013,,,0,,,film_lineage
Hacksaw Ridge,2016,,,0,,,film_lineage
Lion,2017,,,0,,,film_lineage
Sweet Country,2018,,,0,,,film_lineage
The Nightingale,2019,,,0,,,film_lineage
Babyteeth,2020,,,0,,,film_lineage
Elvis,2022,,,0,,,film_lineage
Talk to Me,2023,,,0,,,film_lineage
Better Man,2024,,,0,,,film_lineage
The Loon's Necklace,1948,,,0,,,film_lineage
Newfoundland Scene,1951,,,0,,,film_lineage
Tit-Coq,1952,,,0,,,film_lineage
The Seasons,1953,,,0,,,film_lineage
The Stratford Adventure,1954,,,0,,,film_lineage
City of Gold,1957,,,0,,,film_lineage
Universe,1960,,,0,,,film_lineage
Lonely Boy,1962,,,0,,,film_lineage
Pour la suite du monde,1963,,,0,,,film_lineage
The Mills of the Gods: Viet Nam,1965,,,0,,,film_lineage
Warrendale,1966,,,0,,,film_lineage
A Place to Stand,1967,,,0,,,film_lineage
The Best Damn Fiddler from Calabogie to Kaladar,1968,,,0,,,film_lineage
To See Or Not to See (Psychocratie),1969,,,0,,,film_lineage
The Apprenticeship of Duddy Kravitz,1973,,,0,,,film_lineage
Orders (Les Ordres),1974,,,0,,,film_lineage
Lies My Father Told Me,1975,,,0,,,film_lineage
J.A. Martin Photographer (J.A. Martin photographe),1976,,,0,,,film_lineage
The Silent Partner,1977,,,0,,,film_lineage
The Changeling,1979,,,0,,,film_lineage
Good Riddance (Les Bons debarras),1980,,,0,,,film_lineage
Ticket to Heaven,1981,,,0,,,film_lineage
The Grey Fox,1982,,,0,,,film_lineage
The Terry Fox Story,1983,,,0,,,film_lineage
The Bay Boy,1984,,,0,,,film_lineage
My American Cousin,1985,,,0,,,film_lineage
The Decline of the American Empire (Le Declin de l'empire americain),1986,,,0,,,film_lineage
Night Zoo (Un Zoo la nuit),1987,,,0,,,film_lineage
Jesus of Montreal (Jesus de Montreal),1989,,,0,,,film_lineage
Black Robe,1990,,,0,,,film_lineage
Naked Lunch,1991,,,0,,,film_lineage
Thirty Two Short Films About Glenn Gould,1992,,,0,,,film_lineage
Exotica,1993,,,0,,,film_lineage
The Confessional (Le Confessionnal),1994,,,0,,,film_lineage
Lilies (Les feluettes),1995,,,0,,,film_lineage
The Sweet Hereafter,1996,,,0,,,film_lineage
The Red Violin (Le Violon rouge),1997,,,0,,,film_lineage
Sunshine,1998,,,0,,,film_lineage
Maelstrom,1999,,,0,,,film_lineage
Atanarjuat: The Fast Runner,2000,,,0,,,film_lineage
Ararat,2001,,,0,,,film_lineage
The Barbarian Invasions (Les Invasions barbares),2002,,,0,,,film_lineage
The Triplets of Belleville (Les Triplettes de Belleville),2003,,,0,,,film_lineage
C.R.A.Z.Y.,2004,,,0,,,film_lineage
Bon Cop Bad Cop,2005,,,0,,,film_lineage
Passchendaele,2007,,,0,,,film_lineage
Polytechnique,2008,,,0,,,film_lineage
Incendies,2009,,,0,,,film_lineage
Monsieur Lazhar,2010,,,0,,,film_lineage
War Witch (Rebelle),2012,,,0,,,film_lineage
Gabrielle,2013,,,0,,,film_lineage
It's Only the End of the World (Juste la fin du monde),2016,,,0,,,film_lineage
Maudie,2017,,,0,,,film_lineage
A Colony (Une colonie),2018,,,0,,,film_lineage
Antigone,2019,,,0,,,film_lineage
Beans,2020,,,0,,,film_lineage
Scarborough,2021,,,0,,,film_lineage
Brother,2022,,,0,,,film_lineage
BlackBerry,2023,,,0,,,film_lineage
Nirvanna the Band the Show the Movie,2025,,,0,,,film_lineage
The Cold Summer of 1953,1988,,,0,,,film_lineage
Ashik Kerib,1988,,,0,,,film_lineage
The Asthenic Syndrome,1989,,,0,,,film_lineage
Promised Heaven,1991,,,0,,,film_lineage
Encore Once More Encore,1992,,,0,,,film_lineage
Makarov,1993,,,0,,,film_lineage
Passions,1994,,,0,,,film_lineage
Peculiarities of the National Hunt,1995,,,0,,,film_lineage
The Thief,1997,,,0,,,film_lineage
Of Freaks and Men,1998,,,0,,,film_lineage
Khrustalyov My Car,1998,,,0,,,film_lineage
His Wife's Diary,2000,,,0,,,film_lineage
Taurus,2001,,,0,,,film_lineage
The Cuckoo,2002,,,0,,,film_lineage
Our Own,2004,,,0,,,film_lineage
The 9th Company,2005,,,0,,,film_lineage
The Island,2006,,,0,,,film_lineage
Mongol,2007,,,0,,,film_lineage
Hipsters,2008,,,0,,,film_lineage
Room and a Half,2009,,,0,,,film_lineage
The Edge,2010,,,0,,,film_lineage
Once Upon a Time There Lived a Simple Woman,2011,,,0,,,film_lineage
The Geographer Drank His Globe Away,2013,,,0,,,film_lineage
Hard to Be a God,2013,,,0,,,film_lineage
My Good Hans,2015,,,0,,,film_lineage
Paradise,2016,,,0,,,film_lineage
Arrhythmia,2017,,,0,,,film_lineage
Anna's War,2018,,,0,,,film_lineage
A Frenchman,2019,,,0,,,film_lineage
Dear Comrades,2020,,,0,,,film_lineage
The Righteous,2023,,,0,,,film_lineage
72 Meters,2004,,,0,,,film_lineage
12,2007,,,0,,,film_lineage
Wild Field,2008,,,0,,,film_lineage
Stilyagi,2008,,,0,,,film_lineage
How I Ended This Summer,2010,,,0,,,film_lineage
Elena,2011,,,0,,,film_lineage
White Tiger,2012,,,0,,,film_lineage
Legend No. 17,2013,,,0,,,film_lineage
Sunstroke,2014,,,0,,,film_lineage
About Love,2015,,,0,,,film_lineage
Salyut 7,2017,,,0,,,film_lineage
Text,2019,,,0,,,film_lineage
A Siege Diary,2020,,,0,,,film_lineage
The Silver Skates,2020,,,0,,,film_lineage
Champion of the World,2021,,,0,,,film_lineage
Three Minutes of Silence,2023,,,0,,,film_lineage
Air,2023,,,0,,,film_lineage
Evening Rain,1980,,,0,,,film_lineage
Legend of Tianyun Mountain,1980,,,0,,,film_lineage
Neighbor,1981,,,0,,,film_lineage
At Middle Age,1982,,,0,,,film_lineage
Rickshaw Boy,1982,,,0,,,film_lineage
Voice From Hometown,1983,,,0,,,film_lineage
The Girl in Red,1985,,,0,,,film_lineage
In the Wild Mountains,1985,,,0,,,film_lineage
Hibiscus Town,1986,,,0,,,film_lineage
Dr. Sun Yat-sen,1986,,,0,,,film_lineage
Old Well,1987,,,0,,,film_lineage
The Birth of New China,1989,,,0,,,film_lineage
Jiao Yulu,1990,,,0,,,film_lineage
Decisive Engagement The Liaoxi-Shenyang Campaign,1991,,,0,,,film_lineage
Country Teachers,1993,,,0,,,film_lineage
The Accused Uncle Shangang,1994,,,0,,,film_lineage
Red Cherry,1995,,,0,,,film_lineage
The Opium War,1997,,,0,,,film_lineage
Settlement,1997,,,0,,,film_lineage
Postmen in the Mountains,1999,,,0,,,film_lineage
Fatal Decision,2000,,,0,,,film_lineage
Roaring Across the Horizon,1999,,,0,,,film_lineage
The Road Home,1999,,,0,,,film_lineage
Mao Zedong in 1925,2001,,,0,,,film_lineage
Pretty Big Feet,2002,,,0,,,film_lineage
Charging Out Amazon,2002,,,0,,,film_lineage
The River Wild,2003,,,0,,,film_lineage
Nuan,2003,,,0,,,film_lineage
Shanghai Story,2004,,,0,,,film_lineage
On the Mountain of Tai Hang,2005,,,0,,,film_lineage
Kekexili Mountain Patrol,2004,,,0,,,film_lineage
The Knot,2006,,,0,,,film_lineage
Assembly,2007,,,0,,,film_lineage
Forever Enthralled,2008,,,0,,,film_lineage
The Space Dream,2011,,,0,,,film_lineage
The Story of Zhou Enlai,2013,,,0,,,film_lineage
American Dreams in China,2013,,,0,,,film_lineage
Wolf Totem,2015,,,0,,,film_lineage
Operation Mekong,2016,,,0,,,film_lineage
The Wandering Earth,2019,,,0,,,film_lineage
Leap,2020,,,0,,,film_lineage
Island Keeper,2021,,,0,,,film_lineage
The Battle at Lake Changjin,2021,,,0,,,film_lineage
Creation of the Gods I Kingdom of Storms,2023,,,0,,,film_lineage
Article 20,2024,,,0,,,film_lineage
Her Story,2024,,,0,,,film_lineage
Two Times Lotte,1950,,,0,,,film_lineage
Nights on the Road,1952,,,0,,,film_lineage
No Way Back,1953,,,0,,,film_lineage
Canaris,1954,,,0,,,film_lineage
The Captain from Koepenick,1956,,,0,,,film_lineage
The Devil Strikes at Night,1957,,,0,,,film_lineage
Arms and the Man,1958,,,0,,,film_lineage
The Bridge,1959,,,0,,,film_lineage
The Bread of Those Early Years,1962,,,0,,,film_lineage
The Endless Night,1963,,,0,,,film_lineage
The Lightship,1963,,,0,,,film_lineage
The River Line,1964,,,0,,,film_lineage
The House in Karp Lane,1965,,,0,,,film_lineage
Young Toerless,1966,,,0,,,film_lineage
Yesterday Girl,1966,,,0,,,film_lineage
Tattoo,1967,,,0,,,film_lineage
Malatesta,1970,,,0,,,film_lineage
First Love,1970,,,0,,,film_lineage
Lenz,1971,,,0,,,film_lineage
Trotta,1971,,,0,,,film_lineage
Ludwig Requiem for a Virgin King,1972,,,0,,,film_lineage
The Experts,1973,,,0,,,film_lineage
The Pedestrian,1973,,,0,,,film_lineage
Lina Braake,1975,,,0,,,film_lineage
Calm Prevails Over the Country,1975,,,0,,,film_lineage
Heinrich,1977,,,0,,,film_lineage
The Glass Cell,1978,,,0,,,film_lineage
The Last Years of Childhood,1979,,,0,,,film_lineage
A Lot of Bills to Pay,1981,,,0,,,film_lineage
Marianne and Juliane,1981,,,0,,,film_lineage
Where the Green Ants Dream,1984,,,0,,,film_lineage
Rosa Luxemburg,1986,,,0,,,film_lineage
Yasemin,1988,,,0,,,film_lineage
Last Exit to Brooklyn,1989,,,0,,,film_lineage
Malina,1991,,,0,,,film_lineage
Schtonk,1992,,,0,,,film_lineage
Kaspar Hauser,1993,,,0,,,film_lineage
Maybe Maybe Not,1994,,,0,,,film_lineage
Deathmaker,1995,,,0,,,film_lineage
Rossini,1997,,,0,,,film_lineage
The Harmonists,1997,,,0,,,film_lineage
Run Lola Run,1998,,,0,,,film_lineage
No Place to Go,2000,,,0,,,film_lineage
The State I Am In,2000,,,0,,,film_lineage
Nowhere in Africa,2001,,,0,,,film_lineage
Good Bye Lenin,2003,,,0,,,film_lineage
Go for Zucker,2004,,,0,,,film_lineage
Four Minutes,2006,,,0,,,film_lineage
John Rabe,2009,,,0,,,film_lineage
Vincent Wants to Sea,2010,,,0,,,film_lineage
Stopped on Track,2011,,,0,,,film_lineage
A Coffee in Berlin,2012,,,0,,,film_lineage
Home from Home,2013,,,0,,,film_lineage
Victoria,2015,,,0,,,film_lineage
The People vs. Fritz Bauer,2015,,,0,,,film_lineage
3 Days in Quiberon,2018,,,0,,,film_lineage
Gundermann,2018,,,0,,,film_lineage
System Crasher,2019,,,0,,,film_lineage
I'm Your Man,2021,,,0,,,film_lineage
Dear Thomas,2021,,,0,,,film_lineage
The Teachers' Lounge,2023,,,0,,,film_lineage
Dying,2024,,,0,,,film_lineage
September 5,2024,,,0,,,film_lineage
The Silence,1963,,,0,,,film_lineage
Swedish Wedding Night,1964,,,0,,,film_lineage
Heja Roland,1965,,,0,,,film_lineage
Hugo and Josephine,1967,,,0,,,film_lineage
The White Game,1968,,,0,,,film_lineage
A Swedish Love Story,1970,,,0,,,film_lineage
Mistreatment,1969,,,0,,,film_lineage
The Emigrants,1971,,,0,,,film_lineage
The Apple War,1971,,,0,,,film_lineage
A Handful of Love,1974,,,0,,,film_lineage
The Last Adventure,1974,,,0,,,film_lineage
Release the Prisoners to Spring,1975,,,0,,,film_lineage
The Man on the Roof,1976,,,0,,,film_lineage
The Adventures of Picasso,1978,,,0,,,film_lineage
A Respectable Life,1979,,,0,,,film_lineage
To Be a Millionaire,1980,,,0,,,film_lineage
Children's Island,1980,,,0,,,film_lineage
The Simple-Minded Murderer,1982,,,0,,,film_lineage
Beyond Sorrow Beyond Pain,1983,,,0,,,film_lineage
Katinka,1988,,,0,,,film_lineage
Back to Ararat,1988,,,0,,,film_lineage
The Miracle in Valby,1989,,,0,,,film_lineage
Good Evening Mr. Wallenberg,1990,,,0,,,film_lineage
Il Capitano A Swedish Requiem,1991,,,0,,,film_lineage
House of Angels,1992,,,0,,,film_lineage
The Slingshot,1993,,,0,,,film_lineage
A Pizza in Jordbro,1994,,,0,,,film_lineage
All Things Fair,1995,,,0,,,film_lineage
Hamsun,1996,,,0,,,film_lineage
Tic Tac,1997,,,0,,,film_lineage
Show Me Love,1998,,,0,,,film_lineage
Tsatsiki morsan och polisen,1999,,,0,,,film_lineage
As White as in Snow,2001,,,0,,,film_lineage
Lilya 4-ever,2002,,,0,,,film_lineage
Evil,2003,,,0,,,film_lineage
Dalecarlians,2004,,,0,,,film_lineage
Nina's Journey,2005,,,0,,,film_lineage
Kidz in da Hood,2006,,,0,,,film_lineage
Everlasting Moments,2008,,,0,,,film_lineage
The Girl with the Dragon Tattoo,2009,,,0,,,film_lineage
Sebbe,2010,,,0,,,film_lineage
She Monkeys,2011,,,0,,,film_lineage
Eat Sleep Die,2012,,,0,,,film_lineage
The Reunion,2013,,,0,,,film_lineage
The Here After,2015,,,0,,,film_lineage
The Giant,2016,,,0,,,film_lineage
The Nile Hilton Incident,2017,,,0,,,film_lineage
And Then We Danced,2019,,,0,,,film_lineage
Spring Uje spring,2020,,,0,,,film_lineage
Clara Sola,2021,,,0,,,film_lineage
Paradise Is Burning,2023,,,0,,,film_lineage
Crossing,2024,,,0,,,film_lineage
History of Cinema in Popielawy,1998,,,0,,,film_lineage
The Debt,1999,,,0,,,film_lineage
Life as a Fatal Sexually Transmitted Disease,2000,,,0,,,film_lineage
Hi Tereska,2001,,,0,,,film_lineage
Squint Your Eyes,2003,,,0,,,film_lineage
The Wedding,2004,,,0,,,film_lineage
The Collector,2005,,,0,,,film_lineage
Saviour Square,2006,,,0,,,film_lineage
Katyn,2007,,,0,,,film_lineage
33 Scenes from Life,2008,,,0,,,film_lineage
Reverse,2009,,,0,,,film_lineage
Essential Killing,2010,,,0,,,film_lineage
Rose,2011,,,0,,,film_lineage
Manhunt,2012,,,0,,,film_lineage
Gods,2014,,,0,,,film_lineage
Body,2015,,,0,,,film_lineage
Volhynia,2016,,,0,,,film_lineage
Silent Night,2017,,,0,,,film_lineage
Kill It and Leave This Town,2019,,,0,,,film_lineage
Quo Vadis Aida,2020,,,0,,,film_lineage
EO,2022,,,0,,,film_lineage
The Girl with the Needle,2024,,,0,,,film_lineage
Home Sweet Home,2025,,,0,,,film_lineage
Jenny and the Soldier,1947,,,0,,,film_lineage
The Viking Watch of the Danish Seaman,1948,,,0,,,film_lineage
Susanne,1950,,,0,,,film_lineage
Cafe Paradis,1950,,,0,,,film_lineage
Det Sande Ansigt,1951,,,0,,,film_lineage
Adam and Eve,1953,,,0,,,film_lineage
Farlig Ungdom,1953,,,0,,,film_lineage
Der kom en dag,1955,,,0,,,film_lineage
Pa tro og love,1955,,,0,,,film_lineage
Be Dear to Me,1957,,,0,,,film_lineage
Bundfald,1957,,,0,,,film_lineage
A Stranger Knocks,1959,,,0,,,film_lineage
Vi er allesammen tossede,1959,,,0,,,film_lineage
The Last Winter,1960,,,0,,,film_lineage
Harry and the Butler,1961,,,0,,,film_lineage
Weekend,1962,,,0,,,film_lineage
Street Without End,1964,,,0,,,film_lineage
Strike First Freddy,1965,,,0,,,film_lineage
Hunger,1966,,,0,,,film_lineage
People Meet and Sweet Music Fills the Heart,1967,,,0,,,film_lineage
Ballad of Carl-Henning,1969,,,0,,,film_lineage
Jazz All Around,1969,,,0,,,film_lineage
Ang. Lone,1970,,,0,,,film_lineage
The Missing Clerk,1971,,,0,,,film_lineage
The Escape,1973,,,0,,,film_lineage
Lars-Ole 5.c,1973,,,0,,,film_lineage
That Brief Summer,1976,,,0,,,film_lineage
Boys,1977,,,0,,,film_lineage
Me and Charly,1978,,,0,,,film_lineage
In My Life,1978,,,0,,,film_lineage
Johnny Larsen,1979,,,0,,,film_lineage
Jeppe pa bjerget,1981,,,0,,,film_lineage
Rubber Tarzan,1981,,,0,,,film_lineage
Der er et yndigt land,1983,,,0,,,film_lineage
Beauty and the Beast,1983,,,0,,,film_lineage
The Dark Side of the Moon,1986,,,0,,,film_lineage
Coeurs flambes,1986,,,0,,,film_lineage
Emma's Shadow,1988,,,0,,,film_lineage
Waltzing Regitze,1989,,,0,,,film_lineage
Dance of the Polar Bears,1990,,,0,,,film_lineage
Europa,1991,,,0,,,film_lineage
Pain of Love,1992,,,0,,,film_lineage
Fish Out of Water,1993,,,0,,,film_lineage
The Kingdom,1994,,,0,,,film_lineage
The Beast Within,1995,,,0,,,film_lineage
Let's Get Lost,1997,,,0,,,film_lineage
The One and Only,1999,,,0,,,film_lineage
The Bench,2000,,,0,,,film_lineage
Kira's Reason A Love Story,2001,,,0,,,film_lineage
Open Hearts,2002,,,0,,,film_lineage
King's Game,2004,,,0,,,film_lineage
Manslaughter,2005,,,0,,,film_lineage
A Soap,2006,,,0,,,film_lineage
The Art of Crying,2006,,,0,,,film_lineage
Antichrist,2009,,,0,,,film_lineage
R,2010,,,0,,,film_lineage
A Hijacking,2012,,,0,,,film_lineage
Silent Heart,2014,,,0,,,film_lineage
Land of Mine,2015,,,0,,,film_lineage
In the Blood,2016,,,0,,,film_lineage
Holiday,2018,,,0,,,film_lineage
Queen of Hearts,2019,,,0,,,film_lineage
Hvor kragerne vender,2021,,,0,,,film_lineage
Resten af livet,2022,,,0,,,film_lineage
Apollo 13,1995,,,0,,,film_lineage
The Big Short,2015,,,0,,,film_lineage
The Birdcage,1996,,,0,,,film_lineage
Gosford Park,2001,,,0,,,film_lineage
Crash,2004,,,0,,,film_lineage
The Help,2011,,,0,,,film_lineage
Hidden Figures,2016,,,0,,,film_lineage
The Trial of the Chicago 7,2020,,,0,,,film_lineage
Sinners,2025,,,0,,,film_lineage
Half Nelson,2006,,,0,,,film_lineage
Into the Wild,2007,,,0,,,film_lineage
Beginners,2011,,,0,,,film_lineage
Marriage Story,2019,,,0,,,film_lineage
A Different Man,2024,,,0,,,film_lineage
Mystery,2012,,,0,,,film_lineage
Youth,2017,,,0,,,film_lineage
All About Eve,1951,,,0,,,film_lineage
Knave of Hearts,1954,,,0,,,film_lineage
Lost Continent,1955,,,0,,,film_lineage
The Mystery of Picasso,1956,,,0,,,film_lineage
Kanał,1957,,,0,,,film_lineage
Stars,1959,,,0,,,film_lineage
Odd Obsession,1960,,,0,,,film_lineage
Mother Joan of the Angels,1961,,,0,,,film_lineage
The Trial of Joan of Arc,1962,,,0,,,film_lineage
The Cassandra Cat,1963,,,0,,,film_lineage
Kwaidan,1965,,,0,,,film_lineage
The Falcons,1970,,,0,,,film_lineage
The Strawberry Statement,1970,,,0,,,film_lineage
Joe Hill,1971,,,0,,,film_lineage
Love,1971,,,0,,,film_lineage
Slaughterhouse-Five,1972,,,0,,,film_lineage
The Hourglass Sanatorium,1973,,,0,,,film_lineage
The Invitation,1973,,,0,,,film_lineage
The Constant Factor,1980,,,0,,,film_lineage
Kharij,1983,,,0,,,film_lineage
Shinran: Path to Purity,1987,,,0,,,film_lineage
Jesus of Montreal,1989,,,0,,,film_lineage
Hidden Agenda,1990,,,0,,,film_lineage
Out of Life,1991,,,0,,,film_lineage
Dream of Light,1992,,,0,,,film_lineage
An Independent Life,1992,,,0,,,film_lineage
Raining Stones,1993,,,0,,,film_lineage
La Reine Margot,1994,,,0,,,film_lineage
Don't Forget You're Going to Die,1995,,,0,,,film_lineage
Carrington,1995,,,0,,,film_lineage
Class Trip,1998,,,0,,,film_lineage
Blackboards,2000,,,0,,,film_lineage
At Five in the Afternoon,2003,,,0,,,film_lineage
The Ladykillers,2004,,,0,,,film_lineage
Shanghai Dreams,2005,,,0,,,film_lineage
A Screaming Man,2010,,,0,,,film_lineage
Polisse,2011,,,0,,,film_lineage
The Angels' Share,2012,,,0,,,film_lineage
Like Father Like Son,2013,,,0,,,film_lineage
The Lobster,2015,,,0,,,film_lineage
Memoria,2021,,,0,,,film_lineage
Sirāt,2025,,,0,,,film_lineage
Sound of Falling,2025,,,0,,,film_lineage
The Dreamed Adventure,2026,,,0,,,film_lineage
Lost Boundaries,1949,,,0,,,film_lineage
The Browning Version,1951,,,0,,,film_lineage
Young Husbands,1958,,,0,,,film_lineage
Codine,1963,,,0,,,film_lineage
The Hill,1965,,,0,,,film_lineage
The 317th Platoon,1965,,,0,,,film_lineage
The Killing Game,1967,,,0,,,film_lineage
We Still Kill the Old Way,1967,,,0,,,film_lineage
The Sugarland Express,1974,,,0,,,film_lineage
La Terrazza,1980,,,0,,,film_lineage
Moonlighting,1982,,,0,,,film_lineage
Voyage to Cythera,1984,,,0,,,film_lineage
Grosse fatigue,1994,,,0,,,film_lineage
A Self Made Hero,1996,,,0,,,film_lineage
The Ice Storm,1997,,,0,,,film_lineage
Henry Fool,1998,,,0,,,film_lineage
Moloch,1999,,,0,,,film_lineage
Nurse Betty,2000,,,0,,,film_lineage
Sweet Sixteen,2002,,,0,,,film_lineage
Look at Me,2004,,,0,,,film_lineage
The Three Burials of Melquiades Estrada,2005,,,0,,,film_lineage
Lorna's Silence,2008,,,0,,,film_lineage
Spring Fever,2009,,,0,,,film_lineage
Footnote,2011,,,0,,,film_lineage
Chronic,2015,,,0,,,film_lineage
The Killing of a Sacred Deer,2017,,,0,,,film_lineage
You Were Never Really Here,2017,,,0,,,film_lineage
3 Faces,2018,,,0,,,film_lineage
Boy from Heaven,2022,,,0,,,film_lineage
Monster,2023,,,0,,,film_lineage
The Substance,2024,,,0,,,film_lineage
Young Mothers,2025,,,0,,,film_lineage
A Man of His Time,2026,,,0,,,film_lineage
The Lost Weekend,1946,,,0,,,film_lineage
House of Strangers,1949,,,0,,,film_lineage
Viva Zapata!,1952,,,0,,,film_lineage
Bad Day at Black Rock,1955,,,0,,,film_lineage
A Big Family,1955,,,0,,,film_lineage
Valley of Peace,1957,,,0,,,film_lineage
The Long Hot Summer,1958,,,0,,,film_lineage
Compulsion,1959,,,0,,,film_lineage
Goodbye Again,1961,,,0,,,film_lineage
A Taste of Honey,1962,,,0,,,film_lineage
Long Day's Journey into Night,1962,,,0,,,film_lineage
Drama of the Lark,1964,,,0,,,film_lineage
Seduced and Abandoned,1964,,,0,,,film_lineage
The Collector,1965,,,0,,,film_lineage
Three Days and a Child,1967,,,0,,,film_lineage
The Pizza Triangle,1970,,,0,,,film_lineage
Sacco & Vanzetti,1971,,,0,,,film_lineage
We Won't Grow Old Together,1972,,,0,,,film_lineage
Love and Anarchy,1973,,,0,,,film_lineage
The Last Detail,1974,,,0,,,film_lineage
Scent of a Woman,1974,,,0,,,film_lineage
Pascual Duarte,1976,,,0,,,film_lineage
Elisa vida mía,1977,,,0,,,film_lineage
The China Syndrome,1979,,,0,,,film_lineage
Dear Father,1979,,,0,,,film_lineage
A Leap in the Dark,1980,,,0,,,film_lineage
Tragedy of a Ridiculous Man,1981,,,0,,,film_lineage
The Death of Mario Ricci,1983,,,0,,,film_lineage
The Holy Innocents,1984,,,0,,,film_lineage
Kiss of the Spider Woman,1985,,,0,,,film_lineage
Evening Dress,1986,,,0,,,film_lineage
Dark Eyes,1987,,,0,,,film_lineage
Jungle Fever,1991,,,0,,,film_lineage
The Eighth Day,1996,,,0,,,film_lineage
She's So Lovely,1997,,,0,,,film_lineage
Humanité,1999,,,0,,,film_lineage
Uzak,2003,,,0,,,film_lineage
Days of Glory,2006,,,0,,,film_lineage
The Banishment,2007,,,0,,,film_lineage
Che,2008,,,0,,,film_lineage
Biutiful,2010,,,0,,,film_lineage
La nostra vita,2010,,,0,,,film_lineage
The Measure of a Man,2015,,,0,,,film_lineage
Broker,2022,,,0,,,film_lineage
Perfect Days,2023,,,0,,,film_lineage
Kinds of Kindness,2024,,,0,,,film_lineage
Coward,2026,,,0,,,film_lineage
Pastoral Symphony,1946,,,0,,,film_lineage
Detective Story,1951,,,0,,,film_lineage
I'll Cry Tomorrow,1956,,,0,,,film_lineage
Brink of Life,1958,,,0,,,film_lineage
Never on Sunday,1960,,,0,,,film_lineage
Seven Days... Seven Nights,1960,,,0,,,film_lineage
Two Women,1961,,,0,,,film_lineage
The Conjugal Bed,1963,,,0,,,film_lineage
The Pumpkin Eater,1964,,,0,,,film_lineage
One Potato Two Potato,1964,,,0,,,film_lineage
Morgan – A Suitable Case for Treatment,1966,,,0,,,film_lineage
Elvira Madigan,1967,,,0,,,film_lineage
Isadora,1969,,,0,,,film_lineage
Metello,1970,,,0,,,film_lineage
The Panic in Needle Park,1971,,,0,,,film_lineage
Images,1972,,,0,,,film_lineage
The Effect of Gamma Rays on Man-in-the-Moon Marigolds,1973,,,0,,,film_lineage
Violins at the Ball,1974,,,0,,,film_lineage
Lenny,1975,,,0,,,film_lineage
The Inheritance,1976,,,0,,,film_lineage
Mrs. Dery Where Are You?,1976,,,0,,,film_lineage
J.A. Martin Photographer,1977,,,0,,,film_lineage
An Unmarried Woman,1978,,,0,,,film_lineage
Violette Nozière,1978,,,0,,,film_lineage
Norma Rae,1979,,,0,,,film_lineage
Woyzeck,1979,,,0,,,film_lineage
Special Treatment,1980,,,0,,,film_lineage
Quartet,1981,,,0,,,film_lineage
Faktas,1981,,,0,,,film_lineage
Another Way,1982,,,0,,,film_lineage
The Story of Piera,1983,,,0,,,film_lineage
Cal,1984,,,0,,,film_lineage
Mask,1985,,,0,,,film_lineage
Love Me Forever or Never,1986,,,0,,,film_lineage
Shy People,1987,,,0,,,film_lineage
A Cry in the Dark,1989,,,0,,,film_lineage
Interrogation,1982,,,0,,,film_lineage
The Double Life of Veronique,1991,,,0,,,film_lineage
The Madness of King George,1995,,,0,,,film_lineage
Free Zone,2005,,,0,,,film_lineage
Linha de Passe,2008,,,0,,,film_lineage
The Past,2013,,,0,,,film_lineage
Maps to the Stars,2014,,,0,,,film_lineage
Mon Roi,2015,,,0,,,film_lineage
Ayka,2018,,,0,,,film_lineage
About Dry Grasses,2023,,,0,,,film_lineage
The Little Sister,2025,,,0,,,film_lineage
All of a Sudden,2026,,,0,,,film_lineage
Northern Lights,1978,,,0,,,film_lineage
Adrien's Story,1980,,,0,,,film_lineage
Desperado City,1981,,,0,,,film_lineage
Half a Life,1982,,,0,,,film_lineage
Oriana,1985,,,0,,,film_lineage
Noir et Blanc,1986,,,0,,,film_lineage
Robinson Crusoe in Georgia,1987,,,0,,,film_lineage
My 20th Century,1989,,,0,,,film_lineage
Freeze Die Come to Life,1990,,,0,,,film_lineage
Toto the Hero,1991,,,0,,,film_lineage
Mac,1992,,,0,,,film_lineage
The Scent of Green Papaya,1993,,,0,,,film_lineage
Coming to Terms with the Dead,1994,,,0,,,film_lineage
The White Balloon,1995,,,0,,,film_lineage
Love Serenade,1996,,,0,,,film_lineage
Suzaku,1997,,,0,,,film_lineage
Marana Simhasanam,1999,,,0,,,film_lineage
Djomeh,2000,,,0,,,film_lineage
A Time for Drunken Horses,2000,,,0,,,film_lineage
Atanarjuat: The Fast Runner,2001,,,0,,,film_lineage
Seaside,2002,,,0,,,film_lineage
Reconstruction,2003,,,0,,,film_lineage
Or (My Treasure),2004,,,0,,,film_lineage
Me and You and Everyone We Know,2005,,,0,,,film_lineage
The Forsaken Land,2005,,,0,,,film_lineage
12:08 East of Bucharest,2006,,,0,,,film_lineage
Jellyfish,2007,,,0,,,film_lineage
Año Bisiesto,2010,,,0,,,film_lineage
Party Girl,2014,,,0,,,film_lineage
Land and Shade,2015,,,0,,,film_lineage
Divines,2016,,,0,,,film_lineage
Montparnasse Bienvenue,2017,,,0,,,film_lineage
Murina,2021,,,0,,,film_lineage
War Pony,2022,,,0,,,film_lineage
Inside the Yellow Cocoon Shell,2023,,,0,,,film_lineage
Armand,2024,,,0,,,film_lineage
The President's Cake,2025,,,0,,,film_lineage
Ben'Imana,2026,,,0,,,film_lineage
The Last Command,1927,,,0,,,film_lineage
The Way of All Flesh,1927,,,0,,,film_lineage
In Old Arizona,1928,,,0,,,film_lineage
Disraeli,1929,,,0,,,film_lineage
A Free Soul,1930,,,0,,,film_lineage
The Champ,1931,,,0,,,film_lineage
Dr. Jekyll and Mr. Hyde,1931,,,0,,,film_lineage
The Private Life of Henry VIII,1932,,,0,,,film_lineage
The Story of Louis Pasteur,1936,,,0,,,film_lineage
Boys Town,1938,,,0,,,film_lineage
A Double Life,1947,,,0,,,film_lineage
Cyrano de Bergerac,1950,,,0,,,film_lineage
Stalag 17,1953,,,0,,,film_lineage
Separate Tables,1958,,,0,,,film_lineage
Elmer Gantry,1960,,,0,,,film_lineage
Judgment at Nuremberg,1961,,,0,,,film_lineage
Lilies of the Field,1963,,,0,,,film_lineage
Cat Ballou,1965,,,0,,,film_lineage
Charly,1968,,,0,,,film_lineage
True Grit,1969,,,0,,,film_lineage
Save the Tiger,1973,,,0,,,film_lineage
Harry and Tonto,1974,,,0,,,film_lineage
Tender Mercies,1983,,,0,,,film_lineage
The Color of Money,1986,,,0,,,film_lineage
Wall Street,1987,,,0,,,film_lineage
Reversal of Fortune,1990,,,0,,,film_lineage
Philadelphia,1993,,,0,,,film_lineage
Training Day,2001,,,0,,,film_lineage
Ray,2004,,,0,,,film_lineage
The Last King of Scotland,2006,,,0,,,film_lineage
Crazy Heart,2009,,,0,,,film_lineage
Dallas Buyers Club,2013,,,0,,,film_lineage
The Theory of Everything,2014,,,0,,,film_lineage
Darkest Hour,2017,,,0,,,film_lineage
The Father,2020,,,0,,,film_lineage
King Richard,2021,,,0,,,film_lineage
The Whale,2022,,,0,,,film_lineage
Street Angel,1927,,,0,,,film_lineage
Coquette,1928,,,0,,,film_lineage
The Divorcee,1929,,,0,,,film_lineage
Min and Bill,1930,,,0,,,film_lineage
The Sin of Madelon Claudet,1931,,,0,,,film_lineage
Morning Glory,1932,,,0,,,film_lineage
Dangerous,1935,,,0,,,film_lineage
The Good Earth,1937,,,0,,,film_lineage
Kitty Foyle,1940,,,0,,,film_lineage
Suspicion,1941,,,0,,,film_lineage
Gaslight,1944,,,0,,,film_lineage
Mildred Pierce,1945,,,0,,,film_lineage
To Each His Own,1946,,,0,,,film_lineage
The Farmer's Daughter,1947,,,0,,,film_lineage
The Heiress,1949,,,0,,,film_lineage
Born Yesterday,1950,,,0,,,film_lineage
"Come Back, Little Sheba",1952,,,0,,,film_lineage
The Country Girl,1954,,,0,,,film_lineage
The Rose Tattoo,1955,,,0,,,film_lineage
Anastasia,1956,,,0,,,film_lineage
The Three Faces of Eve,1957,,,0,,,film_lineage
I Want to Live!,1958,,,0,,,film_lineage
BUtterfield 8,1960,,,0,,,film_lineage
The Miracle Worker,1962,,,0,,,film_lineage
Hud,1963,,,0,,,film_lineage
Mary Poppins,1964,,,0,,,film_lineage
Guess Who's Coming to Dinner,1967,,,0,,,film_lineage
Funny Girl,1968,,,0,,,film_lineage
The Prime of Miss Jean Brodie,1969,,,0,,,film_lineage
Women in Love,1970,,,0,,,film_lineage
Klute,1971,,,0,,,film_lineage
A Touch of Class,1973,,,0,,,film_lineage
Alice Doesn't Live Here Anymore,1974,,,0,,,film_lineage
The Trip to Bountiful,1985,,,0,,,film_lineage
Children of a Lesser God,1986,,,0,,,film_lineage
Moonstruck,1987,,,0,,,film_lineage
The Accused,1988,,,0,,,film_lineage
Misery,1990,,,0,,,film_lineage
Blue Sky,1994,,,0,,,film_lineage
Dead Man Walking,1995,,,0,,,film_lineage
Erin Brockovich,2000,,,0,,,film_lineage
Monster's Ball,2001,,,0,,,film_lineage
La Vie en Rose,2007,,,0,,,film_lineage
The Reader,2008,,,0,,,film_lineage
The Blind Side,2009,,,0,,,film_lineage
The Iron Lady,2011,,,0,,,film_lineage
Blue Jasmine,2013,,,0,,,film_lineage
Still Alice,2014,,,0,,,film_lineage
Judy,2019,,,0,,,film_lineage
The Eyes of Tammy Faye,2021,,,0,,,film_lineage
The Great McGinty,1940,,,0,,,film_lineage
Woman of the Year,1942,,,0,,,film_lineage
Princess O'Rourke,1943,,,0,,,film_lineage
Wilson,1944,,,0,,,film_lineage
Marie-Louise,1945,,,0,,,film_lineage
The Seventh Veil,1946,,,0,,,film_lineage
The Bachelor and the Bobby-Soxer,1947,,,0,,,film_lineage
Battleground,1949,,,0,,,film_lineage
The Lavender Hill Mob,1952,,,0,,,film_lineage
Titanic,1953,,,0,,,film_lineage
Interrupted Melody,1955,,,0,,,film_lineage
The Red Balloon,1956,,,0,,,film_lineage
Designing Woman,1957,,,0,,,film_lineage
Pillow Talk,1959,,,0,,,film_lineage
Divorce Italian Style,1962,,,0,,,film_lineage
How the West Was Won,1963,,,0,,,film_lineage
Father Goose,1964,,,0,,,film_lineage
The Producers,1968,,,0,,,film_lineage
The Hospital,1971,,,0,,,film_lineage
The Candidate,1972,,,0,,,film_lineage
Witness,1985,,,0,,,film_lineage
Ghost,1990,,,0,,,film_lineage
The Usual Suspects,1995,,,0,,,film_lineage
Good Will Hunting,1997,,,0,,,film_lineage
Midnight in Paris,2011,,,0,,,film_lineage
Django Unchained,2012,,,0,,,film_lineage
Promising Young Woman,2020,,,0,,,film_lineage
Little Women,1932,,,0,,,film_lineage
Here Comes Mr. Jordan,1941,,,0,,,film_lineage
Miracle on 34th Street,1947,,,0,,,film_lineage
The Bad and the Beautiful,1952,,,0,,,film_lineage
Julia,1977,,,0,,,film_lineage
Dangerous Liaisons,1988,,,0,,,film_lineage
Sling Blade,1996,,,0,,,film_lineage
The Cider House Rules,1999,,,0,,,film_lineage
"Paris, Texas",1984,,,0,,,film_lineage
Platoon,1987,,,0,,,film_lineage
Au revoir les enfants,1988,,,0,,,film_lineage
Henry V,1989,,,0,,,film_lineage
Il Postino: The Postman,1995,,,0,,,film_lineage
Romeo + Juliet,1997,,,0,,,film_lineage
The Truman Show,1998,,,0,,,film_lineage
Master and Commander: The Far Side of the World,2003,,,0,,,film_lineage
"Black Cat, White Cat",1998,,,0,,,film_lineage
Seventeen Years,1999,,,0,,,film_lineage
Uttara,2000,,,0,,,film_lineage
Secret Ballot,2001,,,0,,,film_lineage
Zatoichi,2003,,,0,,,film_lineage
Regular Lovers,2005,,,0,,,film_lineage
Private Fears in Public Places,2006,,,0,,,film_lineage
Redacted,2007,,,0,,,film_lineage
Paper Soldier,2008,,,0,,,film_lineage
Women Without Men,2009,,,0,,,film_lineage
The Last Circus,2010,,,0,,,film_lineage
People Mountain People Sea,2011,,,0,,,film_lineage
Miss Violence,2013,,,0,,,film_lineage
The Postman's White Nights,2014,,,0,,,film_lineage
The Clan,2015,,,0,,,film_lineage
The Untamed,2016,,,0,,,film_lineage
Custody,2017,,,0,,,film_lineage
The Sisters Brothers,2018,,,0,,,film_lineage
About Endlessness,2019,,,0,,,film_lineage
Bones and All,2022,,,0,,,film_lineage
The Smashing Machine,2025,,,0,,,film_lineage
Viva Villa!,1934,,,0,,,film_lineage
Crime and Punishment,1935,,,0,,,film_lineage
The Ruler,1937,,,0,,,film_lineage
Don Buonaparte,1941,,,0,,,film_lineage
Bengasi,1942,,,0,,,film_lineage
Monsieur Vincent,1947,,,0,,,film_lineage
The Trial,1948,,,0,,,film_lineage
The Asphalt Jungle,1950,,,0,,,film_lineage
The Night Is My Kingdom,1951,,,0,,,film_lineage
Death of a Salesman,1951,,,0,,,film_lineage
Good Lord Without Confession,1953,,,0,,,film_lineage
The Air of Paris,1954,,,0,,,film_lineage
Honour Among Thieves,1954,,,0,,,film_lineage
The Heroes Are Tired,1955,,,0,,,film_lineage
The Deep Blue Sea,1955,,,0,,,film_lineage
La Traversee de Paris,1956,,,0,,,film_lineage
A Hatful of Rain,1957,,,0,,,film_lineage
The Horse's Mouth,1958,,,0,,,film_lineage
Tunes of Glory,1960,,,0,,,film_lineage
Birdman of Alcatraz,1962,,,0,,,film_lineage
King and Country,1964,,,0,,,film_lineage
Almost a Man,1966,,,0,,,film_lineage
The Morning,1967,,,0,,,film_lineage
Paar,1984,,,0,,,film_lineage
Police,1985,,,0,,,film_lineage
Christmas Present,1986,,,0,,,film_lineage
Maurice,1987,,,0,,,film_lineage
Things Change,1988,,,0,,,film_lineage
What Time Is It?,1989,,,0,,,film_lineage
The Only Witness,1990,,,0,,,film_lineage
Glengarry Glen Ross,1992,,,0,,,film_lineage
A Soul Split in Two,1993,,,0,,,film_lineage
One Night Stand,1997,,,0,,,film_lineage
Hurlyburly,1998,,,0,,,film_lineage
Before Night Falls,2000,,,0,,,film_lineage
Light of My Eyes,2001,,,0,,,film_lineage
A Journey Called Love,2002,,,0,,,film_lineage
21 Grams,2003,,,0,,,film_lineage
"Good Night, and Good Luck",2005,,,0,,,film_lineage
Hollywoodland,2006,,,0,,,film_lineage
Giovanna's Father,2008,,,0,,,film_lineage
A Single Man,2009,,,0,,,film_lineage
Hungry Hearts,2014,,,0,,,film_lineage
Courted,2015,,,0,,,film_lineage
The Distinguished Citizen,2016,,,0,,,film_lineage
At Eternity's Gate,2018,,,0,,,film_lineage
Martin Eden,2019,,,0,,,film_lineage
Padrenostro,2020,,,0,,,film_lineage
On the Job: The Missing 8,2021,,,0,,,film_lineage
Memory,2023,,,0,,,film_lineage
The Quiet Son,2024,,,0,,,film_lineage
La grazia,2025,,,0,,,film_lineage
Little Women,1933,,,0,,,film_lineage
Episode,1935,,,0,,,film_lineage
Veille d'armes,1936,,,0,,,film_lineage
Marked Woman,1937,,,0,,,film_lineage
Marie Antoinette,1938,,,0,,,film_lineage
Annelie,1941,,,0,,,film_lineage
The Golden City,1942,,,0,,,film_lineage
The Snake Pit,1948,,,0,,,film_lineage
Caged,1950,,,0,,,film_lineage
The Four Poster,1952,,,0,,,film_lineage
Malva,1957,,,0,,,film_lineage
The Black Orchid,1958,,,0,,,film_lineage
Web of Passion,1959,,,0,,,film_lineage
Thou Shalt Not Kill,1961,,,0,,,film_lineage
Therese Desqueyroux,1962,,,0,,,film_lineage
To Love,1964,,,0,,,film_lineage
Three Rooms in Manhattan,1965,,,0,,,film_lineage
The First Teacher,1966,,,0,,,film_lineage
Dutchman,1967,,,0,,,film_lineage
Sugar Cane Alley,1983,,,0,,,film_lineage
Full Moon in Paris,1984,,,0,,,film_lineage
A Tale of Love,1986,,,0,,,film_lineage
The Surrogate Woman,1987,,,0,,,film_lineage
Story of Women,1988,,,0,,,film_lineage
She's Been Away,1989,,,0,,,film_lineage
The Moon in the Mirror,1990,,,0,,,film_lineage
Edward II,1991,,,0,,,film_lineage
"Two Brothers, My Sister",1994,,,0,,,film_lineage
La Ceremonie,1995,,,0,,,film_lineage
Ponette,1996,,,0,,,film_lineage
"Niagara, Niagara",1997,,,0,,,film_lineage
Place Vendome,1998,,,0,,,film_lineage
Une liaison pornographique,1999,,,0,,,film_lineage
The Goddess of 1967,2000,,,0,,,film_lineage
Rosenstrasse,2003,,,0,,,film_lineage
Don't Tell,2005,,,0,,,film_lineage
I'm Not There,2007,,,0,,,film_lineage
The Other One,2008,,,0,,,film_lineage
The Double Hour,2009,,,0,,,film_lineage
Fill the Void,2012,,,0,,,film_lineage
A Street in Palermo,2013,,,0,,,film_lineage
Per amor vostro,2015,,,0,,,film_lineage
Hannah,2017,,,0,,,film_lineage
Gloria Mundi,2019,,,0,,,film_lineage
Parallel Mothers,2021,,,0,,,film_lineage
Tar,2022,,,0,,,film_lineage
Priscilla,2023,,,0,,,film_lineage
Babygirl,2024,,,0,,,film_lineage
The Sun Rises on Us All,2025,,,0,,,film_lineage
The Chasers,1965,,,0,,,film_lineage
No Shooting Time for Foxes,1966,,,0,,,film_lineage
La Collectionneuse,1967,,,0,,,film_lineage
"Next Year, Same Time",1967,,,0,,,film_lineage
Innocence Unprotected,1968,,,0,,,film_lineage
Signs of Life,1968,,,0,,,film_lineage
Something Like Love,1968,,,0,,,film_lineage
The Decameron,1971,,,0,,,film_lineage
The Hospital,1972,,,0,,,film_lineage
There's No Smoke Without Fire,1973,,,0,,,film_lineage
The Clockmaker,1974,,,0,,,film_lineage
The Common Man,1975,,,0,,,film_lineage
Overlord,1975,,,0,,,film_lineage
Canoa: A Shameful Memory,1976,,,0,,,film_lineage
"The Devil, Probably",1977,,,0,,,film_lineage
A Queda,1978,,,0,,,film_lineage
Alexandria... Why?,1979,,,0,,,film_lineage
Seeking Asylum,1980,,,0,,,film_lineage
Akaler Shandhaney,1981,,,0,,,film_lineage
Shivers,1981,,,0,,,film_lineage
A Season in Hakkari,1983,,,0,,,film_lineage
Funny Dirty Little War,1984,,,0,,,film_lineage
Flowers of Reverie,1985,,,0,,,film_lineage
The Mass Is Ended,1986,,,0,,,film_lineage
The Sea and Poison,1987,,,0,,,film_lineage
Commissar,1988,,,0,,,film_lineage
Evening Bell,1989,,,0,,,film_lineage
The Conviction,1991,,,0,,,film_lineage
Satan,1991,,,0,,,film_lineage
"Sweet Emma, Dear Bobe",1992,,,0,,,film_lineage
Arizona Dream,1993,,,0,,,film_lineage
Strawberry and Chocolate,1994,,,0,,,film_lineage
Smoke,1995,,,0,,,film_lineage
All Things Fair,1996,,,0,,,film_lineage
Wag the Dog,1998,,,0,,,film_lineage
Mifune's Last Song,1999,,,0,,,film_lineage
Beijing Bicycle,2001,,,0,,,film_lineage
Grill Point,2002,,,0,,,film_lineage
Adaptation,2003,,,0,,,film_lineage
Lost Embrace,2004,,,0,,,film_lineage
Peacock,2005,,,0,,,film_lineage
Offside,2006,,,0,,,film_lineage
The Other,2007,,,0,,,film_lineage
Standard Operating Procedure,2008,,,0,,,film_lineage
Giant,2009,,,0,,,film_lineage
"If I Want to Whistle, I Whistle",2010,,,0,,,film_lineage
Just the Wind,2012,,,0,,,film_lineage
Death in Sarajevo,2016,,,0,,,film_lineage
Felicite,2017,,,0,,,film_lineage
Mug,2018,,,0,,,film_lineage
By the Grace of God,2019,,,0,,,film_lineage
Never Rarely Sometimes Always,2020,,,0,,,film_lineage
Wheel of Fortune and Fantasy,2021,,,0,,,film_lineage
The Novelist's Film,2022,,,0,,,film_lineage
A Traveler's Needs,2024,,,0,,,film_lineage
The Blue Trail,2025,,,0,,,film_lineage
Salvation,2026,,,0,,,film_lineage
Autumn Leaves,1956,,,0,,,film_lineage
Fathers and Sons,1957,,,0,,,film_lineage
Jun'ai Monogatari,1958,,,0,,,film_lineage
The Hidden Fortress,1958,,,0,,,film_lineage
The Miracle of Father Malachia,1961,,,0,,,film_lineage
Young Aphrodites,1963,,,0,,,film_lineage
Mahanagar,1964,,,0,,,film_lineage
Charulata,1965,,,0,,,film_lineage
The Hunt,1966,,,0,,,film_lineage
The Rats Woke Up,1967,,,0,,,film_lineage
Peppermint Frappe,1968,,,0,,,film_lineage
The Old Maid,1972,,,0,,,film_lineage
One Hundred Days After Childhood,1975,,,0,,,film_lineage
Caro Michele,1976,,,0,,,film_lineage
Black Litter,1977,,,0,,,film_lineage
Advantage,1978,,,0,,,film_lineage
Winterborn,1979,,,0,,,film_lineage
Bizalom,1980,,,0,,,film_lineage
Il Marchese del Grillo,1982,,,0,,,film_lineage
Pauline at the Beach,1983,,,0,,,film_lineage
Rembetiko,1984,,,0,,,film_lineage
Le Bal,1983,,,0,,,film_lineage
Places in the Heart,1985,,,0,,,film_lineage
The Journey of a Young Composer,1986,,,0,,,film_lineage
Moonstruck,1988,,,0,,,film_lineage
"I Love, You Love",1989,,,0,,,film_lineage
The Nasty Girl,1990,,,0,,,film_lineage
Ultra,1991,,,0,,,film_lineage
Il Capitano: A Swedish Requiem,1992,,,0,,,film_lineage
The Cement Garden,1993,,,0,,,film_lineage
Three Colours: White,1994,,,0,,,film_lineage
Richard III,1995,,,0,,,film_lineage
The Sun Has Ears,1996,,,0,,,film_lineage
Port Djema,1997,,,0,,,film_lineage
The Butcher Boy,1997,,,0,,,film_lineage
The Hi-Lo Country,1999,,,0,,,film_lineage
Man on the Moon,2000,,,0,,,film_lineage
Betelnut Beauty,2001,,,0,,,film_lineage
Monday Morning,2002,,,0,,,film_lineage
Son frere,2003,,,0,,,film_lineage
Samaritan Girl,2004,,,0,,,film_lineage
Sophie Scholl - The Final Days,2005,,,0,,,film_lineage
The Road to Guantanamo,2006,,,0,,,film_lineage
Beaufort,2007,,,0,,,film_lineage
There Will Be Blood,2008,,,0,,,film_lineage
Sleeping Sickness,2011,,,0,,,film_lineage
Prince Avalanche,2013,,,0,,,film_lineage
Things to Come,2016,,,0,,,film_lineage
The Other Side of Hope,2017,,,0,,,film_lineage
Isle of Dogs,2018,,,0,,,film_lineage
"I Was at Home, But",2019,,,0,,,film_lineage
The Woman Who Ran,2020,,,0,,,film_lineage
Natural Light,2021,,,0,,,film_lineage
Both Sides of the Blade,2022,,,0,,,film_lineage
The Plough,2023,,,0,,,film_lineage
Pepe,2024,,,0,,,film_lineage
Living the Land,2025,,,0,,,film_lineage
Everybody Digs Bill Evans,2026,,,0,,,film_lineage
Trapeze,1956,,,0,,,film_lineage
Tizoc,1957,,,0,,,film_lineage
Archimede le clochard,1959,,,0,,,film_lineage
Inherit the Wind,1960,,,0,,,film_lineage
No Love for Johnnie,1961,,,0,,,film_lineage
Mr. Hobbs Takes a Vacation,1962,,,0,,,film_lineage
The Pawnbroker,1964,,,0,,,film_lineage
Masculin Feminin,1966,,,0,,,film_lineage
The Two of Us,1967,,,0,,,film_lineage
The Man Who Lies,1968,,,0,,,film_lineage
Le Chat,1971,,,0,,,film_lineage
In Prison Awaiting Trial,1972,,,0,,,film_lineage
Jacob the Liar,1975,,,0,,,film_lineage
A Lost Life,1976,,,0,,,film_lineage
The Anchorite,1977,,,0,,,film_lineage
Outrageous!,1978,,,0,,,film_lineage
Ernesto,1979,,,0,,,film_lineage
Tribute,1980,,,0,,,film_lineage
Twenty Six Days from the Life of Dostoyevsky,1981,,,0,,,film_lineage
Strange Affair,1981,,,0,,,film_lineage
That Championship Season,1982,,,0,,,film_lineage
The Dresser,1983,,,0,,,film_lineage
Stico,1985,,,0,,,film_lineage
The Smile of the Lamb,1986,,,0,,,film_lineage
The Moro Affair,1987,,,0,,,film_lineage
Bear Ye One Another's Burden,1988,,,0,,,film_lineage
Mississippi Burning,1989,,,0,,,film_lineage
Silent Scream,1990,,,0,,,film_lineage
Mister Johnson,1991,,,0,,,film_lineage
Utz,1992,,,0,,,film_lineage
Philadelphia,1994,,,0,,,film_lineage
Nobody's Fool,1994,,,0,,,film_lineage
Dead Man Walking,1996,,,0,,,film_lineage
Jackie Brown,1998,,,0,,,film_lineage
Nightshapes,1999,,,0,,,film_lineage
The Hurricane,1999,,,0,,,film_lineage
Safe Conduct,2002,,,0,,,film_lineage
Confessions of a Dangerous Mind,2003,,,0,,,film_lineage
Thumbsucker,2005,,,0,,,film_lineage
Atomised,2006,,,0,,,film_lineage
The Song of Sparrows,2008,,,0,,,film_lineage
London River,2009,,,0,,,film_lineage
A Royal Affair,2012,,,0,,,film_lineage
"Black Coal, Thin Ice",2014,,,0,,,film_lineage
Hedi,2016,,,0,,,film_lineage
Bright Nights,2017,,,0,,,film_lineage
The Prayer,2018,,,0,,,film_lineage
"So Long, My Son",2019,,,0,,,film_lineage
Donatella,1956,,,0,,,film_lineage
Woman in a Dressing Gown,1957,,,0,,,film_lineage
Wild Is the Wind,1957,,,0,,,film_lineage
Ask Any Girl,1959,,,0,,,film_lineage
The Fair,1960,,,0,,,film_lineage
A Woman Is a Woman,1961,,,0,,,film_lineage
No Exit,1962,,,0,,,film_lineage
The Mistress,1962,,,0,,,film_lineage
The Insect Woman,1964,,,0,,,film_lineage
She and He,1963,,,0,,,film_lineage
Shakespeare Wallah,1965,,,0,,,film_lineage
Lord Love a Duck,1966,,,0,,,film_lineage
The Whisperers,1967,,,0,,,film_lineage
Les Biches,1968,,,0,,,film_lineage
Desperate Characters,1971,,,0,,,film_lineage
Hammersmith Is Out,1972,,,0,,,film_lineage
Sandakan No. 8,1975,,,0,,,film_lineage
Nights and Days,1976,,,0,,,film_lineage
The Late Show,1977,,,0,,,film_lineage
The Marriage of Maria Braun,1979,,,0,,,film_lineage
Solo Sunny,1980,,,0,,,film_lineage
Fever,1981,,,0,,,film_lineage
Burgschaft fur ein Jahr,1982,,,0,,,film_lineage
Love by Request,1983,,,0,,,film_lineage
Wartime Romance,1984,,,0,,,film_lineage
Wrong World,1985,,,0,,,film_lineage
Hour of the Star,1986,,,0,,,film_lineage
Red Kiss,1986,,,0,,,film_lineage
Vera,1986,,,0,,,film_lineage
Broadcast News,1988,,,0,,,film_lineage
Camille Claudel,1989,,,0,,,film_lineage
Lovers,1991,,,0,,,film_lineage
Love Field,1993,,,0,,,film_lineage
"Ladybird, Ladybird",1994,,,0,,,film_lineage
My Man,1996,,,0,,,film_lineage
The English Patient,1997,,,0,,,film_lineage
Aimee & Jaguar,1999,,,0,,,film_lineage
The Legend of Rita,2000,,,0,,,film_lineage
Monster's Ball,2002,,,0,,,film_lineage
The Hours,2003,,,0,,,film_lineage
Maria Full of Grace,2004,,,0,,,film_lineage
Requiem,2006,,,0,,,film_lineage
Yella,2007,,,0,,,film_lineage
Happy-Go-Lucky,2008,,,0,,,film_lineage
Caterpillar,2010,,,0,,,film_lineage
War Witch,2012,,,0,,,film_lineage
The Little House,2014,,,0,,,film_lineage
The Commune,2016,,,0,,,film_lineage
On the Beach at Night Alone,2017,,,0,,,film_lineage
The Heiresses,2018,,,0,,,film_lineage
Undine,2020,,,0,,,film_lineage
Rabiye Kurnaz vs. George W. Bush,2022,,,0,,,film_lineage
"20,000 Species of Bees",2023,,,0,,,film_lineage
If I Had Legs I'd Kick You,2025,,,0,,,film_lineage
Rose,2026,,,0,,,film_lineage
Orfeu,1999,,,0,,,film_lineage
Brainstorm,2001,,,0,,,film_lineage
The Man Who Copied,2003,,,0,,,film_lineage
Cazuza - Time Doesn't Stop,2004,,,0,,,film_lineage
"Cinema, Aspirins and Vultures",2005,,,0,,,film_lineage
The Year My Parents Went on Vacation,2006,,,0,,,film_lineage
Estomago,2007,,,0,,,film_lineage
It's Forbidden to Smoke,2009,,,0,,,film_lineage
Elite Squad: The Enemy Within,2010,,,0,,,film_lineage
The Clown,2011,,,0,,,film_lineage
Gonzaga: From Father to Son,2012,,,0,,,film_lineage
Faroeste Caboclo,2013,,,0,,,film_lineage
A Wolf at the Door,2013,,,0,,,film_lineage
The Second Mother,2015,,,0,,,film_lineage
Bingo: The King of the Mornings,2017,,,0,,,film_lineage
Loveling,2018,,,0,,,film_lineage
The Fever,2019,,,0,,,film_lineage
Marighella,2021,,,0,,,film_lineage
Mars One,2022,,,0,,,film_lineage
Toll,2023,,,0,,,film_lineage
The Flying Devils,1985,,,0,,,film_lineage
Flamberede hjerter,1986,,,0,,,film_lineage
The House of the Spirits,1993,,,0,,,film_lineage
Nightwatch,1994,,,0,,,film_lineage
Barbara,1997,,,0,,,film_lineage
Kira's Reason: A Love Story,2001,,,0,,,film_lineage
The Inheritance,2003,,,0,,,film_lineage
Adam's Apples,2005,,,0,,,film_lineage
We Shall Overcome,2006,,,0,,,film_lineage
Nymphomaniac,2013,,,0,,,film_lineage
The Day Will Come,2016,,,0,,,film_lineage
The Guilty,2018,,,0,,,film_lineage
Persona Non Grata,2021,,,0,,,film_lineage
The Deluge,1974,,,0,,,film_lineage
The Promised Land,1975,,,0,,,film_lineage
Nights and Days,1975,,,0,,,film_lineage
Camouflage,1977,,,0,,,film_lineage
Passion,1978,,,0,,,film_lineage
Without Anesthesia,1978,,,0,,,film_lineage
Camera Buff,1979,,,0,,,film_lineage
The Beads of One Rosary,1980,,,0,,,film_lineage
Austeria,1982,,,0,,,film_lineage
Woman in a Hat,1984,,,0,,,film_lineage
Siekierezada,1985,,,0,,,film_lineage
The Mother of Kings,1982,,,0,,,film_lineage
A Short Film About Love,1988,,,0,,,film_lineage
Escape from the Liberty Cinema,1990,,,0,,,film_lineage
All That Really Matters,1992,,,0,,,film_lineage
The Order of Feelings,1993,,,0,,,film_lineage
The Pekosinski's Case,1993,,,0,,,film_lineage
Reverted,1994,,,0,,,film_lineage
Girl Guide,1995,,,0,,,film_lineage
Love Stories,1997,,,0,,,film_lineage
The History of the Cinema in Popielawy,1998,,,0,,,film_lineage
Day of the Wacko,2002,,,0,,,film_lineage
Warsaw,2003,,,0,,,film_lineage
Welts,2004,,,0,,,film_lineage
Tricks,2007,,,0,,,film_lineage
Little Moscow,2008,,,0,,,film_lineage
Little Rose,2010,,,0,,,film_lineage
The Last Family,2016,,,0,,,film_lineage
The Silent Night,2017,,,0,,,film_lineage
Mr. Jones,2019,,,0,,,film_lineage
Kill It and Leave This Town,2020,,,0,,,film_lineage
All Our Fears,2021,,,0,,,film_lineage
The Silent Twins,2022,,,0,,,film_lineage
Kos,2023,,,0,,,film_lineage
Soylent Green,1973,,,0,,,film_lineage
Rollerball,1975,,,0,,,film_lineage
Logan's Run,1976,,,0,,,film_lineage
Superman,1978,,,0,,,film_lineage
The Empire Strikes Back,1980,,,0,,,film_lineage
Superman II,1981,,,0,,,film_lineage
Return of the Jedi,1983,,,0,,,film_lineage
The Terminator,1984,,,0,,,film_lineage
Alien Nation,1988,,,0,,,film_lineage
Total Recall,1990,,,0,,,film_lineage
Star Trek VI: The Undiscovered Country,1991,,,0,,,film_lineage
Stargate,1994,,,0,,,film_lineage
12 Monkeys,1995,,,0,,,film_lineage
Independence Day,1996,,,0,,,film_lineage
Men in Black,1997,,,0,,,film_lineage
Armageddon,1998,,,0,,,film_lineage
X-Men,2000,,,0,,,film_lineage
X2,2003,,,0,,,film_lineage
Star Wars: Episode III - Revenge of the Sith,2005,,,0,,,film_lineage
Cloverfield,2008,,,0,,,film_lineage
Iron Man,2008,,,0,,,film_lineage
Rise of the Planet of the Apes,2011,,,0,,,film_lineage
The Avengers,2012,,,0,,,film_lineage
Star Wars: The Force Awakens,2015,,,0,,,film_lineage
Rogue One: A Star Wars Story,2016,,,0,,,film_lineage
Ready Player One,2018,,,0,,,film_lineage
Star Wars: The Rise of Skywalker,2019,,,0,,,film_lineage
Nope,2022,,,0,,,film_lineage
Avatar: The Way of Water,2022,,,0,,,film_lineage
Dune: Part Two,2024,,,0,,,film_lineage
In the Company of Men,1997,,,0,,,film_lineage
Love and Death on Long Island,1997,,,0,,,film_lineage
George Washington,2000,,,0,,,film_lineage
Roger Dodger,2002,,,0,,,film_lineage
Margin Call,2011,,,0,,,film_lineage
How to Survive a Plague,2012,,,0,,,film_lineage
The Edge of Seventeen,2016,,,0,,,film_lineage
Eighth Grade,2018,,,0,,,film_lineage
The 40-Year-Old Version,2020,,,0,,,film_lineage
Janet Planet,2024,,,0,,,film_lineage
Eephus,2024,,,0,,,film_lineage
The Woman Who Touched the Legs,1926,,,0,,,film_lineage
A Diary of Chuji's Travels,1927,,,0,,,film_lineage
The Street of Masterless Samurai,1928,,,0,,,film_lineage
Beheading Place,1929,,,0,,,film_lineage
What Made Her Do It?,1930,,,0,,,film_lineage
Ooka's Trial,1930,,,0,,,film_lineage
The Neighbor's Wife and Mine,1931,,,0,,,film_lineage
Passing Fancy,1933,,,0,,,film_lineage
A Story of Floating Weeds,1934,,,0,,,film_lineage
Wife! Be Like a Rose!,1935,,,0,,,film_lineage
Sisters of the Gion,1936,,,0,,,film_lineage
Limitless Advance,1937,,,0,,,film_lineage
Five Scouts,1938,,,0,,,film_lineage
Tsuchi,1939,,,0,,,film_lineage
Spring on Leper's Island,1940,,,0,,,film_lineage
The Brothers and Sisters of the Toda Family,1941,,,0,,,film_lineage
The War at Sea from Hawaii to Malay,1942,,,0,,,film_lineage
Morning for the Osone Family,1946,,,0,,,film_lineage
A Ball at the Anjo House,1947,,,0,,,film_lineage
Drunken Angel,1948,,,0,,,film_lineage
Until We Meet Again,1950,,,0,,,film_lineage
An Inlet of Muddy Water,1953,,,0,,,film_lineage
Darkness at Noon,1956,,,0,,,film_lineage
The Rice People,1957,,,0,,,film_lineage
The Ballad of Narayama,1958,,,0,,,film_lineage
Kiku to Isamu,1959,,,0,,,film_lineage
Her Brother,1960,,,0,,,film_lineage
Bad Boys,1961,,,0,,,film_lineage
Being Two Isn't Easy,1962,,,0,,,film_lineage
The Woman in the Dunes,1964,,,0,,,film_lineage
The Great White Tower,1966,,,0,,,film_lineage
Samurai Rebellion,1967,,,0,,,film_lineage
The Profound Desire of the Gods,1968,,,0,,,film_lineage
Where Spring Comes Late,1970,,,0,,,film_lineage
The Ceremony,1971,,,0,,,film_lineage
The Long Darkness,1972,,,0,,,film_lineage
Tsugaru Folk Song,1973,,,0,,,film_lineage
Sandakan No. 8,1974,,,0,,,film_lineage
Kenji Mizoguchi: The Life of a Film Director,1975,,,0,,,film_lineage
Third Base,1978,,,0,,,film_lineage
And Then,1985,,,0,,,film_lineage
The Sea and Poison,1986,,,0,,,film_lineage
The Cherry Orchard,1990,,,0,,,film_lineage
All Under the Moon,1993,,,0,,,film_lineage
A Dedicated Life,1994,,,0,,,film_lineage
Fireworks,1998,,,0,,,film_lineage
Wait and See,1999,,,0,,,film_lineage
Face,2000,,,0,,,film_lineage
Go,2001,,,0,,,film_lineage
A Boy's Summer in 1945,2003,,,0,,,film_lineage
Break Through!,2005,,,0,,,film_lineage
I Just Didn't Do It,2007,,,0,,,film_lineage
Dear Doctor,2009,,,0,,,film_lineage
Villain,2010,,,0,,,film_lineage
Postcard,2011,,,0,,,film_lineage
Our Homeland,2012,,,0,,,film_lineage
Pecoross' Mother and Her Days,2013,,,0,,,film_lineage
The Light Shines Only There,2014,,,0,,,film_lineage
Three Stories of Love,2015,,,0,,,film_lineage
In This Corner of the World,2016,,,0,,,film_lineage
The Tokyo Night Sky Is Always the Densest Shade of Blue,2017,,,0,,,film_lineage
It Feels So Good,2019,,,0,,,film_lineage
"Small, Slow But Steady",2022,,,0,,,film_lineage
Okiku and the World,2023,,,0,,,film_lineage
All the Long Nights,2024,,,0,,,film_lineage
Moving On,2019,,,0,,,film_lineage
A Little Light,2018,,,0,,,film_lineage
Me and Me,2019,,,0,,,film_lineage
Voice of Silence,2020,,,0,,,film_lineage
Lucky Chan-sil,2019,,,0,,,film_lineage
Education,2019,,,0,,,film_lineage
Peninsula,2020,,,0,,,film_lineage
Summer Days,2019,,,0,,,film_lineage
Gran Torino,2008,,,0,,,film_lineage
Tie Xi Qu West of the Tracks,2002,,,0,,,film_lineage
Eureka,2000,,,0,,,film_lineage
Pacchigi!,2004,,,0,,,film_lineage
Love Exposure,2008,,,0,,,film_lineage
Sway,2006,,,0,,,film_lineage
Hush!,2001,,,0,,,film_lineage
All About Lily Chou-Chou,2001,,,0,,,film_lineage
Battle Royale,2000,,,0,,,film_lineage
Leviathan,2012,,,0,,,film_lineage
World of Tomorrow,2015,,,0,,,film_lineage
O.J.: Made in America,2016,,,0,,,film_lineage
Magic Mike XXL,2015,,,0,,,film_lineage
The Wind Rises,2013,,,0,,,film_lineage
First Reformed,2017,,,0,,,film_lineage
Madeline's Madeline,2018,,,0,,,film_lineage
Cameraperson,2016,,,0,,,film_lineage
Hereditary,2018,,,0,,,film_lineage
The Lost City of Z,2016,,,0,,,film_lineage
Before Midnight,2013,,,0,,,film_lineage
The Tale of the Princess Kaguya,2013,,,0,,,film_lineage
A Ghost Story,2017,,,0,,,film_lineage
Frances Ha,2012,,,0,,,film_lineage
Tangerine,2015,,,0,,,film_lineage
Faces Places,2017,,,0,,,film_lineage
Mission: Impossible - Fallout,2018,,,0,,,film_lineage
At Berkeley,2013,,,0,,,film_lineage
The Duke of Burgundy,2014,,,0,,,film_lineage
Pariah,2011,,,0,,,film_lineage
Star Wars: The Last Jedi,2017,,,0,,,film_lineage
A Star Is Born,2018,,,0,,,film_lineage
Kumiko the Treasure Hunter,2014,,,0,,,film_lineage
High Life,2018,,,0,,,film_lineage
Sunset Song,2015,,,0,,,film_lineage
The Illusionist,2010,,,0,,,film_lineage
Kate Plays Christine,2016,,,0,,,film_lineage
Her Smell,2018,,,0,,,film_lineage
Support the Girls,2018,,,0,,,film_lineage
Spider-Man: Into the Spider-Verse,2018,,,0,,,film_lineage
Mother of George,2013,,,0,,,film_lineage
The Arbor,2010,,,0,,,film_lineage
Girl Walk // All Day,2011,,,0,,,film_lineage
All These Sleepless Nights,2016,,,0,,,film_lineage
The Loneliest Planet,2011,,,0,,,film_lineage
The Reenactment,1968,,,0,,,film_lineage
Forest of the Hanged,1965,,,0,,,film_lineage
Sequences,1982,,,0,,,film_lineage
Stone Wedding,1973,,,0,,,film_lineage
The Mill of Good Luck,1957,,,0,,,film_lineage
Microphone Test,1980,,,0,,,film_lineage
The Cruise,1981,,,0,,,film_lineage
Mon oncle Antoine,1971,,,0,,,film_lineage
Leolo,1992,,,0,,,film_lineage
Goin' Down the Road,1970,,,0,,,film_lineage
C.R.A.Z.Y.,2005,,,0,,,film_lineage
My Winnipeg,2007,,,0,,,film_lineage
Orders,1974,,,0,,,film_lineage
Let's Go with Pancho Villa,1936,,,0,,,film_lineage
The Young and the Damned,1950,,,0,,,film_lineage
El compadre Mendoza,1933,,,0,,,film_lineage
Aventurera,1949,,,0,,,film_lineage
Una familia de tantas,1948,,,0,,,film_lineage
Nazarín,1959,,,0,,,film_lineage
Él,1952,,,0,,,film_lineage
The Woman of the Port,1933,,,0,,,film_lineage
The Place Without Limits,1977,,,0,,,film_lineage
Ahí está el detalle,1940,,,0,,,film_lineage
Campeón sin corona,1945,,,0,,,film_lineage
Enamorada,1946,,,0,,,film_lineage
Pueblerina,1948,,,0,,,film_lineage
Canoa,1975,,,0,,,film_lineage
Los hermanos del hierro,1961,,,0,,,film_lineage
The Exterminating Angel,1962,,,0,,,film_lineage
Cadena perpetua,1978,,,0,,,film_lineage
El rey del barrio,1949,,,0,,,film_lineage
The Skeleton of Mrs. Morales,1959,,,0,,,film_lineage
Víctimas del pecado,1950,,,0,,,film_lineage
Tiburoneros,1962,,,0,,,film_lineage
Distinto amanecer,1943,,,0,,,film_lineage
Río Escondido,1948,,,0,,,film_lineage
La oveja negra,1949,,,0,,,film_lineage
La otra,1946,,,0,,,film_lineage
"Reed, México insurgente",1970,,,0,,,film_lineage
Nosotros los pobres,1947,,,0,,,film_lineage
Salón México,1948,,,0,,,film_lineage
Doña Perfecta,1950,,,0,,,film_lineage
Flor silvestre,1943,,,0,,,film_lineage
La sombra del caudillo,1960,,,0,,,film_lineage
Calabacitas tiernas,1948,,,0,,,film_lineage
Dos tipos de cuidado,1952,,,0,,,film_lineage
El vampiro,1957,,,0,,,film_lineage
La barraca,1944,,,0,,,film_lineage
María Candelaria,1943,,,0,,,film_lineage
El suavecito,1950,,,0,,,film_lineage
La diosa arrodillada,1947,,,0,,,film_lineage
Los confines,1992,,,0,,,film_lineage
El gallo de oro,1964,,,0,,,film_lineage
El topo,1969,,,0,,,film_lineage
Sensualidad,1950,,,0,,,film_lineage
El grito,1968,,,0,,,film_lineage
Danzón,1991,,,0,,,film_lineage
Susana,1950,,,0,,,film_lineage
The Criminal Life of Archibaldo de la Cruz,1955,,,0,,,film_lineage
Tlayucan,1961,,,0,,,film_lineage
Ladrón de cadáveres,1956,,,0,,,film_lineage
Los tres huastecos,1948,,,0,,,film_lineage
El bulto,1991,,,0,,,film_lineage
María de mi corazón,1979,,,0,,,film_lineage
La noche avanza,1951,,,0,,,film_lineage
A toda máquina,1951,,,0,,,film_lineage
Like Water for Chocolate,1992,,,0,,,film_lineage
México de mis recuerdos,1943,,,0,,,film_lineage
Los caifanes,1966,,,0,,,film_lineage
Macario,1959,,,0,,,film_lineage
El apando,1975,,,0,,,film_lineage
Cabeza de Vaca,1990,,,0,,,film_lineage
Juego de mentiras,1967,,,0,,,film_lineage
Rosauro Castro,1950,,,0,,,film_lineage
¡Esquina bajan!,1948,,,0,,,film_lineage
Doña Herlinda and Her Son,1984,,,0,,,film_lineage
Torero,1956,,,0,,,film_lineage
Santa,1931,,,0,,,film_lineage
Gángsters contra charros,1947,,,0,,,film_lineage
La mujer de Benjamín,1991,,,0,,,film_lineage
En la palma de tu mano,1950,,,0,,,film_lineage
Matinée,1976,,,0,,,film_lineage
Amor a la vuelta de la esquina,1985,,,0,,,film_lineage
Doña Diabla,1949,,,0,,,film_lineage
Mecánica nacional,1971,,,0,,,film_lineage
Doña Bárbara,1943,,,0,,,film_lineage
Los motivos de Luz,1985,,,0,,,film_lineage
Cronos,1992,,,0,,,film_lineage
Ángel de fuego,1991,,,0,,,film_lineage
Luponini de Chicago,1935,,,0,,,film_lineage
La perla,1945,,,0,,,film_lineage
Nocaut,1983,,,0,,,film_lineage
Santa,1943,,,0,,,film_lineage
Los tres García,1946,,,0,,,film_lineage
Águila o sol,1937,,,0,,,film_lineage
El baisano Jalil,1942,,,0,,,film_lineage
Janitzio,1934,,,0,,,film_lineage
Sólo con tu pareja,1991,,,0,,,film_lineage
Viento negro,1964,,,0,,,film_lineage
Allá en el Rancho Grande,1936,,,0,,,film_lineage
Historia de un gran amor,1942,,,0,,,film_lineage
Escuela de vagabundos,1954,,,0,,,film_lineage
La malquerida,1949,,,0,,,film_lineage
Las abandonadas,1944,,,0,,,film_lineage
Dos monjes,1934,,,0,,,film_lineage
Illusion Travels by Streetcar,1953,,,0,,,film_lineage
La cucaracha,1958,,,0,,,film_lineage
Espaldas mojadas,1953,,,0,,,film_lineage
The Grey Automobile,1919,,,0,,,film_lineage
Una carta de amor,1943,,,0,,,film_lineage
Naufragio,1977,,,0,,,film_lineage
Invasión,1969,,,0,,,film_lineage
El dependiente,1969,,,0,,,film_lineage
Crónica de un niño solo,1965,,,0,,,film_lineage
The Hour of the Furnaces,1968,,,0,,,film_lineage
"Juan, como si nada hubiera sucedido",1987,,,0,,,film_lineage
Silvia Prieto,1999,,,0,,,film_lineage
Nine Queens,2000,,,0,,,film_lineage
The Aura,2005,,,0,,,film_lineage
Los traidores,1973,,,0,,,film_lineage
El romance del Aniceto y la Francisca,1966,,,0,,,film_lineage
Extraordinary Stories,2008,,,0,,,film_lineage
Esperando la carroza,1985,,,0,,,film_lineage
Nazareno Cruz y el lobo,1975,,,0,,,film_lineage
Más allá del olvido,1956,,,0,,,film_lineage
Prisioneros de la tierra,1939,,,0,,,film_lineage
Rosaura a las diez,1958,,,0,,,film_lineage
Pajarito Gómez,1965,,,0,,,film_lineage
Los rubios,2003,,,0,,,film_lineage
La casa del ángel,1957,,,0,,,film_lineage
Camila,1984,,,0,,,film_lineage
Tire dié,1960,,,0,,,film_lineage
Samson & Delilah,2009,,,0,,,film_lineage
Chopper,2000,,,0,,,film_lineage
The Proposition,2005,,,0,,,film_lineage
Sweet Country,2017,,,0,,,film_lineage
Mystery Road,2013,,,0,,,film_lineage
Hail,2011,,,0,,,film_lineage
The Dressmaker,2015,,,0,,,film_lineage
The Dish,2000,,,0,,,film_lineage
Lion,2016,,,0,,,film_lineage
The Tracker,2002,,,0,,,film_lineage
Noise,2007,,,0,,,film_lineage
Kenny,2006,,,0,,,film_lineage
Sherpa,2015,,,0,,,film_lineage
Mary and Max,2009,,,0,,,film_lineage
Wolf Creek,2005,,,0,,,film_lineage
Predestination,2014,,,0,,,film_lineage
The Saragossa Manuscript,1965,,,0,,,film_lineage
Knife in the Water,1962,,,0,,,film_lineage
Night Train,1959,,,0,,,film_lineage
Blind Chance,1981,,,0,,,film_lineage
Bad Luck,1960,,,0,,,film_lineage
The Cruise,1970,,,0,,,film_lineage
Rain Clouds over Wushan,1996,,,0,,,film_lineage
Motel Cactus,1997,,,0,,,film_lineage
Xiao Wu,1997,,,0,,,film_lineage
Timeless Melody,1999,,,0,,,film_lineage
The Day I Became a Woman,2000,,,0,,,film_lineage
Flower Island,2001,,,0,,,film_lineage
Jealousy Is My Middle Name,2002,,,0,,,film_lineage
The Rite... A Passion,2002,,,0,,,film_lineage
The Missing,2003,,,0,,,film_lineage
Tiny Snowflakes,2003,,,0,,,film_lineage
This Charming Girl,2004,,,0,,,film_lineage
Grain in Ear,2005,,,0,,,film_lineage
Betelnut,2006,,,0,,,film_lineage
Love Conquers All,2006,,,0,,,film_lineage
Wonderful Town,2007,,,0,,,film_lineage
Life Track,2007,,,0,,,film_lineage
Flower in the Pocket,2007,,,0,,,film_lineage
Land of Scarecrows,2008,,,0,,,film_lineage
Naked of Defenses,2008,,,0,,,film_lineage
Kick Off,2009,,,0,,,film_lineage
I'm in Trouble,2009,,,0,,,film_lineage
The Journals of Musan,2010,,,0,,,film_lineage
Bleak Night,2010,,,0,,,film_lineage
Mourning,2011,,,0,,,film_lineage
Nino,2011,,,0,,,film_lineage
36,2012,,,0,,,film_lineage
Kayan,2012,,,0,,,film_lineage
Pascha,2013,,,0,,,film_lineage
Remote Control,2013,,,0,,,film_lineage
End of Winter,2014,,,0,,,film_lineage
Immortal,2015,,,0,,,film_lineage
Walnut Tree,2015,,,0,,,film_lineage
The Donor,2016,,,0,,,film_lineage
Knife in the Clear Water,2016,,,0,,,film_lineage
After My Death,2017,,,0,,,film_lineage
Blockage,2017,,,0,,,film_lineage
Clean Up,2018,,,0,,,film_lineage
Savage,2018,,,0,,,film_lineage
Haifa Street,2019,,,0,,,film_lineage
Rom,2019,,,0,,,film_lineage
A Balance,2020,,,0,,,film_lineage
Three,2020,,,0,,,film_lineage
The Apartment with Two Women,2021,,,0,,,film_lineage
"Farewell, My Hometown",2021,,,0,,,film_lineage
A Wild Roomer,2022,,,0,,,film_lineage
Shivamma,2022,,,0,,,film_lineage
Boli – The Wrestler,2023,,,0,,,film_lineage
September 1923,2023,,,0,,,film_lineage
Le Wazzou Polygame,1970,,,0,,,film_lineage
A Thousand and One Hands,1972,,,0,,,film_lineage
Muna Moto,1975,,,0,,,film_lineage
Baara,1978,,,0,,,film_lineage
Djeli,1981,,,0,,,film_lineage
Finyè,1982,,,0,,,film_lineage
Story of a Meeting,1983,,,0,,,film_lineage
Sarraounia,1986,,,0,,,film_lineage
Heritage Africa,1989,,,0,,,film_lineage
Tilaï,1990,,,0,,,film_lineage
Au nom du Christ,1993,,,0,,,film_lineage
Guimba,1995,,,0,,,film_lineage
Buud Yam,1997,,,0,,,film_lineage
Identity Pieces,1998,,,0,,,film_lineage
Ali Zaoua,2000,,,0,,,film_lineage
Drum,2004,,,0,,,film_lineage
Ezra,2007,,,0,,,film_lineage
Pegasus,2010,,,0,,,film_lineage
Fevers,2013,,,0,,,film_lineage
The Mercy of the Jungle,2018,,,0,,,film_lineage
The Gravedigger's Wife,2021,,,0,,,film_lineage
Ashkal,2022,,,0,,,film_lineage
"Katanga, la danse des scorpions",2024,,,0,,,film_lineage
Birthplace Unknown,1988,,,0,,,film_lineage
Ksjsiner,1988,,,0,,,film_lineage
Šķērsiela,1988,,,0,,,film_lineage
Christo in Paris,1990,,,0,,,film_lineage
Dreams and Silence,1991,,,0,,,film_lineage
La Memoria del agua,1992,,,0,,,film_lineage
Belovy,1992,,,0,,,film_lineage
Solo de wet van de Favela,1994,,,0,,,film_lineage
Délits Flagrants,1994,,,0,,,film_lineage
Atman,1996,,,0,,,film_lineage
Auf der Kippe,1996,,,0,,,film_lineage
Photographer,1998,,,0,,,film_lineage
André Hazes – Zij gelooft in mij,1999,,,0,,,film_lineage
The Sea That Thinks,2000,,,0,,,film_lineage
Family,2001,,,0,,,film_lineage
Stevie,2002,,,0,,,film_lineage
Checkpoint,2003,,,0,,,film_lineage
Stand van de maan,2004,,,0,,,film_lineage
My Grandmother's House,2005,,,0,,,film_lineage
The Monastery: Mr. Vig and the Nun,2006,,,0,,,film_lineage
Stranded,2007,,,0,,,film_lineage
Burma VJ: Reporting from a Closed Country,2008,,,0,,,film_lineage
Last Train Home,2009,,,0,,,film_lineage
Position Among the Stars,2010,,,0,,,film_lineage
Planet of Snail,2011,,,0,,,film_lineage
First Cousin Once Removed,2012,,,0,,,film_lineage
Song from the Forest,2013,,,0,,,film_lineage
Of Men and War,2014,,,0,,,film_lineage
Don Juan,2015,,,0,,,film_lineage
Nowhere to Hide,2016,,,0,,,film_lineage
The Other Side of Everything,2017,,,0,,,film_lineage
Reason,2018,,,0,,,film_lineage
In a Whisper,2019,,,0,,,film_lineage
Radiograph of a Family,2020,,,0,,,film_lineage
Octopus,2021,,,0,,,film_lineage
Manifesto,2022,,,0,,,film_lineage
1489,2023,,,0,,,film_lineage
Trains,2024,,,0,,,film_lineage
A Fox Under a Pink Moon,2025,,,0,,,film_lineage
Dans Grozny Dans,2002,,,0,,,film_lineage
Darwin's Nightmare,2004,,,0,,,film_lineage
The 3 Rooms of Melancholia,2004,,,0,,,film_lineage
Workingman's Death,2005,,,0,,,film_lineage
The White Diamond,2004,,,0,,,film_lineage
Black Sun,2005,,,0,,,film_lineage
Santa Fe Street,2007,,,0,,,film_lineage
Burma VJ,2008,,,0,,,film_lineage
Trash Humpers,2009,,,0,,,film_lineage
Le Quattro Volte,2010,,,0,,,film_lineage
Two Years at Sea,2011,,,0,,,film_lineage
Bloody Beans,2013,,,0,,,film_lineage
God Bless the Child,2015,,,0,,,film_lineage
Last Men in Aleppo,2017,,,0,,,film_lineage
The Raft,2018,,,0,,,film_lineage
Ridge,2019,,,0,,,film_lineage
Songs of Repression,2020,,,0,,,film_lineage
The Last Shelter,2021,,,0,,,film_lineage
The Eclipse,2022,,,0,,,film_lineage
Motherland,2023,,,0,,,film_lineage
The Flats,2024,,,0,,,film_lineage
Always,2025,,,0,,,film_lineage
Heroic Times,1984,,,0,,,film_lineage
When the Wind Blows,1986,,,0,,,film_lineage
Alice,1988,,,0,,,film_lineage
Robinson & Co.,1991,,,0,,,film_lineage
Porco Rosso,1992,,,0,,,film_lineage
Pom Poko,1994,,,0,,,film_lineage
James and the Giant Peach,1996,,,0,,,film_lineage
I Married a Strange Person!,1997,,,0,,,film_lineage
Kirikou and the Sorceress,1998,,,0,,,film_lineage
Mutant Aliens,2001,,,0,,,film_lineage
"My Beautiful Girl, Mari",2002,,,0,,,film_lineage
My Life as McDull,2001,,,0,,,film_lineage
Oseam,2003,,,0,,,film_lineage
The District!,2004,,,0,,,film_lineage
Renaissance,2006,,,0,,,film_lineage
Free Jimmy,2006,,,0,,,film_lineage
Sita Sings the Blues,2008,,,0,,,film_lineage
Coraline,2009,,,0,,,film_lineage
Fantastic Mr. Fox,2009,,,0,,,film_lineage
The Rabbi's Cat,2011,,,0,,,film_lineage
Crulic: The Path to Beyond,2011,,,0,,,film_lineage
Rio 2096: A Story of Love and Fury,2013,,,0,,,film_lineage
Boy and the World,2013,,,0,,,film_lineage
April and the Extraordinary World,2015,,,0,,,film_lineage
My Life as a Zucchini,2016,,,0,,,film_lineage
Lu over the Wall,2017,,,0,,,film_lineage
Funan,2018,,,0,,,film_lineage
I Lost My Body,2019,,,0,,,film_lineage
"Calamity, a Childhood of Martha Jane Cannary",2020,,,0,,,film_lineage
Flee,2021,,,0,,,film_lineage
Little Nicholas: Happy As Can Be,2022,,,0,,,film_lineage
Chicken for Linda!,2023,,,0,,,film_lineage
Memoir of a Snail,2024,,,0,,,film_lineage
Arco,2025,,,0,,,film_lineage
Holiday,1930,,,0,,,film_lineage
Laughter,1930,,,0,,,film_lineage
The Man from Blankley's,1930,,,0,,,film_lineage
Men Without Women,1930,,,0,,,film_lineage
Outward Bound,1930,,,0,,,film_lineage
Romance,1930,,,0,,,film_lineage
Street of Chance,1930,,,0,,,film_lineage
Tol'able David,1930,,,0,,,film_lineage
City Streets,1931,,,0,,,film_lineage
Dishonored,1931,,,0,,,film_lineage
The Front Page,1931,,,0,,,film_lineage
The Guardsman,1931,,,0,,,film_lineage
Quick Millions,1931,,,0,,,film_lineage
Rango,1931,,,0,,,film_lineage
Surrender,1931,,,0,,,film_lineage
As You Desire Me,1932,,,0,,,film_lineage
A Bill of Divorcement,1932,,,0,,,film_lineage
A Farewell to Arms,1932,,,0,,,film_lineage
Madame Racketeer,1932,,,0,,,film_lineage
Payment Deferred,1932,,,0,,,film_lineage
Tarzan the Ape Man,1932,,,0,,,film_lineage
Two Seconds,1932,,,0,,,film_lineage
Berkeley Square,1933,,,0,,,film_lineage
Mama Loves Papa,1933,,,0,,,film_lineage
The Pied Piper,1933,,,0,,,film_lineage
State Fair,1933,,,0,,,film_lineage
Three-Cornered Moon,1933,,,0,,,film_lineage
Zoo in Budapest,1933,,,0,,,film_lineage
The Count of Monte Cristo,1934,,,0,,,film_lineage
Crime Without Passion,1934,,,0,,,film_lineage
Eskimo,1933,,,0,,,film_lineage
The First World War,1934,,,0,,,film_lineage
The Lost Patrol,1934,,,0,,,film_lineage
Lot in Sodom,1934,,,0,,,film_lineage
No Greater Glory,1934,,,0,,,film_lineage
Alice Adams,1935,,,0,,,film_lineage
Anna Karenina,1935,,,0,,,film_lineage
David Copperfield,1935,,,0,,,film_lineage
The Gilded Lily,1935,,,0,,,film_lineage
Les Misérables,1935,,,0,,,film_lineage
The Lives of a Bengal Lancer,1935,,,0,,,film_lineage
Ruggles of Red Gap,1935,,,0,,,film_lineage
Who Killed Cock Robin?,1935,,,0,,,film_lineage
Fury,1936,,,0,,,film_lineage
Winterset,1936,,,0,,,film_lineage
The Devil Is a Sissy,1936,,,0,,,film_lineage
Ceiling Zero,1936,,,0,,,film_lineage
Romeo and Juliet,1936,,,0,,,film_lineage
The Prisoner of Shark Island,1936,,,0,,,film_lineage
Green Pastures,1936,,,0,,,film_lineage
Black Legion,1937,,,0,,,film_lineage
They Won't Forget,1937,,,0,,,film_lineage
A Star Is Born,1937,,,0,,,film_lineage
Stage Door,1937,,,0,,,film_lineage
The Beachcomber,1938,,,0,,,film_lineage
To the Victor,1938,,,0,,,film_lineage
Sing You Sinners,1938,,,0,,,film_lineage
The Edge of the World,1938,,,0,,,film_lineage
Of Human Hearts,1938,,,0,,,film_lineage
South Riding,1938,,,0,,,film_lineage
Three Comrades,1938,,,0,,,film_lineage
Of Mice and Men,1939,,,0,,,film_lineage
Our Town,1940,,,0,,,film_lineage
The Long Voyage Home,1940,,,0,,,film_lineage
Foreign Correspondent,1940,,,0,,,film_lineage
The Biscuit Eater,1940,,,0,,,film_lineage
Gone with the Wind,1940,,,0,,,film_lineage
The Little Foxes,1941,,,0,,,film_lineage
The Stars Look Down,1941,,,0,,,film_lineage
"Tom, Dick and Harry",1941,,,0,,,film_lineage
Road to Zanzibar,1941,,,0,,,film_lineage
One of Our Aircraft Is Missing,1942,,,0,,,film_lineage
Journey for Margaret,1942,,,0,,,film_lineage
Wake Island,1942,,,0,,,film_lineage
The Male Animal,1942,,,0,,,film_lineage
The Major and the Minor,1942,,,0,,,film_lineage
Sullivan's Travels,1942,,,0,,,film_lineage
The Moon and Sixpence,1942,,,0,,,film_lineage
The Pied Piper,1942,,,0,,,film_lineage
Air Force,1943,,,0,,,film_lineage
Holy Matrimony,1943,,,0,,,film_lineage
The Hard Way,1943,,,0,,,film_lineage
Lassie Come Home,1943,,,0,,,film_lineage
Bataan,1943,,,0,,,film_lineage
The Moon Is Down,1943,,,0,,,film_lineage
The Next of Kin,1943,,,0,,,film_lineage
The Miracle of Morgan's Creek,1944,,,0,,,film_lineage
Hail the Conquering Hero,1944,,,0,,,film_lineage
The Song of Bernadette,1944,,,0,,,film_lineage
Thirty Seconds Over Tokyo,1944,,,0,,,film_lineage
Thunder Rock,1944,,,0,,,film_lineage
Lifeboat,1944,,,0,,,film_lineage
The Southerner,1945,,,0,,,film_lineage
The Story of G.I. Joe,1945,,,0,,,film_lineage
The Life and Death of Colonel Blimp,1945,,,0,,,film_lineage
A Tree Grows In Brooklyn,1945,,,0,,,film_lineage
The Fighting Lady,1945,,,0,,,film_lineage
The Way Ahead,1945,,,0,,,film_lineage
The Clock,1945,,,0,,,film_lineage
"Rome, Open City",1946,,,0,,,film_lineage
Brief Encounter,1946,,,0,,,film_lineage
A Walk in the Sun,1945,,,0,,,film_lineage
It Happened at the Inn,1946,,,0,,,film_lineage
The Diary of a Chambermaid,1946,,,0,,,film_lineage
The Killers,1946,,,0,,,film_lineage
Anna and the King of Siam,1946,,,0,,,film_lineage
Boomerang!,1947,,,0,,,film_lineage
Odd Man Out,1947,,,0,,,film_lineage
To Live in Peace,1947,,,0,,,film_lineage
It's a Wonderful Life,1947,,,0,,,film_lineage
The Overlanders,1947,,,0,,,film_lineage
Day of Wrath,1948,,,0,,,film_lineage
The Search,1948,,,0,,,film_lineage
Louisiana Story,1948,,,0,,,film_lineage
Joan of Arc,1948,,,0,,,film_lineage
The Men,1950,,,0,,,film_lineage
Edge of Doom,1950,,,0,,,film_lineage
Twelve O'Clock High,1950,,,0,,,film_lineage
Panic in the Streets,1950,,,0,,,film_lineage
No Way Out,1950,,,0,,,film_lineage
Stage Fright,1950,,,0,,,film_lineage
The Red Badge of Courage,1951,,,0,,,film_lineage
Decision Before Dawn,1951,,,0,,,film_lineage
Quo Vadis,1951,,,0,,,film_lineage
Fourteen Hours,1951,,,0,,,film_lineage
5 Fingers,1952,,,0,,,film_lineage
The Snows of Kilimanjaro,1952,,,0,,,film_lineage
The Thief,1952,,,0,,,film_lineage
Above and Beyond,1952,,,0,,,film_lineage
My Son John,1952,,,0,,,film_lineage
Martin Luther,1953,,,0,,,film_lineage
Lili,1953,,,0,,,film_lineage
Little Fugitive,1953,,,0,,,film_lineage
Mogambo,1953,,,0,,,film_lineage
Seven Brides for Seven Brothers,1954,,,0,,,film_lineage
Executive Suite,1954,,,0,,,film_lineage
The Vanishing Prairie,1954,,,0,,,film_lineage
Sabrina,1954,,,0,,,film_lineage
"20,000 Leagues Under the Sea",1954,,,0,,,film_lineage
The Unconquered,1954,,,0,,,film_lineage
Beat the Devil,1954,,,0,,,film_lineage
Mister Roberts,1955,,,0,,,film_lineage
Summertime,1955,,,0,,,film_lineage
A Man Called Peter,1955,,,0,,,film_lineage
Not as a Stranger,1955,,,0,,,film_lineage
Picnic,1955,,,0,,,film_lineage
The African Lion,1955,,,0,,,film_lineage
Moby Dick,1956,,,0,,,film_lineage
Lust for Life,1956,,,0,,,film_lineage
Somebody Up There Likes Me,1956,,,0,,,film_lineage
The Catered Affair,1956,,,0,,,film_lineage
The Man Who Never Was,1956,,,0,,,film_lineage
Bus Stop,1956,,,0,,,film_lineage
The Spirit of St. Louis,1957,,,0,,,film_lineage
The Rising of the Moon,1957,,,0,,,film_lineage
Albert Schweitzer,1957,,,0,,,film_lineage
Funny Face,1957,,,0,,,film_lineage
The Bachelor Party,1957,,,0,,,film_lineage
The Enemy Below,1957,,,0,,,film_lineage
A Farewell to Arms,1957,,,0,,,film_lineage
The Last Hurrah,1958,,,0,,,film_lineage
"The Long, Hot Summer",1958,,,0,,,film_lineage
Windjammer,1958,,,0,,,film_lineage
Cat on a Hot Tin Roof,1958,,,0,,,film_lineage
The Goddess,1958,,,0,,,film_lineage
The Brothers Karamazov,1958,,,0,,,film_lineage
Me and the Colonel,1958,,,0,,,film_lineage
The Alamo,1960,,,0,,,film_lineage
The Sundowners,1960,,,0,,,film_lineage
Sunrise at Campobello,1960,,,0,,,film_lineage
Home from the Hill,1960,,,0,,,film_lineage
Wild River,1960,,,0,,,film_lineage
The Dark at the Top of the Stairs,1960,,,0,,,film_lineage
The Innocents,1961,,,0,,,film_lineage
The Hoodlum Priest,1961,,,0,,,film_lineage
Summer and Smoke,1961,,,0,,,film_lineage
The Young Doctors,1961,,,0,,,film_lineage
"One, Two, Three",1961,,,0,,,film_lineage
Fanny,1961,,,0,,,film_lineage
Billy Budd,1962,,,0,,,film_lineage
Whistle Down the Wind,1962,,,0,,,film_lineage
Requiem for a Heavyweight,1962,,,0,,,film_lineage
War Hunt,1962,,,0,,,film_lineage
All the Way Home,1963,,,0,,,film_lineage
Lord of the Flies,1963,,,0,,,film_lineage
The L-Shaped Room,1963,,,0,,,film_lineage
The Great Escape,1963,,,0,,,film_lineage
Girl with Green Eyes,1964,,,0,,,film_lineage
The World of Henry Orient,1964,,,0,,,film_lineage
Zorba the Greek,1964,,,0,,,film_lineage
Topkapi,1964,,,0,,,film_lineage
The Chalk Garden,1964,,,0,,,film_lineage
The Finest Hours,1964,,,0,,,film_lineage
Four Days in November,1964,,,0,,,film_lineage
Séance on a Wet Afternoon,1964,,,0,,,film_lineage
The Agony and the Ecstasy,1965,,,0,,,film_lineage
Ship of Fools,1965,,,0,,,film_lineage
The Spy Who Came in from the Cold,1965,,,0,,,film_lineage
The Greatest Story Ever Told,1965,,,0,,,film_lineage
A Thousand Clowns,1965,,,0,,,film_lineage
The Train,1965,,,0,,,film_lineage
Born Free,1966,,,0,,,film_lineage
The Bible: In the Beginning...,1966,,,0,,,film_lineage
Georgy Girl,1966,,,0,,,film_lineage
"John F. Kennedy: Years of Lightning, Day of Drums",1966,,,0,,,film_lineage
It Happened Here,1966,,,0,,,film_lineage
Shakespeare Wallah,1966,,,0,,,film_lineage
Ulysses,1967,,,0,,,film_lineage
In Cold Blood,1967,,,0,,,film_lineage
The Family Way,1967,,,0,,,film_lineage
The Taming of the Shrew,1967,,,0,,,film_lineage
Doctor Dolittle,1967,,,0,,,film_lineage
The Comedians,1967,,,0,,,film_lineage
Romeo and Juliet,1968,,,0,,,film_lineage
Yellow Submarine,1968,,,0,,,film_lineage
"Rachel, Rachel",1968,,,0,,,film_lineage
The Subject Was Roses,1968,,,0,,,film_lineage
Planet of the Apes,1968,,,0,,,film_lineage
Kes,1970,,,0,,,film_lineage
Ryan's Daughter,1970,,,0,,,film_lineage
I Never Sang for My Father,1970,,,0,,,film_lineage
Diary of a Mad Housewife,1970,,,0,,,film_lineage
The Virgin and the Gypsy,1970,,,0,,,film_lineage
Tora! Tora! Tora!,1970,,,0,,,film_lineage
The Boy Friend,1971,,,0,,,film_lineage
One Day in the Life of Ivan Denisovich,1971,,,0,,,film_lineage
Nicholas and Alexandra,1971,,,0,,,film_lineage
King Lear,1971,,,0,,,film_lineage
The Tales of Beatrix Potter,1971,,,0,,,film_lineage
Man of La Mancha,1972,,,0,,,film_lineage
Sounder,1972,,,0,,,film_lineage
1776,1972,,,0,,,film_lineage
The Effect of Gamma Rays on Man-in-the-Moon Marigolds,1972,,,0,,,film_lineage
The Ruling Class,1972,,,0,,,film_lineage
Frenzy,1972,,,0,,,film_lineage
Bang the Drum Slowly,1973,,,0,,,film_lineage
Serpico,1973,,,0,,,film_lineage
The Last American Hero,1973,,,0,,,film_lineage
The Day of the Dolphin,1973,,,0,,,film_lineage
The Way We Were,1973,,,0,,,film_lineage
The Homecoming,1973,,,0,,,film_lineage
Murder on the Orient Express,1974,,,0,,,film_lineage
Thieves Like Us,1974,,,0,,,film_lineage
Lenny,1974,,,0,,,film_lineage
Daisy Miller,1974,,,0,,,film_lineage
The Three Musketeers,1973,,,0,,,film_lineage
Conduct Unbecoming,1975,,,0,,,film_lineage
The Day of the Locust,1975,,,0,,,film_lineage
The Passenger,1975,,,0,,,film_lineage
Hearts of the West,1975,,,0,,,film_lineage
"Farewell, My Lovely",1975,,,0,,,film_lineage
The Last Tycoon,1976,,,0,,,film_lineage
The Seven-Per-Cent Solution,1976,,,0,,,film_lineage
The Front,1976,,,0,,,film_lineage
The Shootist,1976,,,0,,,film_lineage
Family Plot,1976,,,0,,,film_lineage
Silent Movie,1976,,,0,,,film_lineage
Obsession,1976,,,0,,,film_lineage
Saturday Night Fever,1977,,,0,,,film_lineage
Equus,1977,,,0,,,film_lineage
The Picture Show Man,1977,,,0,,,film_lineage
"Harlan County, USA",1977,,,0,,,film_lineage
Interiors,1978,,,0,,,film_lineage
Movie Movie,1978,,,0,,,film_lineage
Pretty Baby,1978,,,0,,,film_lineage
Comes a Horseman,1978,,,0,,,film_lineage
The Great Santini,1980,,,0,,,film_lineage
The Stunt Man,1980,,,0,,,film_lineage
My Bodyguard,1980,,,0,,,film_lineage
Resurrection,1980,,,0,,,film_lineage
Stevie,1978,,,0,,,film_lineage
Prince of the City,1981,,,0,,,film_lineage
Breaker Morant,1981,,,0,,,film_lineage
The Verdict,1982,,,0,,,film_lineage
An Officer and a Gentleman,1982,,,0,,,film_lineage
The World According to Garp,1982,,,0,,,film_lineage
The Chosen,1981,,,0,,,film_lineage
The Right Stuff,1983,,,0,,,film_lineage
Testament,1983,,,0,,,film_lineage
Cross Creek,1983,,,0,,,film_lineage
Mass Appeal,1984,,,0,,,film_lineage
Country,1984,,,0,,,film_lineage
A Soldier's Story,1984,,,0,,,film_lineage
"Careful, He Might Hear You",1984,,,0,,,film_lineage
Under the Volcano,1984,,,0,,,film_lineage
The Shooting Party,1985,,,0,,,film_lineage
Blood Simple,1985,,,0,,,film_lineage
Dreamchild,1985,,,0,,,film_lineage
My Beautiful Laundrette,1986,,,0,,,film_lineage
Round Midnight,1986,,,0,,,film_lineage
Peggy Sue Got Married,1986,,,0,,,film_lineage
The Untouchables,1987,,,0,,,film_lineage
Gaby: A True Story,1987,,,0,,,film_lineage
Cry Freedom,1987,,,0,,,film_lineage
Fatal Attraction,1987,,,0,,,film_lineage
The Last Temptation of Christ,1988,,,0,,,film_lineage
Tucker: The Man and His Dream,1988,,,0,,,film_lineage
Running on Empty,1988,,,0,,,film_lineage
Gorillas in the Mist,1988,,,0,,,film_lineage
Midnight Run,1988,,,0,,,film_lineage
Hamlet,1990,,,0,,,film_lineage
Awakenings,1990,,,0,,,film_lineage
Metropolitan,1990,,,0,,,film_lineage
Mr. & Mrs. Bridge,1990,,,0,,,film_lineage
Avalon,1990,,,0,,,film_lineage
Homicide,1991,,,0,,,film_lineage
Dead Again,1991,,,0,,,film_lineage
Boyz n the Hood,1991,,,0,,,film_lineage
Frankie and Johnny,1991,,,0,,,film_lineage
A Few Good Men,1992,,,0,,,film_lineage
One False Move,1992,,,0,,,film_lineage
Peter's Friends,1992,,,0,,,film_lineage
Bob Roberts,1992,,,0,,,film_lineage
The Age of Innocence,1993,,,0,,,film_lineage
Shadowlands,1993,,,0,,,film_lineage
Much Ado About Nothing,1993,,,0,,,film_lineage
The Joy Luck Club,1993,,,0,,,film_lineage
Bullets over Broadway,1994,,,0,,,film_lineage
Tom & Viv,1994,,,0,,,film_lineage
Heavenly Creatures,1994,,,0,,,film_lineage
The American President,1995,,,0,,,film_lineage
Mighty Aphrodite,1995,,,0,,,film_lineage
Persuasion,1995,,,0,,,film_lineage
Everyone Says I Love You,1996,,,0,,,film_lineage
Jerry Maguire,1996,,,0,,,film_lineage
The Wings of the Dove,1997,,,0,,,film_lineage
The Rainmaker,1997,,,0,,,film_lineage
Jackie Brown,1997,,,0,,,film_lineage
Happiness,1998,,,0,,,film_lineage
Lolita,1997,,,0,,,film_lineage
A Simple Plan,1998,,,0,,,film_lineage
Dancing at Lughnasa,1998,,,0,,,film_lineage
Croupier,2000,,,0,,,film_lineage
Billy Elliot,2000,,,0,,,film_lineage
Wonder Boys,2000,,,0,,,film_lineage
Sunshine,1999,,,0,,,film_lineage
Black Hawk Down,2001,,,0,,,film_lineage
The Pledge,2001,,,0,,,film_lineage
Adaptation,2002,,,0,,,film_lineage
Gangs of New York,2002,,,0,,,film_lineage
The Quiet American,2002,,,0,,,film_lineage
Thirteen Conversations About One Thing,2002,,,0,,,film_lineage
Frida,2002,,,0,,,film_lineage
The Last Samurai,2003,,,0,,,film_lineage
The Station Agent,2003,,,0,,,film_lineage
House of Sand and Fog,2003,,,0,,,film_lineage
Cold Mountain,2003,,,0,,,film_lineage
In America,2003,,,0,,,film_lineage
Seabiscuit,2003,,,0,,,film_lineage
Closer,2004,,,0,,,film_lineage
Kinsey,2004,,,0,,,film_lineage
Collateral,2004,,,0,,,film_lineage
Match Point,2005,,,0,,,film_lineage
Memoirs of a Geisha,2005,,,0,,,film_lineage
Munich,2005,,,0,,,film_lineage
Syriana,2005,,,0,,,film_lineage
Blood Diamond,2006,,,0,,,film_lineage
The Devil Wears Prada,2006,,,0,,,film_lineage
Flags of Our Fathers,2006,,,0,,,film_lineage
The History Boys,2006,,,0,,,film_lineage
Notes on a Scandal,2006,,,0,,,film_lineage
The Painted Veil,2006,,,0,,,film_lineage
The Bourne Ultimatum,2007,,,0,,,film_lineage
The Bucket List,2007,,,0,,,film_lineage
The Kite Runner,2007,,,0,,,film_lineage
Lars and the Real Girl,2007,,,0,,,film_lineage
Burn After Reading,2008,,,0,,,film_lineage
Changeling,2008,,,0,,,film_lineage
The Curious Case of Benjamin Button,2008,,,0,,,film_lineage
Defiance,2008,,,0,,,film_lineage
Frost/Nixon,2008,,,0,,,film_lineage
Another Year,2010,,,0,,,film_lineage
The Fighter,2010,,,0,,,film_lineage
Hereafter,2010,,,0,,,film_lineage
Shutter Island,2010,,,0,,,film_lineage
The Town,2010,,,0,,,film_lineage
Toy Story 3,2010,,,0,,,film_lineage
True Grit,2010,,,0,,,film_lineage
The Girl with the Dragon Tattoo,2011,,,0,,,film_lineage
Harry Potter and the Deathly Hallows – Part 2,2011,,,0,,,film_lineage
The Ides of March,2011,,,0,,,film_lineage
J. Edgar,2011,,,0,,,film_lineage
War Horse,2011,,,0,,,film_lineage
Looper,2012,,,0,,,film_lineage
The Perks of Being a Wallflower,2012,,,0,,,film_lineage
Promised Land,2012,,,0,,,film_lineage
Lone Survivor,2013,,,0,,,film_lineage
Prisoners,2013,,,0,,,film_lineage
Saving Mr. Banks,2013,,,0,,,film_lineage
The Secret Life of Walter Mitty,2013,,,0,,,film_lineage
American Sniper,2014,,,0,,,film_lineage
Fury,2014,,,0,,,film_lineage
The LEGO Movie,2014,,,0,,,film_lineage
Nightcrawler,2014,,,0,,,film_lineage
Unbroken,2014,,,0,,,film_lineage
Bridge of Spies,2015,,,0,,,film_lineage
Creed,2015,,,0,,,film_lineage
The Hateful Eight,2015,,,0,,,film_lineage
Sicario,2015,,,0,,,film_lineage
Straight Outta Compton,2015,,,0,,,film_lineage
"Hail, Caesar!",2016,,,0,,,film_lineage
Hell or High Water,2016,,,0,,,film_lineage
Patriots Day,2016,,,0,,,film_lineage
Silence,2016,,,0,,,film_lineage
Sully,2016,,,0,,,film_lineage
Baby Driver,2017,,,0,,,film_lineage
Downsizing,2017,,,0,,,film_lineage
Dunkirk,2017,,,0,,,film_lineage
Logan,2017,,,0,,,film_lineage
The Ballad of Buster Scruggs,2018,,,0,,,film_lineage
Can You Ever Forgive Me?,2018,,,0,,,film_lineage
First Reformed,2018,,,0,,,film_lineage
Mary Poppins Returns,2018,,,0,,,film_lineage
A Quiet Place,2018,,,0,,,film_lineage
The Forty-Year-Old Version,2020,,,0,,,film_lineage
Judas and the Black Messiah,2020,,,0,,,film_lineage
The Midnight Sky,2020,,,0,,,film_lineage
News of the World,2020,,,0,,,film_lineage
Soul,2020,,,0,,,film_lineage
Sound of Metal,2020,,,0,,,film_lineage
Don't Look Up,2021,,,0,,,film_lineage
The Last Duel,2021,,,0,,,film_lineage
Nightmare Alley,2021,,,0,,,film_lineage
Red Rocket,2021,,,0,,,film_lineage
The Tragedy of Macbeth,2021,,,0,,,film_lineage
Glass Onion: A Knives Out Mystery,2022,,,0,,,film_lineage
RRR,2022,,,0,,,film_lineage
Till,2022,,,0,,,film_lineage
The Woman King,2022,,,0,,,film_lineage
Barbie,2023,,,0,,,film_lineage
The Boy and the Heron,2023,,,0,,,film_lineage
Ferrari,2023,,,0,,,film_lineage
The Holdovers,2023,,,0,,,film_lineage
The Iron Claw,2023,,,0,,,film_lineage
Maestro,2023,,,0,,,film_lineage
A Complete Unknown,2024,,,0,,,film_lineage
Furiosa: A Mad Max Saga,2024,,,0,,,film_lineage
Gladiator II,2024,,,0,,,film_lineage
Juror #2,2024,,,0,,,film_lineage
Queer,2024,,,0,,,film_lineage
A Real Pain,2024,,,0,,,film_lineage
Sing Sing,2023,,,0,,,film_lineage
3:10 to Yuma,1957,,,0,,,film_lineage
4 Little Girls,1997,,,0,,,film_lineage
The 7th Voyage of Sinbad,1958,,,0,,,film_lineage
13 Lakes,2004,,,0,,,film_lineage
20 Feet from Stardom,2013,,,0,,,film_lineage
"20,000 Leagues Under the Sea",1916,,,0,,,film_lineage
Abbott and Costello Meet Frankenstein,1948,,,0,,,film_lineage
Adam's Rib,1949,,,0,,,film_lineage
Alambrista!,1977,,,0,,,film_lineage
All My Babies,1953,,,0,,,film_lineage
Allures,1961,,,0,,,film_lineage
America America,1963,,,0,,,film_lineage
American Me,1992,,,0,,,film_lineage
Annabelle Serpentine Dance,1895,,,0,,,film_lineage
Antonia: A Portrait of the Woman,1974,,,0,,,film_lineage
Applause,1929,,,0,,,film_lineage
The Atomic Cafe,1982,,,0,,,film_lineage
Attica,1974,,,0,,,film_lineage
The Augustas,1930,,,0,,,film_lineage
Ball of Fire,1941,,,0,,,film_lineage
The Ballad of Gregorio Cortez,1982,,,0,,,film_lineage
Bamboozled,2000,,,0,,,film_lineage
The Band Wagon,1953,,,0,,,film_lineage
The Bargain,1914,,,0,,,film_lineage
The Battle of San Pietro,1945,,,0,,,film_lineage
The Battle of the Century,1927,,,0,,,film_lineage
The Beau Brummels,1928,,,0,,,film_lineage
Becky Sharp,1935,,,0,,,film_lineage
Before Stonewall,1984,,,0,,,film_lineage
Behind Every Good Man,1967,,,0,,,film_lineage
Ben-Hur: A Tale of the Christ,1925,,,0,,,film_lineage
Bert Williams: Lime Kiln Club Field Day,1913,,,0,,,film_lineage
Betty Tells Her Story,1972,,,0,,,film_lineage
Beverly Hills Cop,1984,,,0,,,film_lineage
Big Business,1929,,,0,,,film_lineage
The Big Heat,1953,,,0,,,film_lineage
The Big Lebowski,1998,,,0,,,film_lineage
The Big Sleep,1946,,,0,,,film_lineage
The Big Trail,1930,,,0,,,film_lineage
The Birds,1963,,,0,,,film_lineage
Black and Tan,1929,,,0,,,film_lineage
The Black Pirate,1926,,,0,,,film_lineage
The Black Stallion,1979,,,0,,,film_lineage
Blackboard Jungle,1955,,,0,,,film_lineage
Blacksmith Scene,1893,,,0,,,film_lineage
Blazing Saddles,1974,,,0,,,film_lineage
Bless Their Little Hearts,1984,,,0,,,film_lineage
The Blood of Jesus,1941,,,0,,,film_lineage
The Blue Bird,1918,,,0,,,film_lineage
The Blues Brothers,1980,,,0,,,film_lineage
Body and Soul,1925,,,0,,,film_lineage
Bohulano Family Film Collection,1950,,,0,,,film_lineage
Boulevard Nights,1979,,,0,,,film_lineage
Brandy in the Wilderness,1969,,,0,,,film_lineage
Bread,1918,,,0,,,film_lineage
The Breakfast Club,1985,,,0,,,film_lineage
A Bronx Morning,1931,,,0,,,film_lineage
Brooklyn Bridge,1981,,,0,,,film_lineage
Buena Vista Social Club,1999,,,0,,,film_lineage
The Buffalo Creek Flood: An Act of Man,1975,,,0,,,film_lineage
Bullitt,1968,,,0,,,film_lineage
Bush Mama,1979,,,0,,,film_lineage
Cab Calloway's home movies,1948,,,0,,,film_lineage
Cabin in the Sky,1943,,,0,,,film_lineage
The Cameraman,1928,,,0,,,film_lineage
Castro Street,1966,,,0,,,film_lineage
Chan Is Missing,1982,,,0,,,film_lineage
The Cheat,1915,,,0,,,film_lineage
The Chechahcos,1924,,,0,,,film_lineage
Chicana,1979,,,0,,,film_lineage
A Christmas Story,1983,,,0,,,film_lineage
Chulas Fronteras,1976,,,0,,,film_lineage
Cicero March,1966,,,0,,,film_lineage
The City,1939,,,0,,,film_lineage
Civilization,1916,,,0,,,film_lineage
The Clash of the Wolves,1925,,,0,,,film_lineage
Clerks,1994,,,0,,,film_lineage
Cologne: From the Diary of Ray and Esther,1939,,,0,,,film_lineage
"Commandment Keeper Church, Beaufort South Carolina, May 1940",1940,,,0,,,film_lineage
Common Threads: Stories from the Quilt,1989,,,0,,,film_lineage
Compensation,1999,,,0,,,film_lineage
A Computer Animated Hand,1972,,,0,,,film_lineage
Cooley High,1975,,,0,,,film_lineage
The Cool World,1963,,,0,,,film_lineage
Cops,1922,,,0,,,film_lineage
The Corbett–Fitzsimmons Fight,1897,,,0,,,film_lineage
A Corner in Wheat,1909,,,0,,,film_lineage
The Court Jester,1956,,,0,,,film_lineage
Crisis: Behind a Presidential Commitment,1963,,,0,,,film_lineage
Cruisin' J-Town,1975,,,0,,,film_lineage
The Cry of the Children,1912,,,0,,,film_lineage
The Cry of Jazz,1959,,,0,,,film_lineage
A Cure for Pokeritis,1912,,,0,,,film_lineage
The Curse of Quon Gwon,1916,,,0,,,film_lineage
Czechoslovakia 1968,1969,,,0,,,film_lineage
D.O.A.,1950,,,0,,,film_lineage
Daughter of Dawn,1920,,,0,,,film_lineage
Daughter of Shanghai,1937,,,0,,,film_lineage
David Holzman's Diary,1967,,,0,,,film_lineage
The Day the Earth Stood Still,1951,,,0,,,film_lineage
Days of Wine and Roses,1962,,,0,,,film_lineage
Dead Birds,1964,,,0,,,film_lineage
Decasia,2002,,,0,,,film_lineage
The Decline of Western Civilization,1981,,,0,,,film_lineage
Demolishing and Building Up the Star Theatre,1901,,,0,,,film_lineage
The Devil Never Sleeps,1994,,,0,,,film_lineage
The Dickson Experimental Sound Film,1894,,,0,,,film_lineage
Dinner at Eight,1933,,,0,,,film_lineage
Dirty Dancing,1987,,,0,,,film_lineage
Disneyland Dream,1956,,,0,,,film_lineage
Dixon-Wanamaker Expedition to Crow Agency,1908,,,0,,,film_lineage
Dog Star Man,1961,,,0,,,film_lineage
Dont Look Back,1967,,,0,,,film_lineage
Down Argentine Way,1940,,,0,,,film_lineage
Dracula (Spanish version),1931,,,0,,,film_lineage
The Dragon Painter,1919,,,0,,,film_lineage
Dream of a Rarebit Fiend,1906,,,0,,,film_lineage
Drums of Winter,1988,,,0,,,film_lineage
Duck Amuck,1953,,,0,,,film_lineage
Duck and Cover,1951,,,0,,,film_lineage
"Eadweard Muybridge, Zoopraxographer",1975,,,0,,,film_lineage
Early Abstractions,1939,,,0,,,film_lineage
Eaux d'Artifice,1953,,,0,,,film_lineage
Edge of the City,1957,,,0,,,film_lineage
Edison Kinetographic Record of a Sneeze,1894,,,0,,,film_lineage
El Mariachi,1992,,,0,,,film_lineage
El Norte,1983,,,0,,,film_lineage
Electronic Labyrinth: THX 1138 4EB,1967,,,0,,,film_lineage
Ella Cinders,1926,,,0,,,film_lineage
Emigrants Landing at Ellis Island,1903,,,0,,,film_lineage
The Emperor Jones,1933,,,0,,,film_lineage
Empire,1964,,,0,,,film_lineage
Employees' Entrance,1933,,,0,,,film_lineage
The Endless Summer,1966,,,0,,,film_lineage
Evergreen,1965,,,0,,,film_lineage
The Evidence of the Film,1913,,,0,,,film_lineage
The Exiles,1961,,,0,,,film_lineage
The Exploits of Elaine,1914,,,0,,,film_lineage
A Face in the Crowd,1957,,,0,,,film_lineage
Fake Fruit Factory,1986,,,0,,,film_lineage
The Fall of the House of Usher,1928,,,0,,,film_lineage
Fame,1980,,,0,,,film_lineage
Fatty's Tintype Tangle,1915,,,0,,,film_lineage
Felicia,1965,,,0,,,film_lineage
Field of Dreams,1989,,,0,,,film_lineage
Film Portrait,1972,,,0,,,film_lineage
Flash Gordon,1936,,,0,,,film_lineage
Flesh and the Devil,1927,,,0,,,film_lineage
The Forgotten Frontier,1931,,,0,,,film_lineage
Flowers and Trees,1932,,,0,,,film_lineage
Flower Drum Song,1961,,,0,,,film_lineage
The Flying Ace,1926,,,0,,,film_lineage
The Fog of War,2003,,,0,,,film_lineage
A Fool There Was,1915,,,0,,,film_lineage
Forbidden Planet,1956,,,0,,,film_lineage
Force of Evil,1948,,,0,,,film_lineage
The Four Horsemen of the Apocalypse,1921,,,0,,,film_lineage
Fox Movietone News: Jenkins Orphanage Band,1928,,,0,,,film_lineage
Frank Film,1973,,,0,,,film_lineage
Free Radicals,1979,,,0,,,film_lineage
Freedom Riders,2010,,,0,,,film_lineage
The Freshman,1925,,,0,,,film_lineage
From Stump to Ship,1930,,,0,,,film_lineage
From the Manger to the Cross,1912,,,0,,,film_lineage
Fuentes Family Home Movies Collection,1920,,,0,,,film_lineage
Fuji,1974,,,0,,,film_lineage
The Gang's All Here,1943,,,0,,,film_lineage
Ganja & Hess,1973,,,0,,,film_lineage
Garlic Is as Good as Ten Mothers,1980,,,0,,,film_lineage
George Stevens' World War II footage,1943,,,0,,,film_lineage
George Washington Carver at Tuskegee Institute,1937,,,0,,,film_lineage
Gerald McBoing-Boing,1950,,,0,,,film_lineage
Gertie the Dinosaur,1914,,,0,,,film_lineage
Gilda,1946,,,0,,,film_lineage
The Girl Without a Soul,1917,,,0,,,film_lineage
Glimpse of the Garden,1957,,,0,,,film_lineage
Glory,1989,,,0,,,film_lineage
The Goonies,1985,,,0,,,film_lineage
Grass,1925,,,0,,,film_lineage
Grease,1978,,,0,,,film_lineage
The Ground,1993,,,0,,,film_lineage
Growing Up Female,1971,,,0,,,film_lineage
H2O,1929,,,0,,,film_lineage
Hairspray,1988,,,0,,,film_lineage
Hair Piece: A Film for Nappyheaded People,1984,,,0,,,film_lineage
Hallelujah,1929,,,0,,,film_lineage
Hands Up!,1926,,,0,,,film_lineage
"Harlan County, USA",1976,,,0,,,film_lineage
He Who Gets Slapped,1924,,,0,,,film_lineage
Hell's Hinges,1916,,,0,,,film_lineage
Hell-Bound Train,1930,,,0,,,film_lineage
Heroes All,1920,,,0,,,film_lineage
Hester Street,1975,,,0,,,film_lineage
High School,1968,,,0,,,film_lineage
High Society,1956,,,0,,,film_lineage
Hindenburg disaster newsreel footage,1937,,,0,,,film_lineage
The Hole,1962,,,0,,,film_lineage
Home Alone,1990,,,0,,,film_lineage
Hoosiers,1986,,,0,,,film_lineage
Hospital,1970,,,0,,,film_lineage
Hot Dogs for Gauguin,1972,,,0,,,film_lineage
Hours for Jerome: Parts 1 and 2,1980,,,0,,,film_lineage
The House I Live In,1945,,,0,,,film_lineage
The House in the Middle,1954,,,0,,,film_lineage
House of Usher,1960,,,0,,,film_lineage
House of Wax,1953,,,0,,,film_lineage
House Party,1990,,,0,,,film_lineage
How the West Was Won,1962,,,0,,,film_lineage
Humoresque,1920,,,0,,,film_lineage
The Hunters,1957,,,0,,,film_lineage
I Am Joaquin,1969,,,0,,,film_lineage
I Am Somebody,1970,,,0,,,film_lineage
"I, An Actress",1977,,,0,,,film_lineage
Illusions,1982,,,0,,,film_lineage
Imitation of Life,1934,,,0,,,film_lineage
The Immigrant,1917,,,0,,,film_lineage
In the Land of the Head Hunters,1914,,,0,,,film_lineage
In the Street,1948,,,0,,,film_lineage
The Incredible Shrinking Man,1957,,,0,,,film_lineage
The Inner World of Aphasia,1968,,,0,,,film_lineage
"Interior New York Subway, 14th Street to 42nd Street",1905,,,0,,,film_lineage
Into the Arms of Strangers: Stories of the Kindertransport,2000,,,0,,,film_lineage
Invaders from Mars,1953,,,0,,,film_lineage
The Invisible Man,1933,,,0,,,film_lineage
The Iron Horse,1924,,,0,,,film_lineage
It,1927,,,0,,,film_lineage
The Italian,1915,,,0,,,film_lineage
"Itam Hakim, Hopiit",1984,,,0,,,film_lineage
Jailhouse Rock,1957,,,0,,,film_lineage
Jam Session,1942,,,0,,,film_lineage
Jammin' the Blues,1944,,,0,,,film_lineage
Jazz on a Summer's Day,1959,,,0,,,film_lineage
Jeffries-Johnson World's Championship Boxing Contest,1910,,,0,,,film_lineage
John Henry and the Inky-Poo,1946,,,0,,,film_lineage
Jubilo,1919,,,0,,,film_lineage
The Jungle,1967,,,0,,,film_lineage
"Kannapolis, N.C.",1941,,,0,,,film_lineage
The Karate Kid,1984,,,0,,,film_lineage
The Kid,1921,,,0,,,film_lineage
Kid Auto Races at Venice,1914,,,0,,,film_lineage
The Kidnappers Foil,1930,,,0,,,film_lineage
Killer of Sheep,1978,,,0,,,film_lineage
King: A Filmed Record... Montgomery to Memphis,1970,,,0,,,film_lineage
King of Jazz,1930,,,0,,,film_lineage
The Kiss,1896,,,0,,,film_lineage
"Knute Rockne, All American",1940,,,0,,,film_lineage
Koko's Earth Control,1928,,,0,,,film_lineage
La Bamba,1987,,,0,,,film_lineage
The Lady,1925,,,0,,,film_lineage
Lady and the Tramp,1955,,,0,,,film_lineage
The Lady from Shanghai,1947,,,0,,,film_lineage
Lady Helen's Escapade,1909,,,0,,,film_lineage
Lambchops,1929,,,0,,,film_lineage
The Land Beyond the Sunset,1912,,,0,,,film_lineage
The Last of the Mohicans,1920,,,0,,,film_lineage
The Last Waltz,1978,,,0,,,film_lineage
The Lead Shoes,1949,,,0,,,film_lineage
The Learning Tree,1969,,,0,,,film_lineage
Leave Her to Heaven,1945,,,0,,,film_lineage
Let There Be Light,1946,,,0,,,film_lineage
Let's All Go to the Lobby,1957,,,0,,,film_lineage
The Life and Death of 9413: a Hollywood Extra,1928,,,0,,,film_lineage
The Life and Times of Rosie the Riveter,1980,,,0,,,film_lineage
Life of an American Fireman,1903,,,0,,,film_lineage
The Lighted Field,1987,,,0,,,film_lineage
Little Big Man,1970,,,0,,,film_lineage
Little Caesar,1931,,,0,,,film_lineage
The Little Mermaid,1989,,,0,,,film_lineage
Little Miss Marker,1934,,,0,,,film_lineage
Little Nemo,1911,,,0,,,film_lineage
Lives of Performers,1972,,,0,,,film_lineage
The Living Desert,1953,,,0,,,film_lineage
Lonesome,1928,,,0,,,film_lineage
The Long Goodbye,1973,,,0,,,film_lineage
Lost Horizon,1937,,,0,,,film_lineage
The Lost World,1925,,,0,,,film_lineage
Love & Basketball,2000,,,0,,,film_lineage
Love Finds Andy Hardy,1938,,,0,,,film_lineage
The Loving Story,2011,,,0,,,film_lineage
The Lunch Date,1990,,,0,,,film_lineage
Luxo Jr.,1986,,,0,,,film_lineage
Mabel's Blunder,1914,,,0,,,film_lineage
Magical Maestro,1952,,,0,,,film_lineage
The Magnificent Ambersons,1942,,,0,,,film_lineage
The Magnificent Seven,1960,,,0,,,film_lineage
The Maid of McMillan,1916,,,0,,,film_lineage
The Man Who Shot Liberty Valance,1962,,,0,,,film_lineage
The Man with the Golden Arm,1955,,,0,,,film_lineage
Manhatta,1921,,,0,,,film_lineage
Manzanar,1971,,,0,,,film_lineage
Mardi Gras Carnival,1898,,,0,,,film_lineage
The March,1964,,,0,,,film_lineage
The March of Time: Inside Nazi Germany,1938,,,0,,,film_lineage
Marian Anderson: The Lincoln Memorial Concert,1939,,,0,,,film_lineage
The Mark of Zorro,1920,,,0,,,film_lineage
The Mark of Zorro,1940,,,0,,,film_lineage
Martha Graham dance films,1931,,,0,,,film_lineage
Master Hands,1936,,,0,,,film_lineage
Matewan,1987,,,0,,,film_lineage
Matrimony's Speed Limit,1913,,,0,,,film_lineage
Mauna Kea: Temple Under Siege,2006,,,0,,,film_lineage
Maya Lin: A Strong Clear Vision,1994,,,0,,,film_lineage
Medium Cool,1969,,,0,,,film_lineage
Melody Ranch,1940,,,0,,,film_lineage
Memphis Belle,1944,,,0,,,film_lineage
Men and Dust,1940,,,0,,,film_lineage
Michael Jackson's Thriller,1983,,,0,,,film_lineage
The Middleton Family at the New York World's Fair,1939,,,0,,,film_lineage
Midnight,1939,,,0,,,film_lineage
Mighty Like a Moose,1926,,,0,,,film_lineage
Mingus,1968,,,0,,,film_lineage
Miss Lulu Bett,1921,,,0,,,film_lineage
Modesta,1956,,,0,,,film_lineage
Mom and Dad,1945,,,0,,,film_lineage
Monterey Pop,1968,,,0,,,film_lineage
Moon Breath Beat,1980,,,0,,,film_lineage
Motion Painting No. 1,1947,,,0,,,film_lineage
A Movie,1958,,,0,,,film_lineage
A Movie Trip Through Filmland,1921,,,0,,,film_lineage
Multiple SIDosis,1970,,,0,,,film_lineage
The Muppet Movie,1979,,,0,,,film_lineage
The Murder of Fred Hampton,1971,,,0,,,film_lineage
The Music Box,1932,,,0,,,film_lineage
The Music Man,1962,,,0,,,film_lineage
The Musketeers of Pig Alley,1912,,,0,,,film_lineage
My Family,1995,,,0,,,film_lineage
My Name Is Oona,1969,,,0,,,film_lineage
The Naked City,1948,,,0,,,film_lineage
The Naked Spur,1953,,,0,,,film_lineage
National Lampoon's Animal House,1978,,,0,,,film_lineage
National Velvet,1944,,,0,,,film_lineage
Naughty Marietta,1935,,,0,,,film_lineage
Navajo Film Themselves,1966,,,0,,,film_lineage
The Navigator,1924,,,0,,,film_lineage
The Negro Soldier,1944,,,0,,,film_lineage
A New Leaf,1971,,,0,,,film_lineage
Newark Athlete,1891,,,0,,,film_lineage
Nicholas Brothers' home movies,1930,,,0,,,film_lineage
A Nightmare on Elm Street,1984,,,0,,,film_lineage
The Nightmare Before Christmas,1993,,,0,,,film_lineage
No Lies,1973,,,0,,,film_lineage
(nostalgia),1971,,,0,,,film_lineage
Notes on the Port of St. Francis,1951,,,0,,,film_lineage
Nothing but a Man,1964,,,0,,,film_lineage
"Now, Voyager",1942,,,0,,,film_lineage
The Nutty Professor,1963,,,0,,,film_lineage
The Oath of the Sword,1914,,,0,,,film_lineage
OffOn,1968,,,0,,,film_lineage
Oklahoma!,1955,,,0,,,film_lineage
The Old Mill,1937,,,0,,,film_lineage
Old Yeller,1957,,,0,,,film_lineage
On the Bowery,1957,,,0,,,film_lineage
On the Town,1949,,,0,,,film_lineage
One Froggy Evening,1955,,,0,,,film_lineage
One Survivor Remembers,1995,,,0,,,film_lineage
One Week,1920,,,0,,,film_lineage
Our Daily Bread,1934,,,0,,,film_lineage
Our Day,1938,,,0,,,film_lineage
Our Lady of the Sphere,1972,,,0,,,film_lineage
The Outlaw Josey Wales,1976,,,0,,,film_lineage
Parable,1964,,,0,,,film_lineage
Pass the Gravy,1928,,,0,,,film_lineage
Passing Through,1977,,,0,,,film_lineage
The Pearl,1947,,,0,,,film_lineage
Peege,1973,,,0,,,film_lineage
The Perils of Pauline,1914,,,0,,,film_lineage
Peter Pan,1924,,,0,,,film_lineage
The Phenix City Story,1955,,,0,,,film_lineage
Pickup on South Street,1953,,,0,,,film_lineage
The Pink Panther,1963,,,0,,,film_lineage
"Please, Don't Bury Me Alive!",1976,,,0,,,film_lineage
The Plow That Broke the Plains,1936,,,0,,,film_lineage
Point of Order,1964,,,0,,,film_lineage
The Poor Little Rich Girl,1917,,,0,,,film_lineage
Popeye the Sailor Meets Sindbad the Sailor,1936,,,0,,,film_lineage
Porgy and Bess,1959,,,0,,,film_lineage
Porky in Wackyland,1938,,,0,,,film_lineage
The Power and the Glory,1933,,,0,,,film_lineage
The Power of the Press,1928,,,0,,,film_lineage
Powers of Ten,1977,,,0,,,film_lineage
Powwow Highway,1989,,,0,,,film_lineage
Precious Images,1986,,,0,,,film_lineage
Preservation of the Sign Language,1913,,,0,,,film_lineage
President McKinley Inauguration Footage,1901,,,0,,,film_lineage
The Pride of the Yankees,1942,,,0,,,film_lineage
Primary,1960,,,0,,,film_lineage
"Princess Nicotine; or, The Smoke Fairy",1909,,,0,,,film_lineage
The Prisoner of Zenda,1937,,,0,,,film_lineage
The Producers,1967,,,0,,,film_lineage
Pull My Daisy,1959,,,0,,,film_lineage
Punch Drunks,1934,,,0,,,film_lineage
Pups Is Pups,1930,,,0,,,film_lineage
Purple Rain,1984,,,0,,,film_lineage
Putney Swope,1969,,,0,,,film_lineage
Quasi at the Quackadero,1975,,,0,,,film_lineage
Queen of Diamonds,1991,,,0,,,film_lineage
A Raisin in the Sun,1961,,,0,,,film_lineage
Real Women Have Curves,2002,,,0,,,film_lineage
The Red Book,1994,,,0,,,film_lineage
Red Dust,1932,,,0,,,film_lineage
Regeneration,1915,,,0,,,film_lineage
Reminiscences of a Journey to Lithuania,1971,,,0,,,film_lineage
Republic Steel Strike Riot Newsreel Footage,1937,,,0,,,film_lineage
Requiem-29,1970,,,0,,,film_lineage
Return of the Secaucus 7,1980,,,0,,,film_lineage
The Revenge of Pancho Villa,1930,,,0,,,film_lineage
Reverend Solomon Sir Jones films,1924,,,0,,,film_lineage
Richard Pryor: Live in Concert,1979,,,0,,,film_lineage
Ringling Brothers Parade Film,1902,,,0,,,film_lineage
Rip Van Winkle,1903,,,0,,,film_lineage
The River,1938,,,0,,,film_lineage
Road to Morocco,1942,,,0,,,film_lineage
The Rocky Horror Picture Show,1975,,,0,,,film_lineage
Safety Last!,1923,,,0,,,film_lineage
Salomé,1923,,,0,,,film_lineage
Samsara: Death and Rebirth in Cambodia,1989,,,0,,,film_lineage
"San Francisco Earthquake & Fire: April 18, 1906",1906,,,0,,,film_lineage
"Say Amen, Somebody",1982,,,0,,,film_lineage
Scorpio Rising,1964,,,0,,,film_lineage
Scratch and Crow,1995,,,0,,,film_lineage
Seconds,1966,,,0,,,film_lineage
Selena,1997,,,0,,,film_lineage
Serene Velocity,1970,,,0,,,film_lineage
Seventh Heaven,1927,,,0,,,film_lineage
The Sex Life of the Polyp,1928,,,0,,,film_lineage
Shaft,1971,,,0,,,film_lineage
She's Gotta Have It,1986,,,0,,,film_lineage
Sherman's March,1986,,,0,,,film_lineage
Show Boat,1936,,,0,,,film_lineage
Show People,1928,,,0,,,film_lineage
Shrek,2001,,,0,,,film_lineage
Siege,1940,,,0,,,film_lineage
Sink or Swim,1990,,,0,,,film_lineage
The Sinking of the Lusitania,1918,,,0,,,film_lineage
Sky High,1922,,,0,,,film_lineage
Slacker,1990,,,0,,,film_lineage
Sleeping Beauty,1959,,,0,,,film_lineage
Smoke Signals,1998,,,0,,,film_lineage
Snow White,1933,,,0,,,film_lineage
So's Your Old Man,1926,,,0,,,film_lineage
Something Good – Negro Kiss,1898,,,0,,,film_lineage
The Son of the Sheik,1926,,,0,,,film_lineage
Sparrows,1926,,,0,,,film_lineage
The Spook Who Sat by the Door,1973,,,0,,,film_lineage
Spy Kids,2001,,,0,,,film_lineage
St. Louis Blues,1929,,,0,,,film_lineage
Star Trek II: The Wrath of Khan,1982,,,0,,,film_lineage
Stark Love,1927,,,0,,,film_lineage
Steamboat Willie,1928,,,0,,,film_lineage
Stop Making Sense,1984,,,0,,,film_lineage
Stormy Weather,1943,,,0,,,film_lineage
The Story of Menstruation,1946,,,0,,,film_lineage
The Strong Man,1926,,,0,,,film_lineage
A Study in Reds,1932,,,0,,,film_lineage
Study of a River,1997,,,0,,,film_lineage
Super Fly,1972,,,0,,,film_lineage
Suspense,1913,,,0,,,film_lineage
"Suzanne, Suzanne",1982,,,0,,,film_lineage
Sweet Sweetback's Baadasssss Song,1971,,,0,,,film_lineage
The T.A.M.I. Show,1964,,,0,,,film_lineage
Tabu: A Story of the South Seas,1931,,,0,,,film_lineage
Tacoma Narrows Bridge Collapse,1940,,,0,,,film_lineage
The Tall T,1957,,,0,,,film_lineage
Tarantella,1940,,,0,,,film_lineage
Tarzan and His Mate,1934,,,0,,,film_lineage
The Tell-Tale Heart,1953,,,0,,,film_lineage
The Ten Commandments,1956,,,0,,,film_lineage
Ten Nights in a Barroom,1926,,,0,,,film_lineage
Tess of the Storm Country,1914,,,0,,,film_lineage
Tevya,1939,,,0,,,film_lineage
The Texas Chain Saw Massacre,1974,,,0,,,film_lineage
"Thelonious Monk: Straight, No Chaser",1988,,,0,,,film_lineage
Theodore Case Sound Test: Gus Visser and His Singing Duck,1925,,,0,,,film_lineage
There It Is,1928,,,0,,,film_lineage
They Call It Pro Football,1967,,,0,,,film_lineage
The Thin Blue Line,1988,,,0,,,film_lineage
The Thing,1982,,,0,,,film_lineage
The Thing from Another World,1951,,,0,,,film_lineage
Think of Me First as a Person,1960,,,0,,,film_lineage
This Is Cinerama,1952,,,0,,,film_lineage
Three Little Pigs,1933,,,0,,,film_lineage
Time and Dreams,1976,,,0,,,film_lineage
A Time for Burning,1966,,,0,,,film_lineage
A Time Out of War,1954,,,0,,,film_lineage
The Times of Harvey Milk,1984,,,0,,,film_lineage
Tin Toy,1988,,,0,,,film_lineage
To Fly!,1976,,,0,,,film_lineage
To Sleep with Anger,1990,,,0,,,film_lineage
Tol'able David,1921,,,0,,,film_lineage
"Tom, Tom, the Piper's Son",1969,,,0,,,film_lineage
Top Gun,1986,,,0,,,film_lineage
Topaz,1943,,,0,,,film_lineage
Traffic in Souls,1913,,,0,,,film_lineage
The Tramp and the Dog,1896,,,0,,,film_lineage
Trance and Dance in Bali,1936,,,0,,,film_lineage
A Trip Down Market Street,1906,,,0,,,film_lineage
Tulips Shall Grow,1942,,,0,,,film_lineage
Twelve O'Clock High,1949,,,0,,,film_lineage
Twentieth Century,1934,,,0,,,film_lineage
Two-Color Kodachrome Test Shots No. III,1922,,,0,,,film_lineage
Uncle Tom's Cabin,1914,,,0,,,film_lineage
Under Western Stars,1938,,,0,,,film_lineage
Union Maids,1976,,,0,,,film_lineage
Unmasked,1917,,,0,,,film_lineage
Up in Smoke,1978,,,0,,,film_lineage
Uptown Saturday Night,1974,,,0,,,film_lineage
V-E +1,1945,,,0,,,film_lineage
Verbena Tragica,1939,,,0,,,film_lineage
A Virtuous Vamp,1919,,,0,,,film_lineage
The War of the Worlds,1953,,,0,,,film_lineage
Water and Power,1989,,,0,,,film_lineage
The Watermelon Woman,1996,,,0,,,film_lineage
Wattstax,1973,,,0,,,film_lineage
The Way of Peace,1947,,,0,,,film_lineage
The Wedding March,1928,,,0,,,film_lineage
We're Alive,1974,,,0,,,film_lineage
"Westinghouse Works, 1904",1904,,,0,,,film_lineage
What Ever Happened to Baby Jane?,1962,,,0,,,film_lineage
"What's Opera, Doc?",1957,,,0,,,film_lineage
Where Are My Children?,1916,,,0,,,film_lineage
White Fawn's Devotion,1910,,,0,,,film_lineage
White Christmas,1954,,,0,,,film_lineage
Who Framed Roger Rabbit,1988,,,0,,,film_lineage
Who Killed Vincent Chin?,1987,,,0,,,film_lineage
Why Man Creates,1968,,,0,,,film_lineage
Why We Fight,1943,,,0,,,film_lineage
Wild and Woolly,1917,,,0,,,film_lineage
Wild Boys of the Road,1933,,,0,,,film_lineage
Will,1981,,,0,,,film_lineage
Will Success Spoil Rock Hunter?,1957,,,0,,,film_lineage
Willy Wonka & the Chocolate Factory,1971,,,0,,,film_lineage
Winchester '73,1950,,,0,,,film_lineage
The Wishing Ring: An Idyll of Old England,1914,,,0,,,film_lineage
With Car and Camera Around the World,1929,,,0,,,film_lineage
With the Abraham Lincoln Brigade in Spain,1937,,,0,,,film_lineage
The Wobblies,1979,,,0,,,film_lineage
The Women,1939,,,0,,,film_lineage
Woodstock,1970,,,0,,,film_lineage
Word Is Out: Stories of Some of Our Lives,1977,,,0,,,film_lineage
The Wrecking Crew,2008,,,0,,,film_lineage
Zapruder film,1963,,,0,,,film_lineage
Zoot Suit,1981,,,0,,,film_lineage
Zora Lathan student films,1975,,,0,,,film_lineage
Hearts and Minds,1974,,,0,,,film_lineage
Helen Keller in Her Story,1954,,,0,,,film_lineage
The Making of an American,1920,,,0,,,film_lineage
Bob & Carol & Ted & Alice,1969,,,0,,,film_lineage
The Out-of-Towners,1970,,,0,,,film_lineage
"What's Up, Doc?",1972,,,0,,,film_lineage
Shampoo,1975,,,0,,,film_lineage
The Bad News Bears,1976,,,0,,,film_lineage
Private Benjamin,1980,,,0,,,film_lineage
Broadway Danny Rose,1984,,,0,,,film_lineage
Bull Durham,1988,,,0,,,film_lineage
Bowling for Columbine,2002,,,0,,,film_lineage
"Goodbye, Columbus",1969,,,0,,,film_lineage
Kotch,1971,,,0,,,film_lineage
The Pink Panther Strikes Again,1976,,,0,,,film_lineage
"Oh, God!",1977,,,0,,,film_lineage
"Reuben, Reuben",1983,,,0,,,film_lineage
Roxanne,1987,,,0,,,film_lineage
Captain Phillips,2013,,,0,,,film_lineage
Bugonia,2025,,,0,,,film_lineage
