list_slug,edition_year,film_title,film_year,result,rank,note,source
cannes-palme-dor,1939,Union Pacific,1939,won,,Grand Prix awarded retrospectively in 2002,wikipedia-enum
cannes-palme-dor,1946,The Battle of the Rails,1946,won,,shared,wikipedia-enum
cannes-palme-dor,1946,Brief Encounter,1945,won,,shared,wikipedia-enum
cannes-palme-dor,1946,Maria Candelaria,1944,won,,shared,wikipedia-enum
cannes-palme-dor,1946,Men Without Wings,1946,won,,shared,wikipedia-enum
cannes-palme-dor,1946,Neecha Nagar,1946,won,,shared,wikipedia-enum
cannes-palme-dor,1946,The Last Chance,1945,won,,shared,wikipedia-enum
cannes-palme-dor,1946,The Lost Weekend,1945,won,,shared,wikipedia-enum
cannes-palme-dor,1946,The Red Meadows,1945,won,,shared,wikipedia-enum
cannes-palme-dor,1946,Rome Open City,1945,won,,shared,wikipedia-enum
cannes-palme-dor,1946,The Turning Point,1945,won,,shared,wikipedia-enum
cannes-palme-dor,1946,Torment,1944,won,,shared,wikipedia-enum
cannes-palme-dor,1947,Antoine and Antoinette,1947,won,,Grand Prix,wikipedia-enum
cannes-palme-dor,1947,Crossfire,1947,won,,shared,wikipedia-enum
cannes-palme-dor,1947,Ziegfeld Follies,1945,won,,shared,wikipedia-enum
cannes-palme-dor,1947,The Damned,1947,won,,shared,wikipedia-enum
cannes-palme-dor,1949,The Third Man,1949,won,,Grand Prix,wikipedia-enum
cannes-palme-dor,1951,Miracle in Milan,1951,won,,shared,wikipedia-enum
cannes-palme-dor,1951,Miss Julie,1951,won,,shared,wikipedia-enum
cannes-palme-dor,1952,Othello,1951,won,,shared,wikipedia-enum
cannes-palme-dor,1952,Two Cents Worth of Hope,1952,won,,shared,wikipedia-enum
cannes-palme-dor,1953,The Wages of Fear,1953,won,,Grand Prix,wikipedia-enum
cannes-palme-dor,1954,Gate of Hell,1953,won,,Grand Prix,wikipedia-enum
cannes-palme-dor,1955,Marty,1955,won,,,wikipedia-enum
cannes-palme-dor,1956,The Silent World,1956,won,,,wikipedia-enum
cannes-palme-dor,1957,Friendly Persuasion,1956,won,,,wikipedia-enum
cannes-palme-dor,1958,The Cranes Are Flying,1957,won,,,wikipedia-enum
cannes-palme-dor,1959,Black Orpheus,1959,won,,,wikipedia-enum
cannes-palme-dor,1960,La Dolce Vita,1960,won,,,wikipedia-enum
cannes-palme-dor,1961,Viridiana,1961,won,,shared,wikipedia-enum
cannes-palme-dor,1961,The Long Absence,1961,won,,shared,wikipedia-enum
cannes-palme-dor,1962,The Given Word,1962,won,,,wikipedia-enum
cannes-palme-dor,1963,The Leopard,1963,won,,,wikipedia-enum
cannes-palme-dor,1964,The Umbrellas of Cherbourg,1964,won,,Grand Prix,wikipedia-enum
cannes-palme-dor,1965,The Knack and How to Get It,1965,won,,Grand Prix,wikipedia-enum
cannes-palme-dor,1966,A Man and a Woman,1966,won,,shared,wikipedia-enum
cannes-palme-dor,1966,The Birds the Bees and the Italians,1966,won,,shared,wikipedia-enum
cannes-palme-dor,1967,Blow-Up,1966,won,,Grand Prix,wikipedia-enum
cannes-palme-dor,1969,If....,1968,won,,Grand Prix,wikipedia-enum
cannes-palme-dor,1970,MASH,1970,won,,Grand Prix,wikipedia-enum
cannes-palme-dor,1971,The Go-Between,1971,won,,Grand Prix,wikipedia-enum
cannes-palme-dor,1972,The Mattei Affair,1972,won,,shared,wikipedia-enum
cannes-palme-dor,1972,The Working Class Goes to Heaven,1971,won,,shared,wikipedia-enum
cannes-palme-dor,1973,The Hireling,1973,won,,shared,wikipedia-enum
cannes-palme-dor,1973,Scarecrow,1973,won,,shared,wikipedia-enum
cannes-palme-dor,1974,The Conversation,1974,won,,Grand Prix,wikipedia-enum
cannes-palme-dor,1975,Chronicle of the Years of Fire,1975,won,,,wikipedia-enum
cannes-palme-dor,1976,Taxi Driver,1976,won,,,wikipedia-enum
cannes-palme-dor,1977,Padre Padrone,1977,won,,,wikipedia-enum
cannes-palme-dor,1978,The Tree of Wooden Clogs,1978,won,,,wikipedia-enum
cannes-palme-dor,1979,Apocalypse Now,1979,won,,shared,wikipedia-enum
cannes-palme-dor,1979,The Tin Drum,1979,won,,shared,wikipedia-enum
cannes-palme-dor,1980,All That Jazz,1979,won,,shared,wikipedia-enum
cannes-palme-dor,1980,Kagemusha,1980,won,,shared,wikipedia-enum
cannes-palme-dor,1981,Man of Iron,1981,won,,,wikipedia-enum
cannes-palme-dor,1982,Missing,1982,won,,shared,wikipedia-enum
cannes-palme-dor,1982,Yol,1982,won,,shared,wikipedia-enum
cannes-palme-dor,1983,The Ballad of Narayama,1983,won,,,wikipedia-enum
cannes-palme-dor,1984,Paris Texas,1984,won,,,wikipedia-enum
cannes-palme-dor,1985,When Father Was Away on Business,1985,won,,,wikipedia-enum
cannes-palme-dor,1986,The Mission,1986,won,,,wikipedia-enum
cannes-palme-dor,1987,Under the Sun of Satan,1987,won,,,wikipedia-enum
cannes-palme-dor,1988,Pelle the Conqueror,1987,won,,,wikipedia-enum
cannes-palme-dor,1989,Sex Lies and Videotape,1989,won,,,wikipedia-enum
cannes-palme-dor,1990,Wild at Heart,1990,won,,,wikipedia-enum
cannes-palme-dor,1991,Barton Fink,1991,won,,,wikipedia-enum
cannes-palme-dor,1992,The Best Intentions,1992,won,,,wikipedia-enum
cannes-palme-dor,1993,Farewell My Concubine,1993,won,,shared,wikipedia-enum
cannes-palme-dor,1993,The Piano,1993,won,,shared,wikipedia-enum
cannes-palme-dor,1994,Pulp Fiction,1994,won,,,wikipedia-enum
cannes-palme-dor,1995,Underground,1995,won,,,wikipedia-enum
cannes-palme-dor,1996,Secrets & Lies,1996,won,,,wikipedia-enum
cannes-palme-dor,1997,The Eel,1997,won,,shared,wikipedia-enum
cannes-palme-dor,1997,Taste of Cherry,1997,won,,shared,wikipedia-enum
cannes-palme-dor,1998,Eternity and a Day,1998,won,,,wikipedia-enum
cannes-palme-dor,1999,Rosetta,1999,won,,,wikipedia-enum
cannes-palme-dor,2000,Dancer in the Dark,2000,won,,,wikipedia-enum
cannes-palme-dor,2001,The Son's Room,2001,won,,,wikipedia-enum
cannes-palme-dor,2002,The Pianist,2002,won,,,wikipedia-enum
cannes-palme-dor,2003,Elephant,2003,won,,,wikipedia-enum
cannes-palme-dor,2004,Fahrenheit 9/11,2004,won,,,wikipedia-enum
cannes-palme-dor,2005,L'Enfant,2005,won,,,wikipedia-enum
cannes-palme-dor,2006,The Wind That Shakes the Barley,2006,won,,,wikipedia-enum
cannes-palme-dor,2007,4 Months 3 Weeks and 2 Days,2007,won,,,wikipedia-enum
cannes-palme-dor,2008,The Class,2008,won,,,wikipedia-enum
cannes-palme-dor,2009,The White Ribbon,2009,won,,,wikipedia-enum
cannes-palme-dor,2010,Uncle Boonmee Who Can Recall His Past Lives,2010,won,,,wikipedia-enum
cannes-palme-dor,2011,The Tree of Life,2011,won,,,wikipedia-enum
cannes-palme-dor,2012,Amour,2012,won,,,wikipedia-enum
cannes-palme-dor,2013,Blue Is the Warmest Colour,2013,won,,,wikipedia-enum
cannes-palme-dor,2014,Winter Sleep,2014,won,,,wikipedia-enum
cannes-palme-dor,2015,Dheepan,2015,won,,,wikipedia-enum
cannes-palme-dor,2016,I Daniel Blake,2016,won,,,wikipedia-enum
cannes-palme-dor,2017,The Square,2017,won,,,wikipedia-enum
cannes-palme-dor,2018,Shoplifters,2018,won,,,wikipedia-enum
cannes-palme-dor,2019,Parasite,2019,won,,,wikipedia-enum
cannes-palme-dor,2021,Titane,2021,won,,,wikipedia-enum
cannes-palme-dor,2022,Triangle of Sadness,2022,won,,,wikipedia-enum
cannes-palme-dor,2023,Anatomy of a Fall,2023,won,,,wikipedia-enum
cannes-palme-dor,2024,Anora,2024,won,,,wikipedia-enum
cannes-palme-dor,2025,It Was Just an Accident,2025,won,,,wikipedia-enum
venice-golden-lion,1949,Manon,1949,won,,,wikipedia-enum
venice-golden-lion,1950,Justice Is Done,1950,won,,,wikipedia-enum
venice-golden-lion,1951,Rashomon,1950,won,,,wikipedia-enum
venice-golden-lion,1952,Forbidden Games,1952,won,,,wikipedia-enum
venice-golden-lion,1954,Romeo and Juliet,1954,won,,,wikipedia-enum
venice-golden-lion,1955,Ordet,1955,won,,,wikipedia-enum
venice-golden-lion,1957,Aparajito,1956,won,,,wikipedia-enum
venice-golden-lion,1958,The Rickshaw Man,1958,won,,,wikipedia-enum
venice-golden-lion,1959,The Great War,1959,won,,shared,wikipedia-enum
venice-golden-lion,1959,General Della Rovere,1959,won,,shared,wikipedia-enum
venice-golden-lion,1960,Le Passage du Rhin,1960,won,,,wikipedia-enum
venice-golden-lion,1961,Last Year at Marienbad,1961,won,,,wikipedia-enum
venice-golden-lion,1962,Childhood of Ivan,1962,won,,shared,wikipedia-enum
venice-golden-lion,1962,Family Diary,1962,won,,shared,wikipedia-enum
venice-golden-lion,1963,Hands over the City,1963,won,,,wikipedia-enum
venice-golden-lion,1964,Red Desert,1964,won,,,wikipedia-enum
venice-golden-lion,1965,Of a Thousand Delights,1965,won,,,wikipedia-enum
venice-golden-lion,1966,The Battle of Algiers,1966,won,,,wikipedia-enum
venice-golden-lion,1967,Belle de Jour,1967,won,,,wikipedia-enum
venice-golden-lion,1968,Artists Under the Big Top Perplexed,1968,won,,,wikipedia-enum
venice-golden-lion,1980,Atlantic City,1980,won,,shared,wikipedia-enum
venice-golden-lion,1980,Gloria,1980,won,,shared,wikipedia-enum
venice-golden-lion,1981,The German Sisters,1981,won,,,wikipedia-enum
venice-golden-lion,1982,The State of Things,1982,won,,,wikipedia-enum
venice-golden-lion,1983,Prénom Carmen,1983,won,,,wikipedia-enum
venice-golden-lion,1984,A Year of the Quiet Sun,1984,won,,,wikipedia-enum
venice-golden-lion,1985,Vagabond,1985,won,,,wikipedia-enum
venice-golden-lion,1986,The Green Ray,1986,won,,,wikipedia-enum
venice-golden-lion,1987,Au revoir les enfants,1987,won,,,wikipedia-enum
venice-golden-lion,1988,The Legend of the Holy Drinker,1988,won,,,wikipedia-enum
venice-golden-lion,1989,City of Sadness,1989,won,,,wikipedia-enum
venice-golden-lion,1990,Rosencrantz & Guildenstern Are Dead,1990,won,,,wikipedia-enum
venice-golden-lion,1991,Urga,1991,won,,,wikipedia-enum
venice-golden-lion,1992,The Story of Qiu Ju,1992,won,,,wikipedia-enum
venice-golden-lion,1993,Short Cuts,1993,won,,shared,wikipedia-enum
venice-golden-lion,1993,Three Colours Blue,1993,won,,shared,wikipedia-enum
venice-golden-lion,1994,Before the Rain,1994,won,,shared,wikipedia-enum
venice-golden-lion,1994,Vive L'Amour,1994,won,,shared,wikipedia-enum
venice-golden-lion,1995,Cyclo,1995,won,,,wikipedia-enum
venice-golden-lion,1996,Michael Collins,1996,won,,,wikipedia-enum
venice-golden-lion,1997,Hana-bi,1997,won,,,wikipedia-enum
venice-golden-lion,1998,The Way We Laughed,1998,won,,,wikipedia-enum
venice-golden-lion,1999,Not One Less,1999,won,,,wikipedia-enum
venice-golden-lion,2000,The Circle,2000,won,,,wikipedia-enum
venice-golden-lion,2001,Monsoon Wedding,2001,won,,,wikipedia-enum
venice-golden-lion,2002,The Magdalene Sisters,2002,won,,,wikipedia-enum
venice-golden-lion,2003,The Return,2003,won,,,wikipedia-enum
venice-golden-lion,2004,Vera Drake,2004,won,,,wikipedia-enum
venice-golden-lion,2005,Brokeback Mountain,2005,won,,,wikipedia-enum
venice-golden-lion,2006,Still Life,2006,won,,,wikipedia-enum
venice-golden-lion,2007,Lust Caution,2007,won,,,wikipedia-enum
venice-golden-lion,2008,The Wrestler,2008,won,,,wikipedia-enum
venice-golden-lion,2009,Lebanon,2009,won,,,wikipedia-enum
venice-golden-lion,2010,Somewhere,2010,won,,,wikipedia-enum
venice-golden-lion,2011,Faust,2011,won,,,wikipedia-enum
venice-golden-lion,2012,Pietà,2012,won,,,wikipedia-enum
venice-golden-lion,2013,Sacro GRA,2013,won,,,wikipedia-enum
venice-golden-lion,2014,A Pigeon Sat on a Branch Reflecting on Existence,2014,won,,,wikipedia-enum
venice-golden-lion,2015,From Afar,2015,won,,,wikipedia-enum
venice-golden-lion,2016,The Woman Who Left,2016,won,,,wikipedia-enum
venice-golden-lion,2017,The Shape of Water,2017,won,,,wikipedia-enum
venice-golden-lion,2018,Roma,2018,won,,,wikipedia-enum
venice-golden-lion,2019,Joker,2019,won,,,wikipedia-enum
venice-golden-lion,2020,Nomadland,2020,won,,,wikipedia-enum
venice-golden-lion,2021,Happening,2021,won,,,wikipedia-enum
venice-golden-lion,2022,All the Beauty and the Bloodshed,2022,won,,,wikipedia-enum
venice-golden-lion,2023,Poor Things,2023,won,,,wikipedia-enum
venice-golden-lion,2024,The Room Next Door,2024,won,,,wikipedia-enum
venice-golden-lion,2025,Father Mother Sister Brother,2025,won,,,wikipedia-enum
berlin-golden-bear,1951,Four in a Jeep,1951,won,,shared,wikipedia-enum
berlin-golden-bear,1951,Cinderella,1950,won,,shared,wikipedia-enum
berlin-golden-bear,1951,Justice Is Done,1950,won,,shared,wikipedia-enum
berlin-golden-bear,1951,The Wall,1949,won,,shared,wikipedia-enum
berlin-golden-bear,1951,Two Cents Worth of Hope,1952,won,,shared,wikipedia-enum
berlin-golden-bear,1952,She Danced for the Summer,1951,won,,,wikipedia-enum
berlin-golden-bear,1953,The Wages of Fear,1953,won,,,wikipedia-enum
berlin-golden-bear,1954,Hobson's Choice,1954,won,,,wikipedia-enum
berlin-golden-bear,1955,The Rats,1955,won,,,wikipedia-enum
berlin-golden-bear,1956,Invitation to the Dance,1956,won,,,wikipedia-enum
berlin-golden-bear,1957,Twelve Angry Men,1957,won,,,wikipedia-enum
berlin-golden-bear,1958,Wild Strawberries,1957,won,,,wikipedia-enum
berlin-golden-bear,1959,The Cousins,1959,won,,,wikipedia-enum
berlin-golden-bear,1960,El Lazarillo de Tormes,1959,won,,,wikipedia-enum
berlin-golden-bear,1961,La Notte,1961,won,,,wikipedia-enum
berlin-golden-bear,1962,A Kind of Loving,1962,won,,,wikipedia-enum
berlin-golden-bear,1963,The Devil,1963,won,,shared,wikipedia-enum
berlin-golden-bear,1963,Il Diavolo,1963,won,,shared,wikipedia-enum
berlin-golden-bear,1964,Dry Summer,1963,won,,,wikipedia-enum
berlin-golden-bear,1965,Alphaville,1965,won,,,wikipedia-enum
berlin-golden-bear,1966,Cul-de-sac,1966,won,,,wikipedia-enum
berlin-golden-bear,1967,The Departure,1967,won,,,wikipedia-enum
berlin-golden-bear,1968,Ole Dole Doff,1968,won,,,wikipedia-enum
berlin-golden-bear,1969,Early Works,1969,won,,,wikipedia-enum
berlin-golden-bear,1971,The Garden of the Finzi-Continis,1970,won,,,wikipedia-enum
berlin-golden-bear,1972,The Canterbury Tales,1972,won,,,wikipedia-enum
berlin-golden-bear,1973,Distant Thunder,1973,won,,,wikipedia-enum
berlin-golden-bear,1974,The Apprenticeship of Duddy Kravitz,1974,won,,,wikipedia-enum
berlin-golden-bear,1975,Adoption,1975,won,,,wikipedia-enum
berlin-golden-bear,1976,Buffalo Bill and the Indians,1976,won,,,wikipedia-enum
berlin-golden-bear,1977,The Ascent,1977,won,,,wikipedia-enum
berlin-golden-bear,1978,The Words of Max,1978,won,,shared,wikipedia-enum
berlin-golden-bear,1978,Trout,1978,won,,shared,wikipedia-enum
berlin-golden-bear,1979,David,1979,won,,,wikipedia-enum
berlin-golden-bear,1980,Heartland,1979,won,,shared,wikipedia-enum
berlin-golden-bear,1980,Palermo or Wolfsburg,1980,won,,shared,wikipedia-enum
berlin-golden-bear,1981,Fast Fast,1981,won,,,wikipedia-enum
berlin-golden-bear,1982,Veronika Voss,1982,won,,,wikipedia-enum
berlin-golden-bear,1983,Ascendancy,1983,won,,shared,wikipedia-enum
berlin-golden-bear,1983,The Beehive,1982,won,,shared,wikipedia-enum
berlin-golden-bear,1984,Love Streams,1984,won,,,wikipedia-enum
berlin-golden-bear,1985,Wetherby,1985,won,,shared,wikipedia-enum
berlin-golden-bear,1985,The Woman and the Stranger,1985,won,,shared,wikipedia-enum
berlin-golden-bear,1986,Stammheim,1986,won,,,wikipedia-enum
berlin-golden-bear,1987,The Theme,1979,won,,,wikipedia-enum
berlin-golden-bear,1988,Red Sorghum,1987,won,,,wikipedia-enum
berlin-golden-bear,1989,Rain Man,1988,won,,,wikipedia-enum
berlin-golden-bear,1990,Larks on a String,1969,won,,shared,wikipedia-enum
berlin-golden-bear,1990,Music Box,1989,won,,shared,wikipedia-enum
berlin-golden-bear,1991,House of Smiles,1991,won,,,wikipedia-enum
berlin-golden-bear,1992,Grand Canyon,1991,won,,,wikipedia-enum
berlin-golden-bear,1993,The Wedding Banquet,1993,won,,shared,wikipedia-enum
berlin-golden-bear,1993,The Women from the Lake of Scented Souls,1993,won,,shared,wikipedia-enum
berlin-golden-bear,1994,In the Name of the Father,1993,won,,,wikipedia-enum
berlin-golden-bear,1995,The Bait,1995,won,,,wikipedia-enum
berlin-golden-bear,1996,Sense and Sensibility,1995,won,,,wikipedia-enum
berlin-golden-bear,1997,The People vs. Larry Flynt,1996,won,,,wikipedia-enum
berlin-golden-bear,1998,Central Station,1998,won,,,wikipedia-enum
berlin-golden-bear,1999,The Thin Red Line,1998,won,,,wikipedia-enum
berlin-golden-bear,2000,Magnolia,1999,won,,,wikipedia-enum
berlin-golden-bear,2001,Intimacy,2001,won,,,wikipedia-enum
berlin-golden-bear,2002,Spirited Away,2001,won,,shared,wikipedia-enum
berlin-golden-bear,2002,Bloody Sunday,2002,won,,shared,wikipedia-enum
berlin-golden-bear,2003,In This World,2002,won,,,wikipedia-enum
berlin-golden-bear,2004,Head-On,2004,won,,,wikipedia-enum
berlin-golden-bear,2005,U-Carmen eKhayelitsha,2005,won,,,wikipedia-enum
berlin-golden-bear,2006,Grbavica,2006,won,,,wikipedia-enum
berlin-golden-bear,2007,Tuya's Marriage,2006,won,,,wikipedia-enum
berlin-golden-bear,2008,Elite Squad,2007,won,,,wikipedia-enum
berlin-golden-bear,2009,The Milk of Sorrow,2009,won,,,wikipedia-enum
berlin-golden-bear,2010,Honey,2010,won,,,wikipedia-enum
berlin-golden-bear,2011,A Separation,2011,won,,,wikipedia-enum
berlin-golden-bear,2012,Caesar Must Die,2012,won,,,wikipedia-enum
berlin-golden-bear,2013,Child's Pose,2013,won,,,wikipedia-enum
berlin-golden-bear,2014,Black Coal Thin Ice,2014,won,,,wikipedia-enum
berlin-golden-bear,2015,Taxi,2015,won,,,wikipedia-enum
berlin-golden-bear,2016,Fire at Sea,2016,won,,,wikipedia-enum
berlin-golden-bear,2017,On Body and Soul,2017,won,,,wikipedia-enum
berlin-golden-bear,2018,Touch Me Not,2018,won,,,wikipedia-enum
berlin-golden-bear,2019,Synonyms,2019,won,,,wikipedia-enum
berlin-golden-bear,2020,There Is No Evil,2020,won,,,wikipedia-enum
berlin-golden-bear,2021,Bad Luck Banging or Loony Porn,2021,won,,,wikipedia-enum
berlin-golden-bear,2022,Alcarràs,2022,won,,,wikipedia-enum
berlin-golden-bear,2023,On the Adamant,2023,won,,,wikipedia-enum
berlin-golden-bear,2024,Dahomey,2024,won,,,wikipedia-enum
berlin-golden-bear,2025,Dreams,2025,won,,,wikipedia-enum
afi-100,2007,Citizen Kane,1941,listed,1,,wikipedia-enum
afi-100,2007,The Godfather,1972,listed,2,,wikipedia-enum
afi-100,2007,Casablanca,1942,listed,3,,wikipedia-enum
afi-100,2007,Raging Bull,1980,listed,4,,wikipedia-enum
afi-100,2007,Singin' in the Rain,1952,listed,5,,wikipedia-enum
afi-100,2007,Gone with the Wind,1939,listed,6,,wikipedia-enum
afi-100,2007,Lawrence of Arabia,1962,listed,7,,wikipedia-enum
afi-100,2007,Schindler's List,1993,listed,8,,wikipedia-enum
afi-100,2007,Vertigo,1958,listed,9,,wikipedia-enum
afi-100,2007,The Wizard of Oz,1939,listed,10,,wikipedia-enum
afi-100,2007,City Lights,1931,listed,11,,wikipedia-enum
afi-100,2007,The Searchers,1956,listed,12,,wikipedia-enum
afi-100,2007,Star Wars,1977,listed,13,,wikipedia-enum
afi-100,2007,Psycho,1960,listed,14,,wikipedia-enum
afi-100,2007,2001: A Space Odyssey,1968,listed,15,,wikipedia-enum
afi-100,2007,Sunset Boulevard,1950,listed,16,,wikipedia-enum
afi-100,2007,The Graduate,1967,listed,17,,wikipedia-enum
afi-100,2007,The General,1926,listed,18,,wikipedia-enum
afi-100,2007,On the Waterfront,1954,listed,19,,wikipedia-enum
afi-100,2007,It's a Wonderful Life,1946,listed,20,,wikipedia-enum
afi-100,2007,Chinatown,1974,listed,21,,wikipedia-enum
afi-100,2007,Some Like It Hot,1959,listed,22,,wikipedia-enum
afi-100,2007,The Grapes of Wrath,1940,listed,23,,wikipedia-enum
afi-100,2007,E.T. the Extra-Terrestrial,1982,listed,24,,wikipedia-enum
afi-100,2007,To Kill a Mockingbird,1962,listed,25,,wikipedia-enum
afi-100,2007,Mr. Smith Goes to Washington,1939,listed,26,,wikipedia-enum
afi-100,2007,High Noon,1952,listed,27,,wikipedia-enum
afi-100,2007,All About Eve,1950,listed,28,,wikipedia-enum
afi-100,2007,Double Indemnity,1944,listed,29,,wikipedia-enum
afi-100,2007,Apocalypse Now,1979,listed,30,,wikipedia-enum
afi-100,2007,The Maltese Falcon,1941,listed,31,,wikipedia-enum
afi-100,2007,The Godfather Part II,1974,listed,32,,wikipedia-enum
afi-100,2007,One Flew Over the Cuckoo's Nest,1975,listed,33,,wikipedia-enum
afi-100,2007,Snow White and the Seven Dwarfs,1937,listed,34,,wikipedia-enum
afi-100,2007,Annie Hall,1977,listed,35,,wikipedia-enum
afi-100,2007,The Bridge on the River Kwai,1957,listed,36,,wikipedia-enum
afi-100,2007,The Best Years of Our Lives,1946,listed,37,,wikipedia-enum
afi-100,2007,The Treasure of the Sierra Madre,1948,listed,38,,wikipedia-enum
afi-100,2007,Dr. Strangelove,1964,listed,39,,wikipedia-enum
afi-100,2007,The Sound of Music,1965,listed,40,,wikipedia-enum
afi-100,2007,King Kong,1933,listed,41,,wikipedia-enum
afi-100,2007,Bonnie and Clyde,1967,listed,42,,wikipedia-enum
afi-100,2007,Midnight Cowboy,1969,listed,43,,wikipedia-enum
afi-100,2007,The Philadelphia Story,1940,listed,44,,wikipedia-enum
afi-100,2007,Shane,1953,listed,45,,wikipedia-enum
afi-100,2007,It Happened One Night,1934,listed,46,,wikipedia-enum
afi-100,2007,A Streetcar Named Desire,1951,listed,47,,wikipedia-enum
afi-100,2007,Rear Window,1954,listed,48,,wikipedia-enum
afi-100,2007,Intolerance,1916,listed,49,,wikipedia-enum
afi-100,2007,The Lord of the Rings: The Fellowship of the Ring,2001,listed,50,,wikipedia-enum
afi-100,2007,West Side Story,1961,listed,51,,wikipedia-enum
afi-100,2007,Taxi Driver,1976,listed,52,,wikipedia-enum
afi-100,2007,The Deer Hunter,1978,listed,53,,wikipedia-enum
afi-100,2007,M*A*S*H,1970,listed,54,,wikipedia-enum
afi-100,2007,North by Northwest,1959,listed,55,,wikipedia-enum
afi-100,2007,Jaws,1975,listed,56,,wikipedia-enum
afi-100,2007,Rocky,1976,listed,57,,wikipedia-enum
afi-100,2007,The Gold Rush,1925,listed,58,,wikipedia-enum
afi-100,2007,Nashville,1975,listed,59,,wikipedia-enum
afi-100,2007,Duck Soup,1933,listed,60,,wikipedia-enum
afi-100,2007,Sullivan's Travels,1941,listed,61,,wikipedia-enum
afi-100,2007,American Graffiti,1973,listed,62,,wikipedia-enum
afi-100,2007,Cabaret,1972,listed,63,,wikipedia-enum
afi-100,2007,Network,1976,listed,64,,wikipedia-enum
afi-100,2007,The African Queen,1951,listed,65,,wikipedia-enum
afi-100,2007,Raiders of the Lost Ark,1981,listed,66,,wikipedia-enum
afi-100,2007,Who's Afraid of Virginia Woolf?,1966,listed,67,,wikipedia-enum
afi-100,2007,Unforgiven,1992,listed,68,,wikipedia-enum
afi-100,2007,Tootsie,1982,listed,69,,wikipedia-enum
afi-100,2007,A Clockwork Orange,1971,listed,70,,wikipedia-enum
afi-100,2007,Saving Private Ryan,1998,listed,71,,wikipedia-enum
afi-100,2007,The Shawshank Redemption,1994,listed,72,,wikipedia-enum
afi-100,2007,Butch Cassidy and the Sundance Kid,1969,listed,73,,wikipedia-enum
afi-100,2007,The Silence of the Lambs,1991,listed,74,,wikipedia-enum
afi-100,2007,In the Heat of the Night,1967,listed,75,,wikipedia-enum
afi-100,2007,Forrest Gump,1994,listed,76,,wikipedia-enum
afi-100,2007,All the President's Men,1976,listed,77,,wikipedia-enum
afi-100,2007,Modern Times,1936,listed,78,,wikipedia-enum
afi-100,2007,The Wild Bunch,1969,listed,79,,wikipedia-enum
afi-100,2007,The Apartment,1960,listed,80,,wikipedia-enum
afi-100,2007,Spartacus,1960,listed,81,,wikipedia-enum
afi-100,2007,Sunrise: A Song of Two Humans,1927,listed,82,,wikipedia-enum
afi-100,2007,Titanic,1997,listed,83,,wikipedia-enum
afi-100,2007,Easy Rider,1969,listed,84,,wikipedia-enum
afi-100,2007,A Night at the Opera,1935,listed,85,,wikipedia-enum
afi-100,2007,Platoon,1986,listed,86,,wikipedia-enum
afi-100,2007,12 Angry Men,1957,listed,87,,wikipedia-enum
afi-100,2007,Bringing Up Baby,1938,listed,88,,wikipedia-enum
afi-100,2007,The Sixth Sense,1999,listed,89,,wikipedia-enum
afi-100,2007,Swing Time,1936,listed,90,,wikipedia-enum
afi-100,2007,Sophie's Choice,1982,listed,91,,wikipedia-enum
afi-100,2007,Goodfellas,1990,listed,92,,wikipedia-enum
afi-100,2007,The French Connection,1971,listed,93,,wikipedia-enum
afi-100,2007,Pulp Fiction,1994,listed,94,,wikipedia-enum
afi-100,2007,The Last Picture Show,1971,listed,95,,wikipedia-enum
afi-100,2007,Do the Right Thing,1989,listed,96,,wikipedia-enum
afi-100,2007,Blade Runner,1982,listed,97,,wikipedia-enum
afi-100,2007,Yankee Doodle Dandy,1942,listed,98,,wikipedia-enum
afi-100,2007,Toy Story,1995,listed,99,,wikipedia-enum
afi-100,2007,Ben-Hur,1959,listed,100,,wikipedia-enum
oscar-best-picture,1928,Wings,1927,won,,,wikipedia-enum
oscar-best-picture,1930,The Broadway Melody,1929,won,,,wikipedia-enum
oscar-best-picture,1930,All Quiet on the Western Front,1930,won,,,wikipedia-enum
oscar-best-picture,1931,Cimarron,1931,won,,,wikipedia-enum
oscar-best-picture,1932,Grand Hotel,1932,won,,,wikipedia-enum
oscar-best-picture,1933,Cavalcade,1933,won,,,wikipedia-enum
oscar-best-picture,1935,It Happened One Night,1934,won,,,wikipedia-enum
oscar-best-picture,1936,Mutiny on the Bounty,1935,won,,,wikipedia-enum
oscar-best-picture,1937,The Great Ziegfeld,1936,won,,,wikipedia-enum
oscar-best-picture,1938,The Life of Emile Zola,1937,won,,,wikipedia-enum
oscar-best-picture,1939,You Can't Take It with You,1938,won,,,wikipedia-enum
oscar-best-picture,1940,Gone with the Wind,1939,won,,,wikipedia-enum
oscar-best-picture,1941,Rebecca,1940,won,,,wikipedia-enum
oscar-best-picture,1942,How Green Was My Valley,1941,won,,,wikipedia-enum
oscar-best-picture,1943,Mrs. Miniver,1942,won,,,wikipedia-enum
oscar-best-picture,1944,Casablanca,1943,won,,,wikipedia-enum
oscar-best-picture,1945,Going My Way,1944,won,,,wikipedia-enum
oscar-best-picture,1946,The Lost Weekend,1945,won,,,wikipedia-enum
oscar-best-picture,1947,The Best Years of Our Lives,1946,won,,,wikipedia-enum
oscar-best-picture,1948,Gentleman's Agreement,1947,won,,,wikipedia-enum
oscar-best-picture,1949,Hamlet,1948,won,,,wikipedia-enum
oscar-best-picture,1950,All the King's Men,1949,won,,,wikipedia-enum
oscar-best-picture,1951,All About Eve,1950,won,,,wikipedia-enum
oscar-best-picture,1952,An American in Paris,1951,won,,,wikipedia-enum
oscar-best-picture,1953,The Greatest Show on Earth,1952,won,,,wikipedia-enum
oscar-best-picture,1954,From Here to Eternity,1953,won,,,wikipedia-enum
oscar-best-picture,1955,On the Waterfront,1954,won,,,wikipedia-enum
oscar-best-picture,1956,Marty,1955,won,,,wikipedia-enum
oscar-best-picture,1957,Around the World in 80 Days,1956,won,,,wikipedia-enum
oscar-best-picture,1958,The Bridge on the River Kwai,1957,won,,,wikipedia-enum
oscar-best-picture,1959,Gigi,1958,won,,,wikipedia-enum
oscar-best-picture,1960,Ben-Hur,1959,won,,,wikipedia-enum
oscar-best-picture,1961,The Apartment,1960,won,,,wikipedia-enum
oscar-best-picture,1962,West Side Story,1961,won,,,wikipedia-enum
oscar-best-picture,1963,Lawrence of Arabia,1962,won,,,wikipedia-enum
oscar-best-picture,1964,Tom Jones,1963,won,,,wikipedia-enum
oscar-best-picture,1965,My Fair Lady,1964,won,,,wikipedia-enum
oscar-best-picture,1966,The Sound of Music,1965,won,,,wikipedia-enum
oscar-best-picture,1967,A Man for All Seasons,1966,won,,,wikipedia-enum
oscar-best-picture,1968,In the Heat of the Night,1967,won,,,wikipedia-enum
oscar-best-picture,1969,Oliver!,1968,won,,,wikipedia-enum
oscar-best-picture,1970,Midnight Cowboy,1969,won,,,wikipedia-enum
oscar-best-picture,1971,Patton,1970,won,,,wikipedia-enum
oscar-best-picture,1972,The French Connection,1971,won,,,wikipedia-enum
oscar-best-picture,1973,The Godfather,1972,won,,,wikipedia-enum
oscar-best-picture,1974,The Sting,1973,won,,,wikipedia-enum
oscar-best-picture,1975,The Godfather Part II,1974,won,,,wikipedia-enum
oscar-best-picture,1976,One Flew Over the Cuckoo's Nest,1975,won,,,wikipedia-enum
oscar-best-picture,1977,Rocky,1976,won,,,wikipedia-enum
oscar-best-picture,1978,Annie Hall,1977,won,,,wikipedia-enum
oscar-best-picture,1979,The Deer Hunter,1978,won,,,wikipedia-enum
oscar-best-picture,1980,Kramer vs. Kramer,1979,won,,,wikipedia-enum
oscar-best-picture,1981,Ordinary People,1980,won,,,wikipedia-enum
oscar-best-picture,1982,Chariots of Fire,1981,won,,,wikipedia-enum
oscar-best-picture,1983,Gandhi,1982,won,,,wikipedia-enum
oscar-best-picture,1984,Terms of Endearment,1983,won,,,wikipedia-enum
oscar-best-picture,1985,Amadeus,1984,won,,,wikipedia-enum
oscar-best-picture,1986,Out of Africa,1985,won,,,wikipedia-enum
oscar-best-picture,1987,Platoon,1986,won,,,wikipedia-enum
oscar-best-picture,1988,The Last Emperor,1987,won,,,wikipedia-enum
oscar-best-picture,1989,Rain Man,1988,won,,,wikipedia-enum
oscar-best-picture,1990,Driving Miss Daisy,1989,won,,,wikipedia-enum
oscar-best-picture,1991,Dances with Wolves,1990,won,,,wikipedia-enum
oscar-best-picture,1992,The Silence of the Lambs,1991,won,,,wikipedia-enum
oscar-best-picture,1993,Unforgiven,1992,won,,,wikipedia-enum
oscar-best-picture,1994,Schindler's List,1993,won,,,wikipedia-enum
oscar-best-picture,1995,Forrest Gump,1994,won,,,wikipedia-enum
oscar-best-picture,1996,Braveheart,1995,won,,,wikipedia-enum
oscar-best-picture,1997,The English Patient,1996,won,,,wikipedia-enum
oscar-best-picture,1998,Titanic,1997,won,,,wikipedia-enum
oscar-best-picture,1999,Shakespeare in Love,1998,won,,,wikipedia-enum
oscar-best-picture,2000,American Beauty,1999,won,,,wikipedia-enum
oscar-best-picture,2001,Gladiator,2000,won,,,wikipedia-enum
oscar-best-picture,2002,A Beautiful Mind,2001,won,,,wikipedia-enum
oscar-best-picture,2003,Chicago,2002,won,,,wikipedia-enum
oscar-best-picture,2004,The Lord of the Rings: The Return of the King,2003,won,,,wikipedia-enum
oscar-best-picture,2005,Million Dollar Baby,2004,won,,,wikipedia-enum
oscar-best-picture,2006,Crash,2005,won,,,wikipedia-enum
oscar-best-picture,2007,The Departed,2006,won,,,wikipedia-enum
oscar-best-picture,2008,No Country for Old Men,2007,won,,,wikipedia-enum
oscar-best-picture,2009,Slumdog Millionaire,2008,won,,,wikipedia-enum
oscar-best-picture,2010,The Hurt Locker,2009,won,,,wikipedia-enum
oscar-best-picture,2011,The King's Speech,2010,won,,,wikipedia-enum
oscar-best-picture,2012,The Artist,2011,won,,,wikipedia-enum
oscar-best-picture,2013,Argo,2012,won,,,wikipedia-enum
oscar-best-picture,2014,12 Years a Slave,2013,won,,,wikipedia-enum
oscar-best-picture,2015,Birdman,2014,won,,,wikipedia-enum
oscar-best-picture,2016,Spotlight,2015,won,,,wikipedia-enum
oscar-best-picture,2017,Moonlight,2016,won,,,wikipedia-enum
oscar-best-picture,2018,The Shape of Water,2017,won,,,wikipedia-enum
oscar-best-picture,2019,Green Book,2018,won,,,wikipedia-enum
oscar-best-picture,2020,Parasite,2019,won,,,wikipedia-enum
oscar-best-picture,2021,Nomadland,2020,won,,,wikipedia-enum
oscar-best-picture,2022,CODA,2021,won,,,wikipedia-enum
oscar-best-picture,2023,Everything Everywhere All at Once,2022,won,,,wikipedia-enum
oscar-best-picture,2024,Oppenheimer,2023,won,,,wikipedia-enum
oscar-best-picture,2025,Anora,2024,won,,,wikipedia-enum
oscar-best-director,1928,7th Heaven,1927,won,,,wikipedia-enum
oscar-best-director,1928,Two Arabian Knights,1927,won,,,wikipedia-enum
oscar-best-director,1930,The Divine Lady,1929,won,,,wikipedia-enum
oscar-best-director,1930,All Quiet on the Western Front,1930,won,,,wikipedia-enum
oscar-best-director,1931,Skippy,1931,won,,,wikipedia-enum
oscar-best-director,1932,Bad Girl,1931,won,,,wikipedia-enum
oscar-best-director,1933,Cavalcade,1933,won,,,wikipedia-enum
oscar-best-director,1935,It Happened One Night,1934,won,,,wikipedia-enum
oscar-best-director,1936,The Informer,1935,won,,,wikipedia-enum
oscar-best-director,1937,Mr. Deeds Goes to Town,1936,won,,,wikipedia-enum
oscar-best-director,1938,The Awful Truth,1937,won,,,wikipedia-enum
oscar-best-director,1939,You Can't Take It with You,1938,won,,,wikipedia-enum
oscar-best-director,1940,Gone with the Wind,1939,won,,,wikipedia-enum
oscar-best-director,1941,The Grapes of Wrath,1940,won,,,wikipedia-enum
oscar-best-director,1942,How Green Was My Valley,1941,won,,,wikipedia-enum
oscar-best-director,1943,Mrs. Miniver,1942,won,,,wikipedia-enum
oscar-best-director,1944,Casablanca,1943,won,,,wikipedia-enum
oscar-best-director,1945,Going My Way,1944,won,,,wikipedia-enum
oscar-best-director,1946,The Lost Weekend,1945,won,,,wikipedia-enum
oscar-best-director,1947,The Best Years of Our Lives,1946,won,,,wikipedia-enum
oscar-best-director,1948,Gentleman's Agreement,1947,won,,,wikipedia-enum
oscar-best-director,1949,The Treasure of the Sierra Madre,1948,won,,,wikipedia-enum
oscar-best-director,1950,A Letter to Three Wives,1949,won,,,wikipedia-enum
oscar-best-director,1951,All About Eve,1950,won,,,wikipedia-enum
oscar-best-director,1952,A Place in the Sun,1951,won,,,wikipedia-enum
oscar-best-director,1953,The Quiet Man,1952,won,,,wikipedia-enum
oscar-best-director,1954,From Here to Eternity,1953,won,,,wikipedia-enum
oscar-best-director,1955,On the Waterfront,1954,won,,,wikipedia-enum
oscar-best-director,1956,Marty,1955,won,,,wikipedia-enum
oscar-best-director,1957,Giant,1956,won,,,wikipedia-enum
oscar-best-director,1958,The Bridge on the River Kwai,1957,won,,,wikipedia-enum
oscar-best-director,1959,Gigi,1958,won,,,wikipedia-enum
oscar-best-director,1960,Ben-Hur,1959,won,,,wikipedia-enum
oscar-best-director,1961,The Apartment,1960,won,,,wikipedia-enum
oscar-best-director,1962,West Side Story,1961,won,,,wikipedia-enum
oscar-best-director,1963,Lawrence of Arabia,1962,won,,,wikipedia-enum
oscar-best-director,1964,Tom Jones,1963,won,,,wikipedia-enum
oscar-best-director,1965,My Fair Lady,1964,won,,,wikipedia-enum
oscar-best-director,1966,The Sound of Music,1965,won,,,wikipedia-enum
oscar-best-director,1967,A Man for All Seasons,1966,won,,,wikipedia-enum
oscar-best-director,1968,The Graduate,1967,won,,,wikipedia-enum
oscar-best-director,1969,Oliver!,1968,won,,,wikipedia-enum
oscar-best-director,1970,Midnight Cowboy,1969,won,,,wikipedia-enum
oscar-best-director,1971,Patton,1970,won,,,wikipedia-enum
oscar-best-director,1972,The French Connection,1971,won,,,wikipedia-enum
oscar-best-director,1973,Cabaret,1972,won,,,wikipedia-enum
oscar-best-director,1974,The Sting,1973,won,,,wikipedia-enum
oscar-best-director,1975,The Godfather Part II,1974,won,,,wikipedia-enum
oscar-best-director,1976,One Flew Over the Cuckoo's Nest,1975,won,,,wikipedia-enum
oscar-best-director,1977,Rocky,1976,won,,,wikipedia-enum
oscar-best-director,1978,Annie Hall,1977,won,,,wikipedia-enum
oscar-best-director,1979,The Deer Hunter,1978,won,,,wikipedia-enum
oscar-best-director,1980,Kramer vs. Kramer,1979,won,,,wikipedia-enum
oscar-best-director,1981,Ordinary People,1980,won,,,wikipedia-enum
oscar-best-director,1982,Reds,1981,won,,,wikipedia-enum
oscar-best-director,1983,Gandhi,1982,won,,,wikipedia-enum
oscar-best-director,1984,Terms of Endearment,1983,won,,,wikipedia-enum
oscar-best-director,1985,Amadeus,1984,won,,,wikipedia-enum
oscar-best-director,1986,Out of Africa,1985,won,,,wikipedia-enum
oscar-best-director,1987,Platoon,1986,won,,,wikipedia-enum
oscar-best-director,1988,The Last Emperor,1987,won,,,wikipedia-enum
oscar-best-director,1989,Rain Man,1988,won,,,wikipedia-enum
oscar-best-director,1990,Born on the Fourth of July,1989,won,,,wikipedia-enum
oscar-best-director,1991,Dances with Wolves,1990,won,,,wikipedia-enum
oscar-best-director,1992,The Silence of the Lambs,1991,won,,,wikipedia-enum
oscar-best-director,1993,Unforgiven,1992,won,,,wikipedia-enum
oscar-best-director,1994,Schindler's List,1993,won,,,wikipedia-enum
oscar-best-director,1995,Forrest Gump,1994,won,,,wikipedia-enum
oscar-best-director,1996,Braveheart,1995,won,,,wikipedia-enum
oscar-best-director,1997,The English Patient,1996,won,,,wikipedia-enum
oscar-best-director,1998,Titanic,1997,won,,,wikipedia-enum
oscar-best-director,1999,Saving Private Ryan,1998,won,,,wikipedia-enum
oscar-best-director,2000,American Beauty,1999,won,,,wikipedia-enum
oscar-best-director,2001,Traffic,2000,won,,,wikipedia-enum
oscar-best-director,2002,A Beautiful Mind,2001,won,,,wikipedia-enum
oscar-best-director,2003,The Pianist,2002,won,,,wikipedia-enum
oscar-best-director,2004,The Lord of the Rings: The Return of the King,2003,won,,,wikipedia-enum
oscar-best-director,2005,Million Dollar Baby,2004,won,,,wikipedia-enum
oscar-best-director,2006,Brokeback Mountain,2005,won,,,wikipedia-enum
oscar-best-director,2007,The Departed,2006,won,,,wikipedia-enum
oscar-best-director,2008,No Country for Old Men,2007,won,,,wikipedia-enum
oscar-best-director,2009,Slumdog Millionaire,2008,won,,,wikipedia-enum
oscar-best-director,2010,The Hurt Locker,2009,won,,,wikipedia-enum
oscar-best-director,2011,The King's Speech,2010,won,,,wikipedia-enum
oscar-best-director,2012,The Artist,2011,won,,,wikipedia-enum
oscar-best-director,2013,Life of Pi,2012,won,,,wikipedia-enum
oscar-best-director,2014,Gravity,2013,won,,,wikipedia-enum
oscar-best-director,2015,Birdman,2014,won,,,wikipedia-enum
oscar-best-director,2016,The Revenant,2015,won,,,wikipedia-enum
oscar-best-director,2017,La La Land,2016,won,,,wikipedia-enum
oscar-best-director,2018,The Shape of Water,2017,won,,,wikipedia-enum
oscar-best-director,2019,Roma,2018,won,,,wikipedia-enum
oscar-best-director,2020,Parasite,2019,won,,,wikipedia-enum
oscar-best-director,2021,Nomadland,2020,won,,,wikipedia-enum
oscar-best-director,2022,The Power of the Dog,2021,won,,,wikipedia-enum
oscar-best-director,2023,Everything Everywhere All at Once,2022,won,,,wikipedia-enum
oscar-best-director,2024,Oppenheimer,2023,won,,,wikipedia-enum
oscar-best-director,2025,Anora,2024,won,,,wikipedia-enum
oscar-best-international-feature,1947,Shoeshine,1947,won,,Italy,wikipedia-enum
oscar-best-international-feature,1948,Monsieur Vincent,1948,won,,France,wikipedia-enum
oscar-best-international-feature,1949,Bicycle Thieves,1949,won,,Italy,wikipedia-enum
oscar-best-international-feature,1950,The Walls of Malapaga,1950,won,,France/Italy,wikipedia-enum
oscar-best-international-feature,1951,Rashomon,1951,won,,Japan,wikipedia-enum
oscar-best-international-feature,1952,Forbidden Games,1952,won,,France,wikipedia-enum
oscar-best-international-feature,1955,Gate of Hell,1954,won,,Japan,wikipedia-enum
oscar-best-international-feature,1956,Samurai I,1955,won,,Japan,wikipedia-enum
oscar-best-international-feature,1957,La Strada,1956,won,,Italy,wikipedia-enum
oscar-best-international-feature,1958,Nights of Cabiria,1957,won,,Italy,wikipedia-enum
oscar-best-international-feature,1959,Mon Oncle,1958,won,,France,wikipedia-enum
oscar-best-international-feature,1960,Black Orpheus,1959,won,,France,wikipedia-enum
oscar-best-international-feature,1961,The Virgin Spring,1960,won,,Sweden,wikipedia-enum
oscar-best-international-feature,1962,Through a Glass Darkly,1961,won,,Sweden,wikipedia-enum
oscar-best-international-feature,1963,Sundays and Cybele,1962,won,,France,wikipedia-enum
oscar-best-international-feature,1964,8½,1963,won,,Italy,wikipedia-enum
oscar-best-international-feature,1965,Yesterday Today and Tomorrow,1964,won,,Italy,wikipedia-enum
oscar-best-international-feature,1966,The Shop on Main Street,1965,won,,Czechoslovakia,wikipedia-enum
oscar-best-international-feature,1967,A Man and a Woman,1966,won,,France,wikipedia-enum
oscar-best-international-feature,1968,Closely Watched Trains,1967,won,,Czechoslovakia,wikipedia-enum
oscar-best-international-feature,1969,War and Peace,1968,won,,Soviet Union,wikipedia-enum
oscar-best-international-feature,1970,Z,1969,won,,Algeria,wikipedia-enum
oscar-best-international-feature,1971,Investigation of a Citizen Above Suspicion,1970,won,,Italy,wikipedia-enum
oscar-best-international-feature,1972,The Garden of the Finzi-Continis,1971,won,,Italy,wikipedia-enum
oscar-best-international-feature,1973,The Discreet Charm of the Bourgeoisie,1972,won,,France,wikipedia-enum
oscar-best-international-feature,1974,Day for Night,1973,won,,France,wikipedia-enum
oscar-best-international-feature,1975,Amarcord,1974,won,,Italy,wikipedia-enum
oscar-best-international-feature,1976,Dersu Uzala,1975,won,,Soviet Union,wikipedia-enum
oscar-best-international-feature,1977,Black and White in Color,1976,won,,Ivory Coast,wikipedia-enum
oscar-best-international-feature,1978,Madame Rosa,1977,won,,France,wikipedia-enum
oscar-best-international-feature,1979,Get Out Your Handkerchiefs,1978,won,,France,wikipedia-enum
oscar-best-international-feature,1980,The Tin Drum,1979,won,,West Germany,wikipedia-enum
oscar-best-international-feature,1981,Moscow Does Not Believe in Tears,1980,won,,Soviet Union,wikipedia-enum
oscar-best-international-feature,1982,Mephisto,1981,won,,Hungary,wikipedia-enum
oscar-best-international-feature,1983,To Begin Again,1982,won,,Spain,wikipedia-enum
oscar-best-international-feature,1984,Fanny and Alexander,1983,won,,Sweden,wikipedia-enum
oscar-best-international-feature,1985,Dangerous Moves,1984,won,,Switzerland,wikipedia-enum
oscar-best-international-feature,1986,The Official Story,1985,won,,Argentina,wikipedia-enum
oscar-best-international-feature,1987,The Assault,1986,won,,Netherlands,wikipedia-enum
oscar-best-international-feature,1988,Babette's Feast,1987,won,,Denmark,wikipedia-enum
oscar-best-international-feature,1989,Pelle the Conqueror,1988,won,,Denmark,wikipedia-enum
oscar-best-international-feature,1990,Cinema Paradiso,1989,won,,Italy,wikipedia-enum
oscar-best-international-feature,1991,Journey of Hope,1990,won,,Switzerland,wikipedia-enum
oscar-best-international-feature,1992,Mediterraneo,1991,won,,Italy,wikipedia-enum
oscar-best-international-feature,1993,Indochine,1992,won,,France,wikipedia-enum
oscar-best-international-feature,1994,Belle Époque,1993,won,,Spain,wikipedia-enum
oscar-best-international-feature,1995,Burnt by the Sun,1994,won,,Russia,wikipedia-enum
oscar-best-international-feature,1996,Antonia's Line,1995,won,,Netherlands,wikipedia-enum
oscar-best-international-feature,1997,Kolya,1996,won,,Czech Republic,wikipedia-enum
oscar-best-international-feature,1998,Character,1997,won,,Netherlands,wikipedia-enum
oscar-best-international-feature,1999,Life Is Beautiful,1998,won,,Italy,wikipedia-enum
oscar-best-international-feature,2000,All About My Mother,1999,won,,Spain,wikipedia-enum
oscar-best-international-feature,2001,Crouching Tiger Hidden Dragon,2000,won,,Taiwan,wikipedia-enum
oscar-best-international-feature,2002,No Man's Land,2001,won,,Bosnia and Herzegovina,wikipedia-enum
oscar-best-international-feature,2003,Nowhere in Africa,2002,won,,Germany,wikipedia-enum
oscar-best-international-feature,2004,The Barbarian Invasions,2003,won,,Canada,wikipedia-enum
oscar-best-international-feature,2005,The Sea Inside,2004,won,,Spain,wikipedia-enum
oscar-best-international-feature,2006,Tsotsi,2005,won,,South Africa,wikipedia-enum
oscar-best-international-feature,2007,The Lives of Others,2006,won,,Germany,wikipedia-enum
oscar-best-international-feature,2008,The Counterfeiters,2007,won,,Austria,wikipedia-enum
oscar-best-international-feature,2009,Departures,2008,won,,Japan,wikipedia-enum
oscar-best-international-feature,2010,The Secret in Their Eyes,2009,won,,Argentina,wikipedia-enum
oscar-best-international-feature,2011,In a Better World,2010,won,,Denmark,wikipedia-enum
oscar-best-international-feature,2012,A Separation,2011,won,,Iran,wikipedia-enum
oscar-best-international-feature,2013,Amour,2012,won,,Austria,wikipedia-enum
oscar-best-international-feature,2014,The Great Beauty,2013,won,,Italy,wikipedia-enum
oscar-best-international-feature,2015,Ida,2014,won,,Poland,wikipedia-enum
oscar-best-international-feature,2016,Son of Saul,2015,won,,Hungary,wikipedia-enum
oscar-best-international-feature,2017,The Salesman,2016,won,,Iran,wikipedia-enum
oscar-best-international-feature,2018,A Fantastic Woman,2017,won,,Chile,wikipedia-enum
oscar-best-international-feature,2019,Roma,2018,won,,Mexico,wikipedia-enum
oscar-best-international-feature,2020,Parasite,2019,won,,South Korea,wikipedia-enum
oscar-best-international-feature,2021,Another Round,2020,won,,Denmark,wikipedia-enum
oscar-best-international-feature,2022,Drive My Car,2021,won,,Japan,wikipedia-enum
oscar-best-international-feature,2023,All Quiet on the Western Front,2022,won,,Germany,wikipedia-enum
oscar-best-international-feature,2024,The Zone of Interest,2023,won,,United Kingdom,wikipedia-enum
oscar-best-international-feature,2025,I'm Still Here,2024,won,,Brazil,wikipedia-enum
bafta-best-film,1948,The Best Years of Our Lives,1947,won,,,wikipedia-enum
bafta-best-film,1949,Hamlet,1948,won,,,wikipedia-enum
bafta-best-film,1950,Bicycle Thieves,1949,won,,,wikipedia-enum
bafta-best-film,1951,All About Eve,1950,won,,,wikipedia-enum
bafta-best-film,1952,La Ronde,1951,won,,,wikipedia-enum
bafta-best-film,1953,The Sound Barrier,1952,won,,,wikipedia-enum
bafta-best-film,1954,Forbidden Games,1953,won,,,wikipedia-enum
bafta-best-film,1955,The Wages of Fear,1954,won,,,wikipedia-enum
bafta-best-film,1956,Richard III,1955,won,,,wikipedia-enum
bafta-best-film,1957,Gervaise,1956,won,,,wikipedia-enum
bafta-best-film,1958,The Bridge on the River Kwai,1957,won,,,wikipedia-enum
bafta-best-film,1959,Room at the Top,1958,won,,,wikipedia-enum
bafta-best-film,1960,Ben-Hur,1959,won,,,wikipedia-enum
bafta-best-film,1961,The Apartment,1960,won,,,wikipedia-enum
bafta-best-film,1962,Ballad of a Soldier,1961,won,,shared,wikipedia-enum
bafta-best-film,1962,The Hustler,1961,won,,shared,wikipedia-enum
bafta-best-film,1963,Lawrence of Arabia,1962,won,,,wikipedia-enum
bafta-best-film,1964,Tom Jones,1963,won,,,wikipedia-enum
bafta-best-film,1965,Dr. Strangelove,1964,won,,,wikipedia-enum
bafta-best-film,1966,My Fair Lady,1965,won,,,wikipedia-enum
bafta-best-film,1967,Who's Afraid of Virginia Woolf?,1966,won,,,wikipedia-enum
bafta-best-film,1968,A Man for All Seasons,1967,won,,,wikipedia-enum
bafta-best-film,1969,The Graduate,1968,won,,,wikipedia-enum
bafta-best-film,1970,Midnight Cowboy,1969,won,,,wikipedia-enum
bafta-best-film,1971,Butch Cassidy and the Sundance Kid,1970,won,,,wikipedia-enum
bafta-best-film,1972,Sunday Bloody Sunday,1971,won,,,wikipedia-enum
bafta-best-film,1973,Cabaret,1972,won,,,wikipedia-enum
bafta-best-film,1974,Day for Night,1973,won,,,wikipedia-enum
bafta-best-film,1975,Lacombe Lucien,1974,won,,,wikipedia-enum
bafta-best-film,1976,Alice Doesn't Live Here Anymore,1975,won,,,wikipedia-enum
bafta-best-film,1977,One Flew Over the Cuckoo's Nest,1976,won,,,wikipedia-enum
bafta-best-film,1978,Annie Hall,1977,won,,,wikipedia-enum
bafta-best-film,1979,Julia,1978,won,,,wikipedia-enum
bafta-best-film,1980,Manhattan,1979,won,,,wikipedia-enum
bafta-best-film,1981,The Elephant Man,1980,won,,,wikipedia-enum
bafta-best-film,1982,Chariots of Fire,1981,won,,,wikipedia-enum
bafta-best-film,1983,Gandhi,1982,won,,,wikipedia-enum
bafta-best-film,1984,Educating Rita,1983,won,,,wikipedia-enum
bafta-best-film,1985,The Killing Fields,1984,won,,,wikipedia-enum
bafta-best-film,1986,The Purple Rose of Cairo,1985,won,,,wikipedia-enum
bafta-best-film,1987,A Room with a View,1986,won,,,wikipedia-enum
bafta-best-film,1988,Jean de Florette,1987,won,,,wikipedia-enum
bafta-best-film,1989,The Last Emperor,1988,won,,,wikipedia-enum
bafta-best-film,1990,Dead Poets Society,1989,won,,,wikipedia-enum
bafta-best-film,1991,Goodfellas,1990,won,,,wikipedia-enum
bafta-best-film,1992,The Commitments,1991,won,,,wikipedia-enum
bafta-best-film,1993,Howards End,1992,won,,,wikipedia-enum
bafta-best-film,1994,Schindler's List,1993,won,,,wikipedia-enum
bafta-best-film,1995,Four Weddings and a Funeral,1994,won,,,wikipedia-enum
bafta-best-film,1996,Sense and Sensibility,1995,won,,,wikipedia-enum
bafta-best-film,1997,The English Patient,1996,won,,,wikipedia-enum
bafta-best-film,1998,The Full Monty,1997,won,,,wikipedia-enum
bafta-best-film,1999,Shakespeare in Love,1998,won,,,wikipedia-enum
bafta-best-film,2000,American Beauty,1999,won,,,wikipedia-enum
bafta-best-film,2001,Gladiator,2000,won,,,wikipedia-enum
bafta-best-film,2002,The Lord of the Rings: The Fellowship of the Ring,2001,won,,,wikipedia-enum
bafta-best-film,2003,The Pianist,2002,won,,,wikipedia-enum
bafta-best-film,2004,The Lord of the Rings: The Return of the King,2003,won,,,wikipedia-enum
bafta-best-film,2005,The Aviator,2004,won,,,wikipedia-enum
bafta-best-film,2006,Brokeback Mountain,2005,won,,,wikipedia-enum
bafta-best-film,2007,The Queen,2006,won,,,wikipedia-enum
bafta-best-film,2008,Atonement,2007,won,,,wikipedia-enum
bafta-best-film,2009,Slumdog Millionaire,2008,won,,,wikipedia-enum
bafta-best-film,2010,The Hurt Locker,2009,won,,,wikipedia-enum
bafta-best-film,2011,The King's Speech,2010,won,,,wikipedia-enum
bafta-best-film,2012,The Artist,2011,won,,,wikipedia-enum
bafta-best-film,2013,Argo,2012,won,,,wikipedia-enum
bafta-best-film,2014,12 Years a Slave,2013,won,,,wikipedia-enum
bafta-best-film,2015,Boyhood,2014,won,,,wikipedia-enum
bafta-best-film,2016,The Revenant,2015,won,,,wikipedia-enum
bafta-best-film,2017,La La Land,2016,won,,,wikipedia-enum
bafta-best-film,2018,Three Billboards Outside Ebbing Missouri,2017,won,,,wikipedia-enum
bafta-best-film,2019,Roma,2018,won,,,wikipedia-enum
bafta-best-film,2020,1917,2019,won,,,wikipedia-enum
bafta-best-film,2021,Nomadland,2020,won,,,wikipedia-enum
bafta-best-film,2022,The Power of the Dog,2021,won,,,wikipedia-enum
bafta-best-film,2023,All Quiet on the Western Front,2022,won,,,wikipedia-enum
bafta-best-film,2024,Oppenheimer,2023,won,,,wikipedia-enum
bafta-best-film,2025,Conclave,2024,won,,,wikipedia-enum
sight-and-sound-critics,2022,"Jeanne Dielman, 23 Quai du Commerce, 1080 Bruxelles",1975,listed,1,,wikipedia-enum
sight-and-sound-critics,2022,Vertigo,1958,listed,2,,wikipedia-enum
sight-and-sound-critics,2022,Citizen Kane,1941,listed,3,,wikipedia-enum
sight-and-sound-critics,2022,Tokyo Story,1953,listed,4,,wikipedia-enum
sight-and-sound-critics,2022,In the Mood for Love,2000,listed,5,,wikipedia-enum
sight-and-sound-critics,2022,2001: A Space Odyssey,1968,listed,6,,wikipedia-enum
sight-and-sound-critics,2022,Beau travail,1998,listed,7,,wikipedia-enum
sight-and-sound-critics,2022,Mulholland Dr.,2001,listed,8,,wikipedia-enum
sight-and-sound-critics,2022,Man with a Movie Camera,1929,listed,9,,wikipedia-enum
sight-and-sound-critics,2022,Singin' in the Rain,1951,listed,10,,wikipedia-enum
sight-and-sound-critics,2022,Sunrise: A Song of Two Humans,1927,listed,11,,wikipedia-enum
sight-and-sound-critics,2022,The Godfather,1972,listed,12,,wikipedia-enum
sight-and-sound-critics,2022,La Règle du jeu,1939,listed,13,,wikipedia-enum
sight-and-sound-critics,2022,Cléo from 5 to 7,1962,listed,14,,wikipedia-enum
sight-and-sound-critics,2022,The Searchers,1956,listed,15,,wikipedia-enum
sight-and-sound-critics,2022,Meshes of the Afternoon,1943,listed,16,,wikipedia-enum
sight-and-sound-critics,2022,Close-up,1989,listed,17,,wikipedia-enum
sight-and-sound-critics,2022,Persona,1966,listed,18,,wikipedia-enum
sight-and-sound-critics,2022,Apocalypse Now,1979,listed,19,,wikipedia-enum
sight-and-sound-critics,2022,Seven Samurai,1954,listed,20,,wikipedia-enum
sight-and-sound-critics,2022,Late Spring,1949,listed,21,tie,wikipedia-enum
sight-and-sound-critics,2022,The Passion of Joan of Arc,1927,listed,21,tie,wikipedia-enum
sight-and-sound-critics,2022,Playtime,1967,listed,23,,wikipedia-enum
sight-and-sound-critics,2022,Do the Right Thing,1989,listed,24,,wikipedia-enum
sight-and-sound-critics,2022,The Night of the Hunter,1955,listed,25,tie,wikipedia-enum
sight-and-sound-critics,2022,Au hasard Balthazar,1966,listed,25,tie,wikipedia-enum
sight-and-sound-critics,2022,Shoah,1985,listed,27,,wikipedia-enum
sight-and-sound-critics,2022,Daisies,1966,listed,28,,wikipedia-enum
sight-and-sound-critics,2022,Taxi Driver,1976,listed,29,,wikipedia-enum
sight-and-sound-critics,2022,Portrait of a Lady on Fire,2019,listed,30,,wikipedia-enum
sight-and-sound-critics,2022,8½,1963,listed,31,tie,wikipedia-enum
sight-and-sound-critics,2022,Psycho,1960,listed,31,tie,wikipedia-enum
sight-and-sound-critics,2022,Mirror,1975,listed,31,tie,wikipedia-enum
sight-and-sound-critics,2022,L'Atalante,1934,listed,34,,wikipedia-enum
sight-and-sound-critics,2022,Pather Panchali,1955,listed,35,,wikipedia-enum
sight-and-sound-critics,2022,M,1931,listed,36,tie,wikipedia-enum
sight-and-sound-critics,2022,City Lights,1931,listed,36,tie,wikipedia-enum
sight-and-sound-critics,2022,Rear Window,1954,listed,38,tie,wikipedia-enum
sight-and-sound-critics,2022,À bout de souffle,1960,listed,38,tie,wikipedia-enum
sight-and-sound-critics,2022,Some Like It Hot,1959,listed,38,tie,wikipedia-enum
sight-and-sound-critics,2022,Rashomon,1950,listed,41,tie,wikipedia-enum
sight-and-sound-critics,2022,Bicycle Thieves,1948,listed,41,tie,wikipedia-enum
sight-and-sound-critics,2022,Stalker,1979,listed,43,tie,wikipedia-enum
sight-and-sound-critics,2022,Killer of Sheep,1977,listed,43,tie,wikipedia-enum
sight-and-sound-critics,2022,Barry Lyndon,1975,listed,45,tie,wikipedia-enum
sight-and-sound-critics,2022,North by Northwest,1959,listed,45,tie,wikipedia-enum
sight-and-sound-critics,2022,The Battle of Algiers,1966,listed,45,tie,wikipedia-enum
sight-and-sound-critics,2022,Ordet,1955,listed,48,tie,wikipedia-enum
sight-and-sound-critics,2022,Wanda,1970,listed,48,tie,wikipedia-enum
sight-and-sound-critics,2022,The Piano,1992,listed,50,tie,wikipedia-enum
sight-and-sound-critics,2022,The 400 Blows,1959,listed,50,tie,wikipedia-enum
sight-and-sound-critics,2022,News from Home,1976,listed,52,tie,wikipedia-enum
sight-and-sound-critics,2022,Fear Eats the Soul,1974,listed,52,tie,wikipedia-enum
sight-and-sound-critics,2022,The Apartment,1960,listed,54,tie,wikipedia-enum
sight-and-sound-critics,2022,Sherlock Jr.,1924,listed,54,tie,wikipedia-enum
sight-and-sound-critics,2022,Le Mépris,1963,listed,54,tie,wikipedia-enum
sight-and-sound-critics,2022,Battleship Potemkin,1925,listed,54,tie,wikipedia-enum
sight-and-sound-critics,2022,Blade Runner,1982,listed,54,tie,wikipedia-enum
sight-and-sound-critics,2022,Sans soleil,1982,listed,59,,wikipedia-enum
sight-and-sound-critics,2022,Daughters of the Dust,1991,listed,60,tie,wikipedia-enum
sight-and-sound-critics,2022,La dolce vita,1960,listed,60,tie,wikipedia-enum
sight-and-sound-critics,2022,Moonlight,2016,listed,60,tie,wikipedia-enum
sight-and-sound-critics,2022,The Third Man,1949,listed,63,tie,wikipedia-enum
sight-and-sound-critics,2022,GoodFellas,1990,listed,63,tie,wikipedia-enum
sight-and-sound-critics,2022,Casablanca,1942,listed,63,tie,wikipedia-enum
sight-and-sound-critics,2022,Touki Bouki,1973,listed,66,,wikipedia-enum
sight-and-sound-critics,2022,The Red Shoes,1948,listed,67,tie,wikipedia-enum
sight-and-sound-critics,2022,Metropolis,1927,listed,67,tie,wikipedia-enum
sight-and-sound-critics,2022,Andrei Rublev,1966,listed,67,tie,wikipedia-enum
sight-and-sound-critics,2022,La Jetée,1962,listed,67,tie,wikipedia-enum
sight-and-sound-critics,2022,The Gleaners and I,2000,listed,67,tie,wikipedia-enum
sight-and-sound-critics,2022,L'avventura,1960,listed,72,tie,wikipedia-enum
sight-and-sound-critics,2022,Journey to Italy,1954,listed,72,tie,wikipedia-enum
sight-and-sound-critics,2022,My Neighbour Totoro,1988,listed,72,tie,wikipedia-enum
sight-and-sound-critics,2022,Spirited Away,2001,listed,75,tie,wikipedia-enum
sight-and-sound-critics,2022,Sansho the Bailiff,1954,listed,75,tie,wikipedia-enum
sight-and-sound-critics,2022,Imitation of Life,1959,listed,75,tie,wikipedia-enum
sight-and-sound-critics,2022,Histoire(s) du Cinéma,1988,listed,78,tie,wikipedia-enum
sight-and-sound-critics,2022,A Matter of Life and Death,1946,listed,78,tie,wikipedia-enum
sight-and-sound-critics,2022,Modern Times,1936,listed,78,tie,wikipedia-enum
sight-and-sound-critics,2022,Sunset Blvd.,1950,listed,78,tie,wikipedia-enum
sight-and-sound-critics,2022,Céline and Julie Go Boating,1974,listed,78,tie,wikipedia-enum
sight-and-sound-critics,2022,A Brighter Summer Day,1991,listed,78,tie,wikipedia-enum
sight-and-sound-critics,2022,Sátántangó,1994,listed,78,tie,wikipedia-enum
sight-and-sound-critics,2022,Blue Velvet,1986,listed,85,tie,wikipedia-enum
sight-and-sound-critics,2022,The Spirit of the Beehive,1973,listed,85,tie,wikipedia-enum
sight-and-sound-critics,2022,Pierrot le fou,1965,listed,85,tie,wikipedia-enum
sight-and-sound-critics,2022,The Shining,1980,listed,88,tie,wikipedia-enum
sight-and-sound-critics,2022,Chungking Express,1994,listed,88,tie,wikipedia-enum
sight-and-sound-critics,2022,Parasite,2019,listed,90,tie,wikipedia-enum
sight-and-sound-critics,2022,Yi Yi,1999,listed,90,tie,wikipedia-enum
sight-and-sound-critics,2022,Ugetsu Monogatari,1953,listed,90,tie,wikipedia-enum
sight-and-sound-critics,2022,The Leopard,1962,listed,90,tie,wikipedia-enum
sight-and-sound-critics,2022,Madame de...,1953,listed,90,tie,wikipedia-enum
sight-and-sound-critics,2022,Once upon a Time in the West,1968,listed,95,tie,wikipedia-enum
sight-and-sound-critics,2022,A Man Escaped,1956,listed,95,tie,wikipedia-enum
sight-and-sound-critics,2022,The General,1926,listed,95,tie,wikipedia-enum
sight-and-sound-critics,2022,Black Girl,1965,listed,95,tie,wikipedia-enum
sight-and-sound-critics,2022,Tropical Malady,2004,listed,95,tie,wikipedia-enum
sight-and-sound-critics,2022,Get Out,2017,listed,95,tie,wikipedia-enum
sight-and-sound-directors,2022,2001: A Space Odyssey,1968,listed,1,,wikipedia-enum
sight-and-sound-directors,2022,Citizen Kane,1941,listed,2,,wikipedia-enum
sight-and-sound-directors,2022,The Godfather,1972,listed,3,,wikipedia-enum
sight-and-sound-directors,2022,Tokyo Story,1953,listed,4,tie,wikipedia-enum
sight-and-sound-directors,2022,"Jeanne Dielman, 23 Quai du Commerce, 1080 Bruxelles",1975,listed,4,tie,wikipedia-enum
sight-and-sound-directors,2022,Vertigo,1958,listed,6,tie,wikipedia-enum
sight-and-sound-directors,2022,8½,1963,listed,6,tie,wikipedia-enum
sight-and-sound-directors,2022,Mirror,1975,listed,8,,wikipedia-enum
sight-and-sound-directors,2022,Persona,1966,listed,9,tie,wikipedia-enum
sight-and-sound-directors,2022,Close-up,1989,listed,9,tie,wikipedia-enum
sight-and-sound-directors,2022,In the Mood for Love,2000,listed,9,tie,wikipedia-enum
sight-and-sound-directors,2022,Barry Lyndon,1975,listed,12,tie,wikipedia-enum
sight-and-sound-directors,2022,Taxi Driver,1976,listed,12,tie,wikipedia-enum
sight-and-sound-directors,2022,Stalker,1979,listed,14,tie,wikipedia-enum
sight-and-sound-directors,2022,À bout de souffle,1960,listed,14,tie,wikipedia-enum
sight-and-sound-directors,2022,Seven Samurai,1954,listed,14,tie,wikipedia-enum
sight-and-sound-directors,2022,Beau travail,1998,listed,14,tie,wikipedia-enum
sight-and-sound-directors,2022,A Woman under the Influence,1974,listed,18,tie,wikipedia-enum
sight-and-sound-directors,2022,Apocalypse Now,1979,listed,18,tie,wikipedia-enum
sight-and-sound-directors,2022,Rashomon,1950,listed,20,tie,wikipedia-enum
sight-and-sound-directors,2022,Bicycle Thieves,1948,listed,20,tie,wikipedia-enum
sight-and-sound-directors,2022,Raging Bull,1980,listed,22,tie,wikipedia-enum
sight-and-sound-directors,2022,The Battle of Algiers,1966,listed,22,tie,wikipedia-enum
sight-and-sound-directors,2022,Pather Panchali,1955,listed,22,tie,wikipedia-enum
sight-and-sound-directors,2022,Mulholland Dr.,2001,listed,22,tie,wikipedia-enum
sight-and-sound-directors,2022,The Godfather Part II,1974,listed,26,tie,wikipedia-enum
sight-and-sound-directors,2022,Andrei Rublev,1966,listed,26,tie,wikipedia-enum
sight-and-sound-directors,2022,GoodFellas,1990,listed,28,,wikipedia-enum
sight-and-sound-directors,2022,Do the Right Thing,1989,listed,29,,wikipedia-enum
sight-and-sound-directors,2022,Ordet,1955,listed,30,tie,wikipedia-enum
sight-and-sound-directors,2022,The Passion of Joan of Arc,1927,listed,30,tie,wikipedia-enum
sight-and-sound-directors,2022,Man with a Movie Camera,1929,listed,30,tie,wikipedia-enum
sight-and-sound-directors,2022,The 400 Blows,1959,listed,33,tie,wikipedia-enum
sight-and-sound-directors,2022,Sunrise: A Song of Two Humans,1927,listed,33,tie,wikipedia-enum
sight-and-sound-directors,2022,La Jetée,1962,listed,35,tie,wikipedia-enum
sight-and-sound-directors,2022,La dolce vita,1960,listed,35,tie,wikipedia-enum
sight-and-sound-directors,2022,Au hasard Balthazar,1966,listed,37,,wikipedia-enum
sight-and-sound-directors,2022,La strada,1954,listed,38,tie,wikipedia-enum
sight-and-sound-directors,2022,L'avventura,1960,listed,38,tie,wikipedia-enum
sight-and-sound-directors,2022,La Règle du jeu,1939,listed,38,tie,wikipedia-enum
sight-and-sound-directors,2022,Come and See,1985,listed,41,tie,wikipedia-enum
sight-and-sound-directors,2022,Vagabond,1985,listed,41,tie,wikipedia-enum
sight-and-sound-directors,2022,A Man Escaped,1956,listed,41,tie,wikipedia-enum
sight-and-sound-directors,2022,The Night of the Hunter,1955,listed,41,tie,wikipedia-enum
sight-and-sound-directors,2022,Playtime,1967,listed,41,tie,wikipedia-enum
sight-and-sound-directors,2022,Viridiana,1961,listed,46,tie,wikipedia-enum
sight-and-sound-directors,2022,Eraserhead,1976,listed,46,tie,wikipedia-enum
sight-and-sound-directors,2022,La notte,1961,listed,46,tie,wikipedia-enum
sight-and-sound-directors,2022,Fanny and Alexander,1982,listed,46,tie,wikipedia-enum
sight-and-sound-directors,2022,La Maman et la Putain,1973,listed,46,tie,wikipedia-enum
sight-and-sound-directors,2022,Fear Eats the Soul,1974,listed,46,tie,wikipedia-enum
sight-and-sound-directors,2022,The Piano,1992,listed,46,tie,wikipedia-enum
sight-and-sound-directors,2022,City Lights,1931,listed,46,tie,wikipedia-enum
sight-and-sound-directors,2022,Cléo from 5 to 7,1962,listed,46,tie,wikipedia-enum
sight-and-sound-directors,2022,Singin' in the Rain,1951,listed,46,tie,wikipedia-enum
sight-and-sound-directors,2022,Dr. Strangelove or: How I Learned to Stop Worrying and Love the Bomb,1963,listed,56,tie,wikipedia-enum
sight-and-sound-directors,2022,Don't Look Now,1973,listed,56,tie,wikipedia-enum
sight-and-sound-directors,2022,Once upon a Time in the West,1968,listed,56,tie,wikipedia-enum
sight-and-sound-directors,2022,Le Mépris,1963,listed,56,tie,wikipedia-enum
sight-and-sound-directors,2022,L'Atalante,1934,listed,56,tie,wikipedia-enum
sight-and-sound-directors,2022,Psycho,1960,listed,56,tie,wikipedia-enum
sight-and-sound-directors,2022,La ciénaga,2001,listed,62,tie,wikipedia-enum
sight-and-sound-directors,2022,Lawrence of Arabia,1962,listed,62,tie,wikipedia-enum
sight-and-sound-directors,2022,Jaws,1975,listed,62,tie,wikipedia-enum
sight-and-sound-directors,2022,Tropical Malady,2004,listed,62,tie,wikipedia-enum
sight-and-sound-directors,2022,Sátántangó,1994,listed,62,tie,wikipedia-enum
sight-and-sound-directors,2022,Sunset Blvd.,1950,listed,62,tie,wikipedia-enum
sight-and-sound-directors,2022,Blade Runner,1982,listed,62,tie,wikipedia-enum
sight-and-sound-directors,2022,Some Like It Hot,1959,listed,62,tie,wikipedia-enum
sight-and-sound-directors,2022,Late Spring,1949,listed,62,tie,wikipedia-enum
sight-and-sound-directors,2022,Meshes of the Afternoon,1943,listed,62,tie,wikipedia-enum
sight-and-sound-directors,2022,Kes,1969,listed,72,tie,wikipedia-enum
sight-and-sound-directors,2022,A Separation,2011,listed,72,tie,wikipedia-enum
sight-and-sound-directors,2022,"Salò, or the 120 Days of Sodom",1975,listed,72,tie,wikipedia-enum
sight-and-sound-directors,2022,The Conversation,1974,listed,72,tie,wikipedia-enum
sight-and-sound-directors,2022,L'Argent,1983,listed,72,tie,wikipedia-enum
sight-and-sound-directors,2022,Where Is the Friend's House?,1987,listed,72,tie,wikipedia-enum
sight-and-sound-directors,2022,Ikiru,1952,listed,72,tie,wikipedia-enum
sight-and-sound-directors,2022,Chinatown,1974,listed,72,tie,wikipedia-enum
sight-and-sound-directors,2022,The Seventh Seal,1957,listed,72,tie,wikipedia-enum
sight-and-sound-directors,2022,The Ascent,1976,listed,72,tie,wikipedia-enum
sight-and-sound-directors,2022,Wild Strawberries,1957,listed,72,tie,wikipedia-enum
sight-and-sound-directors,2022,Blue Velvet,1986,listed,72,tie,wikipedia-enum
sight-and-sound-directors,2022,The Spirit of the Beehive,1973,listed,72,tie,wikipedia-enum
sight-and-sound-directors,2022,A Brighter Summer Day,1991,listed,72,tie,wikipedia-enum
sight-and-sound-directors,2022,Modern Times,1936,listed,72,tie,wikipedia-enum
sight-and-sound-directors,2022,The Red Shoes,1948,listed,72,tie,wikipedia-enum
sight-and-sound-directors,2022,Touki Bouki,1973,listed,72,tie,wikipedia-enum
sight-and-sound-directors,2022,Sans soleil,1982,listed,72,tie,wikipedia-enum
sight-and-sound-directors,2022,News from Home,1976,listed,72,tie,wikipedia-enum
sight-and-sound-directors,2022,Shoah,1985,listed,72,tie,wikipedia-enum
sight-and-sound-directors,2022,The Searchers,1956,listed,72,tie,wikipedia-enum
sight-and-sound-directors,2022,Throne of Blood,1957,listed,93,tie,wikipedia-enum
sight-and-sound-directors,2022,Eternal Sunshine of the Spotless Mind,2004,listed,93,tie,wikipedia-enum
sight-and-sound-directors,2022,Hidden,2004,listed,93,tie,wikipedia-enum
sight-and-sound-directors,2022,Taste of Cherry,1997,listed,93,tie,wikipedia-enum
sight-and-sound-directors,2022,Pickpocket,1959,listed,93,tie,wikipedia-enum
sight-and-sound-directors,2022,The Colour of Pomegranates,1968,listed,93,tie,wikipedia-enum
sight-and-sound-directors,2022,The Conformist,1970,listed,93,tie,wikipedia-enum
sight-and-sound-directors,2022,Parasite,2019,listed,93,tie,wikipedia-enum
sight-and-sound-directors,2022,Yi Yi,1999,listed,93,tie,wikipedia-enum
sight-and-sound-directors,2022,Moonlight,2016,listed,93,tie,wikipedia-enum
sight-and-sound-directors,2022,Battleship Potemkin,1925,listed,93,tie,wikipedia-enum
sight-and-sound-directors,2022,Wanda,1970,listed,93,tie,wikipedia-enum
bbc-21st-century,2016,Mulholland Drive,2001,listed,1,verified via web_fetch Wikipedia table,wikipedia-enum
bbc-21st-century,2016,In the Mood for Love,2000,listed,2,verified via web_fetch Wikipedia table,wikipedia-enum
bbc-21st-century,2016,There Will Be Blood,2007,listed,3,verified via web_fetch Wikipedia table,wikipedia-enum
bbc-21st-century,2016,Spirited Away,2001,listed,4,verified via web_fetch Wikipedia table,wikipedia-enum
bbc-21st-century,2016,Boyhood,2014,listed,5,verified via web_fetch Wikipedia table,wikipedia-enum
bbc-21st-century,2016,Eternal Sunshine of the Spotless Mind,2004,listed,6,verified via web_fetch Wikipedia table,wikipedia-enum
bbc-21st-century,2016,The Tree of Life,2011,listed,7,verified via web_fetch Wikipedia table,wikipedia-enum
bbc-21st-century,2016,Yi Yi,2000,listed,8,verified via web_fetch Wikipedia table,wikipedia-enum
bbc-21st-century,2016,A Separation,2011,listed,9,verified via web_fetch Wikipedia table,wikipedia-enum
bbc-21st-century,2016,No Country for Old Men,2007,listed,10,verified via web_fetch Wikipedia table,wikipedia-enum
bbc-foreign-language,2018,Seven Samurai,1954,listed,1,verified via web_fetch Wikipedia table,wikipedia-enum
bbc-foreign-language,2018,Bicycle Thieves,1948,listed,2,verified via web_fetch Wikipedia table,wikipedia-enum
bbc-foreign-language,2018,Tokyo Story,1953,listed,3,verified via web_fetch Wikipedia table,wikipedia-enum
bbc-foreign-language,2018,Rashomon,1950,listed,4,verified via web_fetch Wikipedia table,wikipedia-enum
bbc-foreign-language,2018,The Rules of the Game,1939,listed,5,verified via web_fetch Wikipedia table,wikipedia-enum
bbc-foreign-language,2018,Persona,1966,listed,6,verified via web_fetch Wikipedia table,wikipedia-enum
bbc-foreign-language,2018,8 and a Half,1963,listed,7,verified via web_fetch Wikipedia table; title rendered 8 1/2,wikipedia-enum
bbc-foreign-language,2018,The 400 Blows,1959,listed,8,verified via web_fetch Wikipedia table,wikipedia-enum
bbc-foreign-language,2018,In the Mood for Love,2000,listed,9,verified via web_fetch Wikipedia table,wikipedia-enum
bbc-foreign-language,2018,La Dolce Vita,1960,listed,10,verified via web_fetch Wikipedia table,wikipedia-enum
bbc-foreign-language,2018,Pather Panchali,1955,listed,15,verified via WebSearch (Wikipedia),wikipedia-enum
bbc-foreign-language,2018,Fanny and Alexander,1982,listed,28,verified via WebSearch (Wikipedia),wikipedia-enum
bbc-greatest-films-by-women,2019,The Piano,1993,listed,1,verified via WebSearch (Wikipedia/BBC),wikipedia-enum
golden-globe-best-picture-drama,1944,The Song of Bernadette,1943,won,,,wikipedia-enum
golden-globe-best-picture-drama,1945,Going My Way,1944,won,,,wikipedia-enum
golden-globe-best-picture-drama,1946,The Lost Weekend,1945,won,,,wikipedia-enum
golden-globe-best-picture-drama,1947,The Best Years of Our Lives,1946,won,,,wikipedia-enum
golden-globe-best-picture-drama,1948,Gentleman's Agreement,1947,won,,,wikipedia-enum
golden-globe-best-picture-drama,1949,Johnny Belinda,1948,won,,,wikipedia-enum
golden-globe-best-picture-drama,1950,All the King's Men,1949,won,,,wikipedia-enum
golden-globe-best-picture-drama,1951,Sunset Boulevard,1950,won,,,wikipedia-enum
golden-globe-best-picture-drama,1952,A Place in the Sun,1951,won,,,wikipedia-enum
golden-globe-best-picture-drama,1953,The Greatest Show on Earth,1952,won,,,wikipedia-enum
golden-globe-best-picture-drama,1954,The Robe,1953,won,,,wikipedia-enum
golden-globe-best-picture-drama,1955,On the Waterfront,1954,won,,,wikipedia-enum
golden-globe-best-picture-drama,1956,East of Eden,1955,won,,,wikipedia-enum
golden-globe-best-picture-drama,1957,Around the World in 80 Days,1956,won,,,wikipedia-enum
golden-globe-best-picture-drama,1958,The Bridge on the River Kwai,1957,won,,,wikipedia-enum
golden-globe-best-picture-drama,1959,The Defiant Ones,1958,won,,,wikipedia-enum
golden-globe-best-picture-drama,1960,Ben-Hur,1959,won,,,wikipedia-enum
golden-globe-best-picture-drama,1961,Spartacus,1960,won,,,wikipedia-enum
golden-globe-best-picture-drama,1962,The Guns of Navarone,1961,won,,,wikipedia-enum
golden-globe-best-picture-drama,1963,Lawrence of Arabia,1962,won,,,wikipedia-enum
golden-globe-best-picture-drama,1964,The Cardinal,1963,won,,,wikipedia-enum
golden-globe-best-picture-drama,1965,Becket,1964,won,,,wikipedia-enum
golden-globe-best-picture-drama,1966,Doctor Zhivago,1965,won,,,wikipedia-enum
golden-globe-best-picture-drama,1967,A Man for All Seasons,1966,won,,,wikipedia-enum
golden-globe-best-picture-drama,1968,In the Heat of the Night,1967,won,,,wikipedia-enum
golden-globe-best-picture-drama,1969,The Lion in Winter,1968,won,,,wikipedia-enum
golden-globe-best-picture-drama,1970,Anne of the Thousand Days,1969,won,,,wikipedia-enum
golden-globe-best-picture-drama,1971,Love Story,1970,won,,,wikipedia-enum
golden-globe-best-picture-drama,1972,The French Connection,1971,won,,,wikipedia-enum
golden-globe-best-picture-drama,1973,The Godfather,1972,won,,,wikipedia-enum
golden-globe-best-picture-drama,1974,The Exorcist,1973,won,,,wikipedia-enum
golden-globe-best-picture-drama,1975,Chinatown,1974,won,,,wikipedia-enum
golden-globe-best-picture-drama,1976,One Flew Over the Cuckoo's Nest,1975,won,,,wikipedia-enum
golden-globe-best-picture-drama,1977,Rocky,1976,won,,,wikipedia-enum
golden-globe-best-picture-drama,1978,The Turning Point,1977,won,,,wikipedia-enum
golden-globe-best-picture-drama,1979,Midnight Express,1978,won,,,wikipedia-enum
golden-globe-best-picture-drama,1980,Kramer vs. Kramer,1979,won,,,wikipedia-enum
golden-globe-best-picture-drama,1981,Ordinary People,1980,won,,,wikipedia-enum
golden-globe-best-picture-drama,1982,On Golden Pond,1981,won,,,wikipedia-enum
golden-globe-best-picture-drama,1983,E.T. the Extra-Terrestrial,1982,won,,,wikipedia-enum
golden-globe-best-picture-drama,1984,Terms of Endearment,1983,won,,,wikipedia-enum
golden-globe-best-picture-drama,1985,Amadeus,1984,won,,,wikipedia-enum
golden-globe-best-picture-drama,1986,Out of Africa,1985,won,,,wikipedia-enum
golden-globe-best-picture-drama,1987,Platoon,1986,won,,,wikipedia-enum
golden-globe-best-picture-drama,1988,The Last Emperor,1987,won,,,wikipedia-enum
golden-globe-best-picture-drama,1989,Rain Man,1988,won,,,wikipedia-enum
golden-globe-best-picture-drama,1990,Born on the Fourth of July,1989,won,,,wikipedia-enum
golden-globe-best-picture-drama,1991,Dances with Wolves,1990,won,,,wikipedia-enum
golden-globe-best-picture-drama,1992,Bugsy,1991,won,,,wikipedia-enum
golden-globe-best-picture-drama,1993,Scent of a Woman,1992,won,,,wikipedia-enum
golden-globe-best-picture-drama,1994,Schindler's List,1993,won,,,wikipedia-enum
golden-globe-best-picture-drama,1995,Forrest Gump,1994,won,,,wikipedia-enum
golden-globe-best-picture-drama,1996,Sense and Sensibility,1995,won,,,wikipedia-enum
golden-globe-best-picture-drama,1997,The English Patient,1996,won,,,wikipedia-enum
golden-globe-best-picture-drama,1998,Titanic,1997,won,,,wikipedia-enum
golden-globe-best-picture-drama,1999,Saving Private Ryan,1998,won,,,wikipedia-enum
golden-globe-best-picture-drama,2000,American Beauty,1999,won,,,wikipedia-enum
golden-globe-best-picture-drama,2001,Gladiator,2000,won,,,wikipedia-enum
golden-globe-best-picture-drama,2002,A Beautiful Mind,2001,won,,,wikipedia-enum
golden-globe-best-picture-drama,2003,The Hours,2002,won,,,wikipedia-enum
golden-globe-best-picture-drama,2004,The Lord of the Rings: The Return of the King,2003,won,,,wikipedia-enum
golden-globe-best-picture-drama,2005,The Aviator,2004,won,,,wikipedia-enum
golden-globe-best-picture-drama,2006,Brokeback Mountain,2005,won,,,wikipedia-enum
golden-globe-best-picture-drama,2007,Babel,2006,won,,,wikipedia-enum
golden-globe-best-picture-drama,2008,Atonement,2007,won,,,wikipedia-enum
golden-globe-best-picture-drama,2009,Slumdog Millionaire,2008,won,,,wikipedia-enum
golden-globe-best-picture-drama,2010,Avatar,2009,won,,,wikipedia-enum
golden-globe-best-picture-drama,2011,The Social Network,2010,won,,,wikipedia-enum
golden-globe-best-picture-drama,2012,The Descendants,2011,won,,,wikipedia-enum
golden-globe-best-picture-drama,2013,Argo,2012,won,,,wikipedia-enum
golden-globe-best-picture-drama,2014,12 Years a Slave,2013,won,,,wikipedia-enum
golden-globe-best-picture-drama,2015,Boyhood,2014,won,,,wikipedia-enum
golden-globe-best-picture-drama,2016,The Revenant,2015,won,,,wikipedia-enum
golden-globe-best-picture-drama,2017,Moonlight,2016,won,,,wikipedia-enum
golden-globe-best-picture-drama,2018,"Three Billboards Outside Ebbing, Missouri",2017,won,,,wikipedia-enum
golden-globe-best-picture-drama,2019,Bohemian Rhapsody,2018,won,,,wikipedia-enum
golden-globe-best-picture-drama,2020,1917,2019,won,,,wikipedia-enum
golden-globe-best-picture-drama,2021,Nomadland,2020,won,,,wikipedia-enum
golden-globe-best-picture-drama,2022,The Power of the Dog,2021,won,,,wikipedia-enum
golden-globe-best-picture-drama,2023,The Fabelmans,2022,won,,,wikipedia-enum
golden-globe-best-picture-drama,2024,Oppenheimer,2023,won,,,wikipedia-enum
golden-globe-best-picture-drama,2025,The Brutalist,2024,won,,,wikipedia-enum
golden-globe-best-picture-drama,2026,Hamnet,2025,won,,,wikipedia-enum
golden-globe-best-picture-musical-comedy,1952,An American in Paris,1951,won,,,wikipedia-enum
golden-globe-best-picture-musical-comedy,1953,With a Song in My Heart,1952,won,,,wikipedia-enum
golden-globe-best-picture-musical-comedy,1955,Carmen Jones,1954,won,,,wikipedia-enum
golden-globe-best-picture-musical-comedy,1956,Guys and Dolls,1955,won,,,wikipedia-enum
golden-globe-best-picture-musical-comedy,1957,The King and I,1956,won,,,wikipedia-enum
golden-globe-best-picture-musical-comedy,1958,Les Girls,1957,won,,,wikipedia-enum
golden-globe-best-picture-musical-comedy,1964,Tom Jones,1963,won,,,wikipedia-enum
golden-globe-best-picture-musical-comedy,1965,My Fair Lady,1964,won,,,wikipedia-enum
golden-globe-best-picture-musical-comedy,1966,The Sound of Music,1965,won,,,wikipedia-enum
golden-globe-best-picture-musical-comedy,1967,"The Russians Are Coming, the Russians Are Coming",1966,won,,,wikipedia-enum
golden-globe-best-picture-musical-comedy,1968,The Graduate,1967,won,,,wikipedia-enum
golden-globe-best-picture-musical-comedy,1969,Oliver!,1968,won,,,wikipedia-enum
golden-globe-best-picture-musical-comedy,1970,The Secret of Santa Vittoria,1969,won,,,wikipedia-enum
golden-globe-best-picture-musical-comedy,1971,MASH,1970,won,,,wikipedia-enum
golden-globe-best-picture-musical-comedy,1972,Fiddler on the Roof,1971,won,,,wikipedia-enum
golden-globe-best-picture-musical-comedy,1973,Cabaret,1972,won,,,wikipedia-enum
golden-globe-best-picture-musical-comedy,1974,American Graffiti,1973,won,,,wikipedia-enum
golden-globe-best-picture-musical-comedy,1975,The Longest Yard,1974,won,,,wikipedia-enum
golden-globe-best-picture-musical-comedy,1976,The Sunshine Boys,1975,won,,,wikipedia-enum
golden-globe-best-picture-musical-comedy,1977,A Star Is Born,1976,won,,,wikipedia-enum
golden-globe-best-picture-musical-comedy,1978,The Goodbye Girl,1977,won,,,wikipedia-enum
golden-globe-best-picture-musical-comedy,1979,Heaven Can Wait,1978,won,,,wikipedia-enum
golden-globe-best-picture-musical-comedy,1980,Breaking Away,1979,won,,,wikipedia-enum
golden-globe-best-picture-musical-comedy,1981,Coal Miner's Daughter,1980,won,,,wikipedia-enum
golden-globe-best-picture-musical-comedy,1982,Arthur,1981,won,,,wikipedia-enum
golden-globe-best-picture-musical-comedy,1983,Tootsie,1982,won,,,wikipedia-enum
golden-globe-best-picture-musical-comedy,1984,Yentl,1983,won,,,wikipedia-enum
golden-globe-best-picture-musical-comedy,1985,Romancing the Stone,1984,won,,,wikipedia-enum
golden-globe-best-picture-musical-comedy,1986,Prizzi's Honor,1985,won,,,wikipedia-enum
golden-globe-best-picture-musical-comedy,1987,Hannah and Her Sisters,1986,won,,,wikipedia-enum
golden-globe-best-picture-musical-comedy,1988,Hope and Glory,1987,won,,,wikipedia-enum
golden-globe-best-picture-musical-comedy,1989,Working Girl,1988,won,,,wikipedia-enum
golden-globe-best-picture-musical-comedy,1990,Driving Miss Daisy,1989,won,,,wikipedia-enum
golden-globe-best-picture-musical-comedy,1991,Green Card,1990,won,,,wikipedia-enum
golden-globe-best-picture-musical-comedy,1992,Beauty and the Beast,1991,won,,,wikipedia-enum
golden-globe-best-picture-musical-comedy,1993,The Player,1992,won,,,wikipedia-enum
golden-globe-best-picture-musical-comedy,1994,Mrs. Doubtfire,1993,won,,,wikipedia-enum
golden-globe-best-picture-musical-comedy,1995,The Lion King,1994,won,,,wikipedia-enum
golden-globe-best-picture-musical-comedy,1996,Babe,1995,won,,,wikipedia-enum
golden-globe-best-picture-musical-comedy,1997,Evita,1996,won,,,wikipedia-enum
golden-globe-best-picture-musical-comedy,1998,As Good as It Gets,1997,won,,,wikipedia-enum
golden-globe-best-picture-musical-comedy,1999,Shakespeare in Love,1998,won,,,wikipedia-enum
golden-globe-best-picture-musical-comedy,2000,Toy Story 2,1999,won,,,wikipedia-enum
golden-globe-best-picture-musical-comedy,2001,Almost Famous,2000,won,,,wikipedia-enum
golden-globe-best-picture-musical-comedy,2002,Moulin Rouge!,2001,won,,,wikipedia-enum
golden-globe-best-picture-musical-comedy,2003,Chicago,2002,won,,,wikipedia-enum
golden-globe-best-picture-musical-comedy,2004,Lost in Translation,2003,won,,,wikipedia-enum
golden-globe-best-picture-musical-comedy,2005,Sideways,2004,won,,,wikipedia-enum
golden-globe-best-picture-musical-comedy,2006,Walk the Line,2005,won,,,wikipedia-enum
golden-globe-best-picture-musical-comedy,2007,Dreamgirls,2006,won,,,wikipedia-enum
golden-globe-best-picture-musical-comedy,2008,Sweeney Todd: The Demon Barber of Fleet Street,2007,won,,,wikipedia-enum
golden-globe-best-picture-musical-comedy,2009,Vicky Cristina Barcelona,2008,won,,,wikipedia-enum
golden-globe-best-picture-musical-comedy,2010,The Hangover,2009,won,,,wikipedia-enum
golden-globe-best-picture-musical-comedy,2011,The Kids Are All Right,2010,won,,,wikipedia-enum
golden-globe-best-picture-musical-comedy,2012,The Artist,2011,won,,,wikipedia-enum
golden-globe-best-picture-musical-comedy,2013,Les Misérables,2012,won,,,wikipedia-enum
golden-globe-best-picture-musical-comedy,2014,American Hustle,2013,won,,,wikipedia-enum
golden-globe-best-picture-musical-comedy,2015,The Grand Budapest Hotel,2014,won,,,wikipedia-enum
golden-globe-best-picture-musical-comedy,2016,The Martian,2015,won,,,wikipedia-enum
golden-globe-best-picture-musical-comedy,2017,La La Land,2016,won,,,wikipedia-enum
golden-globe-best-picture-musical-comedy,2018,Lady Bird,2017,won,,,wikipedia-enum
golden-globe-best-picture-musical-comedy,2019,Green Book,2018,won,,,wikipedia-enum
golden-globe-best-picture-musical-comedy,2020,Once Upon a Time in Hollywood,2019,won,,,wikipedia-enum
golden-globe-best-picture-musical-comedy,2021,Borat Subsequent Moviefilm,2020,won,,,wikipedia-enum
golden-globe-best-picture-musical-comedy,2022,West Side Story,2021,won,,,wikipedia-enum
golden-globe-best-picture-musical-comedy,2023,The Banshees of Inisherin,2022,won,,,wikipedia-enum
golden-globe-best-picture-musical-comedy,2024,Poor Things,2023,won,,,wikipedia-enum
golden-globe-best-picture-musical-comedy,2025,Emilia Pérez,2024,won,,,wikipedia-enum
golden-globe-best-picture-musical-comedy,2026,One Battle After Another,2025,won,,,wikipedia-enum
european-film-awards-best-film,1988,A Short Film About Killing,1988,won,,,wikipedia-enum
european-film-awards-best-film,1989,Landscape in the Mist,1989,won,,,wikipedia-enum
european-film-awards-best-film,1990,Open Doors,1990,won,,,wikipedia-enum
european-film-awards-best-film,1991,Riff-Raff,1991,won,,,wikipedia-enum
european-film-awards-best-film,1992,The Stolen Children,1992,won,,,wikipedia-enum
european-film-awards-best-film,1993,Close to Eden,1993,won,,,wikipedia-enum
european-film-awards-best-film,1994,Lamerica,1994,won,,,wikipedia-enum
european-film-awards-best-film,1995,Land and Freedom,1995,won,,,wikipedia-enum
european-film-awards-best-film,1996,Breaking the Waves,1996,won,,,wikipedia-enum
european-film-awards-best-film,1997,The Full Monty,1997,won,,,wikipedia-enum
european-film-awards-best-film,1998,Life Is Beautiful,1998,won,,,wikipedia-enum
european-film-awards-best-film,1999,All About My Mother,1999,won,,,wikipedia-enum
european-film-awards-best-film,2000,Dancer in the Dark,2000,won,,,wikipedia-enum
european-film-awards-best-film,2001,Amélie,2001,won,,,wikipedia-enum
european-film-awards-best-film,2002,Talk to Her,2002,won,,,wikipedia-enum
european-film-awards-best-film,2003,"Good Bye, Lenin!",2003,won,,,wikipedia-enum
european-film-awards-best-film,2004,Head-On,2004,won,,,wikipedia-enum
european-film-awards-best-film,2005,Hidden,2005,won,,,wikipedia-enum
european-film-awards-best-film,2006,The Lives of Others,2006,won,,,wikipedia-enum
european-film-awards-best-film,2007,"4 Months, 3 Weeks and 2 Days",2007,won,,,wikipedia-enum
european-film-awards-best-film,2008,Gomorrah,2008,won,,,wikipedia-enum
european-film-awards-best-film,2009,The White Ribbon,2009,won,,,wikipedia-enum
european-film-awards-best-film,2010,The Ghost Writer,2010,won,,,wikipedia-enum
european-film-awards-best-film,2011,Melancholia,2011,won,,,wikipedia-enum
european-film-awards-best-film,2012,Amour,2012,won,,,wikipedia-enum
european-film-awards-best-film,2013,The Great Beauty,2013,won,,,wikipedia-enum
european-film-awards-best-film,2014,Ida,2014,won,,,wikipedia-enum
european-film-awards-best-film,2015,Youth,2015,won,,,wikipedia-enum
european-film-awards-best-film,2016,Toni Erdmann,2016,won,,,wikipedia-enum
european-film-awards-best-film,2017,The Square,2017,won,,,wikipedia-enum
european-film-awards-best-film,2018,Cold War,2018,won,,,wikipedia-enum
european-film-awards-best-film,2019,The Favourite,2019,won,,,wikipedia-enum
european-film-awards-best-film,2020,Another Round,2020,won,,,wikipedia-enum
european-film-awards-best-film,2021,"Quo Vadis, Aida?",2021,won,,,wikipedia-enum
european-film-awards-best-film,2022,Triangle of Sadness,2022,won,,,wikipedia-enum
european-film-awards-best-film,2023,Anatomy of a Fall,2023,won,,,wikipedia-enum
european-film-awards-best-film,2024,Emilia Pérez,2024,won,,,wikipedia-enum
european-film-awards-best-film,2025,Sentimental Value,2025,won,,,wikipedia-enum
independent-spirit-best-feature,1985,After Hours,1985,won,,,wikipedia-enum
independent-spirit-best-feature,1986,Platoon,1986,won,,,wikipedia-enum
independent-spirit-best-feature,1987,River's Edge,1987,won,,,wikipedia-enum
independent-spirit-best-feature,1988,Stand and Deliver,1988,won,,,wikipedia-enum
independent-spirit-best-feature,1989,"Sex, Lies, and Videotape",1989,won,,,wikipedia-enum
independent-spirit-best-feature,1990,The Grifters,1990,won,,,wikipedia-enum
independent-spirit-best-feature,1991,Rambling Rose,1991,won,,,wikipedia-enum
independent-spirit-best-feature,1992,The Player,1992,won,,,wikipedia-enum
independent-spirit-best-feature,1993,Short Cuts,1993,won,,,wikipedia-enum
independent-spirit-best-feature,1994,Pulp Fiction,1994,won,,,wikipedia-enum
independent-spirit-best-feature,1995,Leaving Las Vegas,1995,won,,,wikipedia-enum
independent-spirit-best-feature,1996,Fargo,1996,won,,,wikipedia-enum
independent-spirit-best-feature,1997,The Apostle,1997,won,,,wikipedia-enum
independent-spirit-best-feature,1998,Gods and Monsters,1998,won,,,wikipedia-enum
independent-spirit-best-feature,1999,Election,1999,won,,,wikipedia-enum
independent-spirit-best-feature,2000,"Crouching Tiger, Hidden Dragon",2000,won,,,wikipedia-enum
independent-spirit-best-feature,2001,Memento,2001,won,,,wikipedia-enum
independent-spirit-best-feature,2002,Far from Heaven,2002,won,,,wikipedia-enum
independent-spirit-best-feature,2003,Lost in Translation,2003,won,,,wikipedia-enum
independent-spirit-best-feature,2004,Sideways,2004,won,,,wikipedia-enum
independent-spirit-best-feature,2005,Brokeback Mountain,2005,won,,,wikipedia-enum
independent-spirit-best-feature,2006,Little Miss Sunshine,2006,won,,,wikipedia-enum
independent-spirit-best-feature,2007,Juno,2007,won,,,wikipedia-enum
independent-spirit-best-feature,2008,The Wrestler,2008,won,,,wikipedia-enum
independent-spirit-best-feature,2009,Precious,2009,won,,,wikipedia-enum
independent-spirit-best-feature,2010,Black Swan,2010,won,,,wikipedia-enum
independent-spirit-best-feature,2011,The Artist,2011,won,,,wikipedia-enum
independent-spirit-best-feature,2012,Silver Linings Playbook,2012,won,,,wikipedia-enum
independent-spirit-best-feature,2013,12 Years a Slave,2013,won,,,wikipedia-enum
independent-spirit-best-feature,2014,Birdman or (The Unexpected Virtue of Ignorance),2014,won,,,wikipedia-enum
independent-spirit-best-feature,2015,Spotlight,2015,won,,,wikipedia-enum
independent-spirit-best-feature,2016,Moonlight,2016,won,,,wikipedia-enum
independent-spirit-best-feature,2017,Get Out,2017,won,,,wikipedia-enum
independent-spirit-best-feature,2018,If Beale Street Could Talk,2018,won,,,wikipedia-enum
independent-spirit-best-feature,2019,The Farewell,2019,won,,,wikipedia-enum
independent-spirit-best-feature,2020,Nomadland,2020,won,,,wikipedia-enum
independent-spirit-best-feature,2021,The Lost Daughter,2021,won,,,wikipedia-enum
independent-spirit-best-feature,2022,Everything Everywhere All at Once,2022,won,,,wikipedia-enum
independent-spirit-best-feature,2023,Past Lives,2023,won,,,wikipedia-enum
independent-spirit-best-feature,2024,Anora,2024,won,,,wikipedia-enum
independent-spirit-best-feature,2025,Train Dreams,2025,won,,,wikipedia-enum
locarno-golden-leopard,1946,And Then There Were None,1946,won,,,wikipedia-enum
locarno-golden-leopard,1947,Man About Town,1947,won,,,wikipedia-enum
locarno-golden-leopard,1948,Germany Year Zero,1948,won,,,wikipedia-enum
locarno-golden-leopard,1949,The Farm of Seven Sins,1949,won,,,wikipedia-enum
locarno-golden-leopard,1950,When Willie Comes Marching Home,1950,won,,,wikipedia-enum
locarno-golden-leopard,1952,Hunted,1952,won,,,wikipedia-enum
national-gb-bfi-100-british,1999,The Third Man,1949,listed,1,,wikipedia-enum
national-gb-bfi-100-british,1999,Brief Encounter,1945,listed,2,,wikipedia-enum
national-gb-bfi-100-british,1999,Lawrence of Arabia,1962,listed,3,,wikipedia-enum
national-gb-bfi-100-british,1999,The 39 Steps,1935,listed,4,,wikipedia-enum
national-gb-bfi-100-british,1999,Great Expectations,1946,listed,5,,wikipedia-enum
national-gb-bfi-100-british,1999,Kind Hearts and Coronets,1949,listed,6,,wikipedia-enum
national-gb-bfi-100-british,1999,Kes,1969,listed,7,,wikipedia-enum
national-gb-bfi-100-british,1999,Don't Look Now,1973,listed,8,,wikipedia-enum
national-gb-bfi-100-british,1999,The Red Shoes,1948,listed,9,,wikipedia-enum
national-gb-bfi-100-british,1999,Trainspotting,1996,listed,10,,wikipedia-enum
national-gb-bfi-100-british,1999,The Bridge on the River Kwai,1957,listed,11,,wikipedia-enum
national-gb-bfi-100-british,1999,If....,1968,listed,12,,wikipedia-enum
national-gb-bfi-100-british,1999,The Ladykillers,1955,listed,13,,wikipedia-enum
national-gb-bfi-100-british,1999,Saturday Night and Sunday Morning,1960,listed,14,,wikipedia-enum
national-gb-bfi-100-british,1999,Brighton Rock,1947,listed,15,,wikipedia-enum
national-gb-bfi-100-british,1999,Get Carter,1971,listed,16,,wikipedia-enum
national-gb-bfi-100-british,1999,The Lavender Hill Mob,1951,listed,17,,wikipedia-enum
national-gb-bfi-100-british,1999,Henry V,1944,listed,18,,wikipedia-enum
national-gb-bfi-100-british,1999,Chariots of Fire,1981,listed,19,,wikipedia-enum
national-gb-bfi-100-british,1999,A Matter of Life and Death,1946,listed,20,,wikipedia-enum
national-gb-bfi-100-british,1999,The Long Good Friday,1980,listed,21,,wikipedia-enum
national-gb-bfi-100-british,1999,The Servant,1963,listed,22,,wikipedia-enum
national-gb-bfi-100-british,1999,Four Weddings and a Funeral,1994,listed,23,,wikipedia-enum
national-gb-bfi-100-british,1999,Whisky Galore!,1949,listed,24,,wikipedia-enum
national-gb-bfi-100-british,1999,The Full Monty,1997,listed,25,,wikipedia-enum
national-gb-bfi-100-british,1999,The Crying Game,1992,listed,26,,wikipedia-enum
national-gb-bfi-100-british,1999,Doctor Zhivago,1965,listed,27,,wikipedia-enum
national-gb-bfi-100-british,1999,Monty Python's Life of Brian,1979,listed,28,,wikipedia-enum
national-gb-bfi-100-british,1999,Withnail & I,1987,listed,29,,wikipedia-enum
national-gb-bfi-100-british,1999,Gregory's Girl,1980,listed,30,,wikipedia-enum
national-gb-bfi-100-british,1999,Zulu,1964,listed,31,,wikipedia-enum
national-gb-bfi-100-british,1999,Room at the Top,1959,listed,32,,wikipedia-enum
national-gb-bfi-100-british,1999,Alfie,1966,listed,33,,wikipedia-enum
national-gb-bfi-100-british,1999,Gandhi,1982,listed,34,,wikipedia-enum
national-gb-bfi-100-british,1999,The Lady Vanishes,1938,listed,35,,wikipedia-enum
national-gb-bfi-100-british,1999,The Italian Job,1969,listed,36,,wikipedia-enum
national-gb-bfi-100-british,1999,Local Hero,1983,listed,37,,wikipedia-enum
national-gb-bfi-100-british,1999,The Commitments,1991,listed,38,,wikipedia-enum
national-gb-bfi-100-british,1999,A Fish Called Wanda,1988,listed,39,,wikipedia-enum
national-gb-bfi-100-british,1999,Secrets & Lies,1996,listed,40,,wikipedia-enum
national-gb-bfi-100-british,1999,Dr. No,1962,listed,41,,wikipedia-enum
national-gb-bfi-100-british,1999,The Madness of King George,1994,listed,42,,wikipedia-enum
national-gb-bfi-100-british,1999,A Man for All Seasons,1966,listed,43,,wikipedia-enum
national-gb-bfi-100-british,1999,Black Narcissus,1947,listed,44,,wikipedia-enum
national-gb-bfi-100-british,1999,The Life and Death of Colonel Blimp,1943,listed,45,,wikipedia-enum
national-gb-bfi-100-british,1999,Oliver Twist,1948,listed,46,,wikipedia-enum
national-gb-bfi-100-british,1999,I'm All Right Jack,1959,listed,47,,wikipedia-enum
national-gb-bfi-100-british,1999,Performance,1970,listed,48,,wikipedia-enum
national-gb-bfi-100-british,1999,Shakespeare in Love,1998,listed,49,,wikipedia-enum
national-gb-bfi-100-british,1999,My Beautiful Laundrette,1985,listed,50,,wikipedia-enum
national-gb-bfi-100-british,1999,Tom Jones,1963,listed,51,,wikipedia-enum
national-gb-bfi-100-british,1999,This Sporting Life,1963,listed,52,,wikipedia-enum
national-gb-bfi-100-british,1999,My Left Foot,1989,listed,53,,wikipedia-enum
national-gb-bfi-100-british,1999,Brazil,1985,listed,54,,wikipedia-enum
national-gb-bfi-100-british,1999,The English Patient,1996,listed,55,,wikipedia-enum
national-gb-bfi-100-british,1999,A Taste of Honey,1961,listed,56,,wikipedia-enum
national-gb-bfi-100-british,1999,The Go-Between,1970,listed,57,,wikipedia-enum
national-gb-bfi-100-british,1999,The Man in the White Suit,1951,listed,58,,wikipedia-enum
national-gb-bfi-100-british,1999,The Ipcress File,1965,listed,59,,wikipedia-enum
national-gb-bfi-100-british,1999,Blow-Up,1966,listed,60,,wikipedia-enum
national-gb-bfi-100-british,1999,The Loneliness of the Long Distance Runner,1962,listed,61,,wikipedia-enum
national-gb-bfi-100-british,1999,Sense and Sensibility,1995,listed,62,,wikipedia-enum
national-gb-bfi-100-british,1999,Passport to Pimlico,1949,listed,63,,wikipedia-enum
national-gb-bfi-100-british,1999,The Remains of the Day,1993,listed,64,,wikipedia-enum
national-gb-bfi-100-british,1999,"Sunday, Bloody Sunday",1971,listed,65,,wikipedia-enum
national-gb-bfi-100-british,1999,The Railway Children,1970,listed,66,,wikipedia-enum
national-gb-bfi-100-british,1999,Mona Lisa,1986,listed,67,,wikipedia-enum
national-gb-bfi-100-british,1999,The Dam Busters,1955,listed,68,,wikipedia-enum
national-gb-bfi-100-british,1999,Hamlet,1948,listed,69,,wikipedia-enum
national-gb-bfi-100-british,1999,Goldfinger,1964,listed,70,,wikipedia-enum
national-gb-bfi-100-british,1999,Elizabeth,1998,listed,71,,wikipedia-enum
national-gb-bfi-100-british,1999,"Goodbye, Mr. Chips",1939,listed,72,,wikipedia-enum
national-gb-bfi-100-british,1999,A Room with a View,1985,listed,73,,wikipedia-enum
national-gb-bfi-100-british,1999,The Day of the Jackal,1973,listed,74,,wikipedia-enum
national-gb-bfi-100-british,1999,The Cruel Sea,1953,listed,75,,wikipedia-enum
national-gb-bfi-100-british,1999,Billy Liar,1963,listed,76,,wikipedia-enum
national-gb-bfi-100-british,1999,Oliver!,1968,listed,77,,wikipedia-enum
national-gb-bfi-100-british,1999,Peeping Tom,1960,listed,78,,wikipedia-enum
national-gb-bfi-100-british,1999,Far from the Madding Crowd,1967,listed,79,,wikipedia-enum
national-gb-bfi-100-british,1999,The Draughtsman's Contract,1982,listed,80,,wikipedia-enum
national-gb-bfi-100-british,1999,A Clockwork Orange,1971,listed,81,,wikipedia-enum
national-gb-bfi-100-british,1999,"Distant Voices, Still Lives",1988,listed,82,,wikipedia-enum
national-gb-bfi-100-british,1999,Darling,1965,listed,83,,wikipedia-enum
national-gb-bfi-100-british,1999,Educating Rita,1983,listed,84,,wikipedia-enum
national-gb-bfi-100-british,1999,Brassed Off,1996,listed,85,,wikipedia-enum
national-gb-bfi-100-british,1999,Genevieve,1953,listed,86,,wikipedia-enum
national-gb-bfi-100-british,1999,Women in Love,1969,listed,87,,wikipedia-enum
national-gb-bfi-100-british,1999,A Hard Day's Night,1964,listed,88,,wikipedia-enum
national-gb-bfi-100-british,1999,Fires Were Started,1943,listed,89,,wikipedia-enum
national-gb-bfi-100-british,1999,Hope and Glory,1987,listed,90,,wikipedia-enum
national-gb-bfi-100-british,1999,My Name Is Joe,1998,listed,91,,wikipedia-enum
national-gb-bfi-100-british,1999,In Which We Serve,1942,listed,92,,wikipedia-enum
national-gb-bfi-100-british,1999,Caravaggio,1986,listed,93,,wikipedia-enum
national-gb-bfi-100-british,1999,The Belles of St. Trinian's,1954,listed,94,,wikipedia-enum
national-gb-bfi-100-british,1999,Life Is Sweet,1990,listed,95,,wikipedia-enum
national-gb-bfi-100-british,1999,The Wicker Man,1973,listed,96,,wikipedia-enum
national-gb-bfi-100-british,1999,Nil by Mouth,1997,listed,97,,wikipedia-enum
national-gb-bfi-100-british,1999,Small Faces,1996,listed,98,,wikipedia-enum
national-gb-bfi-100-british,1999,Carry On Up the Khyber,1968,listed,99,,wikipedia-enum
national-gb-bfi-100-british,1999,The Killing Fields,1984,listed,100,,wikipedia-enum
toronto-peoples-choice,1978,Girlfriends,1978,won,,,wikipedia-enum
toronto-peoples-choice,1979,Best Boy,1979,won,,documentary,wikipedia-enum
toronto-peoples-choice,1980,Bad Timing,1980,won,,,wikipedia-enum
toronto-peoples-choice,1981,Chariots of Fire,1981,won,,,wikipedia-enum
toronto-peoples-choice,1982,Tempest,1982,won,,,wikipedia-enum
toronto-peoples-choice,1983,The Big Chill,1983,won,,,wikipedia-enum
toronto-peoples-choice,1984,Places in the Heart,1984,won,,,wikipedia-enum
toronto-peoples-choice,1985,The Official Story,1985,won,,,wikipedia-enum
toronto-peoples-choice,1986,The Decline of the American Empire,1986,won,,,wikipedia-enum
toronto-peoples-choice,1987,The Princess Bride,1987,won,,,wikipedia-enum
toronto-peoples-choice,1988,Women on the Verge of a Nervous Breakdown,1988,won,,,wikipedia-enum
toronto-peoples-choice,1989,Roger & Me,1989,won,,documentary,wikipedia-enum
toronto-peoples-choice,1990,Cyrano de Bergerac,1990,won,,,wikipedia-enum
toronto-peoples-choice,1991,The Fisher King,1991,won,,,wikipedia-enum
toronto-peoples-choice,1992,Strictly Ballroom,1992,won,,,wikipedia-enum
toronto-peoples-choice,1993,The Snapper,1993,won,,,wikipedia-enum
toronto-peoples-choice,1994,Priest,1994,won,,,wikipedia-enum
toronto-peoples-choice,1995,Antonia,1995,won,,,wikipedia-enum
toronto-peoples-choice,1996,Shine,1996,won,,,wikipedia-enum
toronto-peoples-choice,1997,The Hanging Garden,1997,won,,,wikipedia-enum
toronto-peoples-choice,1998,Life Is Beautiful,1997,won,,,wikipedia-enum
toronto-peoples-choice,1999,American Beauty,1999,won,,,wikipedia-enum
toronto-peoples-choice,2000,"Crouching Tiger, Hidden Dragon",2000,won,,,wikipedia-enum
toronto-peoples-choice,2001,Amélie,2001,won,,,wikipedia-enum
toronto-peoples-choice,2002,Whale Rider,2002,won,,,wikipedia-enum
toronto-peoples-choice,2003,Zatōichi,2003,won,,,wikipedia-enum
toronto-peoples-choice,2004,Hotel Rwanda,2004,won,,,wikipedia-enum
toronto-peoples-choice,2005,Tsotsi,2005,won,,,wikipedia-enum
toronto-peoples-choice,2006,Bella,2006,won,,,wikipedia-enum
toronto-peoples-choice,2007,Eastern Promises,2007,won,,,wikipedia-enum
toronto-peoples-choice,2008,Slumdog Millionaire,2008,won,,,wikipedia-enum
toronto-peoples-choice,2009,Precious: Based on the Novel 'Push' by Sapphire,2009,won,,,wikipedia-enum
toronto-peoples-choice,2010,The King's Speech,2010,won,,,wikipedia-enum
toronto-peoples-choice,2011,Where Do We Go Now?,2011,won,,,wikipedia-enum
toronto-peoples-choice,2012,Silver Linings Playbook,2012,won,,,wikipedia-enum
toronto-peoples-choice,2013,12 Years a Slave,2013,won,,,wikipedia-enum
toronto-peoples-choice,2014,The Imitation Game,2014,won,,,wikipedia-enum
toronto-peoples-choice,2015,Room,2015,won,,,wikipedia-enum
toronto-peoples-choice,2016,La La Land,2016,won,,,wikipedia-enum
toronto-peoples-choice,2017,"Three Billboards Outside Ebbing, Missouri",2017,won,,,wikipedia-enum
toronto-peoples-choice,2018,Green Book,2018,won,,,wikipedia-enum
toronto-peoples-choice,2019,Jojo Rabbit,2019,won,,,wikipedia-enum
toronto-peoples-choice,2020,Nomadland,2020,won,,,wikipedia-enum
toronto-peoples-choice,2021,Belfast,2021,won,,,wikipedia-enum
toronto-peoples-choice,2022,The Fabelmans,2022,won,,,wikipedia-enum
toronto-peoples-choice,2023,American Fiction,2023,won,,,wikipedia-enum
toronto-peoples-choice,2024,The Life of Chuck,2024,won,,,wikipedia-enum
toronto-peoples-choice,2025,Hamnet,2025,won,,,wikipedia-enum
sundance-grand-jury-prize,1978,Girlfriends,1978,won,,US Dramatic,wikipedia-enum
sundance-grand-jury-prize,1982,Circle of Power,1982,won,,US Dramatic,wikipedia-enum
sundance-grand-jury-prize,1983,Purple Haze,1982,won,,US Dramatic,wikipedia-enum
sundance-grand-jury-prize,1984,Old Enough,1984,won,,US Dramatic,wikipedia-enum
sundance-grand-jury-prize,1985,Blood Simple,1984,won,,US Dramatic,wikipedia-enum
sundance-grand-jury-prize,1986,Smooth Talk,1985,won,,US Dramatic,wikipedia-enum
sundance-grand-jury-prize,1987,The Trouble with Dick,1986,won,,US Dramatic; tie,wikipedia-enum
sundance-grand-jury-prize,1987,Waiting for the Moon,1987,won,,US Dramatic; tie,wikipedia-enum
sundance-grand-jury-prize,1988,Heat and Sunlight,1987,won,,US Dramatic,wikipedia-enum
sundance-grand-jury-prize,1989,True Love,1989,won,,US Dramatic,wikipedia-enum
sundance-grand-jury-prize,1990,Chameleon Street,1989,won,,US Dramatic,wikipedia-enum
sundance-grand-jury-prize,1991,Poison,1991,won,,US Dramatic,wikipedia-enum
sundance-grand-jury-prize,1992,In the Soup,1992,won,,US Dramatic,wikipedia-enum
sundance-grand-jury-prize,1993,Public Access,1993,won,,US Dramatic; tie,wikipedia-enum
sundance-grand-jury-prize,1993,Ruby in Paradise,1993,won,,US Dramatic; tie,wikipedia-enum
sundance-grand-jury-prize,1994,What Happened Was...,1994,won,,US Dramatic,wikipedia-enum
sundance-grand-jury-prize,1995,The Brothers McMullen,1995,won,,US Dramatic; tie,wikipedia-enum
sundance-grand-jury-prize,1995,The Young Poisoner's Handbook,1995,won,,US Dramatic; tie,wikipedia-enum
sundance-grand-jury-prize,1996,Welcome to the Dollhouse,1995,won,,US Dramatic,wikipedia-enum
sundance-grand-jury-prize,1997,Sunday,1997,won,,US Dramatic,wikipedia-enum
sundance-grand-jury-prize,1998,Slam,1998,won,,US Dramatic,wikipedia-enum
sundance-grand-jury-prize,1999,Three Seasons,1999,won,,US Dramatic,wikipedia-enum
sundance-grand-jury-prize,2000,Girlfight,2000,won,,US Dramatic; tie,wikipedia-enum
sundance-grand-jury-prize,2000,You Can Count on Me,2000,won,,US Dramatic; tie,wikipedia-enum
sundance-grand-jury-prize,2001,The Believer,2001,won,,US Dramatic,wikipedia-enum
sundance-grand-jury-prize,2002,Personal Velocity,2002,won,,US Dramatic,wikipedia-enum
sundance-grand-jury-prize,2003,American Splendor,2003,won,,US Dramatic,wikipedia-enum
sundance-grand-jury-prize,2004,Primer,2004,won,,US Dramatic,wikipedia-enum
sundance-grand-jury-prize,2005,Forty Shades of Blue,2005,won,,US Dramatic,wikipedia-enum
sundance-grand-jury-prize,2006,Quinceañera,2006,won,,US Dramatic,wikipedia-enum
sundance-grand-jury-prize,2007,Padre Nuestro,2007,won,,US Dramatic,wikipedia-enum
sundance-grand-jury-prize,2008,Frozen River,2008,won,,US Dramatic,wikipedia-enum
sundance-grand-jury-prize,2009,"Precious: Based on the Novel ""Push"" by Sapphire",2009,won,,US Dramatic,wikipedia-enum
sundance-grand-jury-prize,2010,Winter's Bone,2010,won,,US Dramatic,wikipedia-enum
sundance-grand-jury-prize,2011,Like Crazy,2011,won,,US Dramatic,wikipedia-enum
sundance-grand-jury-prize,2012,Beasts of the Southern Wild,2012,won,,US Dramatic,wikipedia-enum
sundance-grand-jury-prize,2013,Fruitvale Station,2013,won,,US Dramatic,wikipedia-enum
sundance-grand-jury-prize,2014,Whiplash,2014,won,,US Dramatic,wikipedia-enum
sundance-grand-jury-prize,2015,Me and Earl and the Dying Girl,2015,won,,US Dramatic,wikipedia-enum
sundance-grand-jury-prize,2016,The Birth of a Nation,2016,won,,US Dramatic,wikipedia-enum
sundance-grand-jury-prize,2017,I Don't Feel at Home in This World Anymore,2017,won,,US Dramatic,wikipedia-enum
sundance-grand-jury-prize,2018,The Miseducation of Cameron Post,2018,won,,US Dramatic,wikipedia-enum
sundance-grand-jury-prize,2019,Clemency,2019,won,,US Dramatic,wikipedia-enum
sundance-grand-jury-prize,2020,Minari,2020,won,,US Dramatic,wikipedia-enum
sundance-grand-jury-prize,2021,CODA,2021,won,,US Dramatic,wikipedia-enum
sundance-grand-jury-prize,2022,Nanny,2022,won,,US Dramatic,wikipedia-enum
sundance-grand-jury-prize,2023,A Thousand and One,2023,won,,US Dramatic,wikipedia-enum
sundance-grand-jury-prize,2024,In the Summers,2024,won,,US Dramatic,wikipedia-enum
sundance-grand-jury-prize,2025,Atropia,2025,won,,US Dramatic,wikipedia-enum
sundance-grand-jury-prize,2026,Josephine,2026,won,,US Dramatic,wikipedia-enum
nyt-best-21st-century,2025,Parasite,2019,listed,1,,wikipedia-enum
nyt-best-21st-century,2025,Mulholland Drive,2001,listed,2,,wikipedia-enum
nyt-best-21st-century,2025,There Will Be Blood,2007,listed,3,,wikipedia-enum
nyt-best-21st-century,2025,In the Mood for Love,2000,listed,4,,wikipedia-enum
nyt-best-21st-century,2025,Moonlight,2016,listed,5,,wikipedia-enum
nyt-best-21st-century,2025,No Country for Old Men,2007,listed,6,,wikipedia-enum
nyt-best-21st-century,2025,Eternal Sunshine of the Spotless Mind,2004,listed,7,,wikipedia-enum
nyt-best-21st-century,2025,Get Out,2017,listed,8,,wikipedia-enum
nyt-best-21st-century,2025,Spirited Away,2001,listed,9,,wikipedia-enum
nyt-best-21st-century,2025,The Social Network,2010,listed,10,,wikipedia-enum
nyt-best-21st-century,2025,Mad Max: Fury Road,2015,listed,11,,wikipedia-enum
nyt-best-21st-century,2025,The Zone of Interest,2023,listed,12,,wikipedia-enum
nyt-best-21st-century,2025,Children of Men,2006,listed,13,,wikipedia-enum
nyt-best-21st-century,2025,Inglourious Basterds,2009,listed,14,,wikipedia-enum
nyt-best-21st-century,2025,City of God,2002,listed,15,,wikipedia-enum
nyt-best-21st-century,2025,"Crouching Tiger, Hidden Dragon",2000,listed,16,,wikipedia-enum
nyt-best-21st-century,2025,Brokeback Mountain,2005,listed,17,,wikipedia-enum
nyt-best-21st-century,2025,Y Tu Mamá También,2001,listed,18,,wikipedia-enum
nyt-best-21st-century,2025,Zodiac,2007,listed,19,,wikipedia-enum
nyt-best-21st-century,2025,The Wolf of Wall Street,2013,listed,20,,wikipedia-enum
nyt-best-21st-century,2025,The Royal Tenenbaums,2001,listed,21,,wikipedia-enum
nyt-best-21st-century,2025,The Grand Budapest Hotel,2014,listed,22,,wikipedia-enum
nyt-best-21st-century,2025,Boyhood,2014,listed,23,,wikipedia-enum
nyt-best-21st-century,2025,Her,2013,listed,24,,wikipedia-enum
nyt-best-21st-century,2025,Phantom Thread,2017,listed,25,,wikipedia-enum
nyt-best-21st-century,2025,Anatomy of a Fall,2023,listed,26,,wikipedia-enum
nyt-best-21st-century,2025,Adaptation.,2002,listed,27,,wikipedia-enum
nyt-best-21st-century,2025,The Dark Knight,2008,listed,28,,wikipedia-enum
nyt-best-21st-century,2025,Arrival,2016,listed,29,,wikipedia-enum
nyt-best-21st-century,2025,Lost in Translation,2003,listed,30,,wikipedia-enum
nyt-best-21st-century,2025,The Departed,2006,listed,31,,wikipedia-enum
nyt-best-21st-century,2025,Bridesmaids,2011,listed,32,,wikipedia-enum
nyt-best-21st-century,2025,A Separation,2011,listed,33,,wikipedia-enum
nyt-best-21st-century,2025,WALL·E,2008,listed,34,,wikipedia-enum
nyt-best-21st-century,2025,A Prophet,2009,listed,35,,wikipedia-enum
nyt-best-21st-century,2025,A Serious Man,2009,listed,36,,wikipedia-enum
nyt-best-21st-century,2025,Call Me by Your Name,2017,listed,37,,wikipedia-enum
nyt-best-21st-century,2025,Portrait of a Lady on Fire,2019,listed,38,,wikipedia-enum
nyt-best-21st-century,2025,Lady Bird,2017,listed,39,,wikipedia-enum
nyt-best-21st-century,2025,Yi Yi,2000,listed,40,,wikipedia-enum
nyt-best-21st-century,2025,Amélie,2001,listed,41,,wikipedia-enum
nyt-best-21st-century,2025,The Master,2012,listed,42,,wikipedia-enum
nyt-best-21st-century,2025,Oldboy,2003,listed,43,,wikipedia-enum
nyt-best-21st-century,2025,Once Upon a Time… in Hollywood,2019,listed,44,,wikipedia-enum
nyt-best-21st-century,2025,Moneyball,2011,listed,45,,wikipedia-enum
nyt-best-21st-century,2025,Roma,2018,listed,46,,wikipedia-enum
nyt-best-21st-century,2025,Almost Famous,2000,listed,47,,wikipedia-enum
nyt-best-21st-century,2025,The Lives of Others,2006,listed,48,,wikipedia-enum
nyt-best-21st-century,2025,Before Sunset,2004,listed,49,,wikipedia-enum
nyt-best-21st-century,2025,Up,2009,listed,50,,wikipedia-enum
nyt-best-21st-century,2025,12 Years a Slave,2013,listed,51,,wikipedia-enum
nyt-best-21st-century,2025,The Favourite,2018,listed,52,,wikipedia-enum
nyt-best-21st-century,2025,Borat: Cultural Learnings of America for Make Benefit Glorious Nation of Kazakhstan,2006,listed,53,,wikipedia-enum
nyt-best-21st-century,2025,Pan's Labyrinth,2006,listed,54,,wikipedia-enum
nyt-best-21st-century,2025,Inception,2010,listed,55,,wikipedia-enum
nyt-best-21st-century,2025,Punch-Drunk Love,2002,listed,56,,wikipedia-enum
nyt-best-21st-century,2025,Best in Show,2000,listed,57,,wikipedia-enum
nyt-best-21st-century,2025,Uncut Gems,2019,listed,58,,wikipedia-enum
nyt-best-21st-century,2025,Toni Erdmann,2016,listed,59,,wikipedia-enum
nyt-best-21st-century,2025,Whiplash,2014,listed,60,,wikipedia-enum
nyt-best-21st-century,2025,Kill Bill: Vol. 1,2003,listed,61,,wikipedia-enum
nyt-best-21st-century,2025,Memento,2000,listed,62,,wikipedia-enum
nyt-best-21st-century,2025,Little Miss Sunshine,2006,listed,63,,wikipedia-enum
nyt-best-21st-century,2025,Gone Girl,2014,listed,64,,wikipedia-enum
nyt-best-21st-century,2025,Oppenheimer,2023,listed,65,,wikipedia-enum
nyt-best-21st-century,2025,Spotlight,2015,listed,66,,wikipedia-enum
nyt-best-21st-century,2025,TÁR,2022,listed,67,,wikipedia-enum
nyt-best-21st-century,2025,The Hurt Locker,2008,listed,68,,wikipedia-enum
nyt-best-21st-century,2025,Under the Skin,2014,listed,69,,wikipedia-enum
nyt-best-21st-century,2025,Let the Right One In,2008,listed,70,,wikipedia-enum
nyt-best-21st-century,2025,Ocean's Eleven,2001,listed,71,,wikipedia-enum
nyt-best-21st-century,2025,Carol,2015,listed,72,,wikipedia-enum
nyt-best-21st-century,2025,Ratatouille,2007,listed,73,,wikipedia-enum
nyt-best-21st-century,2025,The Florida Project,2017,listed,74,,wikipedia-enum
nyt-best-21st-century,2025,Amour,2012,listed,75,,wikipedia-enum
nyt-best-21st-century,2025,"O Brother, Where Art Thou?",2000,listed,76,,wikipedia-enum
nyt-best-21st-century,2025,Everything Everywhere All at Once,2022,listed,77,,wikipedia-enum
nyt-best-21st-century,2025,Aftersun,2022,listed,78,,wikipedia-enum
nyt-best-21st-century,2025,The Tree of Life,2011,listed,79,,wikipedia-enum
nyt-best-21st-century,2025,Volver,2006,listed,80,,wikipedia-enum
nyt-best-21st-century,2025,Black Swan,2010,listed,81,,wikipedia-enum
nyt-best-21st-century,2025,The Act of Killing,2012,listed,82,,wikipedia-enum
nyt-best-21st-century,2025,Inside Llewyn Davis,2013,listed,83,,wikipedia-enum
nyt-best-21st-century,2025,Melancholia,2011,listed,84,,wikipedia-enum
nyt-best-21st-century,2025,Anchorman: The Legend of Ron Burgundy,2004,listed,85,,wikipedia-enum
nyt-best-21st-century,2025,Past Lives,2023,listed,86,,wikipedia-enum
nyt-best-21st-century,2025,The Lord of the Rings: The Fellowship of the Ring,2001,listed,87,,wikipedia-enum
nyt-best-21st-century,2025,The Gleaners & I,2000,listed,88,,wikipedia-enum
nyt-best-21st-century,2025,Interstellar,2014,listed,89,,wikipedia-enum
nyt-best-21st-century,2025,Frances Ha,2013,listed,90,,wikipedia-enum
nyt-best-21st-century,2025,Fish Tank,2009,listed,91,,wikipedia-enum
nyt-best-21st-century,2025,Gladiator,2000,listed,92,,wikipedia-enum
nyt-best-21st-century,2025,Michael Clayton,2007,listed,93,,wikipedia-enum
nyt-best-21st-century,2025,Minority Report,2002,listed,94,,wikipedia-enum
nyt-best-21st-century,2025,The Worst Person in the World,2021,listed,95,,wikipedia-enum
nyt-best-21st-century,2025,Black Panther,2018,listed,96,,wikipedia-enum
nyt-best-21st-century,2025,Gravity,2013,listed,97,,wikipedia-enum
nyt-best-21st-century,2025,Grizzly Man,2005,listed,98,,wikipedia-enum
nyt-best-21st-century,2025,Memories of Murder,2003,listed,99,,wikipedia-enum
nyt-best-21st-century,2025,Superbad,2007,listed,100,,wikipedia-enum
time-all-time-100,2005,Aguirre: The Wrath of God,1972,listed,,,wikipedia-enum
time-all-time-100,2005,The Apu Trilogy,1955,listed,,,wikipedia-enum
time-all-time-100,2005,The Awful Truth,1937,listed,,,wikipedia-enum
time-all-time-100,2005,Baby Face,1933,listed,,,wikipedia-enum
time-all-time-100,2005,Bande à part,1964,listed,,,wikipedia-enum
time-all-time-100,2005,Barry Lyndon,1975,listed,,,wikipedia-enum
time-all-time-100,2005,Berlin Alexanderplatz,1980,listed,,,wikipedia-enum
time-all-time-100,2005,Blade Runner,1982,listed,,,wikipedia-enum
time-all-time-100,2005,Bonnie and Clyde,1967,listed,,,wikipedia-enum
time-all-time-100,2005,Brazil,1985,listed,,,wikipedia-enum
time-all-time-100,2005,Bride of Frankenstein,1935,listed,,,wikipedia-enum
time-all-time-100,2005,Camille,1936,listed,,,wikipedia-enum
time-all-time-100,2005,Casablanca,1942,listed,,,wikipedia-enum
time-all-time-100,2005,Charade,1963,listed,,,wikipedia-enum
time-all-time-100,2005,Children of Paradise,1945,listed,,,wikipedia-enum
time-all-time-100,2005,Chinatown,1974,listed,,,wikipedia-enum
time-all-time-100,2005,Chungking Express,1994,listed,,,wikipedia-enum
time-all-time-100,2005,Citizen Kane,1941,listed,,,wikipedia-enum
time-all-time-100,2005,City Lights,1931,listed,,,wikipedia-enum
time-all-time-100,2005,City of God,2002,listed,,,wikipedia-enum
time-all-time-100,2005,Closely Watched Trains,1966,listed,,,wikipedia-enum
time-all-time-100,2005,The Crime of Monsieur Lange,1936,listed,,,wikipedia-enum
time-all-time-100,2005,The Crowd,1928,listed,,,wikipedia-enum
time-all-time-100,2005,Day for Night,1973,listed,,,wikipedia-enum
time-all-time-100,2005,The Decalogue,1989,listed,,,wikipedia-enum
time-all-time-100,2005,Detour,1945,listed,,,wikipedia-enum
time-all-time-100,2005,The Discreet Charm of the Bourgeoisie,1972,listed,,,wikipedia-enum
time-all-time-100,2005,Dodsworth,1936,listed,,,wikipedia-enum
time-all-time-100,2005,Double Indemnity,1944,listed,,,wikipedia-enum
time-all-time-100,2005,Dr. Strangelove: or How I Learned to Stop Worrying and Love the Bomb,1964,listed,,,wikipedia-enum
time-all-time-100,2005,Drunken Master II,1994,listed,,,wikipedia-enum
time-all-time-100,2005,E.T. The Extra Terrestrial,1982,listed,,,wikipedia-enum
time-all-time-100,2005,8 1/2,1963,listed,,,wikipedia-enum
time-all-time-100,2005,The 400 Blows,1959,listed,,,wikipedia-enum
time-all-time-100,2005,Farewell My Concubine,1993,listed,,,wikipedia-enum
time-all-time-100,2005,Finding Nemo,2003,listed,,,wikipedia-enum
time-all-time-100,2005,The Fly,1986,listed,,,wikipedia-enum
time-all-time-100,2005,"The Godfather, Parts I and II",1972,listed,,,wikipedia-enum
time-all-time-100,2005,"The Good, The Bad and The Ugly",1966,listed,,,wikipedia-enum
time-all-time-100,2005,Goodfellas,1990,listed,,,wikipedia-enum
time-all-time-100,2005,A Hard Day's Night,1964,listed,,,wikipedia-enum
time-all-time-100,2005,His Girl Friday,1940,listed,,,wikipedia-enum
time-all-time-100,2005,Ikiru,1952,listed,,,wikipedia-enum
time-all-time-100,2005,In A Lonely Place,1950,listed,,,wikipedia-enum
time-all-time-100,2005,Invasion of the Body Snatchers,1956,listed,,,wikipedia-enum
time-all-time-100,2005,It's A Gift,1934,listed,,,wikipedia-enum
time-all-time-100,2005,It's a Wonderful Life,1946,listed,,,wikipedia-enum
time-all-time-100,2005,Kandahar,2001,listed,,,wikipedia-enum
time-all-time-100,2005,Kind Hearts and Coronets,1949,listed,,,wikipedia-enum
time-all-time-100,2005,King Kong,1933,listed,,,wikipedia-enum
time-all-time-100,2005,The Lady Eve,1941,listed,,,wikipedia-enum
time-all-time-100,2005,The Last Command,1928,listed,,,wikipedia-enum
time-all-time-100,2005,Lawrence of Arabia,1962,listed,,,wikipedia-enum
time-all-time-100,2005,Léolo,1992,listed,,,wikipedia-enum
time-all-time-100,2005,The Lord of the Rings,2001,listed,,,wikipedia-enum
time-all-time-100,2005,The Man with a Movie Camera,1929,listed,,,wikipedia-enum
time-all-time-100,2005,The Manchurian Candidate,1962,listed,,,wikipedia-enum
time-all-time-100,2005,Meet Me in St. Louis,1944,listed,,,wikipedia-enum
time-all-time-100,2005,Metropolis,1927,listed,,,wikipedia-enum
time-all-time-100,2005,Miller's Crossing,1990,listed,,,wikipedia-enum
time-all-time-100,2005,Mon oncle d'Amérique,1980,listed,,,wikipedia-enum
time-all-time-100,2005,Mouchette,1967,listed,,,wikipedia-enum
time-all-time-100,2005,Nayakan,1987,listed,,,wikipedia-enum
time-all-time-100,2005,Ninotchka,1939,listed,,,wikipedia-enum
time-all-time-100,2005,Notorious,1946,listed,,,wikipedia-enum
time-all-time-100,2005,"Olympia, Parts 1 and 2",1938,listed,,,wikipedia-enum
time-all-time-100,2005,On the Waterfront,1954,listed,,,wikipedia-enum
time-all-time-100,2005,Once Upon a Time in the West,1968,listed,,,wikipedia-enum
time-all-time-100,2005,Out of the Past,1947,listed,,,wikipedia-enum
time-all-time-100,2005,Persona,1966,listed,,,wikipedia-enum
time-all-time-100,2005,Pinocchio,1940,listed,,,wikipedia-enum
time-all-time-100,2005,Psycho,1960,listed,,,wikipedia-enum
time-all-time-100,2005,Pulp Fiction,1994,listed,,,wikipedia-enum
time-all-time-100,2005,The Purple Rose of Cairo,1985,listed,,,wikipedia-enum
time-all-time-100,2005,Pyaasa,1957,listed,,,wikipedia-enum
time-all-time-100,2005,Raging Bull,1980,listed,,,wikipedia-enum
time-all-time-100,2005,Schindler's List,1993,listed,,,wikipedia-enum
time-all-time-100,2005,The Searchers,1956,listed,,,wikipedia-enum
time-all-time-100,2005,"Sherlock, Jr.",1924,listed,,,wikipedia-enum
time-all-time-100,2005,The Shop Around the Corner,1940,listed,,,wikipedia-enum
time-all-time-100,2005,Singin' in the Rain,1952,listed,,,wikipedia-enum
time-all-time-100,2005,The Singing Detective,1986,listed,,,wikipedia-enum
time-all-time-100,2005,Smiles of a Summer Night,1955,listed,,,wikipedia-enum
time-all-time-100,2005,Some Like It Hot,1959,listed,,,wikipedia-enum
time-all-time-100,2005,Star Wars,1977,listed,,,wikipedia-enum
time-all-time-100,2005,A Streetcar Named Desire,1951,listed,,,wikipedia-enum
time-all-time-100,2005,Sunrise,1927,listed,,,wikipedia-enum
time-all-time-100,2005,Sweet Smell of Success,1957,listed,,,wikipedia-enum
time-all-time-100,2005,Swing Time,1936,listed,,,wikipedia-enum
time-all-time-100,2005,Taxi Driver,1976,listed,,,wikipedia-enum
time-all-time-100,2005,Tokyo Story,1953,listed,,,wikipedia-enum
time-all-time-100,2005,A Touch of Zen,1971,listed,,,wikipedia-enum
time-all-time-100,2005,Ugetsu,1953,listed,,,wikipedia-enum
time-all-time-100,2005,Talk to Her,2002,listed,,,wikipedia-enum
time-all-time-100,2005,Ulysses' Gaze,1995,listed,,,wikipedia-enum
time-all-time-100,2005,Umberto D,1952,listed,,,wikipedia-enum
time-all-time-100,2005,Unforgiven,1992,listed,,,wikipedia-enum
time-all-time-100,2005,White Heat,1949,listed,,,wikipedia-enum
time-all-time-100,2005,Wings of Desire,1987,listed,,,wikipedia-enum
time-all-time-100,2005,Yojimbo,1961,listed,,,wikipedia-enum
cannes-grand-prix,1967,Accident,1967,won,,shared,wikipedia-enum
cannes-grand-prix,1967,Skupljači perja,1967,won,,shared,wikipedia-enum
cannes-grand-prix,1969,Adalen 31,1969,won,,,wikipedia-enum
cannes-grand-prix,1970,Investigation of a Citizen Above Suspicion,1970,won,,,wikipedia-enum
cannes-grand-prix,1971,Johnny Got His Gun,1971,won,,shared,wikipedia-enum
cannes-grand-prix,1971,Death in Venice,1971,won,,shared,wikipedia-enum
cannes-grand-prix,1972,Solaris,1972,won,,,wikipedia-enum
cannes-grand-prix,1973,The Mother and the Whore,1973,won,,shared,wikipedia-enum
cannes-grand-prix,1973,The Hireling,1973,won,,shared,wikipedia-enum
cannes-grand-prix,1974,The Mirror,1974,won,,,wikipedia-enum
cannes-grand-prix,1975,The Story of Sin,1975,won,,,wikipedia-enum
cannes-grand-prix,1976,The Marquise of O,1976,won,,shared,wikipedia-enum
cannes-grand-prix,1976,Cria Cuervos,1976,won,,shared,wikipedia-enum
cannes-grand-prix,1978,The Shout,1978,won,,shared,wikipedia-enum
cannes-grand-prix,1978,Bye Bye Monkey,1978,won,,shared,wikipedia-enum
cannes-grand-prix,1979,Siberiade,1979,won,,,wikipedia-enum
cannes-grand-prix,1980,Mon oncle d'Amerique,1980,won,,,wikipedia-enum
cannes-grand-prix,1981,Light Years Away,1981,won,,,wikipedia-enum
cannes-grand-prix,1982,The Night of the Shooting Stars,1982,won,,,wikipedia-enum
cannes-grand-prix,1983,Monty Python's The Meaning of Life,1983,won,,,wikipedia-enum
cannes-grand-prix,1984,Diary for My Children,1984,won,,,wikipedia-enum
cannes-grand-prix,1985,Birdy,1984,won,,,wikipedia-enum
cannes-grand-prix,1986,The Sacrifice,1986,won,,,wikipedia-enum
cannes-grand-prix,1987,Repentance,1987,won,,,wikipedia-enum
cannes-grand-prix,1988,A World Apart,1988,won,,,wikipedia-enum
cannes-grand-prix,1989,Cinema Paradiso,1988,won,,shared,wikipedia-enum
cannes-grand-prix,1989,Too Beautiful for You,1989,won,,shared,wikipedia-enum
cannes-grand-prix,1990,The Sting of Death,1990,won,,shared,wikipedia-enum
cannes-grand-prix,1990,Tilai,1990,won,,shared,wikipedia-enum
cannes-grand-prix,1991,La Belle Noiseuse,1991,won,,,wikipedia-enum
cannes-grand-prix,1992,The Stolen Children,1992,won,,,wikipedia-enum
cannes-grand-prix,1993,"Faraway, So Close!",1993,won,,,wikipedia-enum
cannes-grand-prix,1994,Burnt by the Sun,1994,won,,shared,wikipedia-enum
cannes-grand-prix,1994,To Live,1994,won,,shared,wikipedia-enum
cannes-grand-prix,1995,Ulysses' Gaze,1995,won,,,wikipedia-enum
cannes-grand-prix,1996,Breaking the Waves,1996,won,,,wikipedia-enum
cannes-grand-prix,1997,The Sweet Hereafter,1997,won,,,wikipedia-enum
cannes-grand-prix,1998,Life Is Beautiful,1997,won,,,wikipedia-enum
cannes-grand-prix,1999,Humanite,1999,won,,,wikipedia-enum
cannes-grand-prix,2000,Devils on the Doorstep,2000,won,,,wikipedia-enum
cannes-grand-prix,2001,The Piano Teacher,2001,won,,,wikipedia-enum
cannes-grand-prix,2002,The Man Without a Past,2002,won,,,wikipedia-enum
cannes-grand-prix,2003,Distant,2002,won,,,wikipedia-enum
cannes-grand-prix,2004,Oldboy,2003,won,,,wikipedia-enum
cannes-grand-prix,2005,Broken Flowers,2005,won,,,wikipedia-enum
cannes-grand-prix,2006,Flanders,2006,won,,,wikipedia-enum
cannes-grand-prix,2007,The Mourning Forest,2007,won,,,wikipedia-enum
cannes-grand-prix,2008,Gomorrah,2008,won,,,wikipedia-enum
cannes-grand-prix,2009,A Prophet,2009,won,,,wikipedia-enum
cannes-grand-prix,2010,Of Gods and Men,2010,won,,,wikipedia-enum
cannes-grand-prix,2011,The Kid with a Bike,2011,won,,shared,wikipedia-enum
cannes-grand-prix,2011,Once Upon a Time in Anatolia,2011,won,,shared,wikipedia-enum
cannes-grand-prix,2012,Reality,2012,won,,,wikipedia-enum
cannes-grand-prix,2013,Inside Llewyn Davis,2013,won,,,wikipedia-enum
cannes-grand-prix,2014,The Wonders,2014,won,,,wikipedia-enum
cannes-grand-prix,2015,Son of Saul,2015,won,,,wikipedia-enum
cannes-grand-prix,2016,It's Only the End of the World,2016,won,,,wikipedia-enum
cannes-grand-prix,2017,120 BPM,2017,won,,,wikipedia-enum
cannes-grand-prix,2018,BlacKkKlansman,2018,won,,,wikipedia-enum
cannes-grand-prix,2019,Atlantics,2019,won,,,wikipedia-enum
cannes-grand-prix,2021,A Hero,2021,won,,shared,wikipedia-enum
cannes-grand-prix,2021,Compartment No. 6,2021,won,,shared,wikipedia-enum
cannes-grand-prix,2022,Close,2022,won,,shared,wikipedia-enum
cannes-grand-prix,2022,Stars at Noon,2022,won,,shared,wikipedia-enum
cannes-grand-prix,2023,The Zone of Interest,2023,won,,,wikipedia-enum
cannes-grand-prix,2024,All We Imagine as Light,2024,won,,,wikipedia-enum
cannes-grand-prix,2025,Sentimental Value,2025,won,,,wikipedia-enum
cannes-best-director,1946,The Battle of the Rails,1946,won,,,wikipedia-enum
cannes-best-director,1949,The Walls of Malapaga,1949,won,,,wikipedia-enum
cannes-best-director,1951,Miss Julie,1951,won,,,wikipedia-enum
cannes-best-director,1952,We Are All Murderers,1952,won,,,wikipedia-enum
cannes-best-director,1955,Pictures from a Revolution,1955,won,,shared,wikipedia-enum
cannes-best-director,1955,A Big Family,1954,won,,shared,wikipedia-enum
cannes-best-director,1956,Othello,1955,won,,,wikipedia-enum
cannes-best-director,1957,A Man Escaped,1956,won,,,wikipedia-enum
cannes-best-director,1958,My Uncle,1958,won,,,wikipedia-enum
cannes-best-director,1959,The 400 Blows,1959,won,,,wikipedia-enum
cannes-best-director,1961,Chronicle of Flaming Years,1961,won,,,wikipedia-enum
cannes-best-director,1965,The Knack ...and How to Get It,1965,won,,,wikipedia-enum
cannes-best-director,1966,Lenin in Poland,1966,won,,,wikipedia-enum
cannes-best-director,1967,Accident,1967,won,,,wikipedia-enum
cannes-best-director,1969,If....,1968,won,,,wikipedia-enum
cannes-best-director,1970,Leo the Last,1970,won,,,wikipedia-enum
cannes-best-director,1972,The Tall Blond Man with One Black Shoe,1972,won,,,wikipedia-enum
cannes-best-director,1975,Special Section,1975,won,,shared,wikipedia-enum
cannes-best-director,1975,Chronicle of the Years of Fire,1975,won,,shared,wikipedia-enum
cannes-best-director,1976,The Marquise of O,1976,won,,,wikipedia-enum
cannes-best-director,1978,The Tree of Wooden Clogs,1978,won,,,wikipedia-enum
cannes-best-director,1979,Apocalypse Now,1979,won,,,wikipedia-enum
cannes-best-director,1982,Identification of a Woman,1982,won,,,wikipedia-enum
cannes-best-director,1983,L'Argent,1983,won,,shared,wikipedia-enum
cannes-best-director,1983,Nostalghia,1983,won,,shared,wikipedia-enum
cannes-best-director,1984,The Element of Crime,1984,won,,,wikipedia-enum
cannes-best-director,1985,Colonel Redl,1985,won,,,wikipedia-enum
cannes-best-director,1986,After Hours,1985,won,,,wikipedia-enum
cannes-best-director,1987,The Sacrifice,1986,won,,,wikipedia-enum
cannes-best-director,1988,Bird,1988,won,,,wikipedia-enum
cannes-best-director,1989,Do the Right Thing,1989,won,,,wikipedia-enum
cannes-best-director,1990,Days of Being Wild,1990,won,,,wikipedia-enum
cannes-best-director,1991,Barton Fink,1991,won,,,wikipedia-enum
cannes-best-director,1992,The Long Day Closes,1992,won,,,wikipedia-enum
cannes-best-director,1993,The Puppetmaster,1993,won,,,wikipedia-enum
cannes-best-director,1994,Through the Olive Trees,1994,won,,,wikipedia-enum
cannes-best-director,1995,Land and Freedom,1995,won,,,wikipedia-enum
cannes-best-director,1996,Fargo,1996,won,,,wikipedia-enum
cannes-best-director,1997,Western,1997,won,,,wikipedia-enum
cannes-best-director,1998,The General,1998,won,,,wikipedia-enum
cannes-best-director,1999,The Letter,1999,won,,,wikipedia-enum
cannes-best-director,2000,Songs from the Second Floor,2000,won,,,wikipedia-enum
cannes-best-director,2001,Mulholland Drive,2001,won,,shared,wikipedia-enum
cannes-best-director,2001,The Man Who Wasn't There,2001,won,,shared,wikipedia-enum
cannes-best-director,2002,Punch-Drunk Love,2002,won,,shared,wikipedia-enum
cannes-best-director,2002,Ten,2002,won,,shared,wikipedia-enum
cannes-best-director,2003,Distant,2002,won,,,wikipedia-enum
cannes-best-director,2004,Clean,2004,won,,,wikipedia-enum
cannes-best-director,2005,Caché,2005,won,,,wikipedia-enum
cannes-best-director,2006,Babel,2006,won,,,wikipedia-enum
cannes-best-director,2007,The Diving Bell and the Butterfly,2007,won,,,wikipedia-enum
cannes-best-director,2008,Three Monkeys,2008,won,,,wikipedia-enum
cannes-best-director,2009,Kinatay,2009,won,,,wikipedia-enum
cannes-best-director,2010,Tournée,2010,won,,,wikipedia-enum
cannes-best-director,2011,The Tree of Life,2011,won,,,wikipedia-enum
cannes-best-director,2012,Post Tenebras Lux,2012,won,,,wikipedia-enum
cannes-best-director,2013,Heli,2013,won,,,wikipedia-enum
cannes-best-director,2014,Foxcatcher,2014,won,,,wikipedia-enum
cannes-best-director,2015,The Assassin,2015,won,,,wikipedia-enum
cannes-best-director,2016,Personal Shopper,2016,won,,shared,wikipedia-enum
cannes-best-director,2016,Graduation,2016,won,,shared,wikipedia-enum
cannes-best-director,2017,The Beguiled,2017,won,,,wikipedia-enum
cannes-best-director,2018,Cold War,2018,won,,,wikipedia-enum
cannes-best-director,2019,Young Ahmed,2019,won,,,wikipedia-enum
cannes-best-director,2021,Annette,2021,won,,,wikipedia-enum
cannes-best-director,2022,Decision to Leave,2022,won,,,wikipedia-enum
cannes-best-director,2023,The Pot-au-Feu,2023,won,,,wikipedia-enum
cannes-best-director,2024,Grand Tour,2024,won,,,wikipedia-enum
cannes-best-director,2025,The Secret Agent,2025,won,,,wikipedia-enum
venice-grand-jury-prize,1951,A Streetcar Named Desire,1951,won,,,wikipedia-enum
venice-grand-jury-prize,1952,The Little World of Don Camillo,1952,won,,shared,wikipedia-enum
venice-grand-jury-prize,1952,Eternal Return,1943,won,,shared,wikipedia-enum
venice-grand-jury-prize,1953,Mandy,1952,won,,,wikipedia-enum
venice-grand-jury-prize,1954,On the Waterfront,1954,won,,,wikipedia-enum
venice-grand-jury-prize,1958,The Challenge,1958,won,,,wikipedia-enum
venice-grand-jury-prize,1959,Wild Strawberries,1957,won,,,wikipedia-enum
venice-grand-jury-prize,1960,The Adventure,1960,won,,,wikipedia-enum
venice-grand-jury-prize,1961,Peace to Him Who Enters,1961,won,,,wikipedia-enum
venice-grand-jury-prize,1962,Family Diary,1962,won,,,wikipedia-enum
venice-grand-jury-prize,1963,Le Feu follet,1963,won,,,wikipedia-enum
venice-grand-jury-prize,1963,Introduction to Life,1963,won,,shared,wikipedia-enum
venice-grand-jury-prize,1964,The Gospel According to St. Matthew,1964,won,,,wikipedia-enum
venice-grand-jury-prize,1964,Hamlet,1964,won,,shared,wikipedia-enum
venice-grand-jury-prize,1965,I Am Twenty,1965,won,,,wikipedia-enum
venice-grand-jury-prize,1966,Chappaqua,1966,won,,,wikipedia-enum
venice-grand-jury-prize,1967,China Is Near,1967,won,,,wikipedia-enum
venice-grand-jury-prize,1968,The Subject of the Sermon,1968,won,,,wikipedia-enum
venice-grand-jury-prize,1981,Marianna Ucria,1981,won,,,wikipedia-enum
venice-grand-jury-prize,1982,The Night of the Shooting Stars,1982,won,,,wikipedia-enum
venice-grand-jury-prize,1983,Streamers,1983,won,,,wikipedia-enum
venice-grand-jury-prize,1985,The Official Story,1985,won,,,wikipedia-enum
venice-grand-jury-prize,1986,Storia d'amore,1986,won,,,wikipedia-enum
venice-grand-jury-prize,1987,Pelle the Conqueror,1987,won,,,wikipedia-enum
venice-grand-jury-prize,1989,And There Was Light,1989,won,,,wikipedia-enum
venice-grand-jury-prize,1991,The Divine Comedy,1991,won,,,wikipedia-enum
venice-grand-jury-prize,1992,Hyenas,1992,won,,,wikipedia-enum
venice-grand-jury-prize,1995,Cyclo,1995,won,,,wikipedia-enum
venice-grand-jury-prize,1996,Brigands,1996,won,,,wikipedia-enum
venice-grand-jury-prize,1998,The Way We Laughed,1998,won,,,wikipedia-enum
venice-grand-jury-prize,1999,The Wind Will Carry Us,1999,won,,,wikipedia-enum
venice-grand-jury-prize,2001,Dog Days,2001,won,,,wikipedia-enum
venice-grand-jury-prize,2002,House of Fools,2002,won,,,wikipedia-enum
venice-grand-jury-prize,2003,The Kite,2003,won,,,wikipedia-enum
venice-grand-jury-prize,2004,The Sea Inside,2004,won,,,wikipedia-enum
venice-grand-jury-prize,2006,Dry Season,2006,won,,,wikipedia-enum
venice-grand-jury-prize,2008,Teza,2008,won,,,wikipedia-enum
venice-grand-jury-prize,2012,Paradise: Faith,2012,won,,,wikipedia-enum
venice-grand-jury-prize,2013,Stray Dogs,2013,won,,,wikipedia-enum
venice-grand-jury-prize,2014,The Look of Silence,2014,won,,,wikipedia-enum
venice-grand-jury-prize,2015,Anomalisa,2015,won,,,wikipedia-enum
venice-grand-jury-prize,2016,The Woman Who Left,2016,won,,,wikipedia-enum
venice-grand-jury-prize,2017,Foxtrot,2017,won,,,wikipedia-enum
venice-grand-jury-prize,2018,The Favourite,2018,won,,,wikipedia-enum
venice-grand-jury-prize,2019,An Officer and a Spy,2019,won,,,wikipedia-enum
venice-grand-jury-prize,2020,New Order,2020,won,,,wikipedia-enum
venice-grand-jury-prize,2021,The Hand of God,2021,won,,,wikipedia-enum
venice-grand-jury-prize,2022,Saint Omer,2022,won,,,wikipedia-enum
venice-grand-jury-prize,2023,Evil Does Not Exist,2023,won,,,wikipedia-enum
venice-grand-jury-prize,2024,Vermiglio,2024,won,,,wikipedia-enum
venice-grand-jury-prize,2025,The Voice of Hind Rajab,2025,won,,,wikipedia-enum
national-tw-golden-horse-100,2011,A City of Sadness,1989,listed,1,,wikipedia-enum
national-tw-golden-horse-100,2011,A Brighter Summer Day,1991,listed,2,,wikipedia-enum
national-tw-golden-horse-100,2011,A Time to Live a Time to Die,1985,listed,3,,wikipedia-enum
national-tw-golden-horse-100,2011,Days of Being Wild,1990,listed,4,,wikipedia-enum
national-tw-golden-horse-100,2011,Spring in a Small Town,1948,listed,5,,wikipedia-enum
national-tw-golden-horse-100,2011,Crouching Tiger Hidden Dragon,2000,listed,6,,wikipedia-enum
national-tw-golden-horse-100,2011,Dust in the Wind,1986,listed,7,,wikipedia-enum
national-tw-golden-horse-100,2011,Yi Yi,2000,listed,8,,wikipedia-enum
national-tw-golden-horse-100,2011,Dragon Inn,1967,listed,9,,wikipedia-enum
national-tw-golden-horse-100,2011,In the Mood for Love,2000,listed,10,,wikipedia-enum
national-tw-golden-horse-100,2011,The Love Eterne,1963,listed,11,,wikipedia-enum
national-tw-golden-horse-100,2011,The Terrorizers,1986,listed,12,,wikipedia-enum
national-tw-golden-horse-100,2011,Vive L'amour,1994,listed,13,,wikipedia-enum
national-tw-golden-horse-100,2011,Yellow Earth,1984,listed,14,,wikipedia-enum
national-tw-golden-horse-100,2011,A Touch of Zen,1971,listed,15,,wikipedia-enum
national-tw-golden-horse-100,2011,Comrades: Almost a Love Story,1996,listed,16,,wikipedia-enum
national-tw-golden-horse-100,2011,A Better Tomorrow,1986,listed,17,,wikipedia-enum
national-tw-golden-horse-100,2011,Infernal Affairs,2002,listed,18,,wikipedia-enum
national-tw-golden-horse-100,2011,In the Heat of the Sun,1994,listed,19,,wikipedia-enum
national-tw-golden-horse-100,2011,Street Angel,1937,listed,20,,wikipedia-enum
national-tw-golden-horse-100,2011,Chungking Express,1994,listed,21,,wikipedia-enum
national-tw-golden-horse-100,2011,Red Sorghum,1987,listed,22,,wikipedia-enum
national-tw-golden-horse-100,2011,The Wedding Banquet,1993,listed,23,,wikipedia-enum
national-tw-golden-horse-100,2011,The Goddess,1934,listed,24,,wikipedia-enum
national-tw-golden-horse-100,2011,The Boys From Fengkuei,1983,listed,25,,wikipedia-enum
national-tw-golden-horse-100,2011,Happy Together,1997,listed,26,,wikipedia-enum
national-tw-golden-horse-100,2011,The Sandwich Man,1983,listed,27,,wikipedia-enum
national-tw-golden-horse-100,2011,At Dawn,1967,listed,28,,wikipedia-enum
national-tw-golden-horse-100,2011,Rouge,1988,listed,29,,wikipedia-enum
national-tw-golden-horse-100,2011,Center Stage,1991,listed,30,,wikipedia-enum
national-tw-golden-horse-100,2011,Farewell My Concubine,1993,listed,31,,wikipedia-enum
national-tw-golden-horse-100,2011,That Day on the Beach,1983,listed,32,,wikipedia-enum
national-tw-golden-horse-100,2011,Fist of Fury,1972,listed,33,,wikipedia-enum
national-tw-golden-horse-100,2011,"Lust, Caution",2007,listed,34,,wikipedia-enum
national-tw-golden-horse-100,2011,Pickpocket,1997,listed,35,,wikipedia-enum
national-tw-golden-horse-100,2011,A Chinese Ghost Story,1987,listed,36,,wikipedia-enum
national-tw-golden-horse-100,2011,Execution in Autumn,1972,listed,37,,wikipedia-enum
national-tw-golden-horse-100,2011,The Story of Qiu Ju,1992,listed,38,,wikipedia-enum
national-tw-golden-horse-100,2011,Cape No. 7,2008,listed,39,,wikipedia-enum
national-tw-golden-horse-100,2011,The Spring River Flows East,1947,listed,40,,wikipedia-enum
national-tw-golden-horse-100,2011,The Blue Kite,1994,listed,41,,wikipedia-enum
national-tw-golden-horse-100,2011,The Puppetmaster,1993,listed,42,,wikipedia-enum
national-tw-golden-horse-100,2011,Darkness and Light,1999,listed,43,,wikipedia-enum
national-tw-golden-horse-100,2011,The Mission,1999,listed,44,,wikipedia-enum
national-tw-golden-horse-100,2011,Still Life,2006,listed,45,,wikipedia-enum
national-tw-golden-horse-100,2011,To Live,1994,listed,46,,wikipedia-enum
national-tw-golden-horse-100,2011,The Arch,1969,listed,47,,wikipedia-enum
national-tw-golden-horse-100,2011,Goodbye Darling,1987,listed,48,,wikipedia-enum
national-tw-golden-horse-100,2011,Kung Fu Hustle,2004,listed,49,,wikipedia-enum
national-tw-golden-horse-100,2011,Let It Be,2000,listed,50,,wikipedia-enum
national-tw-golden-horse-100,2011,The Big Road,1935,listed,51,,wikipedia-enum
national-tw-golden-horse-100,2011,Beautiful Duckling,1965,listed,52,,wikipedia-enum
national-tw-golden-horse-100,2011,Taipei Story,1985,listed,53,,wikipedia-enum
national-tw-golden-horse-100,2011,Ashes of Time,1994,listed,54,,wikipedia-enum
national-tw-golden-horse-100,2011,Raise the Red Lantern,1991,listed,55,,wikipedia-enum
national-tw-golden-horse-100,2011,An Autumn's Tale,1987,listed,56,,wikipedia-enum
national-tw-golden-horse-100,2011,Growing Up,1986,listed,57,,wikipedia-enum
national-tw-golden-horse-100,2011,The Way of the Dragon,1972,listed,58,,wikipedia-enum
national-tw-golden-horse-100,2011,The Spooky Bunch,1980,listed,59,,wikipedia-enum
national-tw-golden-horse-100,2011,Old Well,1986,listed,60,,wikipedia-enum
national-tw-golden-horse-100,2011,Made in Hong Kong,1997,listed,61,,wikipedia-enum
national-tw-golden-horse-100,2011,Rebels of the Neon God,1993,listed,62,,wikipedia-enum
national-tw-golden-horse-100,2011,The Way We Are,2008,listed,63,,wikipedia-enum
national-tw-golden-horse-100,2011,Cannot Live Without You,2009,listed,64,,wikipedia-enum
national-tw-golden-horse-100,2011,Blind Shaft,2003,listed,65,,wikipedia-enum
national-tw-golden-horse-100,2011,Shaolin Soccer,2001,listed,66,,wikipedia-enum
national-tw-golden-horse-100,2011,Eat Drink Man Woman,1994,listed,67,,wikipedia-enum
national-tw-golden-horse-100,2011,Strawman,1987,listed,68,,wikipedia-enum
national-tw-golden-horse-100,2011,The Private Eyes,1976,listed,69,,wikipedia-enum
national-tw-golden-horse-100,2011,Drunken Master,1978,listed,70,,wikipedia-enum
national-tw-golden-horse-100,2011,Story of Mother,1973,listed,71,,wikipedia-enum
national-tw-golden-horse-100,2011,Zu: Warriors From the Magic Mountain,1983,listed,72,,wikipedia-enum
national-tw-golden-horse-100,2011,In Our Time,1982,listed,73,,wikipedia-enum
national-tw-golden-horse-100,2011,Jade Love,1984,listed,74,,wikipedia-enum
national-tw-golden-horse-100,2011,Sun Moon and Star,1961,listed,75,,wikipedia-enum
national-tw-golden-horse-100,2011,The One-Armed Swordsman,1967,listed,76,,wikipedia-enum
national-tw-golden-horse-100,2011,A Chinese Odyssey Part One: Pandora's Box,1995,listed,77,,wikipedia-enum
national-tw-golden-horse-100,2011,A Chinese Odyssey Part Two: Cinderella,1995,listed,78,,wikipedia-enum
national-tw-golden-horse-100,2011,Summer Snow,1995,listed,79,,wikipedia-enum
national-tw-golden-horse-100,2011,A Borrowed Life,1995,listed,80,,wikipedia-enum
national-tw-golden-horse-100,2011,Summer Palace,2006,listed,81,,wikipedia-enum
national-tw-golden-horse-100,2011,Platform,2000,listed,82,,wikipedia-enum
national-tw-golden-horse-100,2011,Mountain Patrol,2004,listed,83,,wikipedia-enum
national-tw-golden-horse-100,2011,Blue Gate Crossing,2002,listed,84,,wikipedia-enum
national-tw-golden-horse-100,2011,Not One Less,1999,listed,85,,wikipedia-enum
national-tw-golden-horse-100,2011,Flowers of Shanghai,1998,listed,86,,wikipedia-enum
national-tw-golden-horse-100,2011,Crazy Stone,2006,listed,87,,wikipedia-enum
national-tw-golden-horse-100,2011,Hill of No Return,1992,listed,88,,wikipedia-enum
national-tw-golden-horse-100,2011,The River,1997,listed,89,,wikipedia-enum
national-tw-golden-horse-100,2011,He Never Gives Up,1979,listed,90,,wikipedia-enum
national-tw-golden-horse-100,2011,Boat People,1982,listed,91,,wikipedia-enum
national-tw-golden-horse-100,2011,Crossroads,1937,listed,92,,wikipedia-enum
national-tw-golden-horse-100,2011,The Last Message,1975,listed,93,,wikipedia-enum
national-tw-golden-horse-100,2011,The Blue and the Black,1966,listed,94,,wikipedia-enum
national-tw-golden-horse-100,2011,Two Stage Sisters,1964,listed,95,,wikipedia-enum
national-tw-golden-horse-100,2011,Little Toys,1933,listed,96,,wikipedia-enum
national-tw-golden-horse-100,2011,The Lim Family Shop,1959,listed,97,,wikipedia-enum
national-tw-golden-horse-100,2011,Police Story,1985,listed,98,,wikipedia-enum
national-tw-golden-horse-100,2011,Once Upon a Time in China,1991,listed,99,,wikipedia-enum
national-tw-golden-horse-100,2011,Devils on the Doorstep,2000,listed,100,,wikipedia-enum
national-tw-golden-horse-100,2011,The Hole,1998,listed,101,,wikipedia-enum
national-jp-kinema-junpo-alltime,2009,Tokyo Story,1953,listed,1,,wikipedia-enum
national-jp-kinema-junpo-alltime,2009,Seven Samurai,1954,listed,2,,wikipedia-enum
national-jp-kinema-junpo-alltime,2009,Floating Clouds,1955,listed,3,,wikipedia-enum
national-jp-kinema-junpo-alltime,2009,A Sun-Tribe Myth From the Bakumatsu Era,1957,listed,4,,wikipedia-enum
national-jp-kinema-junpo-alltime,2009,"The Yakuza Papers, Vol. 1: Battles Without Honor and Humanity",1973,listed,5,,wikipedia-enum
national-jp-kinema-junpo-alltime,2009,Twenty-Four Eyes,1954,listed,6,,wikipedia-enum
national-jp-kinema-junpo-alltime,2009,Rashomon,1950,listed,7,,wikipedia-enum
national-jp-kinema-junpo-alltime,2009,Sazen Tange and the Pot Worth a Million Ryo,1935,listed,8,,wikipedia-enum
national-jp-kinema-junpo-alltime,2009,The Man Who Stole the Sun,1979,listed,9,,wikipedia-enum
national-jp-kinema-junpo-alltime,2009,The Family Game,1983,listed,10,,wikipedia-enum
national-jp-kinema-junpo-alltime,2009,Stray Dog,1949,listed,11,,wikipedia-enum
national-jp-kinema-junpo-alltime,2009,Typhoon Club,1985,listed,12,,wikipedia-enum
national-jp-kinema-junpo-alltime,2009,Ikiru,1952,listed,13,,wikipedia-enum
national-jp-kinema-junpo-alltime,2009,Susaki Paradise: Red Light District,1956,listed,14,,wikipedia-enum
national-jp-kinema-junpo-alltime,2009,High and Low,1963,listed,15,,wikipedia-enum
national-jp-kinema-junpo-alltime,2009,A Fugitive From the Past,1965,listed,16,,wikipedia-enum
national-jp-kinema-junpo-alltime,2009,Harakiri,1962,listed,17,,wikipedia-enum
national-jp-kinema-junpo-alltime,2009,Intentions of Murder,1964,listed,18,,wikipedia-enum
national-jp-kinema-junpo-alltime,2009,Tokyo Olympiad,1965,listed,19,,wikipedia-enum
national-jp-kinema-junpo-alltime,2009,Castle of Sand,1974,listed,20,,wikipedia-enum
national-jp-kinema-junpo-alltime,2009,Bitterness of Youth,1974,listed,21,,wikipedia-enum
national-jp-kinema-junpo-alltime,2009,Nausicaa of the Valley of the Wind,1984,listed,22,,wikipedia-enum
national-jp-kinema-junpo-alltime,2009,Humanity and Paper Balloons,1937,listed,23,,wikipedia-enum
national-jp-kinema-junpo-alltime,2009,Yojimbo,1961,listed,24,,wikipedia-enum
national-jp-kinema-junpo-alltime,2009,Fighting Elegy,1966,listed,25,,wikipedia-enum
national-jp-kinema-junpo-alltime,2009,Fall Guy,1982,listed,26,,wikipedia-enum
national-jp-kinema-junpo-alltime,2009,Boiling Point,1990,listed,27,,wikipedia-enum
national-jp-kinema-junpo-alltime,2009,Ugetsu,1953,listed,28,,wikipedia-enum
national-jp-kinema-junpo-alltime,2009,The Crucified Lovers,1954,listed,29,,wikipedia-enum
national-jp-kinema-junpo-alltime,2009,She Was Like a Wild Chrysanthemum,1955,listed,30,,wikipedia-enum
national-jp-kinema-junpo-alltime,2009,Flowing,1956,listed,31,,wikipedia-enum
national-jp-kinema-junpo-alltime,2009,Samurai Vendetta,1959,listed,32,,wikipedia-enum
national-jp-kinema-junpo-alltime,2009,Branded to Kill,1967,listed,33,,wikipedia-enum
national-jp-kinema-junpo-alltime,2009,Vengeance Is Mine,1979,listed,34,,wikipedia-enum
national-jp-kinema-junpo-alltime,2009,Zigeunerweisen,1980,listed,35,,wikipedia-enum
national-jp-kinema-junpo-alltime,2009,Here's to the Young Lady,1949,listed,36,,wikipedia-enum
national-jp-kinema-junpo-alltime,2009,The Ball at the Anjo House,1947,listed,37,,wikipedia-enum
national-jp-kinema-junpo-alltime,2009,Late Spring,1949,listed,38,,wikipedia-enum
national-jp-kinema-junpo-alltime,2009,Till We Meet Again,1950,listed,39,,wikipedia-enum
national-jp-kinema-junpo-alltime,2009,The Life of Oharu,1952,listed,40,,wikipedia-enum
national-jp-kinema-junpo-alltime,2009,A Bloody Spear on Mount Fuji,1955,listed,41,,wikipedia-enum
national-jp-kinema-junpo-alltime,2009,The Lower Depths,1957,listed,42,,wikipedia-enum
national-jp-kinema-junpo-alltime,2009,Stakeout,1958,listed,43,,wikipedia-enum
national-jp-kinema-junpo-alltime,2009,Floating Weeds,1959,listed,44,,wikipedia-enum
national-jp-kinema-junpo-alltime,2009,Good Morning,1959,listed,45,,wikipedia-enum
national-jp-kinema-junpo-alltime,2009,Desperado Outpost,1959,listed,46,,wikipedia-enum
national-jp-kinema-junpo-alltime,2009,Younger Brother,1960,listed,47,,wikipedia-enum
national-jp-kinema-junpo-alltime,2009,Cruel Story of Youth,1960,listed,48,,wikipedia-enum
national-jp-kinema-junpo-alltime,2009,The Graceful Brute,1962,listed,49,,wikipedia-enum
national-jp-kinema-junpo-alltime,2009,"The Yakuza Papers, Vol. 3: Proxy War",1973,listed,50,,wikipedia-enum
national-jp-kinema-junpo-alltime,2009,The Wanderers,1973,listed,51,,wikipedia-enum
national-jp-kinema-junpo-alltime,2009,The Youth Killer,1976,listed,52,,wikipedia-enum
national-jp-kinema-junpo-alltime,2009,Muddy River,1981,listed,53,,wikipedia-enum
national-jp-kinema-junpo-alltime,2009,The Funeral,1984,listed,54,,wikipedia-enum
national-jp-kinema-junpo-alltime,2009,Fire Festival,1985,listed,55,,wikipedia-enum
national-jp-kinema-junpo-alltime,2009,My Neighbor Totoro,1988,listed,56,,wikipedia-enum
national-jp-kinema-junpo-alltime,2009,Cure,1997,listed,57,,wikipedia-enum
national-jp-kinema-junpo-alltime,2009,Noriko's Dinner Table,2005,listed,58,,wikipedia-enum
national-jp-kinema-junpo-alltime,2009,"I Was Born, But...",1932,listed,59,,wikipedia-enum
national-jp-kinema-junpo-alltime,2009,What Did the Lady Forget?,1937,listed,60,,wikipedia-enum
national-jp-kinema-junpo-alltime,2009,Singing Lovebirds,1939,listed,61,,wikipedia-enum
national-jp-kinema-junpo-alltime,2009,The Life of Matsu the Untamed,1943,listed,62,,wikipedia-enum
national-jp-kinema-junpo-alltime,2009,Carmen Comes Home,1951,listed,63,,wikipedia-enum
national-jp-kinema-junpo-alltime,2009,The Human Condition,1959,listed,64,,wikipedia-enum
national-jp-kinema-junpo-alltime,2009,The Human Vapor,1960,listed,65,,wikipedia-enum
national-jp-kinema-junpo-alltime,2009,Sanjuro,1962,listed,66,,wikipedia-enum
national-jp-kinema-junpo-alltime,2009,The Insect Woman,1963,listed,67,,wikipedia-enum
national-jp-kinema-junpo-alltime,2009,Pale Flower,1964,listed,68,,wikipedia-enum
national-jp-kinema-junpo-alltime,2009,Yearning,1964,listed,69,,wikipedia-enum
national-jp-kinema-junpo-alltime,2009,Tokyo Drifter,1966,listed,70,,wikipedia-enum
national-jp-kinema-junpo-alltime,2009,Japan's Longest Day,1967,listed,71,,wikipedia-enum
national-jp-kinema-junpo-alltime,2009,Profound Desires of the Gods,1968,listed,72,,wikipedia-enum
national-jp-kinema-junpo-alltime,2009,The Human Bullet,1968,listed,73,,wikipedia-enum
national-jp-kinema-junpo-alltime,2009,Big Time Gambling Boss,1968,listed,74,,wikipedia-enum
national-jp-kinema-junpo-alltime,2009,I the Executioner,1968,listed,75,,wikipedia-enum
national-jp-kinema-junpo-alltime,2009,Boy,1969,listed,76,,wikipedia-enum
national-jp-kinema-junpo-alltime,2009,Double Suicide,1969,listed,77,,wikipedia-enum
national-jp-kinema-junpo-alltime,2009,Tora-San Our Lovable Tramp,1969,listed,78,,wikipedia-enum
national-jp-kinema-junpo-alltime,2009,Take Care Red Riding Hood,1970,listed,79,,wikipedia-enum
national-jp-kinema-junpo-alltime,2009,Red Peony Gambler: Oryu's Return,1970,listed,80,,wikipedia-enum
national-jp-kinema-junpo-alltime,2009,Kaoyaku,1971,listed,81,,wikipedia-enum
national-jp-kinema-junpo-alltime,2009,Wet Sand in August,1971,listed,82,,wikipedia-enum
national-jp-kinema-junpo-alltime,2009,Outlaw Killers: Three Mad Dog Brothers,1972,listed,83,,wikipedia-enum
national-jp-kinema-junpo-alltime,2009,Secret Chronicle: She Beast Market,1974,listed,84,,wikipedia-enum
national-jp-kinema-junpo-alltime,2009,Lupin the Third: The Castle of Cagliostro,1979,listed,85,,wikipedia-enum
national-jp-kinema-junpo-alltime,2009,Kagemusha,1980,listed,86,,wikipedia-enum
national-jp-kinema-junpo-alltime,2009,Crazy Thunder Road,1980,listed,87,,wikipedia-enum
national-jp-kinema-junpo-alltime,2009,Crazed Fruit,1981,listed,88,,wikipedia-enum
national-jp-kinema-junpo-alltime,2009,A Japanese Village,1982,listed,89,,wikipedia-enum
national-jp-kinema-junpo-alltime,2009,P.P.Rider,1983,listed,90,,wikipedia-enum
national-jp-kinema-junpo-alltime,2009,Merry Christmas Mr. Lawrence,1983,listed,91,,wikipedia-enum
national-jp-kinema-junpo-alltime,2009,The Little Girl Who Conquered Time,1983,listed,92,,wikipedia-enum
national-jp-kinema-junpo-alltime,2009,Love Hotel,1985,listed,93,,wikipedia-enum
national-jp-kinema-junpo-alltime,2009,Ran,1985,listed,94,,wikipedia-enum
national-jp-kinema-junpo-alltime,2009,No More Comics!,1986,listed,95,,wikipedia-enum
national-jp-kinema-junpo-alltime,2009,Castle in the Sky,1986,listed,96,,wikipedia-enum
national-jp-kinema-junpo-alltime,2009,Tetsuo: The Iron Man,1989,listed,97,,wikipedia-enum
national-jp-kinema-junpo-alltime,2009,Moving,1993,listed,98,,wikipedia-enum
national-jp-kinema-junpo-alltime,2009,Sonatine,1993,listed,99,,wikipedia-enum
national-jp-kinema-junpo-alltime,2009,Kids Return,1996,listed,100,,wikipedia-enum
national-jp-kinema-junpo-alltime,2009,Crayon Shin-Chan: The Adult Empire Strikes Back,2001,listed,101,,wikipedia-enum
national-jp-kinema-junpo-alltime,2009,The Twilight Samurai,2002,listed,102,,wikipedia-enum
national-jp-kinema-junpo-alltime,2009,Bright Future,2003,listed,103,,wikipedia-enum
national-jp-kinema-junpo-alltime,2009,Ramblers,2004,listed,104,,wikipedia-enum
national-jp-kinema-junpo-alltime,2009,Summer Days With Coo,2007,listed,105,,wikipedia-enum
bbc-21st-century,2016,Inside Llewyn Davis,2013,listed,11,,wikipedia-enum
bbc-21st-century,2016,Zodiac,2007,listed,12,,wikipedia-enum
bbc-21st-century,2016,Children of Men,2006,listed,13,,wikipedia-enum
bbc-21st-century,2016,The Act of Killing,2012,listed,14,,wikipedia-enum
bbc-21st-century,2016,"4 Months, 3 Weeks and 2 Days",2007,listed,15,,wikipedia-enum
bbc-21st-century,2016,Holy Motors,2012,listed,16,,wikipedia-enum
bbc-21st-century,2016,Pan's Labyrinth,2006,listed,17,,wikipedia-enum
bbc-21st-century,2016,The White Ribbon,2009,listed,18,,wikipedia-enum
bbc-21st-century,2016,Mad Max Fury Road,2015,listed,19,,wikipedia-enum
bbc-21st-century,2016,"Synecdoche, New York",2008,listed,20,,wikipedia-enum
bbc-21st-century,2016,The Grand Budapest Hotel,2014,listed,21,,wikipedia-enum
bbc-21st-century,2016,Lost in Translation,2003,listed,22,,wikipedia-enum
bbc-21st-century,2016,Hidden,2005,listed,23,,wikipedia-enum
bbc-21st-century,2016,The Master,2012,listed,24,,wikipedia-enum
bbc-21st-century,2016,Memento,2000,listed,25,,wikipedia-enum
bbc-21st-century,2016,25th Hour,2002,listed,26,,wikipedia-enum
bbc-21st-century,2016,The Social Network,2010,listed,27,,wikipedia-enum
bbc-21st-century,2016,Talk to Her,2002,listed,28,,wikipedia-enum
bbc-21st-century,2016,WALL-E,2008,listed,29,,wikipedia-enum
bbc-21st-century,2016,Oldboy,2003,listed,30,,wikipedia-enum
bbc-21st-century,2016,Margaret,2011,listed,31,,wikipedia-enum
bbc-21st-century,2016,The Lives of Others,2006,listed,32,,wikipedia-enum
bbc-21st-century,2016,The Dark Knight,2008,listed,33,,wikipedia-enum
bbc-21st-century,2016,Son of Saul,2015,listed,34,,wikipedia-enum
bbc-21st-century,2016,"Crouching Tiger, Hidden Dragon",2000,listed,35,,wikipedia-enum
bbc-21st-century,2016,Timbuktu,2014,listed,36,,wikipedia-enum
bbc-21st-century,2016,Uncle Boonmee Who Can Recall His Past Lives,2010,listed,37,,wikipedia-enum
bbc-21st-century,2016,City of God,2002,listed,38,,wikipedia-enum
bbc-21st-century,2016,The New World,2005,listed,39,,wikipedia-enum
bbc-21st-century,2016,Brokeback Mountain,2005,listed,40,,wikipedia-enum
bbc-21st-century,2016,Inside Out,2015,listed,41,,wikipedia-enum
bbc-21st-century,2016,Amour,2012,listed,42,,wikipedia-enum
bbc-21st-century,2016,Melancholia,2011,listed,43,,wikipedia-enum
bbc-21st-century,2016,12 Years a Slave,2013,listed,44,,wikipedia-enum
bbc-21st-century,2016,Blue Is the Warmest Color,2013,listed,45,,wikipedia-enum
bbc-21st-century,2016,Certified Copy,2010,listed,46,,wikipedia-enum
bbc-21st-century,2016,Leviathan,2014,listed,47,,wikipedia-enum
bbc-21st-century,2016,Brooklyn,2015,listed,48,,wikipedia-enum
bbc-21st-century,2016,Goodbye to Language,2014,listed,49,,wikipedia-enum
bbc-21st-century,2016,The Assassin,2015,listed,50,,wikipedia-enum
bbc-21st-century,2016,Inception,2010,listed,51,,wikipedia-enum
bbc-21st-century,2016,Tropical Malady,2005,listed,52,,wikipedia-enum
bbc-21st-century,2016,Moulin Rouge!,2001,listed,53,,wikipedia-enum
bbc-21st-century,2016,Once Upon a Time in Anatolia,2011,listed,54,,wikipedia-enum
bbc-21st-century,2016,Ida,2013,listed,55,,wikipedia-enum
bbc-21st-century,2016,Werckmeister Harmonies,2000,listed,56,,wikipedia-enum
bbc-21st-century,2016,Zero Dark Thirty,2012,listed,57,,wikipedia-enum
bbc-21st-century,2016,Moolaade,2004,listed,58,,wikipedia-enum
bbc-21st-century,2016,A History of Violence,2005,listed,59,,wikipedia-enum
bbc-21st-century,2016,Syndromes and a Century,2006,listed,60,,wikipedia-enum
bbc-21st-century,2016,Under the Skin,2014,listed,61,,wikipedia-enum
bbc-21st-century,2016,Inglourious Basterds,2009,listed,62,,wikipedia-enum
bbc-21st-century,2016,The Turin Horse,2011,listed,63,,wikipedia-enum
bbc-21st-century,2016,The Great Beauty,2013,listed,64,,wikipedia-enum
bbc-21st-century,2016,Fish Tank,2009,listed,65,,wikipedia-enum
bbc-21st-century,2016,"Spring, Summer, Fall, Winter... and Spring",2003,listed,66,,wikipedia-enum
bbc-21st-century,2016,The Hurt Locker,2008,listed,67,,wikipedia-enum
bbc-21st-century,2016,The Royal Tenenbaums,2001,listed,68,,wikipedia-enum
bbc-21st-century,2016,Carol,2015,listed,69,,wikipedia-enum
bbc-21st-century,2016,Stories We Tell,2012,listed,70,,wikipedia-enum
bbc-21st-century,2016,Tabu,2012,listed,71,,wikipedia-enum
bbc-21st-century,2016,Only Lovers Left Alive,2013,listed,72,,wikipedia-enum
bbc-21st-century,2016,Before Sunset,2004,listed,73,,wikipedia-enum
bbc-21st-century,2016,Spring Breakers,2012,listed,74,,wikipedia-enum
bbc-21st-century,2016,Inherent Vice,2014,listed,75,,wikipedia-enum
bbc-21st-century,2016,Dogville,2003,listed,76,,wikipedia-enum
bbc-21st-century,2016,The Diving Bell and the Butterfly,2007,listed,77,,wikipedia-enum
bbc-21st-century,2016,The Wolf of Wall Street,2013,listed,78,,wikipedia-enum
bbc-21st-century,2016,Almost Famous,2000,listed,79,,wikipedia-enum
bbc-21st-century,2016,The Return,2003,listed,80,,wikipedia-enum
bbc-21st-century,2016,Shame,2011,listed,81,,wikipedia-enum
bbc-21st-century,2016,A Serious Man,2009,listed,82,,wikipedia-enum
bbc-21st-century,2016,A.I. Artificial Intelligence,2001,listed,83,,wikipedia-enum
bbc-21st-century,2016,Her,2013,listed,84,,wikipedia-enum
bbc-21st-century,2016,A Prophet,2009,listed,85,,wikipedia-enum
bbc-21st-century,2016,Far From Heaven,2002,listed,86,,wikipedia-enum
bbc-21st-century,2016,Amelie,2001,listed,87,,wikipedia-enum
bbc-21st-century,2016,Spotlight,2015,listed,88,,wikipedia-enum
bbc-21st-century,2016,The Headless Woman,2008,listed,89,,wikipedia-enum
bbc-21st-century,2016,The Pianist,2002,listed,90,,wikipedia-enum
bbc-21st-century,2016,The Secret in Their Eyes,2009,listed,91,,wikipedia-enum
bbc-21st-century,2016,The Assassination of Jesse James by the Coward Robert Ford,2007,listed,92,,wikipedia-enum
bbc-21st-century,2016,Ratatouille,2007,listed,93,,wikipedia-enum
bbc-21st-century,2016,Let the Right One In,2008,listed,94,,wikipedia-enum
bbc-21st-century,2016,Moonrise Kingdom,2012,listed,95,,wikipedia-enum
bbc-21st-century,2016,Finding Nemo,2003,listed,96,,wikipedia-enum
bbc-21st-century,2016,White Material,2010,listed,97,,wikipedia-enum
bbc-21st-century,2016,Ten,2002,listed,98,,wikipedia-enum
bbc-21st-century,2016,The Gleaners & I,2000,listed,99,,wikipedia-enum
bbc-21st-century,2016,Carlos,2010,listed,100,,wikipedia-enum
bbc-21st-century,2016,Requiem for a Dream,2000,listed,100,,wikipedia-enum
bbc-21st-century,2016,Toni Erdmann,2016,listed,100,,wikipedia-enum
bbc-foreign-language,2018,8½,1963,listed,7,,wikipedia-enum
bbc-foreign-language,2018,Breathless,1960,listed,11,,wikipedia-enum
bbc-foreign-language,2018,Farewell My Concubine,1993,listed,12,,wikipedia-enum
bbc-foreign-language,2018,M,1931,listed,13,,wikipedia-enum
bbc-foreign-language,2018,Jeanne Dielman 23 Quai Du Commerce 1080 Bruxelles,1975,listed,14,,wikipedia-enum
bbc-foreign-language,2018,Metropolis,1927,listed,16,,wikipedia-enum
bbc-foreign-language,2018,Aguirre the Wrath of God,1972,listed,17,,wikipedia-enum
bbc-foreign-language,2018,A City of Sadness,1989,listed,18,,wikipedia-enum
bbc-foreign-language,2018,The Battle of Algiers,1966,listed,19,,wikipedia-enum
bbc-foreign-language,2018,Mirror,1975,listed,20,,wikipedia-enum
bbc-foreign-language,2018,A Separation,2011,listed,21,,wikipedia-enum
bbc-foreign-language,2018,Pan's Labyrinth,2006,listed,22,,wikipedia-enum
bbc-foreign-language,2018,The Passion of Joan of Arc,1928,listed,23,,wikipedia-enum
bbc-foreign-language,2018,Battleship Potemkin,1925,listed,24,,wikipedia-enum
bbc-foreign-language,2018,Yi Yi,2000,listed,25,,wikipedia-enum
bbc-foreign-language,2018,Cinema Paradiso,1988,listed,26,,wikipedia-enum
bbc-foreign-language,2018,The Spirit of the Beehive,1973,listed,27,,wikipedia-enum
bbc-foreign-language,2018,Fanny & Alexander,1982,listed,28,,wikipedia-enum
bbc-foreign-language,2018,Oldboy,2003,listed,29,,wikipedia-enum
bbc-foreign-language,2018,The Seventh Seal,1957,listed,30,,wikipedia-enum
bbc-foreign-language,2018,The Lives of Others,2006,listed,31,,wikipedia-enum
bbc-foreign-language,2018,All About My Mother,1999,listed,32,,wikipedia-enum
bbc-foreign-language,2018,Playtime,1967,listed,33,,wikipedia-enum
bbc-foreign-language,2018,Wings of Desire,1987,listed,34,,wikipedia-enum
bbc-foreign-language,2018,The Leopard,1963,listed,35,,wikipedia-enum
bbc-foreign-language,2018,Grand Illusion,1937,listed,36,,wikipedia-enum
bbc-foreign-language,2018,Spirited Away,2001,listed,37,,wikipedia-enum
bbc-foreign-language,2018,A Brighter Summer Day,1991,listed,38,,wikipedia-enum
bbc-foreign-language,2018,Close-Up,1990,listed,39,,wikipedia-enum
bbc-foreign-language,2018,Andrei Rublev,1966,listed,40,,wikipedia-enum
bbc-foreign-language,2018,To Live,1994,listed,41,,wikipedia-enum
bbc-foreign-language,2018,City of God,2002,listed,42,,wikipedia-enum
bbc-foreign-language,2018,Beau Travail,2000,listed,43,,wikipedia-enum
bbc-foreign-language,2018,Cleo From 5 to 7,1962,listed,44,,wikipedia-enum
bbc-foreign-language,2018,L'avventura,1960,listed,45,,wikipedia-enum
bbc-foreign-language,2018,Children of Paradise,1945,listed,46,,wikipedia-enum
bbc-foreign-language,2018,4 Months 3 Weeks and 2 Days,2007,listed,47,,wikipedia-enum
bbc-foreign-language,2018,Viridiana,1961,listed,48,,wikipedia-enum
bbc-foreign-language,2018,Stalker,1979,listed,49,,wikipedia-enum
bbc-foreign-language,2018,L'atalante,1934,listed,50,,wikipedia-enum
bbc-foreign-language,2018,The Umbrellas of Cherbourg,1964,listed,51,,wikipedia-enum
bbc-foreign-language,2018,Au Hasard Balthazar,1966,listed,52,,wikipedia-enum
bbc-foreign-language,2018,Late Spring,1949,listed,53,,wikipedia-enum
bbc-foreign-language,2018,Eat Drink Man Woman,1994,listed,54,,wikipedia-enum
bbc-foreign-language,2018,Jules and Jim,1962,listed,55,,wikipedia-enum
bbc-foreign-language,2018,Chungking Express,1994,listed,56,,wikipedia-enum
bbc-foreign-language,2018,Solaris,1972,listed,57,,wikipedia-enum
bbc-foreign-language,2018,The Earrings of Madame De...,1953,listed,58,,wikipedia-enum
bbc-foreign-language,2018,Come and See,1985,listed,59,,wikipedia-enum
bbc-foreign-language,2018,Contempt,1963,listed,60,,wikipedia-enum
bbc-foreign-language,2018,Sansho the Bailiff,1954,listed,61,,wikipedia-enum
bbc-foreign-language,2018,Touki Bouki,1973,listed,62,,wikipedia-enum
bbc-foreign-language,2018,Spring in a Small Town,1948,listed,63,,wikipedia-enum
bbc-foreign-language,2018,Three Colors Blue,1993,listed,64,,wikipedia-enum
bbc-foreign-language,2018,Ordet,1955,listed,65,,wikipedia-enum
bbc-foreign-language,2018,Ali Fear Eats the Soul,1974,listed,66,,wikipedia-enum
bbc-foreign-language,2018,Exterminating Angels,2006,listed,67,,wikipedia-enum
bbc-foreign-language,2018,Ugetsu,1953,listed,68,,wikipedia-enum
bbc-foreign-language,2018,Amour,2012,listed,69,,wikipedia-enum
bbc-foreign-language,2018,L'eclisse,1962,listed,70,,wikipedia-enum
bbc-foreign-language,2018,Happy Together,1997,listed,71,,wikipedia-enum
bbc-foreign-language,2018,Ikiru,1952,listed,72,,wikipedia-enum
bbc-foreign-language,2018,Man With a Movie Camera,1929,listed,73,,wikipedia-enum
bbc-foreign-language,2018,Pierrot Le Fou,1965,listed,74,,wikipedia-enum
bbc-foreign-language,2018,Belle De Jour,1967,listed,75,,wikipedia-enum
bbc-foreign-language,2018,Y Tu Mama Tambien,2001,listed,76,,wikipedia-enum
bbc-foreign-language,2018,The Conformist,1970,listed,77,,wikipedia-enum
bbc-foreign-language,2018,"Crouching Tiger, Hidden Dragon",2000,listed,78,,wikipedia-enum
bbc-foreign-language,2018,Ran,1985,listed,79,,wikipedia-enum
bbc-foreign-language,2018,Los Olvidados,1950,listed,80,,wikipedia-enum
bbc-foreign-language,2018,Celine and Julie Go Boating,1974,listed,81,,wikipedia-enum
bbc-foreign-language,2018,Amelie,2001,listed,82,,wikipedia-enum
bbc-foreign-language,2018,La Strada,1954,listed,83,,wikipedia-enum
bbc-foreign-language,2018,The Discreet Charm of the Bourgeoisie,1972,listed,84,,wikipedia-enum
bbc-foreign-language,2018,Umberto D.,1952,listed,85,,wikipedia-enum
bbc-foreign-language,2018,La Jetee,1962,listed,86,,wikipedia-enum
bbc-foreign-language,2018,Nights of Cabiria,1957,listed,87,,wikipedia-enum
bbc-foreign-language,2018,The Story of the Last Chrysanthemum,1939,listed,88,,wikipedia-enum
bbc-foreign-language,2018,Wild Strawberries,1957,listed,89,,wikipedia-enum
bbc-foreign-language,2018,Hiroshima Mon Amour,1959,listed,90,,wikipedia-enum
bbc-foreign-language,2018,Rififi,1955,listed,91,,wikipedia-enum
bbc-foreign-language,2018,Scenes From a Marriage,1973,listed,92,,wikipedia-enum
bbc-foreign-language,2018,Raise the Red Lantern,1991,listed,93,,wikipedia-enum
bbc-foreign-language,2018,Where Is My Friend's House?,1987,listed,94,,wikipedia-enum
bbc-foreign-language,2018,Floating Clouds,1955,listed,95,,wikipedia-enum
bbc-foreign-language,2018,Shoah,1985,listed,96,,wikipedia-enum
bbc-foreign-language,2018,Taste of Cherry,1997,listed,97,,wikipedia-enum
bbc-foreign-language,2018,In the Heat of the Sun,1994,listed,98,,wikipedia-enum
bbc-foreign-language,2018,Ashes and Diamonds,1958,listed,99,,wikipedia-enum
bbc-foreign-language,2018,Landscape in the Mist,1988,listed,100,,wikipedia-enum
bbc-greatest-films-by-women,2019,Cleo From 5 to 7,1962,listed,2,,wikipedia-enum
bbc-greatest-films-by-women,2019,Jeanne Dielman 23 Quai Du Commerce 1080 Bruxelles,1975,listed,3,,wikipedia-enum
bbc-greatest-films-by-women,2019,Beau Travail,2000,listed,4,,wikipedia-enum
bbc-greatest-films-by-women,2019,Lost in Translation,2003,listed,5,,wikipedia-enum
bbc-greatest-films-by-women,2019,Daisies,1966,listed,6,,wikipedia-enum
bbc-greatest-films-by-women,2019,The Hurt Locker,2008,listed,7,,wikipedia-enum
bbc-greatest-films-by-women,2019,Toni Erdmann,2016,listed,8,,wikipedia-enum
bbc-greatest-films-by-women,2019,Fish Tank,2009,listed,9,,wikipedia-enum
bbc-greatest-films-by-women,2019,Daughters of the Dust,1991,listed,10,,wikipedia-enum
bbc-greatest-films-by-women,2019,The Ascent,1977,listed,11,,wikipedia-enum
bbc-greatest-films-by-women,2019,Zero Dark Thirty,2012,listed,12,,wikipedia-enum
bbc-greatest-films-by-women,2019,Vagabond,1985,listed,13,,wikipedia-enum
bbc-greatest-films-by-women,2019,Point Break,1991,listed,14,,wikipedia-enum
bbc-greatest-films-by-women,2019,The Swamp,2001,listed,15,,wikipedia-enum
bbc-greatest-films-by-women,2019,Wanda,1970,listed,16,,wikipedia-enum
bbc-greatest-films-by-women,2019,Seven Beauties,1975,listed,17,,wikipedia-enum
bbc-greatest-films-by-women,2019,American Psycho,2000,listed,18,,wikipedia-enum
bbc-greatest-films-by-women,2019,Orlando,1992,listed,19,,wikipedia-enum
bbc-greatest-films-by-women,2019,Clueless,1995,listed,20,,wikipedia-enum
bbc-greatest-films-by-women,2019,Winter's Bone,2010,listed,21,,wikipedia-enum
bbc-greatest-films-by-women,2019,We Need to Talk About Kevin,2011,listed,22,,wikipedia-enum
bbc-greatest-films-by-women,2019,The Hitch-Hiker,1953,listed,23,,wikipedia-enum
bbc-greatest-films-by-women,2019,Lady Bird,2017,listed,24,,wikipedia-enum
bbc-greatest-films-by-women,2019,The House Is Black,1963,listed,25,,wikipedia-enum
bbc-greatest-films-by-women,2019,Stories We Tell,2012,listed,26,,wikipedia-enum
bbc-greatest-films-by-women,2019,Selma,2014,listed,27,,wikipedia-enum
bbc-greatest-films-by-women,2019,Le Bonheur,1965,listed,28,,wikipedia-enum
bbc-greatest-films-by-women,2019,Monsoon Wedding,2001,listed,29,,wikipedia-enum
bbc-greatest-films-by-women,2019,Zama,2018,listed,30,,wikipedia-enum
bbc-greatest-films-by-women,2019,The Gleaners & I,2000,listed,31,,wikipedia-enum
bbc-greatest-films-by-women,2019,The Night Porter,1974,listed,32,,wikipedia-enum
bbc-greatest-films-by-women,2019,You Were Never Really Here,2018,listed,33,,wikipedia-enum
bbc-greatest-films-by-women,2019,Morvern Callar,2002,listed,34,,wikipedia-enum
bbc-greatest-films-by-women,2019,The Matrix,1999,listed,35,,wikipedia-enum
bbc-greatest-films-by-women,2019,Wendy and Lucy,2008,listed,36,,wikipedia-enum
bbc-greatest-films-by-women,2019,Olympia Parts 1 & 2,1938,listed,37,,wikipedia-enum
bbc-greatest-films-by-women,2019,Paris Is Burning,1990,listed,38,,wikipedia-enum
bbc-greatest-films-by-women,2019,Portrait of a Lady on Fire,2019,listed,39,,wikipedia-enum
bbc-greatest-films-by-women,2019,Boys Don't Cry,1999,listed,40,,wikipedia-enum
bbc-greatest-films-by-women,2019,Capernaum,2018,listed,41,,wikipedia-enum
bbc-greatest-films-by-women,2019,The Adventures of Prince Achmed,1926,listed,42,,wikipedia-enum
bbc-greatest-films-by-women,2019,The Virgin Suicides,1999,listed,43,,wikipedia-enum
bbc-greatest-films-by-women,2019,American Honey,2016,listed,44,,wikipedia-enum
bbc-greatest-films-by-women,2019,Triumph of the Will,1935,listed,45,,wikipedia-enum
bbc-greatest-films-by-women,2019,Near Dark,1987,listed,46,,wikipedia-enum
bbc-greatest-films-by-women,2019,An Angel at My Table,1990,listed,47,,wikipedia-enum
bbc-greatest-films-by-women,2019,The Asthenic Syndrome,1990,listed,48,,wikipedia-enum
bbc-greatest-films-by-women,2019,Salaam Bombay!,1988,listed,49,,wikipedia-enum
bbc-greatest-films-by-women,2019,Outrage,1950,listed,50,,wikipedia-enum
bbc-greatest-films-by-women,2019,Harlan County U.S.A.,1976,listed,51,,wikipedia-enum
bbc-greatest-films-by-women,2019,Happy as Lazzaro,2018,listed,52,,wikipedia-enum
bbc-greatest-films-by-women,2019,The Headless Woman,2008,listed,53,,wikipedia-enum
bbc-greatest-films-by-women,2019,Bright Star,2009,listed,54,,wikipedia-enum
bbc-greatest-films-by-women,2019,Monster,2003,listed,55,,wikipedia-enum
bbc-greatest-films-by-women,2019,13th,2016,listed,56,,wikipedia-enum
bbc-greatest-films-by-women,2019,The Babadook,2014,listed,57,,wikipedia-enum
bbc-greatest-films-by-women,2019,Desperately Seeking Susan,1985,listed,58,,wikipedia-enum
bbc-greatest-films-by-women,2019,The Long Farewell,1971,listed,59,,wikipedia-enum
bbc-greatest-films-by-women,2019,A League of Their Own,1992,listed,60,,wikipedia-enum
bbc-greatest-films-by-women,2019,India Song,1975,listed,61,,wikipedia-enum
bbc-greatest-films-by-women,2019,Strange Days,1995,listed,62,,wikipedia-enum
bbc-greatest-films-by-women,2019,Marie Antoinette,2006,listed,63,,wikipedia-enum
bbc-greatest-films-by-women,2019,The Rider,2018,listed,64,,wikipedia-enum
bbc-greatest-films-by-women,2019,Leave No Trace,2018,listed,65,,wikipedia-enum
bbc-greatest-films-by-women,2019,Ratcatcher,1999,listed,66,,wikipedia-enum
bbc-greatest-films-by-women,2019,The German Sisters,1981,listed,67,,wikipedia-enum
bbc-greatest-films-by-women,2019,Eve's Bayou,1997,listed,68,,wikipedia-enum
bbc-greatest-films-by-women,2019,The Connection,1962,listed,69,,wikipedia-enum
bbc-greatest-films-by-women,2019,Whale Rider,2003,listed,70,,wikipedia-enum
bbc-greatest-films-by-women,2019,The Seashell and the Clergyman,1928,listed,71,,wikipedia-enum
bbc-greatest-films-by-women,2019,Europa Europa,1990,listed,72,,wikipedia-enum
bbc-greatest-films-by-women,2019,On Body and Soul,2017,listed,73,,wikipedia-enum
bbc-greatest-films-by-women,2019,Chocolat,1988,listed,74,,wikipedia-enum
bbc-greatest-films-by-women,2019,Meek's Cutoff,2010,listed,75,,wikipedia-enum
bbc-greatest-films-by-women,2019,Girlhood,2014,listed,76,,wikipedia-enum
bbc-greatest-films-by-women,2019,Tomboy,2011,listed,77,,wikipedia-enum
bbc-greatest-films-by-women,2019,The Apple,1998,listed,78,,wikipedia-enum
bbc-greatest-films-by-women,2019,Shoes,1916,listed,79,,wikipedia-enum
bbc-greatest-films-by-women,2019,Big,1988,listed,80,,wikipedia-enum
bbc-greatest-films-by-women,2019,A Girl Walks Home Alone at Night,2014,listed,81,,wikipedia-enum
bbc-greatest-films-by-women,2019,At Land,1944,listed,82,,wikipedia-enum
bbc-greatest-films-by-women,2019,Sleepless in Seattle,1993,listed,83,,wikipedia-enum
bbc-greatest-films-by-women,2019,Portrait of Jason,1967,listed,84,,wikipedia-enum
bbc-greatest-films-by-women,2019,One Sings the Other Doesn't,1977,listed,85,,wikipedia-enum
bbc-greatest-films-by-women,2019,Wadjda,2012,listed,86,,wikipedia-enum
bbc-greatest-films-by-women,2019,35 Shots of Rum,2009,listed,87,,wikipedia-enum
bbc-greatest-films-by-women,2019,The Silences of the Palace,1994,listed,88,,wikipedia-enum
bbc-greatest-films-by-women,2019,The Beaches of Agnes,2008,listed,89,,wikipedia-enum
bbc-greatest-films-by-women,2019,Fast Times at Ridgemont High,1982,listed,90,,wikipedia-enum
bbc-greatest-films-by-women,2019,White Material,2010,listed,91,,wikipedia-enum
bbc-greatest-films-by-women,2019,Raw,2016,listed,92,,wikipedia-enum
bbc-greatest-films-by-women,2019,Red Road,2006,listed,93,,wikipedia-enum
bbc-greatest-films-by-women,2019,News From Home,1976,listed,94,,wikipedia-enum
bbc-greatest-films-by-women,2019,Ritual in Transfigured Time,1946,listed,95,,wikipedia-enum
bbc-greatest-films-by-women,2019,The Meetings of Anna,1978,listed,96,,wikipedia-enum
bbc-greatest-films-by-women,2019,Adoption,1975,listed,97,,wikipedia-enum
bbc-greatest-films-by-women,2019,Somewhere,2010,listed,98,,wikipedia-enum
bbc-greatest-films-by-women,2019,The Souvenir,2019,listed,99,,wikipedia-enum
bbc-greatest-films-by-women,2019,The Kids Are All Right,2010,listed,100,,wikipedia-enum
nyfcc-best-film,1935,The Informer,1935,won,,,wikipedia-enum
nyfcc-best-film,1936,Mr. Deeds Goes to Town,1936,won,,,wikipedia-enum
nyfcc-best-film,1937,The Life of Emile Zola,1937,won,,,wikipedia-enum
nyfcc-best-film,1938,The Citadel,1938,won,,,wikipedia-enum
nyfcc-best-film,1939,Wuthering Heights,1939,won,,,wikipedia-enum
nyfcc-best-film,1940,The Grapes of Wrath,1940,won,,,wikipedia-enum
nyfcc-best-film,1941,Citizen Kane,1941,won,,,wikipedia-enum
nyfcc-best-film,1942,In Which We Serve,1942,won,,,wikipedia-enum
nyfcc-best-film,1943,Watch on the Rhine,1943,won,,,wikipedia-enum
nyfcc-best-film,1944,Going My Way,1944,won,,,wikipedia-enum
nyfcc-best-film,1945,The Lost Weekend,1945,won,,,wikipedia-enum
nyfcc-best-film,1946,The Best Years of Our Lives,1946,won,,,wikipedia-enum
nyfcc-best-film,1947,Gentleman's Agreement,1947,won,,,wikipedia-enum
nyfcc-best-film,1948,The Treasure of the Sierra Madre,1948,won,,,wikipedia-enum
nyfcc-best-film,1949,All the King's Men,1949,won,,,wikipedia-enum
nyfcc-best-film,1950,All About Eve,1950,won,,,wikipedia-enum
nyfcc-best-film,1951,A Streetcar Named Desire,1951,won,,,wikipedia-enum
nyfcc-best-film,1952,High Noon,1952,won,,,wikipedia-enum
nyfcc-best-film,1953,From Here to Eternity,1953,won,,,wikipedia-enum
nyfcc-best-film,1954,On the Waterfront,1954,won,,,wikipedia-enum
nyfcc-best-film,1955,Marty,1955,won,,,wikipedia-enum
nyfcc-best-film,1956,Around the World in 80 Days,1956,won,,,wikipedia-enum
nyfcc-best-film,1957,The Bridge on the River Kwai,1957,won,,,wikipedia-enum
nyfcc-best-film,1958,The Defiant Ones,1958,won,,,wikipedia-enum
nyfcc-best-film,1959,Ben-Hur,1959,won,,,wikipedia-enum
nyfcc-best-film,1960,The Apartment,1960,won,,,wikipedia-enum
nyfcc-best-film,1961,West Side Story,1961,won,,,wikipedia-enum
nyfcc-best-film,1963,Tom Jones,1963,won,,,wikipedia-enum
nyfcc-best-film,1964,My Fair Lady,1964,won,,,wikipedia-enum
nyfcc-best-film,1965,Darling,1965,won,,,wikipedia-enum
nyfcc-best-film,1966,A Man for All Seasons,1966,won,,,wikipedia-enum
nyfcc-best-film,1967,In the Heat of the Night,1967,won,,,wikipedia-enum
nyfcc-best-film,1968,The Lion in Winter,1968,won,,,wikipedia-enum
nyfcc-best-film,1969,Z,1969,won,,,wikipedia-enum
nyfcc-best-film,1970,Five Easy Pieces,1970,won,,,wikipedia-enum
nyfcc-best-film,1971,A Clockwork Orange,1971,won,,,wikipedia-enum
nyfcc-best-film,1972,Cries and Whispers,1972,won,,,wikipedia-enum
nyfcc-best-film,1973,Day for Night,1973,won,,,wikipedia-enum
nyfcc-best-film,1974,Amarcord,1974,won,,,wikipedia-enum
nyfcc-best-film,1975,Nashville,1975,won,,,wikipedia-enum
nyfcc-best-film,1976,All the President's Men,1976,won,,,wikipedia-enum
nyfcc-best-film,1977,Annie Hall,1977,won,,,wikipedia-enum
nyfcc-best-film,1978,The Deer Hunter,1978,won,,,wikipedia-enum
nyfcc-best-film,1979,Kramer vs. Kramer,1979,won,,,wikipedia-enum
nyfcc-best-film,1980,Ordinary People,1980,won,,,wikipedia-enum
nyfcc-best-film,1981,Reds,1981,won,,,wikipedia-enum
nyfcc-best-film,1982,Gandhi,1982,won,,,wikipedia-enum
nyfcc-best-film,1983,Terms of Endearment,1983,won,,,wikipedia-enum
nyfcc-best-film,1984,A Passage to India,1984,won,,,wikipedia-enum
nyfcc-best-film,1985,Prizzi's Honor,1985,won,,,wikipedia-enum
nyfcc-best-film,1986,Hannah and Her Sisters,1986,won,,,wikipedia-enum
nyfcc-best-film,1987,Broadcast News,1987,won,,,wikipedia-enum
nyfcc-best-film,1988,The Accidental Tourist,1988,won,,,wikipedia-enum
nyfcc-best-film,1989,My Left Foot,1989,won,,,wikipedia-enum
nyfcc-best-film,1990,Goodfellas,1990,won,,,wikipedia-enum
nyfcc-best-film,1991,The Silence of the Lambs,1991,won,,,wikipedia-enum
nyfcc-best-film,1992,The Player,1992,won,,,wikipedia-enum
nyfcc-best-film,1993,Schindler's List,1993,won,,,wikipedia-enum
nyfcc-best-film,1994,Quiz Show,1994,won,,,wikipedia-enum
nyfcc-best-film,1995,Leaving Las Vegas,1995,won,,,wikipedia-enum
nyfcc-best-film,1996,Fargo,1996,won,,,wikipedia-enum
nyfcc-best-film,1997,L.A. Confidential,1997,won,,,wikipedia-enum
nyfcc-best-film,1998,Saving Private Ryan,1998,won,,,wikipedia-enum
nyfcc-best-film,1999,Topsy-Turvy,1999,won,,,wikipedia-enum
nyfcc-best-film,2000,Traffic,2000,won,,,wikipedia-enum
nyfcc-best-film,2001,Mulholland Drive,2001,won,,,wikipedia-enum
nyfcc-best-film,2002,Far from Heaven,2002,won,,,wikipedia-enum
nyfcc-best-film,2003,The Lord of the Rings: The Return of the King,2003,won,,,wikipedia-enum
nyfcc-best-film,2004,Sideways,2004,won,,,wikipedia-enum
nyfcc-best-film,2005,Brokeback Mountain,2005,won,,,wikipedia-enum
nyfcc-best-film,2006,United 93,2006,won,,,wikipedia-enum
nyfcc-best-film,2007,No Country for Old Men,2007,won,,,wikipedia-enum
nyfcc-best-film,2008,Milk,2008,won,,,wikipedia-enum
nyfcc-best-film,2009,The Hurt Locker,2009,won,,,wikipedia-enum
nyfcc-best-film,2010,The Social Network,2010,won,,,wikipedia-enum
nyfcc-best-film,2011,The Artist,2011,won,,,wikipedia-enum
nyfcc-best-film,2012,Zero Dark Thirty,2012,won,,,wikipedia-enum
nyfcc-best-film,2013,American Hustle,2013,won,,,wikipedia-enum
nyfcc-best-film,2014,Boyhood,2014,won,,,wikipedia-enum
nyfcc-best-film,2015,Carol,2015,won,,,wikipedia-enum
nyfcc-best-film,2016,La La Land,2016,won,,,wikipedia-enum
nyfcc-best-film,2017,Lady Bird,2017,won,,,wikipedia-enum
nyfcc-best-film,2018,Roma,2018,won,,,wikipedia-enum
nyfcc-best-film,2019,The Irishman,2019,won,,,wikipedia-enum
nyfcc-best-film,2020,First Cow,2020,won,,,wikipedia-enum
nyfcc-best-film,2021,Drive My Car,2021,won,,,wikipedia-enum
nyfcc-best-film,2022,Tár,2022,won,,,wikipedia-enum
nyfcc-best-film,2023,Killers of the Flower Moon,2023,won,,,wikipedia-enum
nyfcc-best-film,2024,The Brutalist,2024,won,,,wikipedia-enum
nyfcc-best-film,2025,One Battle After Another,2025,won,,,wikipedia-enum
lafca-best-picture,1975,Dog Day Afternoon,1975,won,,,wikipedia-enum
lafca-best-picture,1976,Network,1976,won,,,wikipedia-enum
lafca-best-picture,1977,Star Wars,1977,won,,,wikipedia-enum
lafca-best-picture,1978,Coming Home,1978,won,,,wikipedia-enum
lafca-best-picture,1979,Kramer vs. Kramer,1979,won,,,wikipedia-enum
lafca-best-picture,1980,Raging Bull,1980,won,,,wikipedia-enum
lafca-best-picture,1981,Atlantic City,1981,won,,,wikipedia-enum
lafca-best-picture,1982,E.T. the Extra-Terrestrial,1982,won,,,wikipedia-enum
lafca-best-picture,1983,Terms of Endearment,1983,won,,,wikipedia-enum
lafca-best-picture,1984,Amadeus,1984,won,,,wikipedia-enum
lafca-best-picture,1985,Brazil,1985,won,,,wikipedia-enum
lafca-best-picture,1986,Hannah and Her Sisters,1986,won,,,wikipedia-enum
lafca-best-picture,1987,Hope and Glory,1987,won,,,wikipedia-enum
lafca-best-picture,1988,Little Dorrit,1988,won,,,wikipedia-enum
lafca-best-picture,1989,Do the Right Thing,1989,won,,,wikipedia-enum
lafca-best-picture,1990,Goodfellas,1990,won,,,wikipedia-enum
lafca-best-picture,1991,Bugsy,1991,won,,,wikipedia-enum
lafca-best-picture,1992,Unforgiven,1992,won,,,wikipedia-enum
lafca-best-picture,1993,Schindler's List,1993,won,,,wikipedia-enum
lafca-best-picture,1994,Pulp Fiction,1994,won,,,wikipedia-enum
lafca-best-picture,1995,Leaving Las Vegas,1995,won,,,wikipedia-enum
lafca-best-picture,1996,Secrets & Lies,1996,won,,,wikipedia-enum
lafca-best-picture,1997,L.A. Confidential,1997,won,,,wikipedia-enum
lafca-best-picture,1998,Saving Private Ryan,1998,won,,,wikipedia-enum
lafca-best-picture,1999,The Insider,1999,won,,,wikipedia-enum
lafca-best-picture,2000,"Crouching Tiger, Hidden Dragon",2000,won,,,wikipedia-enum
lafca-best-picture,2001,In the Bedroom,2001,won,,,wikipedia-enum
lafca-best-picture,2002,About Schmidt,2002,won,,,wikipedia-enum
lafca-best-picture,2003,American Splendor,2003,won,,,wikipedia-enum
lafca-best-picture,2004,Sideways,2004,won,,,wikipedia-enum
lafca-best-picture,2005,Brokeback Mountain,2005,won,,,wikipedia-enum
lafca-best-picture,2006,Letters from Iwo Jima,2006,won,,,wikipedia-enum
lafca-best-picture,2007,There Will Be Blood,2007,won,,,wikipedia-enum
lafca-best-picture,2008,WALL-E,2008,won,,,wikipedia-enum
lafca-best-picture,2009,The Hurt Locker,2009,won,,,wikipedia-enum
lafca-best-picture,2010,The Social Network,2010,won,,,wikipedia-enum
lafca-best-picture,2011,The Descendants,2011,won,,,wikipedia-enum
lafca-best-picture,2012,Amour,2012,won,,,wikipedia-enum
lafca-best-picture,2013,Gravity,2013,won,,,wikipedia-enum
lafca-best-picture,2014,Boyhood,2014,won,,,wikipedia-enum
lafca-best-picture,2015,Spotlight,2015,won,,,wikipedia-enum
lafca-best-picture,2016,Moonlight,2016,won,,,wikipedia-enum
lafca-best-picture,2017,Call Me by Your Name,2017,won,,,wikipedia-enum
lafca-best-picture,2018,Roma,2018,won,,,wikipedia-enum
lafca-best-picture,2019,Parasite,2019,won,,,wikipedia-enum
lafca-best-picture,2020,Small Axe,2020,won,,,wikipedia-enum
lafca-best-picture,2021,Drive My Car,2021,won,,,wikipedia-enum
lafca-best-picture,2022,Everything Everywhere All at Once,2022,won,,,wikipedia-enum
lafca-best-picture,2023,The Zone of Interest,2023,won,,,wikipedia-enum
lafca-best-picture,2024,Anora,2024,won,,,wikipedia-enum
lafca-best-picture,2025,One Battle After Another,2025,won,,,wikipedia-enum
nsfc-best-picture,1966,Blow-Up,1966,won,,,wikipedia-enum
nsfc-best-picture,1967,Persona,1967,won,,,wikipedia-enum
nsfc-best-picture,1968,Shame,1968,won,,,wikipedia-enum
nsfc-best-picture,1969,Z,1969,won,,,wikipedia-enum
nsfc-best-picture,1970,M*A*S*H,1970,won,,,wikipedia-enum
nsfc-best-picture,1971,Claire's Knee,1971,won,,,wikipedia-enum
nsfc-best-picture,1972,The Discreet Charm of the Bourgeoisie,1972,won,,,wikipedia-enum
nsfc-best-picture,1973,Day for Night,1973,won,,,wikipedia-enum
nsfc-best-picture,1974,Scenes from a Marriage,1974,won,,,wikipedia-enum
nsfc-best-picture,1975,Nashville,1975,won,,,wikipedia-enum
nsfc-best-picture,1976,All the President's Men,1976,won,,,wikipedia-enum
nsfc-best-picture,1977,Annie Hall,1977,won,,,wikipedia-enum
nsfc-best-picture,1978,Get Out Your Handkerchiefs,1978,won,,,wikipedia-enum
nsfc-best-picture,1979,Breaking Away,1979,won,,,wikipedia-enum
nsfc-best-picture,1980,Melvin and Howard,1980,won,,,wikipedia-enum
nsfc-best-picture,1981,Atlantic City,1981,won,,,wikipedia-enum
nsfc-best-picture,1982,Tootsie,1982,won,,,wikipedia-enum
nsfc-best-picture,1983,The Night of the Shooting Stars,1983,won,,,wikipedia-enum
nsfc-best-picture,1984,Stranger Than Paradise,1984,won,,,wikipedia-enum
nsfc-best-picture,1985,Ran,1985,won,,,wikipedia-enum
nsfc-best-picture,1986,Blue Velvet,1986,won,,,wikipedia-enum
nsfc-best-picture,1987,The Dead,1987,won,,,wikipedia-enum
nsfc-best-picture,1988,The Unbearable Lightness of Being,1988,won,,,wikipedia-enum
nsfc-best-picture,1989,Drugstore Cowboy,1989,won,,,wikipedia-enum
nsfc-best-picture,1990,Goodfellas,1990,won,,,wikipedia-enum
nsfc-best-picture,1991,Life Is Sweet,1991,won,,,wikipedia-enum
nsfc-best-picture,1992,Unforgiven,1992,won,,,wikipedia-enum
nsfc-best-picture,1993,Schindler's List,1993,won,,,wikipedia-enum
nsfc-best-picture,1994,Pulp Fiction,1994,won,,,wikipedia-enum
nsfc-best-picture,1995,Babe,1995,won,,,wikipedia-enum
nsfc-best-picture,1996,Breaking the Waves,1996,won,,,wikipedia-enum
nsfc-best-picture,1997,L.A. Confidential,1997,won,,,wikipedia-enum
nsfc-best-picture,1998,Out of Sight,1998,won,,,wikipedia-enum
nsfc-best-picture,1999,Being John Malkovich,1999,won,,,wikipedia-enum
nsfc-best-picture,2000,Yi Yi,2000,won,,,wikipedia-enum
nsfc-best-picture,2001,Mulholland Drive,2001,won,,,wikipedia-enum
nsfc-best-picture,2002,The Pianist,2002,won,,,wikipedia-enum
nsfc-best-picture,2003,American Splendor,2003,won,,,wikipedia-enum
nsfc-best-picture,2004,Million Dollar Baby,2004,won,,,wikipedia-enum
nsfc-best-picture,2005,Capote,2005,won,,,wikipedia-enum
nsfc-best-picture,2006,Pan's Labyrinth,2006,won,,,wikipedia-enum
nsfc-best-picture,2007,There Will Be Blood,2007,won,,,wikipedia-enum
nsfc-best-picture,2008,Waltz with Bashir,2008,won,,,wikipedia-enum
nsfc-best-picture,2009,The Hurt Locker,2009,won,,,wikipedia-enum
nsfc-best-picture,2010,The Social Network,2010,won,,,wikipedia-enum
nsfc-best-picture,2011,Melancholia,2011,won,,,wikipedia-enum
nsfc-best-picture,2012,Amour,2012,won,,,wikipedia-enum
nsfc-best-picture,2013,Inside Llewyn Davis,2013,won,,,wikipedia-enum
nsfc-best-picture,2014,Goodbye to Language,2014,won,,,wikipedia-enum
nsfc-best-picture,2015,Spotlight,2015,won,,,wikipedia-enum
nsfc-best-picture,2016,Moonlight,2016,won,,,wikipedia-enum
nsfc-best-picture,2017,Lady Bird,2017,won,,,wikipedia-enum
nsfc-best-picture,2018,The Rider,2018,won,,,wikipedia-enum
nsfc-best-picture,2019,Parasite,2019,won,,,wikipedia-enum
nsfc-best-picture,2020,Nomadland,2020,won,,,wikipedia-enum
nsfc-best-picture,2021,Drive My Car,2021,won,,,wikipedia-enum
nsfc-best-picture,2022,Tár,2022,won,,,wikipedia-enum
nsfc-best-picture,2023,Past Lives,2023,won,,,wikipedia-enum
nsfc-best-picture,2024,Nickel Boys,2024,won,,,wikipedia-enum
nsfc-best-picture,2025,One Battle After Another,2025,won,,,wikipedia-enum
nbr-best-film,1932,I Am a Fugitive from a Chain Gang,1932,won,,,wikipedia-enum
nbr-best-film,1933,Topaze,1933,won,,,wikipedia-enum
nbr-best-film,1934,It Happened One Night,1934,won,,,wikipedia-enum
nbr-best-film,1935,The Informer,1935,won,,,wikipedia-enum
nbr-best-film,1936,Mr. Deeds Goes to Town,1936,won,,,wikipedia-enum
nbr-best-film,1937,Night Must Fall,1937,won,,,wikipedia-enum
nbr-best-film,1938,The Citadel,1938,won,,,wikipedia-enum
nbr-best-film,1939,Confessions of a Nazi Spy,1939,won,,,wikipedia-enum
nbr-best-film,1940,The Grapes of Wrath,1940,won,,,wikipedia-enum
nbr-best-film,1941,Citizen Kane,1941,won,,,wikipedia-enum
nbr-best-film,1942,In Which We Serve,1942,won,,,wikipedia-enum
nbr-best-film,1943,The Ox-Bow Incident,1943,won,,,wikipedia-enum
nbr-best-film,1944,None But the Lonely Heart,1944,won,,,wikipedia-enum
nbr-best-film,1945,The True Glory,1945,won,,,wikipedia-enum
nbr-best-film,1946,Henry V,1946,won,,,wikipedia-enum
nbr-best-film,1947,Monsieur Verdoux,1947,won,,,wikipedia-enum
nbr-best-film,1948,Paisan,1948,won,,,wikipedia-enum
nbr-best-film,1949,Bicycle Thieves,1949,won,,,wikipedia-enum
nbr-best-film,1950,Sunset Boulevard,1950,won,,,wikipedia-enum
nbr-best-film,1951,A Place in the Sun,1951,won,,,wikipedia-enum
nbr-best-film,1952,The Quiet Man,1952,won,,,wikipedia-enum
nbr-best-film,1953,Julius Caesar,1953,won,,,wikipedia-enum
nbr-best-film,1954,On the Waterfront,1954,won,,,wikipedia-enum
nbr-best-film,1955,Marty,1955,won,,,wikipedia-enum
nbr-best-film,1956,Around the World in 80 Days,1956,won,,,wikipedia-enum
nbr-best-film,1957,The Bridge on the River Kwai,1957,won,,,wikipedia-enum
nbr-best-film,1958,The Old Man and the Sea,1958,won,,,wikipedia-enum
nbr-best-film,1959,The Nun's Story,1959,won,,,wikipedia-enum
nbr-best-film,1960,Sons and Lovers,1960,won,,,wikipedia-enum
nbr-best-film,1961,Question 7,1961,won,,,wikipedia-enum
nbr-best-film,1962,The Longest Day,1962,won,,,wikipedia-enum
nbr-best-film,1963,Tom Jones,1963,won,,,wikipedia-enum
nbr-best-film,1964,Becket,1964,won,,,wikipedia-enum
nbr-best-film,1965,The Eleanor Roosevelt Story,1965,won,,,wikipedia-enum
nbr-best-film,1966,A Man for All Seasons,1966,won,,,wikipedia-enum
nbr-best-film,1967,Far from the Madding Crowd,1967,won,,,wikipedia-enum
nbr-best-film,1968,The Shoes of the Fisherman,1968,won,,,wikipedia-enum
nbr-best-film,1969,"They Shoot Horses, Don't They?",1969,won,,,wikipedia-enum
nbr-best-film,1970,Patton,1970,won,,,wikipedia-enum
nbr-best-film,1971,Macbeth,1971,won,,,wikipedia-enum
nbr-best-film,1972,Cabaret,1972,won,,,wikipedia-enum
nbr-best-film,1973,The Sting,1973,won,,,wikipedia-enum
nbr-best-film,1974,The Conversation,1974,won,,,wikipedia-enum
nbr-best-film,1975,Barry Lyndon,1975,won,,,wikipedia-enum
nbr-best-film,1976,All the President's Men,1976,won,,,wikipedia-enum
nbr-best-film,1977,The Turning Point,1977,won,,,wikipedia-enum
nbr-best-film,1978,Days of Heaven,1978,won,,,wikipedia-enum
nbr-best-film,1979,Manhattan,1979,won,,,wikipedia-enum
nbr-best-film,1980,Ordinary People,1980,won,,,wikipedia-enum
nbr-best-film,1981,Chariots of Fire,1981,won,,,wikipedia-enum
nbr-best-film,1982,Gandhi,1982,won,,,wikipedia-enum
nbr-best-film,1983,Betrayal,1983,won,,,wikipedia-enum
nbr-best-film,1984,A Passage to India,1984,won,,,wikipedia-enum
nbr-best-film,1985,The Color Purple,1985,won,,,wikipedia-enum
nbr-best-film,1986,A Room with a View,1986,won,,,wikipedia-enum
nbr-best-film,1987,Empire of the Sun,1987,won,,,wikipedia-enum
nbr-best-film,1988,Mississippi Burning,1988,won,,,wikipedia-enum
nbr-best-film,1989,Driving Miss Daisy,1989,won,,,wikipedia-enum
nbr-best-film,1990,Dances with Wolves,1990,won,,,wikipedia-enum
nbr-best-film,1991,The Silence of the Lambs,1991,won,,,wikipedia-enum
nbr-best-film,1992,Howards End,1992,won,,,wikipedia-enum
nbr-best-film,1993,Schindler's List,1993,won,,,wikipedia-enum
nbr-best-film,1994,Forrest Gump,1994,won,,,wikipedia-enum
nbr-best-film,1995,Sense and Sensibility,1995,won,,,wikipedia-enum
nbr-best-film,1996,Shine,1996,won,,,wikipedia-enum
nbr-best-film,1997,L.A. Confidential,1997,won,,,wikipedia-enum
nbr-best-film,1998,Gods and Monsters,1998,won,,,wikipedia-enum
nbr-best-film,1999,American Beauty,1999,won,,,wikipedia-enum
nbr-best-film,2000,Quills,2000,won,,,wikipedia-enum
nbr-best-film,2001,Moulin Rouge!,2001,won,,,wikipedia-enum
nbr-best-film,2002,The Hours,2002,won,,,wikipedia-enum
nbr-best-film,2003,Mystic River,2003,won,,,wikipedia-enum
nbr-best-film,2004,Finding Neverland,2004,won,,,wikipedia-enum
nbr-best-film,2005,"Good Night, and Good Luck.",2005,won,,,wikipedia-enum
nbr-best-film,2006,Letters from Iwo Jima,2006,won,,,wikipedia-enum
nbr-best-film,2007,No Country for Old Men,2007,won,,,wikipedia-enum
nbr-best-film,2008,Slumdog Millionaire,2008,won,,,wikipedia-enum
nbr-best-film,2009,Up in the Air,2009,won,,,wikipedia-enum
nbr-best-film,2010,The Social Network,2010,won,,,wikipedia-enum
nbr-best-film,2011,Hugo,2011,won,,,wikipedia-enum
nbr-best-film,2012,Zero Dark Thirty,2012,won,,,wikipedia-enum
nbr-best-film,2013,Her,2013,won,,,wikipedia-enum
nbr-best-film,2014,A Most Violent Year,2014,won,,,wikipedia-enum
nbr-best-film,2015,Mad Max: Fury Road,2015,won,,,wikipedia-enum
nbr-best-film,2016,Manchester by the Sea,2016,won,,,wikipedia-enum
nbr-best-film,2017,The Post,2017,won,,,wikipedia-enum
nbr-best-film,2018,Green Book,2018,won,,,wikipedia-enum
nbr-best-film,2019,The Irishman,2019,won,,,wikipedia-enum
nbr-best-film,2020,Da 5 Bloods,2020,won,,,wikipedia-enum
nbr-best-film,2021,Licorice Pizza,2021,won,,,wikipedia-enum
nbr-best-film,2022,Top Gun: Maverick,2022,won,,,wikipedia-enum
nbr-best-film,2023,Killers of the Flower Moon,2023,won,,,wikipedia-enum
nbr-best-film,2024,Wicked,2024,won,,,wikipedia-enum
nbr-best-film,2025,One Battle After Another,2025,won,,,wikipedia-enum
locarno-golden-leopard,1953,Julius Caesar,1953,won,,,wikipedia-enum
locarno-golden-leopard,1954,Gate of Hell,1954,won,,,wikipedia-enum
locarno-golden-leopard,1955,Carmen Jones,1955,won,,,wikipedia-enum
locarno-golden-leopard,1957,Il grido,1957,won,,,wikipedia-enum
locarno-golden-leopard,1958,Ten North Frederick,1958,won,,,wikipedia-enum
locarno-golden-leopard,1959,Killer's Kiss,1959,won,,,wikipedia-enum
locarno-golden-leopard,1960,Il bell'Antonio,1960,won,,,wikipedia-enum
locarno-golden-leopard,1961,Fires on the Plain,1961,won,,,wikipedia-enum
locarno-golden-leopard,1962,The Winner,1962,won,,,wikipedia-enum
locarno-golden-leopard,1963,Transport from Paradise,1963,won,,,wikipedia-enum
locarno-golden-leopard,1964,Black Peter,1964,won,,,wikipedia-enum
locarno-golden-leopard,1965,Four in the Morning,1965,won,,,wikipedia-enum
locarno-golden-leopard,1966,Everyday Courage,1966,won,,,wikipedia-enum
locarno-golden-leopard,1967,Entranced Earth,1967,won,,,wikipedia-enum
locarno-golden-leopard,1968,The Visionaries,1968,won,,,wikipedia-enum
locarno-golden-leopard,1969,"Charles, Dead or Alive",1969,won,,,wikipedia-enum
locarno-golden-leopard,1970,End of the Road,1970,won,,,wikipedia-enum
locarno-golden-leopard,1971,They Have Changed Their Face,1971,won,,,wikipedia-enum
locarno-golden-leopard,1972,Bleak Moments,1972,won,,,wikipedia-enum
locarno-golden-leopard,1973,The Illumination,1973,won,,,wikipedia-enum
locarno-golden-leopard,1974,25 Fireman's Street,1974,won,,,wikipedia-enum
locarno-golden-leopard,1975,The Son of Amir Is Dead,1975,won,,,wikipedia-enum
locarno-golden-leopard,1976,The Big Night,1976,won,,,wikipedia-enum
locarno-golden-leopard,1977,Antonio Gramsci: The Days of Prison,1977,won,,,wikipedia-enum
locarno-golden-leopard,1978,The Idlers of the Fertile Valley,1978,won,,,wikipedia-enum
locarno-golden-leopard,1979,The Herd,1979,won,,,wikipedia-enum
locarno-golden-leopard,1980,To Love the Damned,1980,won,,,wikipedia-enum
locarno-golden-leopard,1981,The Vicious Circle,1981,won,,,wikipedia-enum
locarno-golden-leopard,1983,The Princess,1983,won,,,wikipedia-enum
locarno-golden-leopard,1984,Stranger Than Paradise,1984,won,,,wikipedia-enum
locarno-golden-leopard,1985,Alpine Fire,1985,won,,,wikipedia-enum
locarno-golden-leopard,1986,Lake of Constance,1986,won,,,wikipedia-enum
locarno-golden-leopard,1987,The Jester,1987,won,,,wikipedia-enum
locarno-golden-leopard,1988,"Distant Voices, Still Lives",1988,won,,,wikipedia-enum
locarno-golden-leopard,1989,Why Has Bodhi-Dharma Left for the East?,1989,won,,,wikipedia-enum
locarno-golden-leopard,1990,Accidental Waltz,1990,won,,,wikipedia-enum
locarno-golden-leopard,1991,Johnny Suede,1991,won,,,wikipedia-enum
locarno-golden-leopard,1992,Autumn Moon,1992,won,,,wikipedia-enum
locarno-golden-leopard,1993,The Place on a Grey Tricorne,1993,won,,,wikipedia-enum
locarno-golden-leopard,1994,Khomreh,1994,won,,,wikipedia-enum
locarno-golden-leopard,1995,Raï,1995,won,,,wikipedia-enum
locarno-golden-leopard,1996,Nenette and Boni,1996,won,,,wikipedia-enum
locarno-golden-leopard,1997,The Mirror,1997,won,,,wikipedia-enum
locarno-golden-leopard,1998,Mr. Zhao,1998,won,,,wikipedia-enum
locarno-golden-leopard,1999,"Skin of Man, Heart of Beast",1999,won,,,wikipedia-enum
locarno-golden-leopard,2000,Father,2000,won,,,wikipedia-enum
locarno-golden-leopard,2001,Off to the Revolution by a 2CV,2001,won,,,wikipedia-enum
locarno-golden-leopard,2002,The Longing,2002,won,,,wikipedia-enum
locarno-golden-leopard,2003,Khamosh Pani,2003,won,,,wikipedia-enum
locarno-golden-leopard,2004,Private,2004,won,,,wikipedia-enum
locarno-golden-leopard,2005,Nine Lives,2005,won,,,wikipedia-enum
locarno-golden-leopard,2006,Das Fräulein,2006,won,,,wikipedia-enum
locarno-golden-leopard,2007,The Rebirth,2007,won,,,wikipedia-enum
locarno-golden-leopard,2008,Parque Vía,2008,won,,,wikipedia-enum
locarno-golden-leopard,2009,"She, a Chinese",2009,won,,,wikipedia-enum
locarno-golden-leopard,2010,Winter Vacation,2010,won,,,wikipedia-enum
locarno-golden-leopard,2011,Back to Stay,2011,won,,,wikipedia-enum
locarno-golden-leopard,2012,The Girl from Nowhere,2012,won,,,wikipedia-enum
locarno-golden-leopard,2013,Story of My Death,2013,won,,,wikipedia-enum
locarno-golden-leopard,2014,From What Is Before,2014,won,,,wikipedia-enum
locarno-golden-leopard,2015,"Right Now, Wrong Then",2015,won,,,wikipedia-enum
locarno-golden-leopard,2016,Godless,2016,won,,,wikipedia-enum
locarno-golden-leopard,2017,Mrs. Fang,2017,won,,,wikipedia-enum
locarno-golden-leopard,2018,A Land Imagined,2018,won,,,wikipedia-enum
locarno-golden-leopard,2019,Vitalina Varela,2019,won,,,wikipedia-enum
locarno-golden-leopard,2021,"Vengeance Is Mine, All Others Pay Cash",2021,won,,,wikipedia-enum
locarno-golden-leopard,2022,Rule 34,2022,won,,,wikipedia-enum
locarno-golden-leopard,2023,Critical Zone,2023,won,,,wikipedia-enum
locarno-golden-leopard,2024,Toxic,2024,won,,,wikipedia-enum
locarno-golden-leopard,2025,"Two Seasons, Two Strangers",2025,won,,,wikipedia-enum
rotterdam-tiger-award,1995,Postman,1995,won,,shared,wikipedia-enum
rotterdam-tiger-award,1995,How Old Is the River?,1995,won,,shared,wikipedia-enum
rotterdam-tiger-award,1995,"Thalassa, Thalassa, Ruckkehr Zum Mmer",1995,won,,shared,wikipedia-enum
rotterdam-tiger-award,1996,Sons,1996,won,,shared,wikipedia-enum
rotterdam-tiger-award,1996,Like Grains of Sand,1996,won,,shared,wikipedia-enum
rotterdam-tiger-award,1996,Small Faces,1996,won,,shared,wikipedia-enum
rotterdam-tiger-award,1997,Last Holiday,1997,won,,shared,wikipedia-enum
rotterdam-tiger-award,1997,The Day a Pig Fell into the Well,1997,won,,shared,wikipedia-enum
rotterdam-tiger-award,1997,Robinson in Space,1997,won,,shared,wikipedia-enum
rotterdam-tiger-award,1998,Buttoners,1998,won,,shared,wikipedia-enum
rotterdam-tiger-award,1998,Round the Moons Between Earth and Sea,1998,won,,shared,wikipedia-enum
rotterdam-tiger-award,1998,The Inheritors,1998,won,,shared,wikipedia-enum
rotterdam-tiger-award,1999,The Iron Heel of Oligarchy,1999,won,,shared,wikipedia-enum
rotterdam-tiger-award,1999,More Than Yesterday,1999,won,,shared,wikipedia-enum
rotterdam-tiger-award,1999,Following,1999,won,,shared,wikipedia-enum
rotterdam-tiger-award,2000,Suzhou River,2000,won,,shared,wikipedia-enum
rotterdam-tiger-award,2000,Crane World,2000,won,,shared,wikipedia-enum
rotterdam-tiger-award,2000,Bye Bye Blue Bird,2000,won,,shared,wikipedia-enum
rotterdam-tiger-award,2001,Bad Company,2001,won,,shared,wikipedia-enum
rotterdam-tiger-award,2001,The Days Between,2001,won,,shared,wikipedia-enum
rotterdam-tiger-award,2001,25 Watts,2001,won,,shared,wikipedia-enum
rotterdam-tiger-award,2002,Sleeping Rough,2002,won,,shared,wikipedia-enum
rotterdam-tiger-award,2002,Everyday God Kisses Us on the Mouth,2002,won,,shared,wikipedia-enum
rotterdam-tiger-award,2002,Wild Bees,2002,won,,shared,wikipedia-enum
rotterdam-tiger-award,2003,With Love. Lilya,2003,won,,shared,wikipedia-enum
rotterdam-tiger-award,2003,Strange,2003,won,,shared,wikipedia-enum
rotterdam-tiger-award,2003,Jealousy Is My Middle Name,2003,won,,shared,wikipedia-enum
rotterdam-tiger-award,2004,The Missing,2004,won,,shared,wikipedia-enum
rotterdam-tiger-award,2004,Summer in the Golden Valley,2004,won,,shared,wikipedia-enum
rotterdam-tiger-award,2004,En Route,2004,won,,shared,wikipedia-enum
rotterdam-tiger-award,2005,Changing Destiny,2005,won,,shared,wikipedia-enum
rotterdam-tiger-award,2005,4,2005,won,,shared,wikipedia-enum
rotterdam-tiger-award,2005,The Sky Turns,2005,won,,shared,wikipedia-enum
rotterdam-tiger-award,2006,Walking on the Wild Side,2006,won,,shared,wikipedia-enum
rotterdam-tiger-award,2006,The Dog Pound,2006,won,,shared,wikipedia-enum
rotterdam-tiger-award,2006,Old Joy,2006,won,,shared,wikipedia-enum
rotterdam-tiger-award,2007,Love Conquers All,2007,won,,shared,wikipedia-enum
rotterdam-tiger-award,2007,The Unpolished,2007,won,,shared,wikipedia-enum
rotterdam-tiger-award,2007,Bog of Beasts,2007,won,,shared,wikipedia-enum
rotterdam-tiger-award,2007,AFR,2007,won,,shared,wikipedia-enum
rotterdam-tiger-award,2008,Go With Peace Jamil,2008,won,,shared,wikipedia-enum
rotterdam-tiger-award,2008,Wonderful Town,2008,won,,shared,wikipedia-enum
rotterdam-tiger-award,2008,Flower in the Pocket,2008,won,,shared,wikipedia-enum
rotterdam-tiger-award,2009,Be Calm and Count to Seven,2009,won,,shared,wikipedia-enum
rotterdam-tiger-award,2009,Breathless,2009,won,,shared,wikipedia-enum
rotterdam-tiger-award,2009,Wrong Rosary,2009,won,,shared,wikipedia-enum
rotterdam-tiger-award,2010,Cold Water of the Sea,2010,won,,shared,wikipedia-enum
rotterdam-tiger-award,2010,Alamar,2010,won,,shared,wikipedia-enum
rotterdam-tiger-award,2010,Mundane History,2010,won,,shared,wikipedia-enum
rotterdam-tiger-award,2011,The Journals of Musan,2011,won,,shared,wikipedia-enum
rotterdam-tiger-award,2011,Finisterrae,2011,won,,shared,wikipedia-enum
rotterdam-tiger-award,2011,Eternity,2011,won,,shared,wikipedia-enum
rotterdam-tiger-award,2012,Klip,2012,won,,shared,wikipedia-enum
rotterdam-tiger-award,2012,Thursday Till Sunday,2012,won,,shared,wikipedia-enum
rotterdam-tiger-award,2012,Egg and Stone,2012,won,,shared,wikipedia-enum
rotterdam-tiger-award,2013,My Dog Killer,2013,won,,shared,wikipedia-enum
rotterdam-tiger-award,2013,Soldier Jane,2013,won,,shared,wikipedia-enum
rotterdam-tiger-award,2013,Fat Shaker,2013,won,,shared,wikipedia-enum
rotterdam-tiger-award,2014,Anatomy of a Paper Clip,2014,won,,shared,wikipedia-enum
rotterdam-tiger-award,2014,Something Must Break,2014,won,,shared,wikipedia-enum
rotterdam-tiger-award,2014,Han Gong-ju,2014,won,,shared,wikipedia-enum
rotterdam-tiger-award,2015,The Project of the Century,2015,won,,shared,wikipedia-enum
rotterdam-tiger-award,2015,Videophilia (and Other Viral Syndromes),2015,won,,shared,wikipedia-enum
rotterdam-tiger-award,2015,Vanishing Point,2015,won,,shared,wikipedia-enum
rotterdam-tiger-award,2016,Radio Dreams,2016,won,,,wikipedia-enum
rotterdam-tiger-award,2017,Sexy Durga,2017,won,,,wikipedia-enum
rotterdam-tiger-award,2018,The Widowed Witch,2018,won,,,wikipedia-enum
rotterdam-tiger-award,2019,Present.Perfect.,2019,won,,,wikipedia-enum
rotterdam-tiger-award,2020,The Cloud In Her Room,2020,won,,,wikipedia-enum
rotterdam-tiger-award,2021,Pebbles,2021,won,,,wikipedia-enum
rotterdam-tiger-award,2022,EAMI,2022,won,,,wikipedia-enum
rotterdam-tiger-award,2023,Le spectre de Boko Haram,2023,won,,,wikipedia-enum
rotterdam-tiger-award,2024,Rei,2024,won,,,wikipedia-enum
rotterdam-tiger-award,2025,Fiume o morte!,2025,won,,,wikipedia-enum
rotterdam-tiger-award,2026,Variations on a Theme!,2026,won,,,wikipedia-enum
san-sebastian-golden-shell,1953,I Was a Parish Priest,1953,won,,,wikipedia-enum
san-sebastian-golden-shell,1954,Cursed Mountain,1954,won,,,wikipedia-enum
san-sebastian-golden-shell,1955,Days of Love,1955,won,,,wikipedia-enum
san-sebastian-golden-shell,1956,The Railroad Man,1956,won,,,wikipedia-enum
san-sebastian-golden-shell,1957,Oh! Sabella,1957,won,,,wikipedia-enum
san-sebastian-golden-shell,1958,Eve Wants to Sleep,1958,won,,,wikipedia-enum
san-sebastian-golden-shell,1959,The Nun's Story,1959,won,,,wikipedia-enum
san-sebastian-golden-shell,1960,"Romeo, Juliet and Darkness",1960,won,,,wikipedia-enum
san-sebastian-golden-shell,1961,One-Eyed Jacks,1961,won,,,wikipedia-enum
san-sebastian-golden-shell,1962,Arturo's Island,1962,won,,,wikipedia-enum
san-sebastian-golden-shell,1963,Mafioso,1963,won,,,wikipedia-enum
san-sebastian-golden-shell,1964,"America, America",1964,won,,,wikipedia-enum
san-sebastian-golden-shell,1966,I Was Happy Here,1966,won,,,wikipedia-enum
san-sebastian-golden-shell,1967,Two for the Road,1967,won,,,wikipedia-enum
san-sebastian-golden-shell,1968,The Long Day's Dying,1968,won,,,wikipedia-enum
san-sebastian-golden-shell,1969,The Rain People,1969,won,,,wikipedia-enum
san-sebastian-golden-shell,1970,Dead of Summer,1970,won,,,wikipedia-enum
san-sebastian-golden-shell,1971,Claire's Knee,1971,won,,,wikipedia-enum
san-sebastian-golden-shell,1972,The Glass House,1972,won,,,wikipedia-enum
san-sebastian-golden-shell,1973,The Spirit of the Beehive,1973,won,,,wikipedia-enum
san-sebastian-golden-shell,1974,Badlands,1974,won,,,wikipedia-enum
san-sebastian-golden-shell,1975,Poachers,1975,won,,,wikipedia-enum
san-sebastian-golden-shell,1976,Gypsies Are Found Near Heaven,1976,won,,,wikipedia-enum
san-sebastian-golden-shell,1977,An Unfinished Piece for Mechanical Piano,1977,won,,,wikipedia-enum
san-sebastian-golden-shell,1978,Alambrista!,1978,won,,,wikipedia-enum
san-sebastian-golden-shell,1979,Autumn Marathon,1979,won,,,wikipedia-enum
san-sebastian-golden-shell,1980,The Orchestra Conductor,1980,won,,,wikipedia-enum
san-sebastian-golden-shell,1981,Tales of Ordinary Madness,1981,won,,,wikipedia-enum
san-sebastian-golden-shell,1982,Demons in the Garden,1982,won,,,wikipedia-enum
san-sebastian-golden-shell,1983,Entre Nous,1983,won,,,wikipedia-enum
san-sebastian-golden-shell,1984,Rumble Fish,1984,won,,,wikipedia-enum
san-sebastian-golden-shell,1985,Yesterday,1985,won,,,wikipedia-enum
san-sebastian-golden-shell,1986,Half of Heaven,1986,won,,,wikipedia-enum
san-sebastian-golden-shell,1987,Wedding in Galilee,1987,won,,,wikipedia-enum
san-sebastian-golden-shell,1988,On the Black Hill,1988,won,,,wikipedia-enum
san-sebastian-golden-shell,1990,Letters from Alou,1990,won,,,wikipedia-enum
san-sebastian-golden-shell,1991,Butterfly Wings,1991,won,,,wikipedia-enum
san-sebastian-golden-shell,1992,A Place in the World,1992,won,,,wikipedia-enum
san-sebastian-golden-shell,1995,Margaret's Museum,1995,won,,,wikipedia-enum
san-sebastian-golden-shell,1997,The Swindle,1997,won,,,wikipedia-enum
san-sebastian-golden-shell,1998,Wind with the Gone,1998,won,,,wikipedia-enum
san-sebastian-golden-shell,1999,C'est quoi la vie?,1999,won,,,wikipedia-enum
san-sebastian-golden-shell,2000,The Ruination of Men,2000,won,,,wikipedia-enum
san-sebastian-golden-shell,2001,A Cab for Three,2001,won,,,wikipedia-enum
san-sebastian-golden-shell,2002,Mondays in the Sun,2002,won,,,wikipedia-enum
san-sebastian-golden-shell,2003,Gun-shy,2003,won,,,wikipedia-enum
san-sebastian-golden-shell,2004,Turtles Can Fly,2004,won,,,wikipedia-enum
san-sebastian-golden-shell,2005,Something Like Happiness,2005,won,,,wikipedia-enum
san-sebastian-golden-shell,2007,A Thousand Years of Good Prayers,2007,won,,,wikipedia-enum
san-sebastian-golden-shell,2008,Pandora's Box,2008,won,,,wikipedia-enum
san-sebastian-golden-shell,2009,City of Life and Death,2009,won,,,wikipedia-enum
san-sebastian-golden-shell,2010,Neds,2010,won,,,wikipedia-enum
san-sebastian-golden-shell,2011,Los pasos dobles,2011,won,,,wikipedia-enum
san-sebastian-golden-shell,2012,In the House,2012,won,,,wikipedia-enum
san-sebastian-golden-shell,2013,Bad Hair,2013,won,,,wikipedia-enum
san-sebastian-golden-shell,2014,Magical Girl,2014,won,,,wikipedia-enum
san-sebastian-golden-shell,2015,Sparrows,2015,won,,,wikipedia-enum
san-sebastian-golden-shell,2016,I Am Not Madame Bovary,2016,won,,,wikipedia-enum
san-sebastian-golden-shell,2017,The Disaster Artist,2017,won,,,wikipedia-enum
san-sebastian-golden-shell,2018,Between Two Waters,2018,won,,,wikipedia-enum
san-sebastian-golden-shell,2019,Pacified,2019,won,,,wikipedia-enum
san-sebastian-golden-shell,2020,Beginning,2020,won,,,wikipedia-enum
san-sebastian-golden-shell,2021,Blue Moon,2021,won,,,wikipedia-enum
san-sebastian-golden-shell,2022,The Kings of the World,2022,won,,,wikipedia-enum
san-sebastian-golden-shell,2023,The Rye Horn,2023,won,,,wikipedia-enum
san-sebastian-golden-shell,2024,Afternoons of Solitude,2024,won,,,wikipedia-enum
san-sebastian-golden-shell,2025,Sundays,2025,won,,,wikipedia-enum
san-sebastian-golden-shell,1965,Golden Queen,1965,won,,shared,wikipedia-enum
san-sebastian-golden-shell,1965,Mirage,1965,won,,shared,wikipedia-enum
san-sebastian-golden-shell,1989,Homer and Eddie,1989,won,,shared,wikipedia-enum
san-sebastian-golden-shell,1989,La nación clandestina,1989,won,,shared,wikipedia-enum
san-sebastian-golden-shell,1993,The Beginning and the End,1993,won,,shared,wikipedia-enum
san-sebastian-golden-shell,1993,Sara,1993,won,,shared,wikipedia-enum
san-sebastian-golden-shell,1996,Bwana,1996,won,,shared,wikipedia-enum
san-sebastian-golden-shell,1996,Trojan Eddie,1996,won,,shared,wikipedia-enum
san-sebastian-golden-shell,2006,Half Moon,2006,won,,shared,wikipedia-enum
san-sebastian-golden-shell,2006,Mon fils à moi,2006,won,,shared,wikipedia-enum
karlovy-vary-crystal-globe,1948,The Last Stage,1948,won,,,wikipedia-enum
karlovy-vary-crystal-globe,1949,The Battle of Stalingrad 1,1949,won,,,wikipedia-enum
karlovy-vary-crystal-globe,1950,The Fall of Berlin,1950,won,,,wikipedia-enum
karlovy-vary-crystal-globe,1951,Dream of a Cossack,1951,won,,,wikipedia-enum
karlovy-vary-crystal-globe,1952,The Unforgettable Year 1919,1952,won,,,wikipedia-enum
karlovy-vary-crystal-globe,1956,If All the Guys in the World,1956,won,,,wikipedia-enum
karlovy-vary-crystal-globe,1957,Jagte Raho,1957,won,,,wikipedia-enum
karlovy-vary-crystal-globe,1958,And Quiet Flows the Don,1958,won,,shared,wikipedia-enum
karlovy-vary-crystal-globe,1962,Nine Days of One Year,1962,won,,,wikipedia-enum
karlovy-vary-crystal-globe,1964,Accused,1964,won,,,wikipedia-enum
karlovy-vary-crystal-globe,1968,Capricious Summer,1968,won,,,wikipedia-enum
karlovy-vary-crystal-globe,1972,Taming of the Fire,1972,won,,,wikipedia-enum
karlovy-vary-crystal-globe,1974,A Lover's Romance,1974,won,,,wikipedia-enum
karlovy-vary-crystal-globe,1978,Shadows of a Hot Summer,1978,won,,shared,wikipedia-enum
karlovy-vary-crystal-globe,1980,The Fiancee,1980,won,,,wikipedia-enum
karlovy-vary-crystal-globe,1982,Red Bells,1982,won,,,wikipedia-enum
karlovy-vary-crystal-globe,1988,Hibiscus Town,1988,won,,,wikipedia-enum
karlovy-vary-crystal-globe,1994,My Soul Brother,1994,won,,,wikipedia-enum
karlovy-vary-crystal-globe,1995,The Ride,1995,won,,,wikipedia-enum
karlovy-vary-crystal-globe,1996,Prisoner of the Mountains,1996,won,,,wikipedia-enum
karlovy-vary-crystal-globe,1997,My Life in Pink,1997,won,,,wikipedia-enum
karlovy-vary-crystal-globe,1998,Streetheart,1998,won,,,wikipedia-enum
karlovy-vary-crystal-globe,1999,Yana's Friends,1999,won,,,wikipedia-enum
karlovy-vary-crystal-globe,2000,Me You Them,2000,won,,,wikipedia-enum
karlovy-vary-crystal-globe,2001,Amélie,2001,won,,,wikipedia-enum
karlovy-vary-crystal-globe,2002,Year of the Devil,2002,won,,,wikipedia-enum
karlovy-vary-crystal-globe,2003,Facing Windows,2003,won,,,wikipedia-enum
karlovy-vary-crystal-globe,2004,A Children's Story,2004,won,,,wikipedia-enum
karlovy-vary-crystal-globe,2005,My Nikifor,2005,won,,,wikipedia-enum
karlovy-vary-crystal-globe,2006,Sherrybaby,2006,won,,,wikipedia-enum
karlovy-vary-crystal-globe,2007,Jar City,2007,won,,,wikipedia-enum
karlovy-vary-crystal-globe,2008,Terribly Happy,2008,won,,,wikipedia-enum
karlovy-vary-crystal-globe,2009,Angel at Sea,2009,won,,,wikipedia-enum
karlovy-vary-crystal-globe,2010,The Mosquito Net,2010,won,,,wikipedia-enum
karlovy-vary-crystal-globe,2011,Restoration,2011,won,,,wikipedia-enum
karlovy-vary-crystal-globe,2012,The Almost Man,2012,won,,,wikipedia-enum
karlovy-vary-crystal-globe,2013,The Notebook,2013,won,,,wikipedia-enum
karlovy-vary-crystal-globe,2014,Corn Island,2014,won,,,wikipedia-enum
karlovy-vary-crystal-globe,2015,Bob and the Trees,2015,won,,,wikipedia-enum
karlovy-vary-crystal-globe,2016,It's Not the Time of My Life,2016,won,,,wikipedia-enum
karlovy-vary-crystal-globe,2017,Little Crusader,2017,won,,,wikipedia-enum
karlovy-vary-crystal-globe,2018,I Do Not Care If We Go Down in History as Barbarians,2018,won,,,wikipedia-enum
karlovy-vary-crystal-globe,2019,The Father,2019,won,,,wikipedia-enum
karlovy-vary-crystal-globe,2021,As Far as I Can Walk,2021,won,,,wikipedia-enum
karlovy-vary-crystal-globe,2022,Summer with Hope,2022,won,,,wikipedia-enum
karlovy-vary-crystal-globe,2023,Blaga's Lessons,2023,won,,,wikipedia-enum
karlovy-vary-crystal-globe,2024,A Sudden Glimpse to Deeper Things,2024,won,,,wikipedia-enum
karlovy-vary-crystal-globe,2025,Better Go Mad in the Wild,2025,won,,,wikipedia-enum
karlovy-vary-crystal-globe,1954,Salt of the Earth,1954,won,,shared,wikipedia-enum
karlovy-vary-crystal-globe,1954,True Friends,1954,won,,shared,wikipedia-enum
karlovy-vary-crystal-globe,1960,Seryozha,1960,won,,,wikipedia-enum
karlovy-vary-crystal-globe,1976,Cantata de Chile,1976,won,,,wikipedia-enum
karlovy-vary-crystal-globe,1984,Lev Tolstoy,1984,won,,,wikipedia-enum
karlovy-vary-crystal-globe,1986,A Street to Die,1986,won,,,wikipedia-enum
karlovy-vary-crystal-globe,1992,Krapatchouk,1992,won,,,wikipedia-enum
karlovy-vary-crystal-globe,1958,Stepbrothers,1958,won,,shared,wikipedia-enum
karlovy-vary-crystal-globe,1978,White Bim Black Ear,1978,won,,shared,wikipedia-enum
guardian-21st-century,2019,There Will Be Blood,2007,listed,1,,wikipedia-enum
guardian-21st-century,2019,12 Years a Slave,2013,listed,2,,wikipedia-enum
guardian-21st-century,2019,Boyhood,2014,listed,3,,wikipedia-enum
guardian-21st-century,2019,Under the Skin,2014,listed,4,,wikipedia-enum
guardian-21st-century,2019,In the Mood for Love,2000,listed,5,,wikipedia-enum
guardian-21st-century,2019,Hidden,2005,listed,6,,wikipedia-enum
guardian-21st-century,2019,"Synecdoche, New York",2008,listed,7,,wikipedia-enum
guardian-21st-century,2019,Moonlight,2016,listed,8,,wikipedia-enum
guardian-21st-century,2019,Zama,2018,listed,9,,wikipedia-enum
guardian-21st-century,2019,Team America: World Police,2004,listed,10,,wikipedia-enum
guardian-21st-century,2019,Mulholland Drive,2001,listed,11,,wikipedia-enum
guardian-21st-century,2019,Son of Saul,2015,listed,12,,wikipedia-enum
guardian-21st-century,2019,Far From Heaven,2002,listed,13,,wikipedia-enum
guardian-21st-century,2019,White Material,2010,listed,14,,wikipedia-enum
guardian-21st-century,2019,Shoplifters,2018,listed,15,,wikipedia-enum
guardian-21st-century,2019,The Act of Killing,2012,listed,16,,wikipedia-enum
guardian-21st-century,2019,The Great Beauty,2013,listed,17,,wikipedia-enum
guardian-21st-century,2019,A Serious Man,2009,listed,18,,wikipedia-enum
guardian-21st-century,2019,Lincoln,2012,listed,19,,wikipedia-enum
guardian-21st-century,2019,Roma,2018,listed,20,,wikipedia-enum
guardian-21st-century,2019,The White Ribbon,2009,listed,21,,wikipedia-enum
guardian-21st-century,2019,Spirited Away,2001,listed,22,,wikipedia-enum
guardian-21st-century,2019,Borat: Cultural Learnings of America for Make Benefit Glorious Nation of Kazakhstan,2006,listed,23,,wikipedia-enum
guardian-21st-century,2019,Ida,2013,listed,24,,wikipedia-enum
guardian-21st-century,2019,Get Out,2017,listed,25,,wikipedia-enum
guardian-21st-century,2019,Yi Yi,2000,listed,26,,wikipedia-enum
guardian-21st-century,2019,The Grand Budapest Hotel,2014,listed,27,,wikipedia-enum
guardian-21st-century,2019,The Tree of Life,2011,listed,28,,wikipedia-enum
guardian-21st-century,2019,Nebraska,2013,listed,29,,wikipedia-enum
guardian-21st-century,2019,Leviathan,2014,listed,30,,wikipedia-enum
guardian-21st-century,2019,Anomalisa,2015,listed,31,,wikipedia-enum
guardian-21st-century,2019,Gravity,2013,listed,32,,wikipedia-enum
guardian-21st-century,2019,The Royal Tenenbaums,2001,listed,33,,wikipedia-enum
guardian-21st-century,2019,The Child,2005,listed,34,,wikipedia-enum
guardian-21st-century,2019,45 Years,2015,listed,35,,wikipedia-enum
guardian-21st-century,2019,A Separation,2011,listed,36,,wikipedia-enum
guardian-21st-century,2019,Dogville,2003,listed,37,,wikipedia-enum
guardian-21st-century,2019,Once Upon a Time in Anatolia,2011,listed,38,,wikipedia-enum
guardian-21st-century,2019,Meek's Cutoff,2010,listed,39,,wikipedia-enum
guardian-21st-century,2019,Unrelated,2007,listed,40,,wikipedia-enum
guardian-21st-century,2019,The Handmaiden,2016,listed,41,,wikipedia-enum
guardian-21st-century,2019,"4 Months, 3 Weeks and 2 Days",2007,listed,42,,wikipedia-enum
guardian-21st-century,2019,The Wolf of Wall Street,2013,listed,43,,wikipedia-enum
guardian-21st-century,2019,Toni Erdmann,2016,listed,44,,wikipedia-enum
guardian-21st-century,2019,13th,2016,listed,45,,wikipedia-enum
guardian-21st-century,2019,Volver,2006,listed,46,,wikipedia-enum
guardian-21st-century,2019,Margaret,2011,listed,47,,wikipedia-enum
guardian-21st-century,2019,The House of Mirth,2000,listed,48,,wikipedia-enum
guardian-21st-century,2019,24 Hour Party People,2002,listed,49,,wikipedia-enum
guardian-21st-century,2019,Before Sunset,2004,listed,50,,wikipedia-enum
guardian-21st-century,2019,"Crouching Tiger, Hidden Dragon",2000,listed,51,,wikipedia-enum
guardian-21st-century,2019,Amores Perros,2000,listed,52,,wikipedia-enum
guardian-21st-century,2019,Fire at Sea,2016,listed,53,,wikipedia-enum
guardian-21st-century,2019,The Social Network,2010,listed,54,,wikipedia-enum
guardian-21st-century,2019,Russian Ark,2002,listed,55,,wikipedia-enum
guardian-21st-century,2019,Behind the Candelabra,2013,listed,56,,wikipedia-enum
guardian-21st-century,2019,Leave No Trace,2018,listed,57,,wikipedia-enum
guardian-21st-century,2019,Wuthering Heights,2011,listed,58,,wikipedia-enum
guardian-21st-century,2019,Gangs of Wasseypur,2012,listed,59,,wikipedia-enum
guardian-21st-century,2019,Gangs of Wasseypur II,2012,listed,60,,wikipedia-enum
guardian-21st-century,2019,Ted,2012,listed,61,,wikipedia-enum
guardian-21st-century,2019,The Souvenir,2019,listed,62,,wikipedia-enum
guardian-21st-century,2019,Waiting for Happiness,2002,listed,63,,wikipedia-enum
guardian-21st-century,2019,We Need to Talk About Kevin,2011,listed,64,,wikipedia-enum
guardian-21st-century,2019,The Incredibles,2004,listed,65,,wikipedia-enum
guardian-21st-century,2019,Happy as Lazzaro,2018,listed,66,,wikipedia-enum
guardian-21st-century,2019,Brokeback Mountain,2005,listed,67,,wikipedia-enum
guardian-21st-century,2019,Dogtooth,2009,listed,68,,wikipedia-enum
guardian-21st-century,2019,Mr. Turner,2014,listed,69,,wikipedia-enum
guardian-21st-century,2019,Paddington 2,2017,listed,70,,wikipedia-enum
guardian-21st-century,2019,Anchorman: The Legend of Ron Burgundy,2004,listed,71,,wikipedia-enum
guardian-21st-century,2019,Capernaum,2018,listed,72,,wikipedia-enum
guardian-21st-century,2019,Waltz With Bashir,2008,listed,73,,wikipedia-enum
guardian-21st-century,2019,Love & Friendship,2016,listed,74,,wikipedia-enum
guardian-21st-century,2019,A Prophet,2009,listed,75,,wikipedia-enum
guardian-21st-century,2019,Philomena,2013,listed,76,,wikipedia-enum
guardian-21st-century,2019,Lost in Translation,2003,listed,78,,wikipedia-enum
guardian-21st-century,2019,Ocean's Eleven,2001,listed,79,,wikipedia-enum
guardian-21st-century,2019,Persepolis,2007,listed,80,,wikipedia-enum
guardian-21st-century,2019,Requiem for a Dream,2000,listed,81,,wikipedia-enum
guardian-21st-century,2019,Fish Tank,2009,listed,82,,wikipedia-enum
guardian-21st-century,2019,Stories We Tell,2012,listed,83,,wikipedia-enum
guardian-21st-century,2019,The Son's Room,2001,listed,84,,wikipedia-enum
guardian-21st-century,2019,Tropical Malady,2005,listed,85,,wikipedia-enum
guardian-21st-century,2019,Burning,2018,listed,86,,wikipedia-enum
guardian-21st-century,2019,No Country for Old Men,2007,listed,87,,wikipedia-enum
guardian-21st-century,2019,The Wind That Shakes the Barley,2006,listed,88,,wikipedia-enum
guardian-21st-century,2019,Gomorrah,2008,listed,89,,wikipedia-enum
guardian-21st-century,2019,The Selfish Giant,2013,listed,90,,wikipedia-enum
guardian-21st-century,2019,Eden,2014,listed,91,,wikipedia-enum
guardian-21st-century,2019,To Be and to Have,2002,listed,92,,wikipedia-enum
guardian-21st-century,2019,The Hurt Locker,2008,listed,93,,wikipedia-enum
guardian-21st-century,2019,"You, the Living",2007,listed,94,,wikipedia-enum
guardian-21st-century,2019,Gladiator,2000,listed,95,,wikipedia-enum
guardian-21st-century,2019,Call Me by Your Name,2017,listed,96,,wikipedia-enum
guardian-21st-century,2019,Private Life,2018,listed,97,,wikipedia-enum
guardian-21st-century,2019,Fahrenheit 9/11,2004,listed,98,,wikipedia-enum
guardian-21st-century,2019,The Dark Knight,2008,listed,99,,wikipedia-enum
guardian-21st-century,2019,Bright Star,2009,listed,100,,wikipedia-enum
guardian-21st-century,2019,Once Upon a Time… in Hollywood,2019,listed,101,,wikipedia-enum
cahiers-100-plus-beaux,2008,Citizen Kane,1941,listed,1,,wikipedia-enum
cahiers-100-plus-beaux,2008,The Night of the Hunter,1955,listed,2,,wikipedia-enum
cahiers-100-plus-beaux,2008,The Rules of the Game,1939,listed,3,,wikipedia-enum
cahiers-100-plus-beaux,2008,Sunrise,1927,listed,4,,wikipedia-enum
cahiers-100-plus-beaux,2008,L'Atalante,1934,listed,5,,wikipedia-enum
cahiers-100-plus-beaux,2008,M,1931,listed,6,,wikipedia-enum
cahiers-100-plus-beaux,2008,Singin' in the Rain,1952,listed,7,,wikipedia-enum
cahiers-100-plus-beaux,2008,Vertigo,1958,listed,8,,wikipedia-enum
cahiers-100-plus-beaux,2008,Children of Paradise,1945,listed,9,,wikipedia-enum
cahiers-100-plus-beaux,2008,The Searchers,1956,listed,10,,wikipedia-enum
cahiers-100-plus-beaux,2008,Greed,1924,listed,11,,wikipedia-enum
cahiers-100-plus-beaux,2008,Rio Bravo,1959,listed,12,,wikipedia-enum
cahiers-100-plus-beaux,2008,To Be or Not to Be,1942,listed,13,,wikipedia-enum
cahiers-100-plus-beaux,2008,Tokyo Story,1953,listed,14,,wikipedia-enum
cahiers-100-plus-beaux,2008,Contempt,1963,listed,15,,wikipedia-enum
cahiers-100-plus-beaux,2008,Tales of Ugetsu,1953,listed,16,,wikipedia-enum
cahiers-100-plus-beaux,2008,City Lights,1931,listed,17,,wikipedia-enum
cahiers-100-plus-beaux,2008,The General,1926,listed,18,,wikipedia-enum
cahiers-100-plus-beaux,2008,Nosferatu the Vampire,1922,listed,19,,wikipedia-enum
cahiers-100-plus-beaux,2008,The Music Room,1958,listed,20,,wikipedia-enum
cahiers-100-plus-beaux,2008,Freaks,1932,listed,21,,wikipedia-enum
cahiers-100-plus-beaux,2008,Johnny Guitar,1954,listed,22,,wikipedia-enum
cahiers-100-plus-beaux,2008,The Mother and the Whore,1973,listed,23,,wikipedia-enum
cahiers-100-plus-beaux,2008,The Great Dictator,1940,listed,24,,wikipedia-enum
cahiers-100-plus-beaux,2008,The Leopard,1963,listed,25,,wikipedia-enum
cahiers-100-plus-beaux,2008,"Hiroshima, My Love",1959,listed,26,,wikipedia-enum
cahiers-100-plus-beaux,2008,The Box of Pandora,1929,listed,27,,wikipedia-enum
cahiers-100-plus-beaux,2008,North by Northwest,1959,listed,28,,wikipedia-enum
cahiers-100-plus-beaux,2008,Pickpocket,1959,listed,29,,wikipedia-enum
cahiers-100-plus-beaux,2008,Golden Helmet,1952,listed,30,,wikipedia-enum
cahiers-100-plus-beaux,2008,The Barefoot Contessa,1954,listed,31,,wikipedia-enum
cahiers-100-plus-beaux,2008,Moonfleet,1955,listed,32,,wikipedia-enum
cahiers-100-plus-beaux,2008,Diamond Earrings,1953,listed,33,,wikipedia-enum
cahiers-100-plus-beaux,2008,Pleasure,1952,listed,34,,wikipedia-enum
cahiers-100-plus-beaux,2008,The Deer Hunter,1978,listed,35,,wikipedia-enum
cahiers-100-plus-beaux,2008,The Adventure,1960,listed,36,,wikipedia-enum
cahiers-100-plus-beaux,2008,Battleship Potemkin,1925,listed,37,,wikipedia-enum
cahiers-100-plus-beaux,2008,Notorious,1946,listed,38,,wikipedia-enum
cahiers-100-plus-beaux,2008,Ivan the Terrible,1944,listed,39,,wikipedia-enum
cahiers-100-plus-beaux,2008,The Godfather,1972,listed,40,,wikipedia-enum
cahiers-100-plus-beaux,2008,Touch of Evil,1958,listed,41,,wikipedia-enum
cahiers-100-plus-beaux,2008,The Wind,1928,listed,42,,wikipedia-enum
cahiers-100-plus-beaux,2008,2001: A Space Odyssey,1968,listed,43,,wikipedia-enum
cahiers-100-plus-beaux,2008,Fanny and Alexander,1982,listed,44,,wikipedia-enum
cahiers-100-plus-beaux,2008,The Crowd,1928,listed,45,,wikipedia-enum
cahiers-100-plus-beaux,2008,8 1/2,1963,listed,46,,wikipedia-enum
cahiers-100-plus-beaux,2008,La Jetée,1962,listed,47,,wikipedia-enum
cahiers-100-plus-beaux,2008,Pierrot le Fou,1965,listed,48,,wikipedia-enum
cahiers-100-plus-beaux,2008,Confessions of a Cheat,1936,listed,49,,wikipedia-enum
cahiers-100-plus-beaux,2008,Amarcord,1973,listed,50,,wikipedia-enum
cahiers-100-plus-beaux,2008,Beauty and the Beast,1946,listed,51,,wikipedia-enum
cahiers-100-plus-beaux,2008,Some Like It Hot,1959,listed,52,,wikipedia-enum
cahiers-100-plus-beaux,2008,Some Came Running,1958,listed,53,,wikipedia-enum
cahiers-100-plus-beaux,2008,Gertrud,1964,listed,54,,wikipedia-enum
cahiers-100-plus-beaux,2008,King Kong,1933,listed,55,,wikipedia-enum
cahiers-100-plus-beaux,2008,Laura,1944,listed,56,,wikipedia-enum
cahiers-100-plus-beaux,2008,The Seven Samurai,1954,listed,57,,wikipedia-enum
cahiers-100-plus-beaux,2008,The 400 Blows,1959,listed,58,,wikipedia-enum
cahiers-100-plus-beaux,2008,La Dolce Vita,1960,listed,59,,wikipedia-enum
cahiers-100-plus-beaux,2008,The Dead,1987,listed,60,,wikipedia-enum
cahiers-100-plus-beaux,2008,Trouble in Paradise,1932,listed,61,,wikipedia-enum
cahiers-100-plus-beaux,2008,It's a Wonderful Life,1946,listed,62,,wikipedia-enum
cahiers-100-plus-beaux,2008,Monsieur Verdoux,1947,listed,63,,wikipedia-enum
cahiers-100-plus-beaux,2008,The Passion of Joan of Arc,1928,listed,64,,wikipedia-enum
cahiers-100-plus-beaux,2008,À bout de souffle,1960,listed,65,,wikipedia-enum
cahiers-100-plus-beaux,2008,Apocalypse Now,1979,listed,66,,wikipedia-enum
cahiers-100-plus-beaux,2008,Barry Lyndon,1975,listed,67,,wikipedia-enum
cahiers-100-plus-beaux,2008,La Grande Illusion,1937,listed,68,,wikipedia-enum
cahiers-100-plus-beaux,2008,Intolerance,1916,listed,69,,wikipedia-enum
cahiers-100-plus-beaux,2008,A Day in the Country,1936,listed,70,,wikipedia-enum
cahiers-100-plus-beaux,2008,Playtime,1967,listed,71,,wikipedia-enum
cahiers-100-plus-beaux,2008,"Rome, Open City",1945,listed,72,,wikipedia-enum
cahiers-100-plus-beaux,2008,Livia,1954,listed,73,,wikipedia-enum
cahiers-100-plus-beaux,2008,Modern Times,1936,listed,74,,wikipedia-enum
cahiers-100-plus-beaux,2008,Van Gogh,1991,listed,75,,wikipedia-enum
cahiers-100-plus-beaux,2008,An Affair to Remember,1957,listed,76,,wikipedia-enum
cahiers-100-plus-beaux,2008,Andrei Rublev,1966,listed,77,,wikipedia-enum
cahiers-100-plus-beaux,2008,The Scarlet Empress,1934,listed,78,,wikipedia-enum
cahiers-100-plus-beaux,2008,Sansho the Bailiff,1954,listed,79,,wikipedia-enum
cahiers-100-plus-beaux,2008,Talk to Her,2002,listed,80,,wikipedia-enum
cahiers-100-plus-beaux,2008,The Party,1968,listed,81,,wikipedia-enum
cahiers-100-plus-beaux,2008,Tabu,1931,listed,82,,wikipedia-enum
cahiers-100-plus-beaux,2008,The Bandwagon,1953,listed,83,,wikipedia-enum
cahiers-100-plus-beaux,2008,A Star Is Born,1954,listed,84,,wikipedia-enum
cahiers-100-plus-beaux,2008,Mr. Hulot's Holiday,1953,listed,85,,wikipedia-enum
cahiers-100-plus-beaux,2008,"America, America",1963,listed,86,,wikipedia-enum
cahiers-100-plus-beaux,2008,El,1953,listed,87,,wikipedia-enum
cahiers-100-plus-beaux,2008,Kiss Me Deadly,1955,listed,88,,wikipedia-enum
cahiers-100-plus-beaux,2008,Once Upon a Time in America,1984,listed,89,,wikipedia-enum
cahiers-100-plus-beaux,2008,Daybreak,1939,listed,90,,wikipedia-enum
cahiers-100-plus-beaux,2008,Letter from an Unknown Woman,1948,listed,91,,wikipedia-enum
cahiers-100-plus-beaux,2008,Lola,1961,listed,92,,wikipedia-enum
cahiers-100-plus-beaux,2008,Manhattan,1979,listed,93,,wikipedia-enum
cahiers-100-plus-beaux,2008,Mulholland Dr.,2001,listed,94,,wikipedia-enum
cahiers-100-plus-beaux,2008,My Night at Maud's,1969,listed,95,,wikipedia-enum
cahiers-100-plus-beaux,2008,Night and Fog,1956,listed,96,,wikipedia-enum
cahiers-100-plus-beaux,2008,The Gold Rush,1925,listed,97,,wikipedia-enum
cahiers-100-plus-beaux,2008,Scarface,1932,listed,98,,wikipedia-enum
cahiers-100-plus-beaux,2008,Bicycle Thieves,1948,listed,99,,wikipedia-enum
cahiers-100-plus-beaux,2008,Napoléon,1927,listed,100,,wikipedia-enum
national-fr-cesar-best-film,1976,The Old Gun,1975,won,,,wikipedia-enum
national-fr-cesar-best-film,1977,Mr. Klein,1976,won,,,wikipedia-enum
national-fr-cesar-best-film,1978,Providence,1977,won,,,wikipedia-enum
national-fr-cesar-best-film,1979,Other People's Money,1978,won,,,wikipedia-enum
national-fr-cesar-best-film,1980,Tess,1979,won,,,wikipedia-enum
national-fr-cesar-best-film,1981,The Last Metro,1980,won,,,wikipedia-enum
national-fr-cesar-best-film,1982,Quest for Fire,1981,won,,,wikipedia-enum
national-fr-cesar-best-film,1983,The Nark,1982,won,,,wikipedia-enum
national-fr-cesar-best-film,1984,The Ball,1983,won,,,wikipedia-enum
national-fr-cesar-best-film,1985,My New Partner,1984,won,,,wikipedia-enum
national-fr-cesar-best-film,1986,Three Men and a Cradle,1985,won,,,wikipedia-enum
national-fr-cesar-best-film,1987,Thérèse,1986,won,,,wikipedia-enum
national-fr-cesar-best-film,1988,"Goodbye, Children",1987,won,,,wikipedia-enum
national-fr-cesar-best-film,1989,Camille Claudel,1988,won,,,wikipedia-enum
national-fr-cesar-best-film,1990,Too Beautiful for You,1989,won,,,wikipedia-enum
national-fr-cesar-best-film,1991,Cyrano de Bergerac,1990,won,,,wikipedia-enum
national-fr-cesar-best-film,1992,All the Mornings of the World,1991,won,,,wikipedia-enum
national-fr-cesar-best-film,1993,Savage Nights,1992,won,,,wikipedia-enum
national-fr-cesar-best-film,1994,Smoking/No Smoking,1993,won,,,wikipedia-enum
national-fr-cesar-best-film,1995,Wild Reeds,1994,won,,,wikipedia-enum
national-fr-cesar-best-film,1996,Hate,1995,won,,,wikipedia-enum
national-fr-cesar-best-film,1997,Ridicule,1996,won,,,wikipedia-enum
national-fr-cesar-best-film,1998,Same Old Song,1997,won,,,wikipedia-enum
national-fr-cesar-best-film,1999,The Dreamlife of Angels,1998,won,,,wikipedia-enum
national-fr-cesar-best-film,2000,Venus Beauty Institute,1999,won,,,wikipedia-enum
national-fr-cesar-best-film,2001,The Taste of Others,2000,won,,,wikipedia-enum
national-fr-cesar-best-film,2002,Amélie,2001,won,,,wikipedia-enum
national-fr-cesar-best-film,2003,The Pianist,2002,won,,,wikipedia-enum
national-fr-cesar-best-film,2004,The Barbarian Invasions,2003,won,,,wikipedia-enum
national-fr-cesar-best-film,2005,Games of Love and Chance,2004,won,,,wikipedia-enum
national-fr-cesar-best-film,2006,The Beat That My Heart Skipped,2005,won,,,wikipedia-enum
national-fr-cesar-best-film,2007,Lady Chatterley,2006,won,,,wikipedia-enum
national-fr-cesar-best-film,2008,The Secret of the Grain,2007,won,,,wikipedia-enum
national-fr-cesar-best-film,2009,Séraphine,2008,won,,,wikipedia-enum
national-fr-cesar-best-film,2010,A Prophet,2009,won,,,wikipedia-enum
national-fr-cesar-best-film,2011,Of Gods and Men,2010,won,,,wikipedia-enum
national-fr-cesar-best-film,2012,The Artist,2011,won,,,wikipedia-enum
national-fr-cesar-best-film,2013,Amour,2012,won,,,wikipedia-enum
national-fr-cesar-best-film,2014,"Me, Myself and Mum",2013,won,,,wikipedia-enum
national-fr-cesar-best-film,2015,Timbuktu,2014,won,,,wikipedia-enum
national-fr-cesar-best-film,2016,Fatima,2015,won,,,wikipedia-enum
national-fr-cesar-best-film,2017,Elle,2016,won,,,wikipedia-enum
national-fr-cesar-best-film,2018,BPM (Beats per Minute),2017,won,,,wikipedia-enum
national-fr-cesar-best-film,2019,Custody,2018,won,,,wikipedia-enum
national-fr-cesar-best-film,2020,Les Misérables,2019,won,,,wikipedia-enum
national-fr-cesar-best-film,2021,Bye Bye Morons,2020,won,,,wikipedia-enum
national-fr-cesar-best-film,2022,Lost Illusions,2021,won,,,wikipedia-enum
national-fr-cesar-best-film,2023,The Night of the 12th,2022,won,,,wikipedia-enum
national-fr-cesar-best-film,2024,Anatomy of a Fall,2023,won,,,wikipedia-enum
national-fr-cesar-best-film,2025,Emilia Pérez,2024,won,,,wikipedia-enum
national-fr-cesar-best-film,2026,The Ties That Bind Us,2025,won,,,wikipedia-enum
national-es-goya-best-film,1986,Voyage to Nowhere,1985,won,,,wikipedia-enum
national-es-goya-best-film,1987,The Enchanted Forest,1986,won,,,wikipedia-enum
national-es-goya-best-film,1988,Women on the Verge of a Nervous Breakdown,1987,won,,,wikipedia-enum
national-es-goya-best-film,1989,Twisted Obsession,1988,won,,,wikipedia-enum
national-es-goya-best-film,1990,¡Ay Carmela!,1989,won,,,wikipedia-enum
national-es-goya-best-film,1991,Lovers,1990,won,,,wikipedia-enum
national-es-goya-best-film,1992,Belle Époque,1991,won,,,wikipedia-enum
national-es-goya-best-film,1993,Everyone to Jail,1992,won,,,wikipedia-enum
national-es-goya-best-film,1994,Running Out of Time,1993,won,,,wikipedia-enum
national-es-goya-best-film,1995,Nobody Will Speak of Us When We're Dead,1994,won,,,wikipedia-enum
national-es-goya-best-film,1996,Thesis,1995,won,,,wikipedia-enum
national-es-goya-best-film,1997,The Lucky Star,1996,won,,,wikipedia-enum
national-es-goya-best-film,1998,The Girl of Your Dreams,1997,won,,,wikipedia-enum
national-es-goya-best-film,1999,All About My Mother,1998,won,,,wikipedia-enum
national-es-goya-best-film,2000,Pellet,1999,won,,,wikipedia-enum
national-es-goya-best-film,2001,The Others,2000,won,,,wikipedia-enum
national-es-goya-best-film,2002,Mondays in the Sun,2001,won,,,wikipedia-enum
national-es-goya-best-film,2003,Take My Eyes,2002,won,,,wikipedia-enum
national-es-goya-best-film,2004,The Sea Inside,2003,won,,,wikipedia-enum
national-es-goya-best-film,2005,The Secret Life of Words,2004,won,,,wikipedia-enum
national-es-goya-best-film,2006,Volver,2005,won,,,wikipedia-enum
national-es-goya-best-film,2007,Solitary Fragments,2006,won,,,wikipedia-enum
national-es-goya-best-film,2008,Camino,2007,won,,,wikipedia-enum
national-es-goya-best-film,2009,Cell 211,2008,won,,,wikipedia-enum
national-es-goya-best-film,2010,Black Bread,2009,won,,,wikipedia-enum
national-es-goya-best-film,2011,No Rest for the Wicked,2010,won,,,wikipedia-enum
national-es-goya-best-film,2012,Blancanieves,2011,won,,,wikipedia-enum
national-es-goya-best-film,2013,Living Is Easy with Eyes Closed,2012,won,,,wikipedia-enum
national-es-goya-best-film,2014,Marshland,2013,won,,,wikipedia-enum
national-es-goya-best-film,2015,Truman,2014,won,,,wikipedia-enum
national-es-goya-best-film,2016,The Fury of a Patient Man,2015,won,,,wikipedia-enum
national-es-goya-best-film,2017,The Bookshop,2016,won,,,wikipedia-enum
national-es-goya-best-film,2018,Champions,2017,won,,,wikipedia-enum
national-es-goya-best-film,2019,Pain and Glory,2018,won,,,wikipedia-enum
national-es-goya-best-film,2020,Schoolgirls,2019,won,,,wikipedia-enum
national-es-goya-best-film,2021,The Good Boss,2020,won,,,wikipedia-enum
national-es-goya-best-film,2022,The Beasts,2021,won,,,wikipedia-enum
national-es-goya-best-film,2023,Society of the Snow,2022,won,,,wikipedia-enum
national-es-goya-best-film,2024,The 47,2023,won,,,wikipedia-enum
national-es-goya-best-film,2025,Sundays,2024,won,,,wikipedia-enum
national-it-david-best-film,1970,Investigation of a Citizen Above Suspicion,1969,won,,,wikipedia-enum
national-it-david-best-film,1970,Metello,1969,won,,,wikipedia-enum
national-it-david-best-film,1971,The Conformist,1970,won,,,wikipedia-enum
national-it-david-best-film,1972,This Kind of Love,1971,won,,,wikipedia-enum
national-it-david-best-film,1973,"Alfredo, Alfredo",1972,won,,,wikipedia-enum
national-it-david-best-film,1974,Amarcord,1973,won,,,wikipedia-enum
national-it-david-best-film,1975,Conversation Piece,1974,won,,,wikipedia-enum
national-it-david-best-film,1976,Illustrious Corpses,1975,won,,,wikipedia-enum
national-it-david-best-film,1977,An Average Little Man,1976,won,,,wikipedia-enum
national-it-david-best-film,1978,In the Name of the Pope King,1977,won,,,wikipedia-enum
national-it-david-best-film,1979,Christ Stopped at Eboli,1978,won,,,wikipedia-enum
national-it-david-best-film,1981,I'm Starting from Three,1980,won,,,wikipedia-enum
national-it-david-best-film,1982,Talcum Powder,1981,won,,,wikipedia-enum
national-it-david-best-film,1983,The Night of the Shooting Stars,1982,won,,,wikipedia-enum
national-it-david-best-film,1984,And the Ship Sails On,1983,won,,,wikipedia-enum
national-it-david-best-film,1985,Carmen,1984,won,,,wikipedia-enum
national-it-david-best-film,1986,Let's Hope It's a Girl,1985,won,,,wikipedia-enum
national-it-david-best-film,1987,The Family,1986,won,,,wikipedia-enum
national-it-david-best-film,1988,The Last Emperor,1987,won,,,wikipedia-enum
national-it-david-best-film,1989,The Legend of the Holy Drinker,1988,won,,,wikipedia-enum
national-it-david-best-film,1990,Open Doors,1989,won,,,wikipedia-enum
national-it-david-best-film,1991,Mediterraneo,1990,won,,,wikipedia-enum
national-it-david-best-film,1992,The Stolen Children,1991,won,,,wikipedia-enum
national-it-david-best-film,1993,The Great Pumpkin,1992,won,,,wikipedia-enum
national-it-david-best-film,1994,Caro diario,1993,won,,,wikipedia-enum
national-it-david-best-film,1995,La scuola,1994,won,,,wikipedia-enum
national-it-david-best-film,1996,August Vacation,1995,won,,,wikipedia-enum
national-it-david-best-film,1997,The Truce,1996,won,,,wikipedia-enum
national-it-david-best-film,1998,Life Is Beautiful,1997,won,,,wikipedia-enum
national-it-david-best-film,1999,Not of this World,1998,won,,,wikipedia-enum
national-it-david-best-film,2000,Bread and Tulips,1999,won,,,wikipedia-enum
national-it-david-best-film,2001,The Son's Room,2000,won,,,wikipedia-enum
national-it-david-best-film,2002,The Profession of Arms,2001,won,,,wikipedia-enum
national-it-david-best-film,2003,Facing Windows,2002,won,,,wikipedia-enum
national-it-david-best-film,2004,The Best of Youth,2003,won,,,wikipedia-enum
national-it-david-best-film,2005,The Consequences of Love,2004,won,,,wikipedia-enum
national-it-david-best-film,2006,The Caiman,2005,won,,,wikipedia-enum
national-it-david-best-film,2007,The Unknown Woman,2006,won,,,wikipedia-enum
national-it-david-best-film,2008,The Girl by the Lake,2007,won,,,wikipedia-enum
national-it-david-best-film,2009,Gomorrah,2008,won,,,wikipedia-enum
national-it-david-best-film,2010,The Man Who Will Come,2009,won,,,wikipedia-enum
national-it-david-best-film,2011,We Believed,2010,won,,,wikipedia-enum
national-it-david-best-film,2012,Caesar Must Die,2011,won,,,wikipedia-enum
national-it-david-best-film,2013,The Best Offer,2012,won,,,wikipedia-enum
national-it-david-best-film,2014,Human Capital,2013,won,,,wikipedia-enum
national-it-david-best-film,2015,Black Souls,2014,won,,,wikipedia-enum
national-it-david-best-film,2016,Perfect Strangers,2015,won,,,wikipedia-enum
national-it-david-best-film,2016,Like Crazy,2016,won,,,wikipedia-enum
national-it-david-best-film,2017,Love and Bullets,2017,won,,,wikipedia-enum
national-it-david-best-film,2018,Dogman,2018,won,,,wikipedia-enum
national-it-david-best-film,2019,The Traitor,2019,won,,,wikipedia-enum
national-it-david-best-film,2020,Hidden Away,2020,won,,,wikipedia-enum
national-it-david-best-film,2021,The Hand of God,2021,won,,,wikipedia-enum
national-it-david-best-film,2022,The Eight Mountains,2022,won,,,wikipedia-enum
national-it-david-best-film,2023,Io capitano,2023,won,,,wikipedia-enum
national-it-david-best-film,2024,Vermiglio,2024,won,,,wikipedia-enum
national-kr-blue-dragon-best-film,1963,Kinship,1963,won,,,wikipedia-enum
national-kr-blue-dragon-best-film,1964,Extra Human Being,1964,won,,,wikipedia-enum
national-kr-blue-dragon-best-film,1965,Sad Story of Self Supporting Child,1965,won,,,wikipedia-enum
national-kr-blue-dragon-best-film,1966,Market,1966,won,,,wikipedia-enum
national-kr-blue-dragon-best-film,1967,Flame in the Valley,1967,won,,,wikipedia-enum
national-kr-blue-dragon-best-film,1969,Descendents of Cain,1969,won,,,wikipedia-enum
national-kr-blue-dragon-best-film,1970,The Old Jar Craftsman,1970,won,,,wikipedia-enum
national-kr-blue-dragon-best-film,1971,When a Woman Breaks Her Jewel Box,1971,won,,,wikipedia-enum
national-kr-blue-dragon-best-film,1972,Oyster Village,1972,won,,,wikipedia-enum
national-kr-blue-dragon-best-film,1973,The Three-Day Reign,1973,won,,,wikipedia-enum
national-kr-blue-dragon-best-film,1990,Black Republic,1990,won,,,wikipedia-enum
national-kr-blue-dragon-best-film,1991,Death Song,1991,won,,,wikipedia-enum
national-kr-blue-dragon-best-film,1992,Our Twisted Hero,1992,won,,,wikipedia-enum
national-kr-blue-dragon-best-film,1993,Sopyonje,1993,won,,,wikipedia-enum
national-kr-blue-dragon-best-film,1994,The Taebaek Mountains,1994,won,,,wikipedia-enum
national-kr-blue-dragon-best-film,1995,A Single Spark,1995,won,,,wikipedia-enum
national-kr-blue-dragon-best-film,1996,Festival,1996,won,,,wikipedia-enum
national-kr-blue-dragon-best-film,1997,Green Fish,1997,won,,,wikipedia-enum
national-kr-blue-dragon-best-film,1998,Christmas in August,1998,won,,,wikipedia-enum
national-kr-blue-dragon-best-film,1999,Nowhere to Hide,1999,won,,,wikipedia-enum
national-kr-blue-dragon-best-film,2000,Joint Security Area,2000,won,,,wikipedia-enum
national-kr-blue-dragon-best-film,2001,One Fine Spring Day,2001,won,,,wikipedia-enum
national-kr-blue-dragon-best-film,2002,Chi-hwa-seon,2002,won,,,wikipedia-enum
national-kr-blue-dragon-best-film,2003,"Spring, Summer, Fall, Winter... and Spring",2003,won,,,wikipedia-enum
national-kr-blue-dragon-best-film,2004,Silmido,2004,won,,,wikipedia-enum
national-kr-blue-dragon-best-film,2005,Sympathy for Lady Vengeance,2005,won,,,wikipedia-enum
national-kr-blue-dragon-best-film,2006,The Host,2006,won,,,wikipedia-enum
national-kr-blue-dragon-best-film,2007,The Show Must Go On,2007,won,,,wikipedia-enum
national-kr-blue-dragon-best-film,2008,Forever the Moment,2008,won,,,wikipedia-enum
national-kr-blue-dragon-best-film,2009,Mother,2009,won,,,wikipedia-enum
national-kr-blue-dragon-best-film,2010,Secret Reunion,2010,won,,,wikipedia-enum
national-kr-blue-dragon-best-film,2011,The Unjust,2011,won,,,wikipedia-enum
national-kr-blue-dragon-best-film,2012,Pietà,2012,won,,,wikipedia-enum
national-kr-blue-dragon-best-film,2013,Hope,2013,won,,,wikipedia-enum
national-kr-blue-dragon-best-film,2014,The Attorney,2014,won,,,wikipedia-enum
national-kr-blue-dragon-best-film,2015,Assassination,2015,won,,,wikipedia-enum
national-kr-blue-dragon-best-film,2016,Inside Men,2016,won,,,wikipedia-enum
national-kr-blue-dragon-best-film,2017,A Taxi Driver,2017,won,,,wikipedia-enum
national-kr-blue-dragon-best-film,2018,1987: When the Day Comes,2018,won,,,wikipedia-enum
national-kr-blue-dragon-best-film,2019,Parasite,2019,won,,,wikipedia-enum
national-kr-blue-dragon-best-film,2020,The Man Standing Next,2020,won,,,wikipedia-enum
national-kr-blue-dragon-best-film,2021,Escape from Mogadishu,2021,won,,,wikipedia-enum
national-kr-blue-dragon-best-film,2022,Decision to Leave,2022,won,,,wikipedia-enum
national-kr-blue-dragon-best-film,2023,Smugglers,2023,won,,,wikipedia-enum
national-kr-blue-dragon-best-film,2024,12.12: The Day,2024,won,,,wikipedia-enum
national-kr-blue-dragon-best-film,2025,No Other Choice,2025,won,,,wikipedia-enum
1001-movies,2024,A Trip to the Moon,1902,listed,,,wikipedia-enum
1001-movies,2024,The Great Train Robbery,1903,listed,,,wikipedia-enum
1001-movies,2024,The Birth of a Nation,1915,listed,,,wikipedia-enum
1001-movies,2024,Les Vampires,1915,listed,,,wikipedia-enum
1001-movies,2024,Intolerance,1916,listed,,,wikipedia-enum
1001-movies,2024,Broken Blossoms,1919,listed,,,wikipedia-enum
1001-movies,2024,Within Our Gates,1920,listed,,,wikipedia-enum
1001-movies,2024,The Cabinet of Dr. Caligari,1920,listed,,,wikipedia-enum
1001-movies,2024,Way Down East,1920,listed,,,wikipedia-enum
1001-movies,2024,The Phantom Carriage,1921,listed,,,wikipedia-enum
1001-movies,2024,Orphans of the Storm,1921,listed,,,wikipedia-enum
1001-movies,2024,Foolish Wives,1922,listed,,,wikipedia-enum
1001-movies,2024,Nosferatu,1922,listed,,,wikipedia-enum
1001-movies,2024,"Dr. Mabuse, the Gambler",1922,listed,,,wikipedia-enum
1001-movies,2024,Nanook of the North,1922,listed,,,wikipedia-enum
1001-movies,2024,Häxan,1922,listed,,,wikipedia-enum
1001-movies,2024,La Roue,1923,listed,,,wikipedia-enum
1001-movies,2024,The Smiling Madame Beudet,1923,listed,,,wikipedia-enum
1001-movies,2024,Our Hospitality,1923,listed,,,wikipedia-enum
1001-movies,2024,The Saga of Gosta Berling,1924,listed,,,wikipedia-enum
1001-movies,2024,The Thief of Bagdad,1924,listed,,,wikipedia-enum
1001-movies,2024,"Sherlock, Jr.",1924,listed,,,wikipedia-enum
1001-movies,2024,The Great White Silence,1924,listed,,,wikipedia-enum
1001-movies,2024,Greed,1924,listed,,,wikipedia-enum
1001-movies,2024,The Last Laugh,1924,listed,,,wikipedia-enum
1001-movies,2024,Seven Chances,1925,listed,,,wikipedia-enum
1001-movies,2024,Strike,1925,listed,,,wikipedia-enum
1001-movies,2024,The Gold Rush,1925,listed,,,wikipedia-enum
1001-movies,2024,The Phantom of the Opera,1925,listed,,,wikipedia-enum
1001-movies,2024,The Big Parade,1925,listed,,,wikipedia-enum
1001-movies,2024,The Eagle,1925,listed,,,wikipedia-enum
1001-movies,2024,Battleship Potemkin,1925,listed,,,wikipedia-enum
1001-movies,2024,The Adventures of Prince Achmed,1926,listed,,,wikipedia-enum
1001-movies,2024,The General,1926,listed,,,wikipedia-enum
1001-movies,2024,Metropolis,1927,listed,,,wikipedia-enum
1001-movies,2024,The Kid Brother,1927,listed,,,wikipedia-enum
1001-movies,2024,Napoleon,1927,listed,,,wikipedia-enum
1001-movies,2024,The Unknown,1927,listed,,,wikipedia-enum
1001-movies,2024,Sunrise: A Song of Two Humans,1927,listed,,,wikipedia-enum
1001-movies,2024,The Jazz Singer,1927,listed,,,wikipedia-enum
1001-movies,2024,October: Ten Days That Shook the World (1928),1928,listed,,,wikipedia-enum
1001-movies,2024,The Crowd,1928,listed,,,wikipedia-enum
1001-movies,2024,The Passion of Joan of Arc,1928,listed,,,wikipedia-enum
1001-movies,2024,"Steamboat Bill, Jr.",1928,listed,,,wikipedia-enum
1001-movies,2024,The Docks of New York,1928,listed,,,wikipedia-enum
1001-movies,2024,Storm Over Asia,1928,listed,,,wikipedia-enum
1001-movies,2024,Man With a Movie Camera,1929,listed,,,wikipedia-enum
1001-movies,2024,Pandora's Box,1929,listed,,,wikipedia-enum
1001-movies,2024,Un Chien Andalou,1929,listed,,,wikipedia-enum
1001-movies,2024,Blackmail,1929,listed,,,wikipedia-enum
1001-movies,2024,A Throw of Dice,1929,listed,,,wikipedia-enum
1001-movies,2024,The Blue Angel,1930,listed,,,wikipedia-enum
1001-movies,2024,Earth,1930,listed,,,wikipedia-enum
1001-movies,2024,All Quiet on the Western Front,1930,listed,,,wikipedia-enum
1001-movies,2024,L'âge D'Or,1930,listed,,,wikipedia-enum
1001-movies,2024,Little Ceasar,1931,listed,,,wikipedia-enum
1001-movies,2024,City Lights,1931,listed,,,wikipedia-enum
1001-movies,2024,Dracula,1931,listed,,,wikipedia-enum
1001-movies,2024,Tabu,1931,listed,,,wikipedia-enum
1001-movies,2024,The Public Enemy,1931,listed,,,wikipedia-enum
1001-movies,2024,M,1931,listed,,,wikipedia-enum
1001-movies,2024,Le Million,1931,listed,,,wikipedia-enum
1001-movies,2024,Limite,1931,listed,,,wikipedia-enum
1001-movies,2024,Daphnis and Chloe,1931,listed,,,wikipedia-enum
1001-movies,2024,La Chienne,1931,listed,,,wikipedia-enum
1001-movies,2024,Frankenstein,1931,listed,,,wikipedia-enum
1001-movies,2024,"Hyppolit, the Butler",1931,listed,,,wikipedia-enum
1001-movies,2024,À Nous La Liberté,1931,listed,,,wikipedia-enum
1001-movies,2024,Freaks,1932,listed,,,wikipedia-enum
1001-movies,2024,Shanghai Express,1932,listed,,,wikipedia-enum
1001-movies,2024,Scarface,1932,listed,,,wikipedia-enum
1001-movies,2024,Vampyr,1932,listed,,,wikipedia-enum
1001-movies,2024,Love Me Tonight,1932,listed,,,wikipedia-enum
1001-movies,2024,Trouble in Paradise,1932,listed,,,wikipedia-enum
1001-movies,2024,I Am a Fugitive From a Chain Gang,1932,listed,,,wikipedia-enum
1001-movies,2024,Boudu Saved From Drowning,1932,listed,,,wikipedia-enum
1001-movies,2024,Me and My Gal,1932,listed,,,wikipedia-enum
1001-movies,2024,The Bitter Tea of General Yen,1933,listed,,,wikipedia-enum
1001-movies,2024,She Done Him Wrong,1933,listed,,,wikipedia-enum
1001-movies,2024,King Kong,1933,listed,,,wikipedia-enum
1001-movies,2024,42nd Street,1933,listed,,,wikipedia-enum
1001-movies,2024,Zero for Conduct,1933,listed,,,wikipedia-enum
1001-movies,2024,Gold Diggers of 1933,1933,listed,,,wikipedia-enum
1001-movies,2024,Footlight Parade,1933,listed,,,wikipedia-enum
1001-movies,2024,Duck Soup,1933,listed,,,wikipedia-enum
1001-movies,2024,Land Without Bread,1933,listed,,,wikipedia-enum
1001-movies,2024,Queen Christina,1933,listed,,,wikipedia-enum
1001-movies,2024,Sons of the Desert,1933,listed,,,wikipedia-enum
1001-movies,2024,It Happened One Night,1934,listed,,,wikipedia-enum
1001-movies,2024,L'atalante,1934,listed,,,wikipedia-enum
1001-movies,2024,The Black Cat,1934,listed,,,wikipedia-enum
1001-movies,2024,The Thin Man,1934,listed,,,wikipedia-enum
1001-movies,2024,Judge Priest,1934,listed,,,wikipedia-enum
1001-movies,2024,It's a Gift,1934,listed,,,wikipedia-enum
1001-movies,2024,The Goddess,1934,listed,,,wikipedia-enum
1001-movies,2024,Triumph of the Will,1935,listed,,,wikipedia-enum
1001-movies,2024,Bride of Frankenstein,1935,listed,,,wikipedia-enum
1001-movies,2024,The 39 Steps,1935,listed,,,wikipedia-enum
1001-movies,2024,Top Hat,1935,listed,,,wikipedia-enum
1001-movies,2024,Peter Ibbetson,1935,listed,,,wikipedia-enum
1001-movies,2024,Mutiny on the Bounty,1935,listed,,,wikipedia-enum
1001-movies,2024,A Night at the Opera,1935,listed,,,wikipedia-enum
1001-movies,2024,Captain Blood,1935,listed,,,wikipedia-enum
1001-movies,2024,Modern Times,1936,listed,,,wikipedia-enum
1001-movies,2024,Things to Come,1936,listed,,,wikipedia-enum
1001-movies,2024,Mr. Deeds Goes to Town,1936,listed,,,wikipedia-enum
1001-movies,2024,Swing Time,1936,listed,,,wikipedia-enum
1001-movies,2024,My Man Godfrey,1936,listed,,,wikipedia-enum
1001-movies,2024,The Story of a Cheat,1936,listed,,,wikipedia-enum
1001-movies,2024,Dodsworth,1936,listed,,,wikipedia-enum
1001-movies,2024,Sabotage,1936,listed,,,wikipedia-enum
1001-movies,2024,Camille,1936,listed,,,wikipedia-enum
1001-movies,2024,Juha,1937,listed,,,wikipedia-enum
1001-movies,2024,Pépé Le Moko,1937,listed,,,wikipedia-enum
1001-movies,2024,Song at Midnight,1937,listed,,,wikipedia-enum
1001-movies,2024,Pensionat Paradiset,1937,listed,,,wikipedia-enum
1001-movies,2024,Make Way for Tomorrow,1937,listed,,,wikipedia-enum
1001-movies,2024,Captains Courageous,1937,listed,,,wikipedia-enum
1001-movies,2024,Grand Illusion,1937,listed,,,wikipedia-enum
1001-movies,2024,Stella Dallas,1937,listed,,,wikipedia-enum
1001-movies,2024,The Life of Emile Zola,1937,listed,,,wikipedia-enum
1001-movies,2024,Drole De Drame,1937,listed,,,wikipedia-enum
1001-movies,2024,The Awful Truth,1937,listed,,,wikipedia-enum
1001-movies,2024,Snow White and the Seven Dwarfs,1937,listed,,,wikipedia-enum
1001-movies,2024,Bringing Up Baby,1938,listed,,,wikipedia-enum
1001-movies,2024,Jezebel,1938,listed,,,wikipedia-enum
1001-movies,2024,Olympia,1938,listed,,,wikipedia-enum
1001-movies,2024,The Adventures of Robin Hood,1938,listed,,,wikipedia-enum
1001-movies,2024,Stolen Death,1938,listed,,,wikipedia-enum
1001-movies,2024,The Baker's Wife,1938,listed,,,wikipedia-enum
1001-movies,2024,Pygmalion,1938,listed,,,wikipedia-enum
1001-movies,2024,The Lady Vanishes,1938,listed,,,wikipedia-enum
1001-movies,2024,Women of Niskavuori,1938,listed,,,wikipedia-enum
1001-movies,2024,Angels With Dirty Faces,1938,listed,,,wikipedia-enum
1001-movies,2024,Gunga Din,1939,listed,,,wikipedia-enum
1001-movies,2024,Stagecoach,1939,listed,,,wikipedia-enum
1001-movies,2024,Wuthering Heights,1939,listed,,,wikipedia-enum
1001-movies,2024,Only Angels Have Wings,1939,listed,,,wikipedia-enum
1001-movies,2024,Le Jour Se Lève,1939,listed,,,wikipedia-enum
1001-movies,2024,The Rules of the Game,1939,listed,,,wikipedia-enum
1001-movies,2024,The Wizard of Oz,1939,listed,,,wikipedia-enum
1001-movies,2024,Babes in Arms,1939,listed,,,wikipedia-enum
1001-movies,2024,The Story of the Last Chrysanthemum,1939,listed,,,wikipedia-enum
1001-movies,2024,Mr. Smith Goes to Washington,1939,listed,,,wikipedia-enum
1001-movies,2024,Ninotchka,1939,listed,,,wikipedia-enum
1001-movies,2024,Gone With the Wind,1939,listed,,,wikipedia-enum
1001-movies,2024,Destry Rides Again,1939,listed,,,wikipedia-enum
1001-movies,2024,His Girl Friday,1940,listed,,,wikipedia-enum
1001-movies,2024,The Grapes of Wrath,1940,listed,,,wikipedia-enum
1001-movies,2024,Pinocchio,1940,listed,,,wikipedia-enum
1001-movies,2024,Rebecca,1940,listed,,,wikipedia-enum
1001-movies,2024,The Mortal Storm,1940,listed,,,wikipedia-enum
1001-movies,2024,"Dance, Girl, Dance",1940,listed,,,wikipedia-enum
1001-movies,2024,Fantasia,1940,listed,,,wikipedia-enum
1001-movies,2024,The Bank Dick,1940,listed,,,wikipedia-enum
1001-movies,2024,The Philadelphia Story,1940,listed,,,wikipedia-enum
1001-movies,2024,High Sierra,1941,listed,,,wikipedia-enum
1001-movies,2024,The Lady Eve,1941,listed,,,wikipedia-enum
1001-movies,2024,Citizen Kane,1941,listed,,,wikipedia-enum
1001-movies,2024,Sergeant York,1941,listed,,,wikipedia-enum
national-jp-japan-academy-best-film,1978,The Yellow Handkerchief,1977,won,,,wikipedia-enum
national-jp-japan-academy-best-film,1979,The Incident,1978,won,,,wikipedia-enum
national-jp-japan-academy-best-film,1980,Vengeance Is Mine,1979,won,,,wikipedia-enum
national-jp-japan-academy-best-film,1981,Zigeunerweisen,1980,won,,,wikipedia-enum
national-jp-japan-academy-best-film,1982,Station,1981,won,,,wikipedia-enum
national-jp-japan-academy-best-film,1983,Fall Guy,1982,won,,,wikipedia-enum
national-jp-japan-academy-best-film,1984,The Ballad of Narayama,1983,won,,,wikipedia-enum
national-jp-japan-academy-best-film,1985,The Funeral,1984,won,,,wikipedia-enum
national-jp-japan-academy-best-film,1986,Gray Sunset,1985,won,,,wikipedia-enum
national-jp-japan-academy-best-film,1987,House on Fire,1986,won,,,wikipedia-enum
national-jp-japan-academy-best-film,1988,A Taxing Woman,1987,won,,,wikipedia-enum
national-jp-japan-academy-best-film,1989,The Silk Road,1988,won,,,wikipedia-enum
national-jp-japan-academy-best-film,1990,Black Rain,1989,won,,,wikipedia-enum
national-jp-japan-academy-best-film,1991,Childhood Days,1990,won,,,wikipedia-enum
national-jp-japan-academy-best-film,1992,My Sons,1991,won,,,wikipedia-enum
national-jp-japan-academy-best-film,1993,"Sumo Do, Sumo Don't",1992,won,,,wikipedia-enum
national-jp-japan-academy-best-film,1994,A Class to Remember,1993,won,,,wikipedia-enum
national-jp-japan-academy-best-film,1995,Crest of Betrayal,1994,won,,,wikipedia-enum
national-jp-japan-academy-best-film,1996,A Last Note,1995,won,,,wikipedia-enum
national-jp-japan-academy-best-film,1997,Shall We Dance?,1996,won,,,wikipedia-enum
national-jp-japan-academy-best-film,1998,Princess Mononoke,1997,won,,,wikipedia-enum
national-jp-japan-academy-best-film,1999,Begging for Love,1998,won,,,wikipedia-enum
national-jp-japan-academy-best-film,2000,Poppoya,1999,won,,,wikipedia-enum
national-jp-japan-academy-best-film,2001,After the Rain,2000,won,,,wikipedia-enum
national-jp-japan-academy-best-film,2002,Spirited Away,2001,won,,,wikipedia-enum
national-jp-japan-academy-best-film,2003,The Twilight Samurai,2002,won,,,wikipedia-enum
national-jp-japan-academy-best-film,2004,When the Last Sword Is Drawn,2003,won,,,wikipedia-enum
national-jp-japan-academy-best-film,2005,Half a Confession,2004,won,,,wikipedia-enum
national-jp-japan-academy-best-film,2006,Always Sanchome no Yuhi,2005,won,,,wikipedia-enum
national-jp-japan-academy-best-film,2007,Hula Girls,2006,won,,,wikipedia-enum
national-jp-japan-academy-best-film,2008,Tokyo Tower: Mom and Me and Sometimes Dad,2007,won,,,wikipedia-enum
national-jp-japan-academy-best-film,2009,Departures,2008,won,,,wikipedia-enum
national-jp-japan-academy-best-film,2010,The Unbroken,2009,won,,,wikipedia-enum
national-jp-japan-academy-best-film,2011,Confessions,2010,won,,,wikipedia-enum
national-jp-japan-academy-best-film,2012,Rebirth,2011,won,,,wikipedia-enum
national-jp-japan-academy-best-film,2013,The Kirishima Thing,2012,won,,,wikipedia-enum
national-jp-japan-academy-best-film,2014,The Great Passage,2013,won,,,wikipedia-enum
national-jp-japan-academy-best-film,2015,The Eternal Zero,2014,won,,,wikipedia-enum
national-jp-japan-academy-best-film,2016,Our Little Sister,2015,won,,,wikipedia-enum
national-jp-japan-academy-best-film,2017,Shin Godzilla,2016,won,,,wikipedia-enum
national-jp-japan-academy-best-film,2018,The Third Murder,2017,won,,,wikipedia-enum
national-jp-japan-academy-best-film,2019,Shoplifters,2018,won,,,wikipedia-enum
national-jp-japan-academy-best-film,2020,The Journalist,2019,won,,,wikipedia-enum
national-jp-japan-academy-best-film,2021,Midnight Swan,2020,won,,,wikipedia-enum
national-jp-japan-academy-best-film,2022,Drive My Car,2021,won,,,wikipedia-enum
national-jp-japan-academy-best-film,2023,A Man,2022,won,,,wikipedia-enum
national-jp-japan-academy-best-film,2024,Godzilla Minus One,2023,won,,,wikipedia-enum
national-jp-japan-academy-best-film,2025,A Samurai in Time,2024,won,,,wikipedia-enum
national-tw-golden-horse-best-film,1962,"Sun, Moon and Star",1961,won,,,wikipedia-enum
national-tw-golden-horse-best-film,1963,The Love Eterne,1963,won,,,wikipedia-enum
national-tw-golden-horse-best-film,1965,Beautiful Duckling,1965,won,,,wikipedia-enum
national-tw-golden-horse-best-film,1966,"Hsi-shih, Beauty of Beauties",1965,won,,,wikipedia-enum
national-tw-golden-horse-best-film,1967,Orchids and My Love,1965,won,,,wikipedia-enum
national-tw-golden-horse-best-film,1968,The Road,1967,won,,,wikipedia-enum
national-tw-golden-horse-best-film,1969,Spring in a Small Town,1969,won,,,wikipedia-enum
national-tw-golden-horse-best-film,1970,Home Sweet Home,1970,won,,,wikipedia-enum
national-tw-golden-horse-best-film,1971,The Story of Ti-Ying,1971,won,,,wikipedia-enum
national-tw-golden-horse-best-film,1972,Execution in Autumn,1972,won,,,wikipedia-enum
national-tw-golden-horse-best-film,1973,The Escape,1972,won,,,wikipedia-enum
national-tw-golden-horse-best-film,1975,Land of the Undaunted,1975,won,,,wikipedia-enum
national-tw-golden-horse-best-film,1976,Victory,1976,won,,,wikipedia-enum
national-tw-golden-horse-best-film,1977,Heroes of the Eastern Skies,1977,won,,,wikipedia-enum
national-tw-golden-horse-best-film,1978,He Never Gives Up,1978,won,,,wikipedia-enum
national-tw-golden-horse-best-film,1979,The Story of a Small Town,1979,won,,,wikipedia-enum
national-tw-golden-horse-best-film,1980,"Good Morning, Taipei",1979,won,,,wikipedia-enum
national-tw-golden-horse-best-film,1981,If I Were for Real,1981,won,,,wikipedia-enum
national-tw-golden-horse-best-film,1982,The Battle for the Republic of China,1981,won,,,wikipedia-enum
national-tw-golden-horse-best-film,1983,Growing Up,1983,won,,,wikipedia-enum
national-tw-golden-horse-best-film,1984,Old Mao's Second Spring,1984,won,,,wikipedia-enum
national-tw-golden-horse-best-film,1985,"Kuei-Mei, a Woman",1985,won,,,wikipedia-enum
national-tw-golden-horse-best-film,1986,Terrorizers,1986,won,,,wikipedia-enum
national-tw-golden-horse-best-film,1987,Straw Man,1987,won,,,wikipedia-enum
national-tw-golden-horse-best-film,1988,Painted Faces,1988,won,,,wikipedia-enum
national-tw-golden-horse-best-film,1989,Full Moon in New York,1989,won,,,wikipedia-enum
national-tw-golden-horse-best-film,1990,Red Dust,1990,won,,,wikipedia-enum
national-tw-golden-horse-best-film,1991,A Brighter Summer Day,1991,won,,,wikipedia-enum
national-tw-golden-horse-best-film,1992,Hill of No Return,1992,won,,,wikipedia-enum
national-tw-golden-horse-best-film,1993,The Wedding Banquet,1993,won,,,wikipedia-enum
national-tw-golden-horse-best-film,1994,Vive L'Amour,1994,won,,,wikipedia-enum
national-tw-golden-horse-best-film,1995,Summer Snow,1995,won,,,wikipedia-enum
national-tw-golden-horse-best-film,1996,In the Heat of the Sun,1994,won,,,wikipedia-enum
national-tw-golden-horse-best-film,1997,Comrades: Almost a Love Story,1996,won,,,wikipedia-enum
national-tw-golden-horse-best-film,1998,Xiu Xiu: The Sent Down Girl,1998,won,,,wikipedia-enum
national-tw-golden-horse-best-film,1999,Ordinary Heroes,1999,won,,,wikipedia-enum
national-tw-golden-horse-best-film,2000,"Crouching Tiger, Hidden Dragon",2000,won,,,wikipedia-enum
national-tw-golden-horse-best-film,2001,Durian Durian,2000,won,,,wikipedia-enum
national-tw-golden-horse-best-film,2002,The Best of Times,2002,won,,,wikipedia-enum
national-tw-golden-horse-best-film,2003,Infernal Affairs,2002,won,,,wikipedia-enum
national-tw-golden-horse-best-film,2004,Kekexili: Mountain Patrol,2004,won,,,wikipedia-enum
national-tw-golden-horse-best-film,2005,Kung Fu Hustle,2004,won,,,wikipedia-enum
national-tw-golden-horse-best-film,2006,After This Our Exile,2006,won,,,wikipedia-enum
national-tw-golden-horse-best-film,2007,"Lust, Caution",2007,won,,,wikipedia-enum
national-tw-golden-horse-best-film,2008,The Warlords,2007,won,,,wikipedia-enum
national-tw-golden-horse-best-film,2009,No Puedo Vivir Sin Ti,2009,won,,,wikipedia-enum
national-tw-golden-horse-best-film,2010,When Love Comes,2010,won,,,wikipedia-enum
national-tw-golden-horse-best-film,2011,Seediq Bale,2011,won,,,wikipedia-enum
national-tw-golden-horse-best-film,2012,Beijing Blues,2012,won,,,wikipedia-enum
national-tw-golden-horse-best-film,2013,Ilo Ilo,2013,won,,,wikipedia-enum
national-tw-golden-horse-best-film,2014,Blind Massage,2014,won,,,wikipedia-enum
national-tw-golden-horse-best-film,2015,The Assassin,2015,won,,,wikipedia-enum
national-tw-golden-horse-best-film,2016,The Summer Is Gone,2016,won,,,wikipedia-enum
national-tw-golden-horse-best-film,2017,"The Bold, the Corrupt, and the Beautiful",2017,won,,,wikipedia-enum
national-tw-golden-horse-best-film,2018,An Elephant Sitting Still,2018,won,,,wikipedia-enum
national-tw-golden-horse-best-film,2019,A Sun,2019,won,,,wikipedia-enum
national-tw-golden-horse-best-film,2020,My Missing Valentine,2020,won,,,wikipedia-enum
national-tw-golden-horse-best-film,2021,The Falls,2021,won,,,wikipedia-enum
national-tw-golden-horse-best-film,2022,Coo-Coo 043,2022,won,,,wikipedia-enum
national-tw-golden-horse-best-film,2023,Stonewalling,2022,won,,,wikipedia-enum
national-tw-golden-horse-best-film,2024,An Unfinished Film,2024,won,,,wikipedia-enum
national-tw-golden-horse-best-film,2025,A Foggy Tale,2025,won,,,wikipedia-enum
national-mx-ariel-best-picture,1945,The Shack,1944,won,,,wikipedia-enum
national-mx-ariel-best-picture,1946,Enamorada,1945,won,,,wikipedia-enum
national-mx-ariel-best-picture,1947,The Pearl,1946,won,,,wikipedia-enum
national-mx-ariel-best-picture,1948,Río Escondido,1947,won,,,wikipedia-enum
national-mx-ariel-best-picture,1949,A Family Like Many Others,1948,won,,,wikipedia-enum
national-mx-ariel-best-picture,1950,In the Palm of Your Hand,1949,won,,,wikipedia-enum
national-mx-ariel-best-picture,1952,El niño y la niebla,1951,won,,,wikipedia-enum
national-mx-ariel-best-picture,1954,Los Fernández de Peralvillo,1953,won,,,wikipedia-enum
national-mx-ariel-best-picture,1955,Robinson Crusoe,1954,won,,,wikipedia-enum
national-mx-ariel-best-picture,1956,El camino de la vida,1955,won,,,wikipedia-enum
national-mx-ariel-best-picture,1957,Tizoc,1956,won,,,wikipedia-enum
national-mx-ariel-best-picture,1972,El castillo de la pureza,1971,won,,,wikipedia-enum
national-mx-ariel-best-picture,1973,El principio,1972,won,,,wikipedia-enum
national-mx-ariel-best-picture,1974,La Choca,1973,won,,,wikipedia-enum
national-mx-ariel-best-picture,1975,Actas de Marusia,1974,won,,,wikipedia-enum
national-mx-ariel-best-picture,1976,La pasión según Berenice,1975,won,,,wikipedia-enum
national-mx-ariel-best-picture,1977,El lugar sin límites,1976,won,,,wikipedia-enum
national-mx-ariel-best-picture,1978,Cadena perpetua,1977,won,,,wikipedia-enum
national-mx-ariel-best-picture,1979,El año de la peste,1978,won,,,wikipedia-enum
national-mx-ariel-best-picture,1980,Las grandes aguas,1979,won,,,wikipedia-enum
national-mx-ariel-best-picture,1981,Ora sí ¡tenemos que ganar!,1980,won,,,wikipedia-enum
national-mx-ariel-best-picture,1982,La pachanga,1981,won,,,wikipedia-enum
national-mx-ariel-best-picture,1983,Bajo la metralla,1982,won,,,wikipedia-enum
national-mx-ariel-best-picture,1984,"Frida, naturaleza viva",1983,won,,,wikipedia-enum
national-mx-ariel-best-picture,1985,Veneno para las hadas,1984,won,,,wikipedia-enum
national-mx-ariel-best-picture,1986,El imperio de la fortuna,1985,won,,,wikipedia-enum
national-mx-ariel-best-picture,1987,"Mariana, Mariana",1986,won,,,wikipedia-enum
national-mx-ariel-best-picture,1988,Esperanza,1987,won,,,wikipedia-enum
national-mx-ariel-best-picture,1989,"Goitia, un dios para sí mismo",1988,won,,,wikipedia-enum
national-mx-ariel-best-picture,1990,Rojo amanecer,1989,won,,,wikipedia-enum
national-mx-ariel-best-picture,1991,Como agua para chocolate,1990,won,,,wikipedia-enum
national-mx-ariel-best-picture,1992,Cronos,1991,won,,,wikipedia-enum
national-mx-ariel-best-picture,1993,Principio y fin,1992,won,,,wikipedia-enum
national-mx-ariel-best-picture,1994,El callejón de los milagros,1993,won,,,wikipedia-enum
national-mx-ariel-best-picture,1995,Sin Remitente,1994,won,,,wikipedia-enum
national-mx-ariel-best-picture,1996,Sender Unknown,1995,won,,,wikipedia-enum
national-mx-ariel-best-picture,1997,Cilantro and Parsley,1996,won,,,wikipedia-enum
national-mx-ariel-best-picture,1998,Por si no te vuelvo a ver,1997,won,,,wikipedia-enum
national-mx-ariel-best-picture,1999,Bajo California: El límite del tiempo,1998,won,,,wikipedia-enum
national-mx-ariel-best-picture,2000,Herod's Law,1999,won,,,wikipedia-enum
national-mx-ariel-best-picture,2001,Amores perros,2000,won,,,wikipedia-enum
national-mx-ariel-best-picture,2002,Bedtime Fairy Tales for Crocodiles,2001,won,,,wikipedia-enum
national-mx-ariel-best-picture,2003,The Crime of Padre Amaro,2002,won,,,wikipedia-enum
national-mx-ariel-best-picture,2004,El misterio del Trinidad,2003,won,,,wikipedia-enum
national-mx-ariel-best-picture,2005,Duck Season,2004,won,,,wikipedia-enum
national-mx-ariel-best-picture,2006,Mezcal,2005,won,,,wikipedia-enum
national-mx-ariel-best-picture,2007,Pan's Labyrinth,2006,won,,,wikipedia-enum
national-mx-ariel-best-picture,2008,Silent Light,2007,won,,,wikipedia-enum
national-mx-ariel-best-picture,2009,Lake Tahoe,2008,won,,,wikipedia-enum
national-mx-ariel-best-picture,2010,Nora's Will,2009,won,,,wikipedia-enum
national-mx-ariel-best-picture,2011,Hell,2010,won,,,wikipedia-enum
national-mx-ariel-best-picture,2012,Pastorela,2011,won,,,wikipedia-enum
national-mx-ariel-best-picture,2013,The Prize,2012,won,,,wikipedia-enum
national-mx-ariel-best-picture,2014,The Golden Dream,2013,won,,,wikipedia-enum
national-mx-ariel-best-picture,2015,Güeros,2014,won,,,wikipedia-enum
national-mx-ariel-best-picture,2016,The Chosen Ones,2015,won,,,wikipedia-enum
national-mx-ariel-best-picture,2017,The 4th Company,2016,won,,,wikipedia-enum
national-mx-ariel-best-picture,2018,I Dream in Another Language,2017,won,,,wikipedia-enum
national-mx-ariel-best-picture,2019,Roma,2018,won,,,wikipedia-enum
national-mx-ariel-best-picture,2020,I'm No Longer Here,2019,won,,,wikipedia-enum
national-mx-ariel-best-picture,2021,Identifying Features,2020,won,,,wikipedia-enum
national-mx-ariel-best-picture,2022,Prayers for the Stolen,2021,won,,,wikipedia-enum
national-mx-ariel-best-picture,2023,Northern Skies Over Empty Space,2022,won,,,wikipedia-enum
national-mx-ariel-best-picture,2024,Tótem,2023,won,,,wikipedia-enum
national-mx-ariel-best-picture,2025,Sujo,2024,won,,,wikipedia-enum
national-hk-hkfa-best-film,1982,Father and Son,1981,won,,,wikipedia-enum
national-hk-hkfa-best-film,1983,Boat People,1982,won,,,wikipedia-enum
national-hk-hkfa-best-film,1984,Ah Ying,1983,won,,,wikipedia-enum
national-hk-hkfa-best-film,1985,Homecoming,1984,won,,,wikipedia-enum
national-hk-hkfa-best-film,1986,Police Story,1985,won,,,wikipedia-enum
national-hk-hkfa-best-film,1987,A Better Tomorrow,1986,won,,,wikipedia-enum
national-hk-hkfa-best-film,1988,An Autumn's Tale,1987,won,,,wikipedia-enum
national-hk-hkfa-best-film,1989,Rouge,1988,won,,,wikipedia-enum
national-hk-hkfa-best-film,1990,Beyond the Sunset,1989,won,,,wikipedia-enum
national-hk-hkfa-best-film,1991,Days of Being Wild,1990,won,,,wikipedia-enum
national-hk-hkfa-best-film,1992,To Be Number One,1991,won,,,wikipedia-enum
national-hk-hkfa-best-film,1993,Cageman,1992,won,,,wikipedia-enum
national-hk-hkfa-best-film,1994,"C'est la vie, mon chéri",1993,won,,,wikipedia-enum
national-hk-hkfa-best-film,1995,Chungking Express,1994,won,,,wikipedia-enum
national-hk-hkfa-best-film,1996,Summer Snow,1995,won,,,wikipedia-enum
national-hk-hkfa-best-film,1997,Comrades: Almost a Love Story,1996,won,,,wikipedia-enum
national-hk-hkfa-best-film,1998,Made in Hong Kong,1997,won,,,wikipedia-enum
national-hk-hkfa-best-film,1999,Beast Cops,1998,won,,,wikipedia-enum
national-hk-hkfa-best-film,2000,Ordinary Heroes,1999,won,,,wikipedia-enum
national-hk-hkfa-best-film,2001,"Crouching Tiger, Hidden Dragon",2000,won,,,wikipedia-enum
national-hk-hkfa-best-film,2002,Shaolin Soccer,2001,won,,,wikipedia-enum
national-hk-hkfa-best-film,2003,Infernal Affairs,2002,won,,,wikipedia-enum
national-hk-hkfa-best-film,2004,Running on Karma,2003,won,,,wikipedia-enum
national-hk-hkfa-best-film,2005,Kung Fu Hustle,2004,won,,,wikipedia-enum
national-hk-hkfa-best-film,2006,Election,2005,won,,,wikipedia-enum
national-hk-hkfa-best-film,2007,After This Our Exile,2006,won,,,wikipedia-enum
national-hk-hkfa-best-film,2008,The Warlords,2007,won,,,wikipedia-enum
national-hk-hkfa-best-film,2009,Ip Man,2008,won,,,wikipedia-enum
national-hk-hkfa-best-film,2010,Bodyguards and Assassins,2009,won,,,wikipedia-enum
national-hk-hkfa-best-film,2011,Gallants,2010,won,,,wikipedia-enum
national-hk-hkfa-best-film,2012,A Simple Life,2011,won,,,wikipedia-enum
national-hk-hkfa-best-film,2013,Cold War,2012,won,,,wikipedia-enum
national-hk-hkfa-best-film,2014,The Grandmaster,2013,won,,,wikipedia-enum
national-hk-hkfa-best-film,2015,The Golden Era,2014,won,,,wikipedia-enum
national-hk-hkfa-best-film,2016,Ten Years,2015,won,,,wikipedia-enum
national-hk-hkfa-best-film,2017,Trivisa,2016,won,,,wikipedia-enum
national-hk-hkfa-best-film,2018,Our Time Will Come,2017,won,,,wikipedia-enum
national-hk-hkfa-best-film,2019,Project Gutenberg,2018,won,,,wikipedia-enum
national-hk-hkfa-best-film,2020,Better Days,2019,won,,,wikipedia-enum
national-hk-hkfa-best-film,2022,Raging Fire,2021,won,,,wikipedia-enum
national-hk-hkfa-best-film,2023,To My Nineteen Year Old Self,2022,won,,,wikipedia-enum
national-hk-hkfa-best-film,2024,A Guilty Conscience,2023,won,,,wikipedia-enum
national-hk-hkfa-best-film,2025,Twilight of the Warriors: Walled In,2024,won,,,wikipedia-enum
national-hk-hkfa-best-film,2026,Ciao UFO,2025,won,,,wikipedia-enum
national-it-100-da-salvare,2008,Four Steps in the Clouds,1942,listed,,,wikipedia-enum
national-it-100-da-salvare,2008,Ossessione,1943,listed,,,wikipedia-enum
national-it-100-da-salvare,2008,"Rome, Open City",1945,listed,,,wikipedia-enum
national-it-100-da-salvare,2008,Shoeshine,1946,listed,,,wikipedia-enum
national-it-100-da-salvare,2008,Paisan,1946,listed,,,wikipedia-enum
national-it-100-da-salvare,2008,Angelina,1947,listed,,,wikipedia-enum
national-it-100-da-salvare,2008,La Terra Trema,1948,listed,,,wikipedia-enum
national-it-100-da-salvare,2008,Bicycle Thieves,1948,listed,,,wikipedia-enum
national-it-100-da-salvare,2008,City of Pain,1949,listed,,,wikipedia-enum
national-it-100-da-salvare,2008,Bitter Rice,1949,listed,,,wikipedia-enum
national-it-100-da-salvare,2008,Heaven over the Marshes,1949,listed,,,wikipedia-enum
national-it-100-da-salvare,2008,Chains,1949,listed,,,wikipedia-enum
national-it-100-da-salvare,2008,Sunday in August,1950,listed,,,wikipedia-enum
national-it-100-da-salvare,2008,Stromboli,1950,listed,,,wikipedia-enum
national-it-100-da-salvare,2008,Father's Dilemma,1950,listed,,,wikipedia-enum
national-it-100-da-salvare,2008,Story of a Love Affair,1950,listed,,,wikipedia-enum
national-it-100-da-salvare,2008,Path of Hope,1950,listed,,,wikipedia-enum
national-it-100-da-salvare,2008,Variety Lights,1950,listed,,,wikipedia-enum
national-it-100-da-salvare,2008,Miracle in Milan,1951,listed,,,wikipedia-enum
national-it-100-da-salvare,2008,Cops and Robbers,1951,listed,,,wikipedia-enum
national-it-100-da-salvare,2008,The Passaguai Family,1951,listed,,,wikipedia-enum
national-it-100-da-salvare,2008,Bellissima,1951,listed,,,wikipedia-enum
national-it-100-da-salvare,2008,Umberto D.,1952,listed,,,wikipedia-enum
national-it-100-da-salvare,2008,Little World of Don Camillo,1952,listed,,,wikipedia-enum
national-it-100-da-salvare,2008,Toto in Color,1952,listed,,,wikipedia-enum
national-it-100-da-salvare,2008,Two Cents Worth of Hope,1952,listed,,,wikipedia-enum
national-it-100-da-salvare,2008,The White Sheik,1952,listed,,,wikipedia-enum
national-it-100-da-salvare,2008,Europe '51,1952,listed,,,wikipedia-enum
national-it-100-da-salvare,2008,The Wayward Wife,1953,listed,,,wikipedia-enum
national-it-100-da-salvare,2008,Eager to Live,1953,listed,,,wikipedia-enum
national-it-100-da-salvare,2008,Neapolitans in Milan,1953,listed,,,wikipedia-enum
national-it-100-da-salvare,2008,Empty Eyes,1953,listed,,,wikipedia-enum
national-it-100-da-salvare,2008,I vitelloni,1953,listed,,,wikipedia-enum
national-it-100-da-salvare,2008,"Bread, Love and Dreams",1953,listed,,,wikipedia-enum
national-it-100-da-salvare,2008,Neapolitan Carousel,1954,listed,,,wikipedia-enum
national-it-100-da-salvare,2008,The Beach,1954,listed,,,wikipedia-enum
national-it-100-da-salvare,2008,La strada,1954,listed,,,wikipedia-enum
national-it-100-da-salvare,2008,The Gold of Naples,1954,listed,,,wikipedia-enum
national-it-100-da-salvare,2008,An American in Rome,1954,listed,,,wikipedia-enum
national-it-100-da-salvare,2008,Senso,1954,listed,,,wikipedia-enum
national-it-100-da-salvare,2008,The Art of Getting Along,1954,listed,,,wikipedia-enum
national-it-100-da-salvare,2008,A Free Woman,1954,listed,,,wikipedia-enum
national-it-100-da-salvare,2008,A Hero of Our Times,1955,listed,,,wikipedia-enum
national-it-100-da-salvare,2008,Abandoned,1955,listed,,,wikipedia-enum
national-it-100-da-salvare,2008,"Poor, But Handsome",1957,listed,,,wikipedia-enum
national-it-100-da-salvare,2008,Nights of Cabiria,1957,listed,,,wikipedia-enum
national-it-100-da-salvare,2008,Il grido,1957,listed,,,wikipedia-enum
national-it-100-da-salvare,2008,Big Deal on Madonna Street,1958,listed,,,wikipedia-enum
national-it-100-da-salvare,2008,You're on Your Own,1959,listed,,,wikipedia-enum
national-it-100-da-salvare,2008,I magliari,1959,listed,,,wikipedia-enum
national-it-100-da-salvare,2008,The Great War,1959,listed,,,wikipedia-enum
national-it-100-da-salvare,2008,La dolce vita,1960,listed,,,wikipedia-enum
national-it-100-da-salvare,2008,Il bell'Antonio,1960,listed,,,wikipedia-enum
national-it-100-da-salvare,2008,Long Night in 1943,1960,listed,,,wikipedia-enum
national-it-100-da-salvare,2008,Rocco and His Brothers,1960,listed,,,wikipedia-enum
national-it-100-da-salvare,2008,Everybody Go Home,1960,listed,,,wikipedia-enum
national-it-100-da-salvare,2008,Girl with a Suitcase,1961,listed,,,wikipedia-enum
national-it-100-da-salvare,2008,Il posto,1961,listed,,,wikipedia-enum
national-it-100-da-salvare,2008,Accattone,1961,listed,,,wikipedia-enum
national-it-100-da-salvare,2008,Divorce Italian Style,1961,listed,,,wikipedia-enum
national-it-100-da-salvare,2008,Leoni al sole,1961,listed,,,wikipedia-enum
national-it-100-da-salvare,2008,A Difficult Life,1961,listed,,,wikipedia-enum
national-it-100-da-salvare,2008,Salvatore Giuliano,1962,listed,,,wikipedia-enum
national-it-100-da-salvare,2008,L'eclisse,1962,listed,,,wikipedia-enum
national-it-100-da-salvare,2008,Mafioso,1962,listed,,,wikipedia-enum
national-it-100-da-salvare,2008,Il sorpasso,1962,listed,,,wikipedia-enum
national-it-100-da-salvare,2008,8½,1963,listed,,,wikipedia-enum
national-it-100-da-salvare,2008,The Leopard,1963,listed,,,wikipedia-enum
national-it-100-da-salvare,2008,Hands over the City,1963,listed,,,wikipedia-enum
national-it-100-da-salvare,2008,I mostri,1963,listed,,,wikipedia-enum
national-it-100-da-salvare,2008,Chi lavora è perduto,1963,listed,,,wikipedia-enum
national-it-100-da-salvare,2008,The Ape Woman,1964,listed,,,wikipedia-enum
national-it-100-da-salvare,2008,Love Meetings,1964,listed,,,wikipedia-enum
national-it-100-da-salvare,2008,La vita agra,1964,listed,,,wikipedia-enum
national-it-100-da-salvare,2008,Fists in the Pocket,1965,listed,,,wikipedia-enum
national-it-100-da-salvare,2008,I Knew Her Well,1965,listed,,,wikipedia-enum
national-it-100-da-salvare,2008,The Birds the Bees and the Italians,1966,listed,,,wikipedia-enum
national-it-100-da-salvare,2008,The Hawks and the Sparrows,1966,listed,,,wikipedia-enum
national-it-100-da-salvare,2008,The Battle of Algiers,1966,listed,,,wikipedia-enum
national-it-100-da-salvare,2008,China Is Near,1967,listed,,,wikipedia-enum
national-it-100-da-salvare,2008,Bandits in Milan,1968,listed,,,wikipedia-enum
national-it-100-da-salvare,2008,Be Sick... It's Free,1968,listed,,,wikipedia-enum
national-it-100-da-salvare,2008,Dillinger Is Dead,1969,listed,,,wikipedia-enum
national-it-100-da-salvare,2008,Investigation of a Citizen Above Suspicion,1970,listed,,,wikipedia-enum
national-it-100-da-salvare,2008,The Conformist,1970,listed,,,wikipedia-enum
national-it-100-da-salvare,2008,The Mattei Affair,1972,listed,,,wikipedia-enum
national-it-100-da-salvare,2008,Nel nome del padre,1972,listed,,,wikipedia-enum
national-it-100-da-salvare,2008,The Audience,1972,listed,,,wikipedia-enum
national-it-100-da-salvare,2008,The Scientific Cardplayer,1972,listed,,,wikipedia-enum
national-it-100-da-salvare,2008,Diario di un maestro,1973,listed,,,wikipedia-enum
national-it-100-da-salvare,2008,Amarcord,1973,listed,,,wikipedia-enum
national-it-100-da-salvare,2008,Bread and Chocolate,1973,listed,,,wikipedia-enum
national-it-100-da-salvare,2008,We All Loved Each Other So Much,1974,listed,,,wikipedia-enum
national-it-100-da-salvare,2008,Fantozzi,1975,listed,,,wikipedia-enum
national-it-100-da-salvare,2008,Illustrious Corpses,1976,listed,,,wikipedia-enum
national-it-100-da-salvare,2008,1900,1976,listed,,,wikipedia-enum
national-it-100-da-salvare,2008,An Average Little Man,1977,listed,,,wikipedia-enum
national-it-100-da-salvare,2008,A Special Day,1977,listed,,,wikipedia-enum
national-it-100-da-salvare,2008,Padre padrone,1977,listed,,,wikipedia-enum
national-it-100-da-salvare,2008,The Tree of Wooden Clogs,1978,listed,,,wikipedia-enum
national-kr-kofa-100-korean-films,2014,The Housemaid,1960,listed,1,,wikipedia-enum
national-kr-kofa-100-korean-films,2014,An Aimless Bullet,1961,listed,1,,wikipedia-enum
national-kr-kofa-100-korean-films,2014,The March of Fools,1975,listed,1,,wikipedia-enum
national-kr-kofa-100-korean-films,2014,Madame Freedom,1956,listed,4,,wikipedia-enum
national-kr-kofa-100-korean-films,2014,The Coachman,1961,listed,7,,wikipedia-enum
national-kr-kofa-100-korean-films,2014,Heavenly Homecoming to Stars,1974,listed,7,,wikipedia-enum
national-kr-kofa-100-korean-films,2014,A Fine Windy Day,1980,listed,7,,wikipedia-enum
national-kr-kofa-100-korean-films,2014,Memories of Murder,2003,listed,7,,wikipedia-enum
national-kr-kofa-100-korean-films,2014,Mother and a Guest,1961,listed,9,,wikipedia-enum
national-kr-kofa-100-korean-films,2014,Youngja's Heydays,1975,listed,9,,wikipedia-enum
national-kr-kofa-100-korean-films,2014,Declaration of Fools,1983,listed,9,,wikipedia-enum
national-kr-kofa-100-korean-films,2014,Sopyonje,1993,listed,9,,wikipedia-enum
national-kr-kofa-100-korean-films,2014,Crossroads of Youth,1934,listed,,,wikipedia-enum
national-kr-kofa-100-korean-films,2014,A Hometown in Heart,1949,listed,,,wikipedia-enum
national-kr-kofa-100-korean-films,2014,The Flower in Hell,1958,listed,,,wikipedia-enum
national-kr-kofa-100-korean-films,2014,Goryeojang,1963,listed,,,wikipedia-enum
national-kr-kofa-100-korean-films,2014,The Marines Who Never Returned,1963,listed,,,wikipedia-enum
national-kr-kofa-100-korean-films,2014,Green Rain,1966,listed,,,wikipedia-enum
national-kr-kofa-100-korean-films,2014,Burning Mountain,1967,listed,,,wikipedia-enum
national-kr-kofa-100-korean-films,2014,A Day Off,1968,listed,,,wikipedia-enum
national-kr-kofa-100-korean-films,2014,The Road to Sampo,1975,listed,,,wikipedia-enum
national-kr-kofa-100-korean-films,2014,Ieodo,1977,listed,,,wikipedia-enum
national-kr-kofa-100-korean-films,2014,The Last Witness,1980,listed,,,wikipedia-enum
national-kr-kofa-100-korean-films,2014,Jagko,1980,listed,,,wikipedia-enum
national-kr-kofa-100-korean-films,2014,The Hut,1981,listed,,,wikipedia-enum
national-kr-kofa-100-korean-films,2014,A Dwarf Launches a Little Ball,1981,listed,,,wikipedia-enum
national-kr-kofa-100-korean-films,2014,People in the Slum,1982,listed,,,wikipedia-enum
national-kr-kofa-100-korean-films,2014,Whale Hunting,1984,listed,,,wikipedia-enum
national-kr-kofa-100-korean-films,2014,Chilsu and Mansu,1988,listed,,,wikipedia-enum
national-kr-kofa-100-korean-films,2014,Gagman,1989,listed,,,wikipedia-enum
national-kr-kofa-100-korean-films,2014,Lovers in Woomukbaemi,1990,listed,,,wikipedia-enum
national-kr-kofa-100-korean-films,2014,North Korean Partisan in South Korea,1990,listed,,,wikipedia-enum
national-kr-kofa-100-korean-films,2014,Black Republic,1990,listed,,,wikipedia-enum
national-kr-kofa-100-korean-films,2014,My Love My Bride,1990,listed,,,wikipedia-enum
national-kr-kofa-100-korean-films,2014,White Badge,1992,listed,,,wikipedia-enum
national-kr-kofa-100-korean-films,2014,Sorum,2001,listed,,,wikipedia-enum
national-kr-kofa-100-korean-films,2014,Save the Green Planet,2003,listed,,,wikipedia-enum
national-kr-kofa-100-korean-films,2014,Old Boy,2003,listed,,,wikipedia-enum
national-kr-kofa-100-korean-films,2014,3-Iron,2004,listed,,,wikipedia-enum
national-kr-kofa-100-korean-films,2014,Poetry,2010,listed,,,wikipedia-enum
national-kr-kofa-100-korean-films,2014,Pieta,2012,listed,,,wikipedia-enum
national-es-caiman-100,2016,Viridiana,1961,listed,1,,wikipedia-enum
national-es-caiman-100,2016,Embrujo,1947,listed,100,,wikipedia-enum
national-br-abraccine-100,2015,Limite,1931,listed,1,,wikipedia-enum
national-br-abraccine-100,2015,Deus e o Diabo na Terra do Sol,1964,listed,2,,wikipedia-enum
national-br-abraccine-100,2015,Vidas Secas,1963,listed,3,,wikipedia-enum
national-br-abraccine-100,2015,Cabra Marcado para Morrer,1984,listed,4,,wikipedia-enum
tspdt-1000,2026,Citizen Kane,1941,listed,1,,wikipedia-enum
tspdt-1000,2026,Vertigo,1958,listed,2,,wikipedia-enum
tspdt-1000,2026,2001: A Space Odyssey,1968,listed,3,,wikipedia-enum
tspdt-1000,2026,Tokyo Story,1953,listed,4,,wikipedia-enum
tspdt-1000,2026,"Rules of the Game, The",1939,listed,5,,wikipedia-enum
tspdt-1000,2026,"Godfather, The",1972,listed,6,,wikipedia-enum
tspdt-1000,2026,8½,1963,listed,7,,wikipedia-enum
tspdt-1000,2026,Sunrise: A Song of Two Humans,1927,listed,8,,wikipedia-enum
tspdt-1000,2026,"Searchers, The",1956,listed,9,,wikipedia-enum
tspdt-1000,2026,Seven Samurai,1954,listed,10,,wikipedia-enum
tspdt-1000,2026,Singin' in the Rain,1952,listed,11,,wikipedia-enum
tspdt-1000,2026,"Jeanne Dielman, 23 quai du Commerce, 1080 Bruxelles",1975,listed,12,,wikipedia-enum
tspdt-1000,2026,Apocalypse Now,1979,listed,13,,wikipedia-enum
tspdt-1000,2026,Taxi Driver,1976,listed,14,,wikipedia-enum
tspdt-1000,2026,Bicycle Thieves,1948,listed,15,,wikipedia-enum
tspdt-1000,2026,Persona,1966,listed,16,,wikipedia-enum
tspdt-1000,2026,In the Mood for Love,2000,listed,17,,wikipedia-enum
tspdt-1000,2026,Breathless,1960,listed,18,,wikipedia-enum
tspdt-1000,2026,"Passion of Joan of Arc, The",1928,listed,19,,wikipedia-enum
tspdt-1000,2026,Battleship Potemkin,1925,listed,20,,wikipedia-enum
tspdt-1000,2026,Atalante L',1934,listed,21,,wikipedia-enum
tspdt-1000,2026,Man with a Movie Camera,1929,listed,22,,wikipedia-enum
tspdt-1000,2026,Mirror,1975,listed,23,,wikipedia-enum
tspdt-1000,2026,Psycho,1960,listed,24,,wikipedia-enum
tspdt-1000,2026,Rashomon,1950,listed,25,,wikipedia-enum
tspdt-1000,2026,City Lights,1931,listed,26,,wikipedia-enum
tspdt-1000,2026,"400 Blows, The",1959,listed,27,,wikipedia-enum
tspdt-1000,2026,Andrei Rublev,1966,listed,28,,wikipedia-enum
tspdt-1000,2026,Mulholland Dr.,2001,listed,29,,wikipedia-enum
tspdt-1000,2026,"Godfather Part II, The",1974,listed,30,,wikipedia-enum
tspdt-1000,2026,Some Like it Hot,1959,listed,31,,wikipedia-enum
tspdt-1000,2026,Au hasard Balthazar,1966,listed,32,,wikipedia-enum
tspdt-1000,2026,Dolce vita La,1960,listed,33,,wikipedia-enum
tspdt-1000,2026,Ordet,1955,listed,34,,wikipedia-enum
tspdt-1000,2026,Raging Bull,1980,listed,35,,wikipedia-enum
tspdt-1000,2026,"Night of the Hunter, The",1955,listed,36,,wikipedia-enum
tspdt-1000,2026,Casablanca,1942,listed,37,,wikipedia-enum
tspdt-1000,2026,Avventura L',1960,listed,38,,wikipedia-enum
tspdt-1000,2026,Blade Runner,1982,listed,39,,wikipedia-enum
tspdt-1000,2026,Rear Window,1954,listed,40,,wikipedia-enum
tspdt-1000,2026,Sunset Blvd.,1950,listed,41,,wikipedia-enum
tspdt-1000,2026,Touch of Evil,1958,listed,42,,wikipedia-enum
tspdt-1000,2026,Barry Lyndon,1975,listed,43,,wikipedia-enum
tspdt-1000,2026,Contempt,1963,listed,44,,wikipedia-enum
tspdt-1000,2026,Playtime,1967,listed,45,,wikipedia-enum
tspdt-1000,2026,Pather Panchali,1955,listed,46,,wikipedia-enum
tspdt-1000,2026,Close-Up,1990,listed,47,,wikipedia-enum
tspdt-1000,2026,Lawrence of Arabia,1962,listed,48,,wikipedia-enum
tspdt-1000,2026,Stalker,1979,listed,49,,wikipedia-enum
tspdt-1000,2026,"General, The",1926,listed,50,,wikipedia-enum
tspdt-1000,2026,Modern Times,1936,listed,51,,wikipedia-enum
tspdt-1000,2026,Beau travail,1999,listed,52,,wikipedia-enum
tspdt-1000,2026,M,1931,listed,53,,wikipedia-enum
tspdt-1000,2026,"Third Man, The",1949,listed,54,,wikipedia-enum
tspdt-1000,2026,Late Spring,1949,listed,55,,wikipedia-enum
tspdt-1000,2026,"Apartment, The",1960,listed,56,,wikipedia-enum
tspdt-1000,2026,North by Northwest,1959,listed,57,,wikipedia-enum
tspdt-1000,2026,Ugetsu monogatari,1953,listed,58,,wikipedia-enum
tspdt-1000,2026,GoodFellas,1990,listed,59,,wikipedia-enum
tspdt-1000,2026,"Battle of Algiers, The",1966,listed,60,,wikipedia-enum
tspdt-1000,2026,Grande illusion La,1937,listed,61,,wikipedia-enum
tspdt-1000,2026,Wild Strawberries,1957,listed,62,,wikipedia-enum
tspdt-1000,2026,Rio Bravo,1959,listed,63,,wikipedia-enum
tspdt-1000,2026,Fanny and Alexander,1982,listed,64,,wikipedia-enum
tspdt-1000,2026,Dr. Strangelove or: How I Learned to Stop Worrying and Love the Bomb,1964,listed,65,,wikipedia-enum
tspdt-1000,2026,Shoah,1985,listed,66,,wikipedia-enum
tspdt-1000,2026,Once Upon a Time in the West,1968,listed,67,,wikipedia-enum
tspdt-1000,2026,Chinatown,1974,listed,68,,wikipedia-enum
tspdt-1000,2026,Journey to Italy,1954,listed,69,,wikipedia-enum
tspdt-1000,2026,Pierrot le fou,1965,listed,70,,wikipedia-enum
tspdt-1000,2026,Do the Right Thing,1989,listed,71,,wikipedia-enum
tspdt-1000,2026,Metropolis,1927,listed,72,,wikipedia-enum
tspdt-1000,2026,"Woman Under the Influence, A",1974,listed,73,,wikipedia-enum
tspdt-1000,2026,Enfants du paradis Les,1945,listed,74,,wikipedia-enum
tspdt-1000,2026,Strada La,1954,listed,75,,wikipedia-enum
tspdt-1000,2026,"Leopard, The",1963,listed,76,,wikipedia-enum
tspdt-1000,2026,Amarcord,1973,listed,77,,wikipedia-enum
tspdt-1000,2026,It's a Wonderful Life,1946,listed,78,,wikipedia-enum
tspdt-1000,2026,"Wild Bunch, The",1969,listed,79,,wikipedia-enum
tspdt-1000,2026,Pulp Fiction,1994,listed,80,,wikipedia-enum
tspdt-1000,2026,Viridiana,1961,listed,81,,wikipedia-enum
tspdt-1000,2026,Jaws,1975,listed,82,,wikipedia-enum
tspdt-1000,2026,"Shining, The",1980,listed,83,,wikipedia-enum
tspdt-1000,2026,Man Escaped A,1956,listed,84,,wikipedia-enum
tspdt-1000,2026,Blue Velvet,1986,listed,85,,wikipedia-enum
tspdt-1000,2026,Sansho the Bailiff,1954,listed,86,,wikipedia-enum
tspdt-1000,2026,"Conformist, The",1970,listed,87,,wikipedia-enum
tspdt-1000,2026,"Seventh Seal, The",1957,listed,88,,wikipedia-enum
tspdt-1000,2026,"Man Who Shot Liberty Valance, The",1962,listed,89,,wikipedia-enum
tspdt-1000,2026,Nashville,1975,listed,90,,wikipedia-enum
tspdt-1000,2026,"Magnificent Ambersons, The",1942,listed,91,,wikipedia-enum
tspdt-1000,2026,Pickpocket,1959,listed,92,,wikipedia-enum
tspdt-1000,2026,"Gold Rush, The",1925,listed,93,,wikipedia-enum
tspdt-1000,2026,Jetée La,1962,listed,94,,wikipedia-enum
tspdt-1000,2026,Gertrud,1964,listed,95,,wikipedia-enum
tspdt-1000,2026,Sans soleil,1983,listed,96,,wikipedia-enum
tspdt-1000,2026,Cléo from 5 to 7,1962,listed,97,,wikipedia-enum
tspdt-1000,2026,Jules et Jim,1962,listed,98,,wikipedia-enum
tspdt-1000,2026,To Be or Not to Be,1942,listed,99,,wikipedia-enum
tspdt-1000,2026,Meshes of the Afternoon,1943,listed,100,,wikipedia-enum
tspdt-1000,2026,"Mother and the Whore, The",1973,listed,101,,wikipedia-enum
tspdt-1000,2026,Sátántangó,1994,listed,102,,wikipedia-enum
tspdt-1000,2026,Madame de...,1953,listed,103,,wikipedia-enum
tspdt-1000,2026,Sherlock Jr.,1924,listed,104,,wikipedia-enum
tspdt-1000,2026,"Clockwork Orange, A",1971,listed,105,,wikipedia-enum
tspdt-1000,2026,Ikiru,1952,listed,106,,wikipedia-enum
tspdt-1000,2026,Ali: Fear Eats the Soul,1974,listed,107,,wikipedia-enum
tspdt-1000,2026,Aguirre the Wrath of God,1972,listed,108,,wikipedia-enum
tspdt-1000,2026,Come and See,1985,listed,109,,wikipedia-enum
tspdt-1000,2026,Annie Hall,1977,listed,110,,wikipedia-enum
tspdt-1000,2026,"Spirit of the Beehive, The",1973,listed,111,,wikipedia-enum
tspdt-1000,2026,Last Year at Marienbad,1961,listed,112,,wikipedia-enum
tspdt-1000,2026,Once Upon a Time in America,1984,listed,113,,wikipedia-enum
tspdt-1000,2026,Greed,1924,listed,114,,wikipedia-enum
tspdt-1000,2026,"Wizard of Oz, The",1939,listed,115,,wikipedia-enum
tspdt-1000,2026,"Piano, The",1993,listed,116,,wikipedia-enum
tspdt-1000,2026,"Brighter Summer Day, A",1991,listed,117,,wikipedia-enum
tspdt-1000,2026,Yi Yi,2000,listed,118,,wikipedia-enum
tspdt-1000,2026,Don't Look Now,1973,listed,119,,wikipedia-enum
tspdt-1000,2026,Hiroshima mon amour,1959,listed,120,,wikipedia-enum
tspdt-1000,2026,"Red Shoes, The",1948,listed,121,,wikipedia-enum
tspdt-1000,2026,Alien,1979,listed,122,,wikipedia-enum
tspdt-1000,2026,E.T. The Extra-Terrestrial,1982,listed,123,,wikipedia-enum
tspdt-1000,2026,Bringing Up Baby,1938,listed,124,,wikipedia-enum
tspdt-1000,2026,Blow-Up,1966,listed,125,,wikipedia-enum
tspdt-1000,2026,"Day in the Country, A",1936,listed,126,,wikipedia-enum
tspdt-1000,2026,Notorious,1946,listed,127,,wikipedia-enum
tspdt-1000,2026,Vivre sa vie,1962,listed,128,,wikipedia-enum
tspdt-1000,2026,Intolerance,1916,listed,129,,wikipedia-enum
tspdt-1000,2026,Eclisse L',1962,listed,130,,wikipedia-enum
tspdt-1000,2026,Spirited Away,2001,listed,131,,wikipedia-enum
tspdt-1000,2026,"Matter of Life and Death, A",1946,listed,132,,wikipedia-enum
tspdt-1000,2026,Letter from an Unknown Woman,1948,listed,133,,wikipedia-enum
tspdt-1000,2026,All About Eve,1950,listed,134,,wikipedia-enum
tspdt-1000,2026,Olvidados Los,1950,listed,135,,wikipedia-enum
tspdt-1000,2026,"Exterminating Angel, The",1962,listed,136,,wikipedia-enum
tspdt-1000,2026,Star Wars,1977,listed,137,,wikipedia-enum
tspdt-1000,2026,Imitation of Life,1959,listed,138,,wikipedia-enum
tspdt-1000,2026,His Girl Friday,1940,listed,139,,wikipedia-enum
tspdt-1000,2026,Histoire(s) du cinéma,1988,listed,140,,wikipedia-enum
tspdt-1000,2026,Gone with the Wind,1939,listed,141,,wikipedia-enum
tspdt-1000,2026,Nosferatu,1922,listed,142,,wikipedia-enum
tspdt-1000,2026,There Will Be Blood,2007,listed,143,,wikipedia-enum
tspdt-1000,2026,My Darling Clementine,1946,listed,144,,wikipedia-enum
tspdt-1000,2026,Rome Open City,1945,listed,145,,wikipedia-enum
tspdt-1000,2026,Daisies,1966,listed,146,,wikipedia-enum
tspdt-1000,2026,Wanda,1970,listed,147,,wikipedia-enum
tspdt-1000,2026,Céline and Julie Go Boating,1974,listed,148,,wikipedia-enum
tspdt-1000,2026,"Gospel According to St. Matthew, The",1964,listed,149,,wikipedia-enum
tspdt-1000,2026,One Flew Over the Cuckoo's Nest,1975,listed,150,,wikipedia-enum
tspdt-1000,2026,"Umbrellas of Cherbourg, The",1964,listed,151,,wikipedia-enum
tspdt-1000,2026,"Conversation, The",1974,listed,152,,wikipedia-enum
tspdt-1000,2026,Killer of Sheep,1977,listed,153,,wikipedia-enum
tspdt-1000,2026,Chien andalou Un,1928,listed,154,,wikipedia-enum
tspdt-1000,2026,Days of Heaven,1978,listed,155,,wikipedia-enum
tspdt-1000,2026,"Good, the Bad and the Ugly, The",1966,listed,156,,wikipedia-enum
tspdt-1000,2026,Double Indemnity,1944,listed,157,,wikipedia-enum
tspdt-1000,2026,Trouble in Paradise,1932,listed,158,,wikipedia-enum
tspdt-1000,2026,"Deer Hunter, The",1978,listed,159,,wikipedia-enum
tspdt-1000,2026,Argent L',1983,listed,160,,wikipedia-enum
tspdt-1000,2026,Chungking Express,1994,listed,161,,wikipedia-enum
tspdt-1000,2026,My Neighbour Totoro,1988,listed,162,,wikipedia-enum
tspdt-1000,2026,Cries and Whispers,1972,listed,163,,wikipedia-enum
tspdt-1000,2026,Tropical Malady,2004,listed,164,,wikipedia-enum
tspdt-1000,2026,Manhattan,1979,listed,165,,wikipedia-enum
tspdt-1000,2026,Rosemary's Baby,1968,listed,166,,wikipedia-enum
tspdt-1000,2026,"Passenger, The",1975,listed,167,,wikipedia-enum
tspdt-1000,2026,Badlands,1973,listed,168,,wikipedia-enum
tspdt-1000,2026,Âge d'or L',1930,listed,169,,wikipedia-enum
tspdt-1000,2026,"Texas Chain Saw Massacre, The",1974,listed,170,,wikipedia-enum
tspdt-1000,2026,Dekalog,1989,listed,171,,wikipedia-enum
tspdt-1000,2026,"Discreet Charm of the Bourgeoisie, The",1972,listed,172,,wikipedia-enum
tspdt-1000,2026,Portrait of a Lady on Fire,2019,listed,173,,wikipedia-enum
tspdt-1000,2026,Raiders of the Lost Ark,1981,listed,174,,wikipedia-enum
tspdt-1000,2026,Only Angels Have Wings,1939,listed,175,,wikipedia-enum
tspdt-1000,2026,Stagecoach,1939,listed,176,,wikipedia-enum
tspdt-1000,2026,Brief Encounter,1945,listed,177,,wikipedia-enum
tspdt-1000,2026,Touki Bouki,1973,listed,178,,wikipedia-enum
tspdt-1000,2026,Duck Soup,1933,listed,179,,wikipedia-enum
tspdt-1000,2026,Close Encounters of the Third Kind,1977,listed,180,,wikipedia-enum
tspdt-1000,2026,"Birds, The",1963,listed,181,,wikipedia-enum
tspdt-1000,2026,Johnny Guitar,1954,listed,182,,wikipedia-enum
tspdt-1000,2026,Ran,1985,listed,183,,wikipedia-enum
tspdt-1000,2026,Mouchette,1967,listed,184,,wikipedia-enum
tspdt-1000,2026,"Colour of Pomegranates, The",1969,listed,185,,wikipedia-enum
tspdt-1000,2026,Earth,1930,listed,186,,wikipedia-enum
tspdt-1000,2026,Vampyr,1932,listed,187,,wikipedia-enum
tspdt-1000,2026,Napoléon,1927,listed,188,,wikipedia-enum
tspdt-1000,2026,Out of the Past,1947,listed,189,,wikipedia-enum
tspdt-1000,2026,Paris Texas,1984,listed,190,,wikipedia-enum
tspdt-1000,2026,"River, The",1951,listed,191,,wikipedia-enum
tspdt-1000,2026,"Tree of Life, The",2011,listed,192,,wikipedia-enum
tspdt-1000,2026,Chimes at Midnight,1965,listed,193,,wikipedia-enum
tspdt-1000,2026,Black Narcissus,1947,listed,194,,wikipedia-enum
tspdt-1000,2026,"Gleaners & I, The",2000,listed,195,,wikipedia-enum
tspdt-1000,2026,Notte La,1961,listed,196,,wikipedia-enum
tspdt-1000,2026,Paisan,1946,listed,197,,wikipedia-enum
tspdt-1000,2026,King Kong,1933,listed,198,,wikipedia-enum
tspdt-1000,2026,Nights of Cabiria,1957,listed,199,,wikipedia-enum
tspdt-1000,2026,Rocco and His Brothers,1960,listed,200,,wikipedia-enum
tspdt-1000,2026,Spring in a Small Town,1948,listed,201,,wikipedia-enum
tspdt-1000,2026,Salò or the 120 Days of Sodom,1975,listed,202,,wikipedia-enum
tspdt-1000,2026,"Lady Eve, The",1941,listed,203,,wikipedia-enum
tspdt-1000,2026,On the Waterfront,1954,listed,204,,wikipedia-enum
tspdt-1000,2026,"Last Laugh, The",1924,listed,205,,wikipedia-enum
tspdt-1000,2026,"City of Sadness, A",1989,listed,206,,wikipedia-enum
tspdt-1000,2026,News from Home,1976,listed,207,,wikipedia-enum
tspdt-1000,2026,"Thing, The",1982,listed,208,,wikipedia-enum
tspdt-1000,2026,Vagabond,1985,listed,209,,wikipedia-enum
tspdt-1000,2026,"Great Dictator, The",1940,listed,210,,wikipedia-enum
tspdt-1000,2026,Magnolia,1999,listed,211,,wikipedia-enum
tspdt-1000,2026,Death in Venice,1971,listed,212,,wikipedia-enum
tspdt-1000,2026,Wings of Desire,1987,listed,213,,wikipedia-enum
tspdt-1000,2026,"Life and Death of Colonel Blimp, The",1943,listed,214,,wikipedia-enum
tspdt-1000,2026,Moonlight,2016,listed,215,,wikipedia-enum
tspdt-1000,2026,Breaking the Waves,1996,listed,216,,wikipedia-enum
tspdt-1000,2026,Solaris,1972,listed,217,,wikipedia-enum
tspdt-1000,2026,"Quiet Man, The",1952,listed,218,,wikipedia-enum
tspdt-1000,2026,Wavelength,1967,listed,219,,wikipedia-enum
tspdt-1000,2026,Brazil,1985,listed,220,,wikipedia-enum
tspdt-1000,2026,Samouraï Le,1967,listed,221,,wikipedia-enum
tspdt-1000,2026,Kes,1969,listed,222,,wikipedia-enum
tspdt-1000,2026,Zero for Conduct,1933,listed,223,,wikipedia-enum
tspdt-1000,2026,Umberto D.,1952,listed,224,,wikipedia-enum
tspdt-1000,2026,Where is the Friend's House?,1987,listed,225,,wikipedia-enum
tspdt-1000,2026,"Grapes of Wrath, The",1940,listed,226,,wikipedia-enum
tspdt-1000,2026,"Big Lebowski, The",1998,listed,227,,wikipedia-enum
tspdt-1000,2026,Eternal Sunshine of the Spotless Mind,2004,listed,228,,wikipedia-enum
tspdt-1000,2026,"Best Years of Our Lives, The",1946,listed,229,,wikipedia-enum
tspdt-1000,2026,"Life of Oharu, The",1952,listed,230,,wikipedia-enum
tspdt-1000,2026,Parasite,2019,listed,231,,wikipedia-enum
tspdt-1000,2026,Sullivan's Travels,1941,listed,232,,wikipedia-enum
tspdt-1000,2026,Back to the Future,1985,listed,233,,wikipedia-enum
tspdt-1000,2026,"Matrix, The",1999,listed,234,,wikipedia-enum
tspdt-1000,2026,McCabe & Mrs. Miller,1971,listed,235,,wikipedia-enum
tspdt-1000,2026,"Travelling Players, The",1975,listed,236,,wikipedia-enum
tspdt-1000,2026,Black God White Devil,1964,listed,237,,wikipedia-enum
tspdt-1000,2026,Love Streams,1984,listed,238,,wikipedia-enum
tspdt-1000,2026,"House is Black, The",1963,listed,239,,wikipedia-enum
tspdt-1000,2026,Germany Year Zero,1948,listed,240,,wikipedia-enum
tspdt-1000,2026,"Crowd, The",1928,listed,241,,wikipedia-enum
tspdt-1000,2026,Ashes and Diamonds,1958,listed,242,,wikipedia-enum
tspdt-1000,2026,Red Desert,1964,listed,243,,wikipedia-enum
tspdt-1000,2026,Memories of Underdevelopment,1968,listed,244,,wikipedia-enum
tspdt-1000,2026,Eraserhead,1977,listed,245,,wikipedia-enum
tspdt-1000,2026,Ivan the Terrible Part II,1946,listed,246,,wikipedia-enum
tspdt-1000,2026,In a Lonely Place,1950,listed,247,,wikipedia-enum
tspdt-1000,2026,"Band Wagon, The",1953,listed,248,,wikipedia-enum
tspdt-1000,2026,"Graduate, The",1967,listed,249,,wikipedia-enum
tspdt-1000,2026,Ivan the Terrible Part I,1944,listed,250,,wikipedia-enum
tspdt-1000,2026,Schindler's List,1993,listed,251,,wikipedia-enum
tspdt-1000,2026,Caché,2005,listed,252,,wikipedia-enum
tspdt-1000,2026,"Autumn Afternoon, An",1962,listed,253,,wikipedia-enum
tspdt-1000,2026,Performance,1970,listed,254,,wikipedia-enum
tspdt-1000,2026,"Exorcist, The",1973,listed,255,,wikipedia-enum
tspdt-1000,2026,Heat,1995,listed,256,,wikipedia-enum
tspdt-1000,2026,Meet Me in St. Louis,1944,listed,257,,wikipedia-enum
tspdt-1000,2026,"Thin Red Line, The",1998,listed,258,,wikipedia-enum
tspdt-1000,2026,Cinema Paradiso,1988,listed,259,,wikipedia-enum
tspdt-1000,2026,Daughters of the Dust,1991,listed,260,,wikipedia-enum
tspdt-1000,2026,Belle de jour,1967,listed,261,,wikipedia-enum
tspdt-1000,2026,"Green Ray, The",1986,listed,262,,wikipedia-enum
tspdt-1000,2026,Eyes Wide Shut,1999,listed,263,,wikipedia-enum
tspdt-1000,2026,Verdugo El,1963,listed,264,,wikipedia-enum
tspdt-1000,2026,Fargo,1996,listed,265,,wikipedia-enum
tspdt-1000,2026,Diary of a Country Priest,1951,listed,266,,wikipedia-enum
tspdt-1000,2026,Uncle Boonmee Who Can Recall His Past Lives,2010,listed,267,,wikipedia-enum
tspdt-1000,2026,"Treasure of the Sierra Madre, The",1948,listed,268,,wikipedia-enum
tspdt-1000,2026,F for Fake,1973,listed,269,,wikipedia-enum
tspdt-1000,2026,"Cabinet of Dr. Caligari, The",1920,listed,270,,wikipedia-enum
tspdt-1000,2026,Red River,1948,listed,271,,wikipedia-enum
tspdt-1000,2026,Tabu,1931,listed,272,,wikipedia-enum
tspdt-1000,2026,Night and Fog,1955,listed,273,,wikipedia-enum
tspdt-1000,2026,Ciénaga La,2001,listed,274,,wikipedia-enum
tspdt-1000,2026,Three Colours: Blue,1993,listed,275,,wikipedia-enum
tspdt-1000,2026,Kind Hearts and Coronets,1949,listed,276,,wikipedia-enum
tspdt-1000,2026,Sweet Smell of Success,1957,listed,277,,wikipedia-enum
tspdt-1000,2026,Taste of Cherry,1997,listed,278,,wikipedia-enum
tspdt-1000,2026,Day of Wrath,1943,listed,279,,wikipedia-enum
tspdt-1000,2026,My Night at Maud's,1969,listed,280,,wikipedia-enum
tspdt-1000,2026,Black Girl,1966,listed,281,,wikipedia-enum
tspdt-1000,2026,All That Jazz,1979,listed,282,,wikipedia-enum
tspdt-1000,2026,Groundhog Day,1993,listed,283,,wikipedia-enum
tspdt-1000,2026,"Shop Around the Corner, The",1940,listed,284,,wikipedia-enum
tspdt-1000,2026,Paths of Glory,1957,listed,285,,wikipedia-enum
tspdt-1000,2026,"Ascent, The",1977,listed,286,,wikipedia-enum
tspdt-1000,2026,"Story of the Last Chrysanthemums, The",1939,listed,287,,wikipedia-enum
tspdt-1000,2026,Goodbye Dragon Inn,2003,listed,288,,wikipedia-enum
tspdt-1000,2026,Pandora's Box,1929,listed,289,,wikipedia-enum
tspdt-1000,2026,India Song,1975,listed,290,,wikipedia-enum
tspdt-1000,2026,Army of Shadows,1969,listed,291,,wikipedia-enum
tspdt-1000,2026,Throne of Blood,1957,listed,292,,wikipedia-enum
tspdt-1000,2026,2 or 3 Things I Know About Her,1967,listed,293,,wikipedia-enum
tspdt-1000,2026,All That Heaven Allows,1955,listed,294,,wikipedia-enum
tspdt-1000,2026,"Sacrifice, The",1986,listed,295,,wikipedia-enum
tspdt-1000,2026,Cabaret,1972,listed,296,,wikipedia-enum
tspdt-1000,2026,All About My Mother,1999,listed,297,,wikipedia-enum
tspdt-1000,2026,Three Colours: Red,1994,listed,298,,wikipedia-enum
tspdt-1000,2026,City of God,2002,listed,299,,wikipedia-enum
tspdt-1000,2026,Unforgiven,1992,listed,300,,wikipedia-enum
tspdt-1000,2026,"Big Sleep, The",1946,listed,301,,wikipedia-enum
tspdt-1000,2026,Mean Streets,1973,listed,302,,wikipedia-enum
tspdt-1000,2026,Distant Voices Still Lives,1988,listed,303,,wikipedia-enum
tspdt-1000,2026,Happy Together,1997,listed,304,,wikipedia-enum
tspdt-1000,2026,"Empire Strikes Back, The",1980,listed,305,,wikipedia-enum
tspdt-1000,2026,"Maltese Falcon, The",1941,listed,306,,wikipedia-enum
tspdt-1000,2026,Werckmeister Harmonies,2000,listed,307,,wikipedia-enum
tspdt-1000,2026,Terra em Transe,1967,listed,308,,wikipedia-enum
tspdt-1000,2026,"Music Room, The",1958,listed,309,,wikipedia-enum
tspdt-1000,2026,Mr. Hulot's Holiday,1953,listed,310,,wikipedia-enum
tspdt-1000,2026,Separation A,2011,listed,311,,wikipedia-enum
tspdt-1000,2026,Floating Clouds,1955,listed,312,,wikipedia-enum
tspdt-1000,2026,Freaks,1932,listed,313,,wikipedia-enum
tspdt-1000,2026,Midnight Cowboy,1969,listed,314,,wikipedia-enum
tspdt-1000,2026,Charulata,1964,listed,315,,wikipedia-enum
tspdt-1000,2026,Nanook of the North,1922,listed,316,,wikipedia-enum
tspdt-1000,2026,"World of Apu, The",1959,listed,317,,wikipedia-enum
tspdt-1000,2026,Faces,1968,listed,318,,wikipedia-enum
tspdt-1000,2026,Melancholia,2011,listed,319,,wikipedia-enum
tspdt-1000,2026,Amadeus,1984,listed,320,,wikipedia-enum
tspdt-1000,2026,High and Low,1963,listed,321,,wikipedia-enum
tspdt-1000,2026,"King of Comedy, The",1982,listed,322,,wikipedia-enum
tspdt-1000,2026,In the Realm of the Senses,1976,listed,323,,wikipedia-enum
tspdt-1000,2026,Videodrome,1983,listed,324,,wikipedia-enum
tspdt-1000,2026,I Am Cuba,1964,listed,325,,wikipedia-enum
tspdt-1000,2026,Monsieur Verdoux,1947,listed,326,,wikipedia-enum
tspdt-1000,2026,Harold and Maude,1971,listed,327,,wikipedia-enum
tspdt-1000,2026,Husbands,1970,listed,328,,wikipedia-enum
tspdt-1000,2026,Lola Montès,1955,listed,329,,wikipedia-enum
tspdt-1000,2026,Pyaasa,1957,listed,330,,wikipedia-enum
tspdt-1000,2026,Kings of the Road,1976,listed,331,,wikipedia-enum
tspdt-1000,2026,Belle et la bête La,1946,listed,332,,wikipedia-enum
tspdt-1000,2026,"Philadelphia Story, The",1940,listed,333,,wikipedia-enum
tspdt-1000,2026,Dog Day Afternoon,1975,listed,334,,wikipedia-enum
tspdt-1000,2026,Berlin Alexanderplatz [TV],1980,listed,335,,wikipedia-enum
tspdt-1000,2026,Canterbury Tale A,1944,listed,336,,wikipedia-enum
tspdt-1000,2026,"Kid, The",1921,listed,337,,wikipedia-enum
tspdt-1000,2026,"Young Girls of Rochefort, The",1967,listed,338,,wikipedia-enum
tspdt-1000,2026,West Side Story,1961,listed,339,,wikipedia-enum
tspdt-1000,2026,"Wages of Fear, The",1953,listed,340,,wikipedia-enum
tspdt-1000,2026,Mad Max: Fury Road,2015,listed,341,,wikipedia-enum
tspdt-1000,2026,Tie Xi Qu: West of the Tracks,2002,listed,342,,wikipedia-enum
tspdt-1000,2026,Bonnie and Clyde,1967,listed,343,,wikipedia-enum
tspdt-1000,2026,Some Came Running,1958,listed,344,,wikipedia-enum
tspdt-1000,2026,Get Out,2017,listed,345,,wikipedia-enum
tspdt-1000,2026,"Time to Live and the Time to Die, The",1985,listed,346,,wikipedia-enum
tspdt-1000,2026,Broken Blossoms,1919,listed,347,,wikipedia-enum
tspdt-1000,2026,Kiss Me Deadly,1955,listed,348,,wikipedia-enum
tspdt-1000,2026,Underground,1995,listed,349,,wikipedia-enum
tspdt-1000,2026,"Tree of Wooden Clogs, The",1978,listed,350,,wikipedia-enum
tspdt-1000,2026,"Double Life of Véronique, The",1991,listed,351,,wikipedia-enum
tspdt-1000,2026,Aliens,1986,listed,352,,wikipedia-enum
tspdt-1000,2026,"Last Picture Show, The",1971,listed,353,,wikipedia-enum
tspdt-1000,2026,It Happened One Night,1934,listed,354,,wikipedia-enum
tspdt-1000,2026,"Elephant Man, The",1980,listed,355,,wikipedia-enum
tspdt-1000,2026,Weekend,1967,listed,356,,wikipedia-enum
tspdt-1000,2026,Opening Night,1977,listed,357,,wikipedia-enum
tspdt-1000,2026,"Cranes Are Flying, The",1957,listed,358,,wikipedia-enum
tspdt-1000,2026,Touch of Zen A,1971,listed,359,,wikipedia-enum
tspdt-1000,2026,"Puppetmaster, The",1993,listed,360,,wikipedia-enum
tspdt-1000,2026,"Cloud-Capped Star, The",1960,listed,361,,wikipedia-enum
tspdt-1000,2026,"Silence of the Lambs, The",1991,listed,362,,wikipedia-enum
tspdt-1000,2026,Night of the Living Dead,1968,listed,363,,wikipedia-enum
tspdt-1000,2026,Last Tango in Paris,1972,listed,364,,wikipedia-enum
tspdt-1000,2026,"Turin Horse, The",2011,listed,365,,wikipedia-enum
tspdt-1000,2026,How Green Was My Valley,1941,listed,366,,wikipedia-enum
tspdt-1000,2026,Written on the Wind,1956,listed,367,,wikipedia-enum
tspdt-1000,2026,El,1953,listed,368,,wikipedia-enum
tspdt-1000,2026,Safe,1995,listed,369,,wikipedia-enum
tspdt-1000,2026,Peeping Tom,1960,listed,370,,wikipedia-enum
tspdt-1000,2026,All the President's Men,1976,listed,371,,wikipedia-enum
tspdt-1000,2026,Out 1,1971,listed,372,,wikipedia-enum
tspdt-1000,2026,"Quince Tree Sun, The",1992,listed,373,,wikipedia-enum
tspdt-1000,2026,Make Way for Tomorrow,1937,listed,374,,wikipedia-enum
tspdt-1000,2026,Heaven's Gate,1980,listed,375,,wikipedia-enum
tspdt-1000,2026,"Killing of a Chinese Bookie, The",1976,listed,376,,wikipedia-enum
tspdt-1000,2026,Yojimbo,1961,listed,377,,wikipedia-enum
tspdt-1000,2026,Muriel,1963,listed,378,,wikipedia-enum
tspdt-1000,2026,Fitzcarraldo,1982,listed,379,,wikipedia-enum
tspdt-1000,2026,Through the Olive Trees,1994,listed,380,,wikipedia-enum
tspdt-1000,2026,Marnie,1964,listed,381,,wikipedia-enum
tspdt-1000,2026,This is Spinal Tap,1984,listed,382,,wikipedia-enum
tspdt-1000,2026,"White Ribbon, The",2009,listed,383,,wikipedia-enum
tspdt-1000,2026,Two-Lane Blacktop,1971,listed,384,,wikipedia-enum
tspdt-1000,2026,Stromboli,1950,listed,385,,wikipedia-enum
tspdt-1000,2026,Affair to Remember An,1957,listed,386,,wikipedia-enum
tspdt-1000,2026,Teorema,1968,listed,387,,wikipedia-enum
tspdt-1000,2026,Lost Highway,1997,listed,388,,wikipedia-enum
tspdt-1000,2026,I Was Born But...,1932,listed,389,,wikipedia-enum
tspdt-1000,2026,Stranger Than Paradise,1984,listed,390,,wikipedia-enum
tspdt-1000,2026,Dogville,2003,listed,391,,wikipedia-enum
tspdt-1000,2026,Under the Skin,2013,listed,392,,wikipedia-enum
tspdt-1000,2026,Tristana,1970,listed,393,,wikipedia-enum
tspdt-1000,2026,"Hour of the Furnaces, The",1968,listed,394,,wikipedia-enum
tspdt-1000,2026,Woman in the Dunes,1964,listed,395,,wikipedia-enum
tspdt-1000,2026,Mon oncle,1958,listed,396,,wikipedia-enum
tspdt-1000,2026,Day for Night,1973,listed,397,,wikipedia-enum
tspdt-1000,2026,"Long Goodbye, The",1973,listed,398,,wikipedia-enum
tspdt-1000,2026,In a Year with 13 Moons,1978,listed,399,,wikipedia-enum
tspdt-1000,2026,Nostalghia,1983,listed,400,,wikipedia-enum
tspdt-1000,2026,Limite,1931,listed,401,,wikipedia-enum
tspdt-1000,2026,"Thin Blue Line, The",1988,listed,402,,wikipedia-enum
tspdt-1000,2026,Orlando,1992,listed,403,,wikipedia-enum
tspdt-1000,2026,Fantasia,1940,listed,404,,wikipedia-enum
tspdt-1000,2026,"Flowers of St. Francis, The",1950,listed,405,,wikipedia-enum
tspdt-1000,2026,Eyes Without a Face,1960,listed,406,,wikipedia-enum
tspdt-1000,2026,"Tenant, The",1976,listed,407,,wikipedia-enum
tspdt-1000,2026,"Birth of a Nation, The",1915,listed,408,,wikipedia-enum
tspdt-1000,2026,Dawn of the Dead,1978,listed,409,,wikipedia-enum
tspdt-1000,2026,Crimes and Misdemeanors,1989,listed,410,,wikipedia-enum
tspdt-1000,2026,"Headless Woman, The",2008,listed,411,,wikipedia-enum
tspdt-1000,2026,Suspiria,1977,listed,412,,wikipedia-enum
tspdt-1000,2026,I Know Where I'm Going!,1945,listed,413,,wikipedia-enum
tspdt-1000,2026,1900,1976,listed,414,,wikipedia-enum
tspdt-1000,2026,Lost in Translation,2003,listed,415,,wikipedia-enum
tspdt-1000,2026,Toni Erdmann,2016,listed,416,,wikipedia-enum
tspdt-1000,2026,Orpheus,1950,listed,417,,wikipedia-enum
tspdt-1000,2026,Snow White and the Seven Dwarfs,1937,listed,418,,wikipedia-enum
tspdt-1000,2026,Miracle in Milan,1951,listed,419,,wikipedia-enum
tspdt-1000,2026,Splendor in the Grass,1961,listed,420,,wikipedia-enum
tspdt-1000,2026,Plaisir Le,1952,listed,421,,wikipedia-enum
tspdt-1000,2026,Twenty Years Later,1984,listed,422,,wikipedia-enum
tspdt-1000,2026,"Innocents, The",1961,listed,423,,wikipedia-enum
tspdt-1000,2026,Europa '51,1952,listed,424,,wikipedia-enum
tspdt-1000,2026,Network,1976,listed,425,,wikipedia-enum
tspdt-1000,2026,Bonheur Le,1965,listed,426,,wikipedia-enum
tspdt-1000,2026,Scenes from a Marriage,1973,listed,427,,wikipedia-enum
tspdt-1000,2026,Holy Motors,2012,listed,428,,wikipedia-enum
tspdt-1000,2026,"Awful Truth, The",1937,listed,429,,wikipedia-enum
tspdt-1000,2026,Angel at My Table An,1990,listed,430,,wikipedia-enum
tspdt-1000,2026,Chelsea Girls,1966,listed,431,,wikipedia-enum
tspdt-1000,2026,Bride of Frankenstein,1935,listed,432,,wikipedia-enum
tspdt-1000,2026,A.I. Artificial Intelligence,2001,listed,433,,wikipedia-enum
tspdt-1000,2026,Salvatore Giuliano,1962,listed,434,,wikipedia-enum
tspdt-1000,2026,Days of Being Wild,1990,listed,435,,wikipedia-enum
tspdt-1000,2026,Possession,1981,listed,436,,wikipedia-enum
tspdt-1000,2026,Casino,1995,listed,437,,wikipedia-enum
tspdt-1000,2026,Naked,1993,listed,438,,wikipedia-enum
tspdt-1000,2026,No Country for Old Men,2007,listed,439,,wikipedia-enum
tspdt-1000,2026,Phantom Thread,2017,listed,440,,wikipedia-enum
tspdt-1000,2026,If….,1968,listed,441,,wikipedia-enum
tspdt-1000,2026,Star is Born A,1954,listed,442,,wikipedia-enum
tspdt-1000,2026,Winter Light,1963,listed,443,,wikipedia-enum
tspdt-1000,2026,French Cancan,1955,listed,444,,wikipedia-enum
tspdt-1000,2026,Shadows of Forgotten Ancestors,1965,listed,445,,wikipedia-enum
tspdt-1000,2026,Carrie,1976,listed,446,,wikipedia-enum
tspdt-1000,2026,Boogie Nights,1997,listed,447,,wikipedia-enum
tspdt-1000,2026,"Act of Killing, The",2012,listed,448,,wikipedia-enum
tspdt-1000,2026,"Shawshank Redemption, The",1994,listed,449,,wikipedia-enum
tspdt-1000,2026,Listen to Britain,1942,listed,450,,wikipedia-enum
tspdt-1000,2026,Songs from the Second Floor,2000,listed,451,,wikipedia-enum
tspdt-1000,2026,Ivan's Childhood,1962,listed,452,,wikipedia-enum
tspdt-1000,2026,Accattone,1961,listed,453,,wikipedia-enum
tspdt-1000,2026,Limelight,1952,listed,454,,wikipedia-enum
tspdt-1000,2026,"Cameraman, The",1928,listed,455,,wikipedia-enum
tspdt-1000,2026,"Scarlet Empress, The",1934,listed,456,,wikipedia-enum
tspdt-1000,2026,Terra trema La,1948,listed,457,,wikipedia-enum
tspdt-1000,2026,"Wind, The",1928,listed,458,,wikipedia-enum
tspdt-1000,2026,Syndromes and a Century,2006,listed,459,,wikipedia-enum
tspdt-1000,2026,"Crime of Monsieur Lange, The",1936,listed,460,,wikipedia-enum
tspdt-1000,2026,Festen,1998,listed,461,,wikipedia-enum
tspdt-1000,2026,October,1928,listed,462,,wikipedia-enum
tspdt-1000,2026,Flowers of Shanghai,1998,listed,463,,wikipedia-enum
tspdt-1000,2026,Trip to the Moon A,1902,listed,464,,wikipedia-enum
tspdt-1000,2026,In Vanda's Room,2000,listed,465,,wikipedia-enum
tspdt-1000,2026,Pan's Labyrinth,2006,listed,466,,wikipedia-enum
tspdt-1000,2026,À nos amours,1983,listed,467,,wikipedia-enum
tspdt-1000,2026,Koyaanisqatsi,1982,listed,468,,wikipedia-enum
tspdt-1000,2026,Dersu Uzala,1975,listed,469,,wikipedia-enum
tspdt-1000,2026,Pinocchio,1940,listed,470,,wikipedia-enum
tspdt-1000,2026,Lola,1961,listed,471,,wikipedia-enum
tspdt-1000,2026,Grave of the Fireflies,1988,listed,472,,wikipedia-enum
tspdt-1000,2026,Barren Lives,1963,listed,473,,wikipedia-enum
tspdt-1000,2026,"Dead, The",1987,listed,474,,wikipedia-enum
tspdt-1000,2026,Shoot the Piano Player,1960,listed,475,,wikipedia-enum
tspdt-1000,2026,Platform,2000,listed,476,,wikipedia-enum
tspdt-1000,2026,Once Upon a Time in Anatolia,2011,listed,477,,wikipedia-enum
tspdt-1000,2026,Elephant,2003,listed,478,,wikipedia-enum
tspdt-1000,2026,Wagon Master,1950,listed,479,,wikipedia-enum
tspdt-1000,2026,Oldboy,2003,listed,480,,wikipedia-enum
tspdt-1000,2026,Paris is Burning,1990,listed,481,,wikipedia-enum
tspdt-1000,2026,High Noon,1952,listed,482,,wikipedia-enum
tspdt-1000,2026,To Kill a Mockingbird,1962,listed,483,,wikipedia-enum
tspdt-1000,2026,Talk to Her,2002,listed,484,,wikipedia-enum
tspdt-1000,2026,Withnail & I,1987,listed,485,,wikipedia-enum
tspdt-1000,2026,Harlan County U.S.A.,1976,listed,486,,wikipedia-enum
tspdt-1000,2026,Steamboat Bill Jr.,1928,listed,487,,wikipedia-enum
tspdt-1000,2026,Région centrale La,1971,listed,488,,wikipedia-enum
tspdt-1000,2026,Five Easy Pieces,1970,listed,489,,wikipedia-enum
tspdt-1000,2026,"Palm Beach Story, The",1942,listed,490,,wikipedia-enum
tspdt-1000,2026,Senso,1954,listed,491,,wikipedia-enum
tspdt-1000,2026,Fight Club,1999,listed,492,,wikipedia-enum
tspdt-1000,2026,"Death of Mr. Lazarescu, The",2005,listed,493,,wikipedia-enum
tspdt-1000,2026,Landscape in the Mist,1988,listed,494,,wikipedia-enum
tspdt-1000,2026,By the Bluest of Seas,1936,listed,495,,wikipedia-enum
tspdt-1000,2026,Zama,2017,listed,496,,wikipedia-enum
tspdt-1000,2026,Secrets & Lies,1996,listed,497,,wikipedia-enum
tspdt-1000,2026,Children of Men,2006,listed,498,,wikipedia-enum
tspdt-1000,2026,Reservoir Dogs,1992,listed,499,,wikipedia-enum
tspdt-1000,2026,Raise the Red Lantern,1991,listed,500,,wikipedia-enum
tspdt-1000,2026,"Hustler, The",1961,listed,501,,wikipedia-enum
tspdt-1000,2026,"Lives of Others, The",2006,listed,502,,wikipedia-enum
tspdt-1000,2026,Punch-Drunk Love,2002,listed,503,,wikipedia-enum
tspdt-1000,2026,Memories of Murder,2003,listed,504,,wikipedia-enum
tspdt-1000,2026,Twin Peaks: Fire Walk with Me,1992,listed,505,,wikipedia-enum
tspdt-1000,2026,Die Hard,1988,listed,506,,wikipedia-enum
tspdt-1000,2026,Shane,1953,listed,507,,wikipedia-enum
tspdt-1000,2026,After Life,1998,listed,508,,wikipedia-enum
tspdt-1000,2026,Inland Empire,2006,listed,509,,wikipedia-enum
tspdt-1000,2026,Blow Out,1981,listed,510,,wikipedia-enum
tspdt-1000,2026,"Bitter Tears of Petra von Kant, The",1972,listed,511,,wikipedia-enum
tspdt-1000,2026,"Bridge on the River Kwai, The",1957,listed,512,,wikipedia-enum
tspdt-1000,2026,Early Summer,1951,listed,513,,wikipedia-enum
tspdt-1000,2026,Twin Peaks: The Return [TV],2017,listed,514,,wikipedia-enum
tspdt-1000,2026,Princess Mononoke,1997,listed,515,,wikipedia-enum
tspdt-1000,2026,To Have and Have Not,1944,listed,516,,wikipedia-enum
tspdt-1000,2026,Crash,1996,listed,517,,wikipedia-enum
tspdt-1000,2026,Being There,1979,listed,518,,wikipedia-enum
tspdt-1000,2026,Our Hospitality,1923,listed,519,,wikipedia-enum
tspdt-1000,2026,Monty Python's Life of Brian,1979,listed,520,,wikipedia-enum
tspdt-1000,2026,Masculin féminin,1966,listed,521,,wikipedia-enum
tspdt-1000,2026,12 Angry Men,1957,listed,522,,wikipedia-enum
tspdt-1000,2026,Closely Watched Trains,1966,listed,523,,wikipedia-enum
tspdt-1000,2026,Jurassic Park,1993,listed,524,,wikipedia-enum
tspdt-1000,2026,Marketa Lazarová,1967,listed,525,,wikipedia-enum
tspdt-1000,2026,Dead Ringers,1988,listed,526,,wikipedia-enum
tspdt-1000,2026,Alice in the Cities,1974,listed,527,,wikipedia-enum
tspdt-1000,2026,East of Eden,1955,listed,528,,wikipedia-enum
tspdt-1000,2026,Mad Max 2,1981,listed,529,,wikipedia-enum
tspdt-1000,2026,"French Connection, The",1971,listed,530,,wikipedia-enum
tspdt-1000,2026,Short Cuts,1993,listed,531,,wikipedia-enum
tspdt-1000,2026,"Sound of Music, The",1965,listed,532,,wikipedia-enum
tspdt-1000,2026,Doctor Zhivago,1965,listed,533,,wikipedia-enum
tspdt-1000,2026,Butch Cassidy and the Sundance Kid,1969,listed,534,,wikipedia-enum
tspdt-1000,2026,Moment of Innocence A,1996,listed,535,,wikipedia-enum
tspdt-1000,2026,Se7en,1995,listed,536,,wikipedia-enum
tspdt-1000,2026,"Age of Innocence, The",1993,listed,537,,wikipedia-enum
tspdt-1000,2026,Hannah and Her Sisters,1986,listed,538,,wikipedia-enum
tspdt-1000,2026,Boyhood,2014,listed,539,,wikipedia-enum
tspdt-1000,2026,Night at the Opera A,1935,listed,540,,wikipedia-enum
tspdt-1000,2026,And Life Goes On...,1992,listed,541,,wikipedia-enum
tspdt-1000,2026,Faust,1926,listed,542,,wikipedia-enum
tspdt-1000,2026,Morvern Callar,2002,listed,543,,wikipedia-enum
tspdt-1000,2026,"Devil, Probably, The",1977,listed,544,,wikipedia-enum
tspdt-1000,2026,Vampires Les,1915,listed,545,,wikipedia-enum
tspdt-1000,2026,"Enigma of Kaspar Hauser, The",1974,listed,546,,wikipedia-enum
tspdt-1000,2026,"Damned, The",1969,listed,547,,wikipedia-enum
tspdt-1000,2026,Alexander Nevsky,1938,listed,548,,wikipedia-enum
tspdt-1000,2026,"Wind Will Carry Us, The",1999,listed,549,,wikipedia-enum
tspdt-1000,2026,Strangers on a Train,1951,listed,550,,wikipedia-enum
tspdt-1000,2026,Haine La,1995,listed,551,,wikipedia-enum
tspdt-1000,2026,Nostalgia for the Light,2010,listed,552,,wikipedia-enum
tspdt-1000,2026,Yeelen,1987,listed,553,,wikipedia-enum
tspdt-1000,2026,Blue,1993,listed,554,,wikipedia-enum
tspdt-1000,2026,Tootsie,1982,listed,555,,wikipedia-enum
tspdt-1000,2026,"Master, The",2012,listed,556,,wikipedia-enum
tspdt-1000,2026,Aparajito,1956,listed,557,,wikipedia-enum
tspdt-1000,2026,"Lady from Shanghai, The",1948,listed,558,,wikipedia-enum
tspdt-1000,2026,Picnic at Hanging Rock,1975,listed,559,,wikipedia-enum
tspdt-1000,2026,Rosetta,1999,listed,560,,wikipedia-enum
tspdt-1000,2026,Terminator 2: Judgment Day,1991,listed,561,,wikipedia-enum
tspdt-1000,2026,"Terminator, The",1984,listed,562,,wikipedia-enum
tspdt-1000,2026,Russian Ark,2002,listed,563,,wikipedia-enum
tspdt-1000,2026,Ninotchka,1939,listed,564,,wikipedia-enum
tspdt-1000,2026,Young Mr. Lincoln,1939,listed,565,,wikipedia-enum
tspdt-1000,2026,As I Was Moving Ahead Occasionally I Saw Brief Glimpses of Beauty,2000,listed,566,,wikipedia-enum
tspdt-1000,2026,Point Blank,1967,listed,567,,wikipedia-enum
tspdt-1000,2026,Forrest Gump,1994,listed,568,,wikipedia-enum
tspdt-1000,2026,Amélie,2001,listed,569,,wikipedia-enum
tspdt-1000,2026,Bigger Than Life,1956,listed,570,,wikipedia-enum
tspdt-1000,2026,Man of Aran,1934,listed,571,,wikipedia-enum
tspdt-1000,2026,I Walked with a Zombie,1943,listed,572,,wikipedia-enum
tspdt-1000,2026,Crouching Tiger Hidden Dragon,2000,listed,573,,wikipedia-enum
tspdt-1000,2026,Land Without Bread,1933,listed,574,,wikipedia-enum
tspdt-1000,2026,Je tu il elle,1974,listed,575,,wikipedia-enum
tspdt-1000,2026,WALL-E,2008,listed,576,,wikipedia-enum
tspdt-1000,2026,"Blue Angel, The",1930,listed,577,,wikipedia-enum
tspdt-1000,2026,Brokeback Mountain,2005,listed,578,,wikipedia-enum
tspdt-1000,2026,Laura,1944,listed,579,,wikipedia-enum
tspdt-1000,2026,Cat People,1942,listed,580,,wikipedia-enum
tspdt-1000,2026,Halloween,1978,listed,581,,wikipedia-enum
tspdt-1000,2026,Dead Man,1995,listed,582,,wikipedia-enum
tspdt-1000,2026,Kagemusha,1980,listed,583,,wikipedia-enum
tspdt-1000,2026,Fellini Satyricon,1969,listed,584,,wikipedia-enum
tspdt-1000,2026,"Testament of Dr. Mabuse, The",1933,listed,585,,wikipedia-enum
tspdt-1000,2026,Shadow of a Doubt,1943,listed,586,,wikipedia-enum
tspdt-1000,2026,Deliverance,1972,listed,587,,wikipedia-enum
tspdt-1000,2026,That Obscure Object of Desire,1977,listed,588,,wikipedia-enum
tspdt-1000,2026,Zodiac,2007,listed,589,,wikipedia-enum
tspdt-1000,2026,Rocky,1976,listed,590,,wikipedia-enum
tspdt-1000,2026,"Lord of the Rings: The Fellowship of the Ring, The",2001,listed,591,,wikipedia-enum
tspdt-1000,2026,"Wedding March, The",1928,listed,592,,wikipedia-enum
tspdt-1000,2026,When Harry Met Sally...,1989,listed,593,,wikipedia-enum
tspdt-1000,2026,Yellow Earth,1984,listed,594,,wikipedia-enum
tspdt-1000,2026,Sambizanga,1972,listed,595,,wikipedia-enum
tspdt-1000,2026,Full Metal Jacket,1987,listed,596,,wikipedia-enum
tspdt-1000,2026,Loves of a Blonde,1965,listed,597,,wikipedia-enum
tspdt-1000,2026,Repulsion,1965,listed,598,,wikipedia-enum
tspdt-1000,2026,Easy Rider,1969,listed,599,,wikipedia-enum
tspdt-1000,2026,Hatari!,1962,listed,600,,wikipedia-enum
tspdt-1000,2026,"Servant, The",1963,listed,601,,wikipedia-enum
tspdt-1000,2026,Amour,2012,listed,602,,wikipedia-enum
tspdt-1000,2026,"Silence, The",1963,listed,603,,wikipedia-enum
tspdt-1000,2026,Plácido,1961,listed,604,,wikipedia-enum
tspdt-1000,2026,"Asphalt Jungle, The",1950,listed,605,,wikipedia-enum
tspdt-1000,2026,Rebecca,1940,listed,606,,wikipedia-enum
tspdt-1000,2026,Barton Fink,1991,listed,607,,wikipedia-enum
tspdt-1000,2026,D'Est,1993,listed,608,,wikipedia-enum
tspdt-1000,2026,Fellini's Roma,1972,listed,609,,wikipedia-enum
tspdt-1000,2026,Grey Gardens,1975,listed,610,,wikipedia-enum
tspdt-1000,2026,Seven Chances,1925,listed,611,,wikipedia-enum
tspdt-1000,2026,Bande à part,1964,listed,612,,wikipedia-enum
tspdt-1000,2026,Shadows,1959,listed,613,,wikipedia-enum
tspdt-1000,2026,Edvard Munch [TV],1974,listed,614,,wikipedia-enum
tspdt-1000,2026,Colossal Youth,2006,listed,615,,wikipedia-enum
tspdt-1000,2026,"Taking of Power by Louis XIV, The",1966,listed,616,,wikipedia-enum
tspdt-1000,2026,Symbiopsychotaxiplasm: Take One,1968,listed,617,,wikipedia-enum
tspdt-1000,2026,"Piano Teacher, The",2001,listed,618,,wikipedia-enum
tspdt-1000,2026,Frankenstein,1931,listed,619,,wikipedia-enum
tspdt-1000,2026,West Indies: The Fugitive Slaves of Liberty,1979,listed,620,,wikipedia-enum
tspdt-1000,2026,Tale of Tales,1979,listed,621,,wikipedia-enum
tspdt-1000,2026,Providence,1977,listed,622,,wikipedia-enum
tspdt-1000,2026,Gentlemen Prefer Blondes,1953,listed,623,,wikipedia-enum
tspdt-1000,2026,"Devils, The",1971,listed,624,,wikipedia-enum
tspdt-1000,2026,Synecdoche New York,2008,listed,625,,wikipedia-enum
tspdt-1000,2026,"Wicker Man, The",1973,listed,626,,wikipedia-enum
tspdt-1000,2026,3 Women,1977,listed,627,,wikipedia-enum
tspdt-1000,2026,"Long Day Closes, The",1992,listed,628,,wikipedia-enum
tspdt-1000,2026,Raising Arizona,1987,listed,629,,wikipedia-enum
tspdt-1000,2026,Down by Law,1986,listed,630,,wikipedia-enum
tspdt-1000,2026,Don't Look Back,1967,listed,631,,wikipedia-enum
tspdt-1000,2026,"Ladies Man, The",1961,listed,632,,wikipedia-enum
tspdt-1000,2026,"Royal Tenenbaums, The",2001,listed,633,,wikipedia-enum
tspdt-1000,2026,"Round-Up, The",1966,listed,634,,wikipedia-enum
tspdt-1000,2026,My Friend Ivan Lapshin,1985,listed,635,,wikipedia-enum
tspdt-1000,2026,Vitelloni I,1953,listed,636,,wikipedia-enum
tspdt-1000,2026,"Red Circle, The",1970,listed,637,,wikipedia-enum
tspdt-1000,2026,Amants du Pont-Neuf Les,1991,listed,638,,wikipedia-enum
tspdt-1000,2026,Mr. Smith Goes to Washington,1939,listed,639,,wikipedia-enum
tspdt-1000,2026,Fat City,1972,listed,640,,wikipedia-enum
tspdt-1000,2026,Titanic,1997,listed,641,,wikipedia-enum
tspdt-1000,2026,Boudu Saved from Drowning,1932,listed,642,,wikipedia-enum
tspdt-1000,2026,Walkabout,1971,listed,643,,wikipedia-enum
tspdt-1000,2026,Harakiri,1962,listed,644,,wikipedia-enum
tspdt-1000,2026,Scorpio Rising,1963,listed,645,,wikipedia-enum
tspdt-1000,2026,Pink Flamingos,1972,listed,646,,wikipedia-enum
tspdt-1000,2026,Hour of the Wolf,1968,listed,647,,wikipedia-enum
tspdt-1000,2026,"Dark Knight, The",2008,listed,648,,wikipedia-enum
tspdt-1000,2026,Ace in the Hole,1951,listed,649,,wikipedia-enum
tspdt-1000,2026,Hana-bi,1997,listed,650,,wikipedia-enum
tspdt-1000,2026,"Prophet, A",2009,listed,651,,wikipedia-enum
tspdt-1000,2026,Nazarín,1958,listed,652,,wikipedia-enum
tspdt-1000,2026,Alphaville,1965,listed,653,,wikipedia-enum
tspdt-1000,2026,Portrait of Jason,1967,listed,654,,wikipedia-enum
tspdt-1000,2026,Casque d'Or,1952,listed,655,,wikipedia-enum
tspdt-1000,2026,Y tu mamá también,2001,listed,656,,wikipedia-enum
tspdt-1000,2026,Millennium Mambo,2001,listed,657,,wikipedia-enum
tspdt-1000,2026,Pat Garrett and Billy the Kid,1973,listed,658,,wikipedia-enum
tspdt-1000,2026,Malcolm X,1992,listed,659,,wikipedia-enum
tspdt-1000,2026,"Golden Coach, The",1952,listed,660,,wikipedia-enum
tspdt-1000,2026,RoboCop,1987,listed,661,,wikipedia-enum
tspdt-1000,2026,Ferris Bueller's Day Off,1986,listed,662,,wikipedia-enum
tspdt-1000,2026,Silent Light,2007,listed,663,,wikipedia-enum
tspdt-1000,2026,Ratcatcher,1999,listed,664,,wikipedia-enum
tspdt-1000,2026,Scarface,1932,listed,665,,wikipedia-enum
tspdt-1000,2026,Hoop Dreams,1994,listed,666,,wikipedia-enum
tspdt-1000,2026,"Watermelon Woman, The",1996,listed,667,,wikipedia-enum
tspdt-1000,2026,"Virgin Spring, The",1960,listed,668,,wikipedia-enum
tspdt-1000,2026,Strike,1925,listed,669,,wikipedia-enum
tspdt-1000,2026,Top Hat,1935,listed,670,,wikipedia-enum
tspdt-1000,2026,Young Frankenstein,1974,listed,671,,wikipedia-enum
tspdt-1000,2026,Arrebato,1979,listed,672,,wikipedia-enum
tspdt-1000,2026,My Own Private Idaho,1991,listed,673,,wikipedia-enum
tspdt-1000,2026,They Live by Night,1948,listed,674,,wikipedia-enum
tspdt-1000,2026,Bring Me the Head of Alfredo Garcia,1974,listed,675,,wikipedia-enum
tspdt-1000,2026,"Dr. Mabuse, the Gambler",1922,listed,676,,wikipedia-enum
tspdt-1000,2026,"Lady Vanishes, The",1938,listed,677,,wikipedia-enum
tspdt-1000,2026,"Marriage of Maria Braun, The",1979,listed,678,,wikipedia-enum
tspdt-1000,2026,Akira,1988,listed,679,,wikipedia-enum
tspdt-1000,2026,"Manchurian Candidate, The",1962,listed,680,,wikipedia-enum
tspdt-1000,2026,"Navigator, The",1924,listed,681,,wikipedia-enum
tspdt-1000,2026,Wake in Fright,1971,listed,682,,wikipedia-enum
tspdt-1000,2026,Rushmore,1998,listed,683,,wikipedia-enum
tspdt-1000,2026,Xala,1975,listed,684,,wikipedia-enum
tspdt-1000,2026,"American Werewolf in London, An",1981,listed,685,,wikipedia-enum
tspdt-1000,2026,"Posto, Il",1961,listed,686,,wikipedia-enum
tspdt-1000,2026,"Place in the Sun, A",1951,listed,687,,wikipedia-enum
tspdt-1000,2026,Dancer in the Dark,2000,listed,688,,wikipedia-enum
tspdt-1000,2026,Hyènes,1992,listed,689,,wikipedia-enum
tspdt-1000,2026,"Purple Rose of Cairo, The",1985,listed,690,,wikipedia-enum
tspdt-1000,2026,Chronicle of a Summer,1961,listed,691,,wikipedia-enum
tspdt-1000,2026,Trainspotting,1996,listed,692,,wikipedia-enum
tspdt-1000,2026,Bambi,1942,listed,693,,wikipedia-enum
tspdt-1000,2026,"Killing, The",1956,listed,694,,wikipedia-enum
tspdt-1000,2026,"Ghost and Mrs. Muir, The",1947,listed,695,,wikipedia-enum
tspdt-1000,2026,"Great Beauty, The",2013,listed,696,,wikipedia-enum
tspdt-1000,2026,"Farewell, My Concubine",1993,listed,697,,wikipedia-enum
tspdt-1000,2026,"Intruder, The",2004,listed,698,,wikipedia-enum
tspdt-1000,2026,"Hard Day's Night, A",1964,listed,699,,wikipedia-enum
tspdt-1000,2026,Toy Story,1995,listed,700,,wikipedia-enum
tspdt-1000,2026,Wild at Heart,1990,listed,701,,wikipedia-enum
tspdt-1000,2026,Carol,2015,listed,702,,wikipedia-enum
tspdt-1000,2026,"Sorrow and the Pity, The",1969,listed,703,,wikipedia-enum
tspdt-1000,2026,Thelma & Louise,1991,listed,704,,wikipedia-enum
tspdt-1000,2026,Gimme Shelter,1970,listed,705,,wikipedia-enum
tspdt-1000,2026,Chronicle of Anna Magdalena Bach,1968,listed,706,,wikipedia-enum
tspdt-1000,2026,Roma,2018,listed,707,,wikipedia-enum
tspdt-1000,2026,Cure,1997,listed,708,,wikipedia-enum
tspdt-1000,2026,Salesman,1969,listed,709,,wikipedia-enum
tspdt-1000,2026,WR: Mysteries of the Organism,1971,listed,710,,wikipedia-enum
tspdt-1000,2026,"4 Months, 3 Weeks and 2 Days",2007,listed,711,,wikipedia-enum
tspdt-1000,2026,Before Sunset,2004,listed,712,,wikipedia-enum
tspdt-1000,2026,Distant,2002,listed,713,,wikipedia-enum
tspdt-1000,2026,Local Hero,1983,listed,714,,wikipedia-enum
tspdt-1000,2026,"Holy Mountain, The",1973,listed,715,,wikipedia-enum
tspdt-1000,2026,"Social Network, The",2010,listed,716,,wikipedia-enum
tspdt-1000,2026,Ben-Hur,1959,listed,717,,wikipedia-enum
tspdt-1000,2026,Lancelot du Lac,1974,listed,718,,wikipedia-enum
tspdt-1000,2026,Memento,2000,listed,719,,wikipedia-enum
tspdt-1000,2026,7 Women,1965,listed,720,,wikipedia-enum
tspdt-1000,2026,Once Upon a Time... in Hollywood,2019,listed,721,,wikipedia-enum
tspdt-1000,2026,"Party, The",1968,listed,722,,wikipedia-enum
tspdt-1000,2026,"Grido, Il",1957,listed,723,,wikipedia-enum
tspdt-1000,2026,"Phantom of Liberty, The",1974,listed,724,,wikipedia-enum
tspdt-1000,2026,"Firemen's Ball, The",1967,listed,725,,wikipedia-enum
tspdt-1000,2026,Fish Tank,2009,listed,726,,wikipedia-enum
tspdt-1000,2026,Paper Moon,1973,listed,727,,wikipedia-enum
tspdt-1000,2026,Sauve qui peut (la vie),1980,listed,728,,wikipedia-enum
tspdt-1000,2026,Kaagaz Ke Phool,1959,listed,729,,wikipedia-enum
tspdt-1000,2026,"Sun Shines Bright, The",1953,listed,730,,wikipedia-enum
tspdt-1000,2026,"Adventures of Prince Achmed, The",1926,listed,731,,wikipedia-enum
tspdt-1000,2026,Big Deal on Madonna Street,1958,listed,732,,wikipedia-enum
tspdt-1000,2026,Good Morning,1959,listed,733,,wikipedia-enum
tspdt-1000,2026,Dazed and Confused,1993,listed,734,,wikipedia-enum
tspdt-1000,2026,Nouvelle Vague,1990,listed,735,,wikipedia-enum
tspdt-1000,2026,Red Beard,1965,listed,736,,wikipedia-enum
tspdt-1000,2026,Love Me Tonight,1932,listed,737,,wikipedia-enum
tspdt-1000,2026,Hunger,2008,listed,738,,wikipedia-enum
tspdt-1000,2026,"Idiots, The",1998,listed,739,,wikipedia-enum
tspdt-1000,2026,Moonfleet,1955,listed,740,,wikipedia-enum
tspdt-1000,2026,"New Leaf, A",1971,listed,741,,wikipedia-enum
tspdt-1000,2026,"Hawks and the Sparrows, The",1966,listed,742,,wikipedia-enum
tspdt-1000,2026,"Emperor's Naked Army Marches On, The",1987,listed,743,,wikipedia-enum
tspdt-1000,2026,"Big Heat, The",1953,listed,744,,wikipedia-enum
tspdt-1000,2026,Moulin Rouge!,2001,listed,745,,wikipedia-enum
tspdt-1000,2026,Stand by Me,1986,listed,746,,wikipedia-enum
tspdt-1000,2026,Antonio das Mortes,1969,listed,747,,wikipedia-enum
tspdt-1000,2026,"Streetcar Named Desire, A",1951,listed,748,,wikipedia-enum
tspdt-1000,2026,"Dames du Bois de Boulogne, Les",1945,listed,749,,wikipedia-enum
tspdt-1000,2026,"Fly, The",1986,listed,750,,wikipedia-enum
tspdt-1000,2026,Miller's Crossing,1990,listed,751,,wikipedia-enum
tspdt-1000,2026,Titicut Follies,1967,listed,752,,wikipedia-enum
tspdt-1000,2026,"Short Film About Killing, A",1987,listed,753,,wikipedia-enum
tspdt-1000,2026,Rebel Without a Cause,1955,listed,754,,wikipedia-enum
tspdt-1000,2026,"Oh, Sun",1970,listed,755,,wikipedia-enum
tspdt-1000,2026,"Bad and the Beautiful, The",1952,listed,756,,wikipedia-enum
tspdt-1000,2026,"Tiger of Eschnapur, The",1958,listed,757,,wikipedia-enum
tspdt-1000,2026,35 Shots of Rum,2008,listed,758,,wikipedia-enum
tspdt-1000,2026,"Circus, The",1928,listed,759,,wikipedia-enum
tspdt-1000,2026,One Way or Another,1977,listed,760,,wikipedia-enum
tspdt-1000,2026,Design for Living,1933,listed,761,,wikipedia-enum
tspdt-1000,2026,Lolita,1962,listed,762,,wikipedia-enum
tspdt-1000,2026,Phantom of the Paradise,1974,listed,763,,wikipedia-enum
tspdt-1000,2026,Triumph of the Will,1935,listed,764,,wikipedia-enum
tspdt-1000,2026,JFK,1991,listed,765,,wikipedia-enum
tspdt-1000,2026,Born in Flames,1983,listed,766,,wikipedia-enum
tspdt-1000,2026,"New York, New York",1977,listed,767,,wikipedia-enum
tspdt-1000,2026,"New World, The",2005,listed,768,,wikipedia-enum
tspdt-1000,2026,"Diaries, Notes and Sketches",1969,listed,769,,wikipedia-enum
tspdt-1000,2026,Subarnarekha,1965,listed,770,,wikipedia-enum
tspdt-1000,2026,"Cook, the Thief, His Wife & Her Lover, The",1989,listed,771,,wikipedia-enum
tspdt-1000,2026,"Wild Child, The",1970,listed,772,,wikipedia-enum
tspdt-1000,2026,Clueless,1995,listed,773,,wikipedia-enum
tspdt-1000,2026,Fort Apache,1948,listed,774,,wikipedia-enum
tspdt-1000,2026,Diabolique,1955,listed,775,,wikipedia-enum
tspdt-1000,2026,Ossessione,1943,listed,776,,wikipedia-enum
tspdt-1000,2026,Mädchen in Uniform,1931,listed,777,,wikipedia-enum
tspdt-1000,2026,Detour,1945,listed,778,,wikipedia-enum
tspdt-1000,2026,"Belle Noiseuse, La",1991,listed,779,,wikipedia-enum
tspdt-1000,2026,Two English Girls,1971,listed,780,,wikipedia-enum
tspdt-1000,2026,Flaming Creatures,1963,listed,781,,wikipedia-enum
tspdt-1000,2026,"Man Who Would Be King, The",1975,listed,782,,wikipedia-enum
tspdt-1000,2026,Vive l'Amour,1994,listed,783,,wikipedia-enum
tspdt-1000,2026,Hellzapoppin',1941,listed,784,,wikipedia-enum
tspdt-1000,2026,"Age of the Earth, The",1980,listed,785,,wikipedia-enum
tspdt-1000,2026,Edward Scissorhands,1990,listed,786,,wikipedia-enum
tspdt-1000,2026,Great Expectations,1946,listed,787,,wikipedia-enum
tspdt-1000,2026,Blissfully Yours,2002,listed,788,,wikipedia-enum
tspdt-1000,2026,Veronika Voss,1982,listed,789,,wikipedia-enum
tspdt-1000,2026,Mother and Son,1997,listed,790,,wikipedia-enum
tspdt-1000,2026,Code Unknown,2000,listed,791,,wikipedia-enum
tspdt-1000,2026,My Life as a Dog,1985,listed,792,,wikipedia-enum
tspdt-1000,2026,"Trial, The",1962,listed,793,,wikipedia-enum
tspdt-1000,2026,Airplane!,1980,listed,794,,wikipedia-enum
tspdt-1000,2026,Foolish Wives,1922,listed,795,,wikipedia-enum
tspdt-1000,2026,"Sur, El",1983,listed,796,,wikipedia-enum
tspdt-1000,2026,Mamma Roma,1962,listed,797,,wikipedia-enum
tspdt-1000,2026,Morocco,1930,listed,798,,wikipedia-enum
tspdt-1000,2026,"39 Steps, The",1935,listed,799,,wikipedia-enum
tspdt-1000,2026,Mikey and Nicky,1976,listed,800,,wikipedia-enum
tspdt-1000,2026,Scarface,1983,listed,801,,wikipedia-enum
tspdt-1000,2026,"Story from Chikamatsu, A",1954,listed,802,,wikipedia-enum
tspdt-1000,2026,Wings,1966,listed,803,,wikipedia-enum
tspdt-1000,2026,Trouble Every Day,2001,listed,804,,wikipedia-enum
tspdt-1000,2026,Requiem for a Dream,2000,listed,805,,wikipedia-enum
tspdt-1000,2026,Dog Star Man,1965,listed,806,,wikipedia-enum
tspdt-1000,2026,Song of Love,1954,listed,807,,wikipedia-enum
tspdt-1000,2026,Evil Dead II,1987,listed,808,,wikipedia-enum
tspdt-1000,2026,"Thief of Bagdad, The",1940,listed,809,,wikipedia-enum
tspdt-1000,2026,Cairo Station,1958,listed,810,,wikipedia-enum
tspdt-1000,2026,Let the Right One In,2008,listed,811,,wikipedia-enum
tspdt-1000,2026,Zelig,1983,listed,812,,wikipedia-enum
tspdt-1000,2026,Broadcast News,1987,listed,813,,wikipedia-enum
tspdt-1000,2026,Margaret,2011,listed,814,,wikipedia-enum
tspdt-1000,2026,All Quiet on the Western Front,1930,listed,815,,wikipedia-enum
tspdt-1000,2026,"Faster, Pussycat! Kill! Kill!",1965,listed,816,,wikipedia-enum
tspdt-1000,2026,"Great Escape, The",1963,listed,817,,wikipedia-enum
tspdt-1000,2026,Saving Private Ryan,1998,listed,818,,wikipedia-enum
tspdt-1000,2026,Funny Games,1997,listed,819,,wikipedia-enum
tspdt-1000,2026,Taipei Story,1985,listed,820,,wikipedia-enum
tspdt-1000,2026,"Woman of Paris: A Drama of Fate, A",1923,listed,821,,wikipedia-enum
tspdt-1000,2026,Dumbo,1941,listed,822,,wikipedia-enum
tspdt-1000,2026,Inglourious Basterds,2009,listed,823,,wikipedia-enum
tspdt-1000,2026,"Producers, The",1967,listed,824,,wikipedia-enum
tspdt-1000,2026,She Wore a Yellow Ribbon,1949,listed,825,,wikipedia-enum
tspdt-1000,2026,Smiles of a Summer Night,1955,listed,826,,wikipedia-enum
tspdt-1000,2026,Forbidden Games,1952,listed,827,,wikipedia-enum
tspdt-1000,2026,Still Life,2006,listed,828,,wikipedia-enum
tspdt-1000,2026,Van Gogh,1991,listed,829,,wikipedia-enum
tspdt-1000,2026,Shock Corridor,1963,listed,830,,wikipedia-enum
tspdt-1000,2026,Grizzly Man,2005,listed,831,,wikipedia-enum
tspdt-1000,2026,Women on the Verge of a Nervous Breakdown,1988,listed,832,,wikipedia-enum
tspdt-1000,2026,After Hours,1985,listed,833,,wikipedia-enum
tspdt-1000,2026,Abraham's Valley,1993,listed,834,,wikipedia-enum
tspdt-1000,2026,Godard's Passion,1982,listed,835,,wikipedia-enum
tspdt-1000,2026,My Little Loves,1974,listed,836,,wikipedia-enum
tspdt-1000,2026,Gummo,1997,listed,837,,wikipedia-enum
tspdt-1000,2026,Shanghai Express,1932,listed,838,,wikipedia-enum
tspdt-1000,2026,Invasion of the Body Snatchers,1956,listed,839,,wikipedia-enum
tspdt-1000,2026,Rose Hobart,1936,listed,840,,wikipedia-enum
tspdt-1000,2026,Blue Is the Warmest Color,2013,listed,841,,wikipedia-enum
tspdt-1000,2026,Funeral Parade of Roses,1969,listed,842,,wikipedia-enum
tspdt-1000,2026,Petite Maman,2021,listed,843,,wikipedia-enum
tspdt-1000,2026,Amores Perros,2000,listed,844,,wikipedia-enum
tspdt-1000,2026,Point Break,1991,listed,845,,wikipedia-enum
tspdt-1000,2026,"Son, The",2002,listed,846,,wikipedia-enum
tspdt-1000,2026,O Lucky Man!,1973,listed,847,,wikipedia-enum
tspdt-1000,2026,Deep End,1970,listed,848,,wikipedia-enum
tspdt-1000,2026,Street of Shame,1956,listed,849,,wikipedia-enum
tspdt-1000,2026,White Heat,1949,listed,850,,wikipedia-enum
tspdt-1000,2026,"Commune (Paris, 1871), La",2000,listed,851,,wikipedia-enum
tspdt-1000,2026,Toute une nuit,1982,listed,852,,wikipedia-enum
tspdt-1000,2026,Losing Ground,1982,listed,853,,wikipedia-enum
tspdt-1000,2026,Irreversible,2002,listed,854,,wikipedia-enum
tspdt-1000,2026,"Red and the White, The",1967,listed,855,,wikipedia-enum
tspdt-1000,2026,"Naked Island, The",1960,listed,856,,wikipedia-enum
tspdt-1000,2026,Who's Afraid of Virginia Woolf?,1966,listed,857,,wikipedia-enum
tspdt-1000,2026,Spies,1928,listed,858,,wikipedia-enum
tspdt-1000,2026,Dodes'ka-den,1970,listed,859,,wikipedia-enum
tspdt-1000,2026,"Asthenic Syndrome, The",1989,listed,860,,wikipedia-enum
tspdt-1000,2026,Starship Troopers,1997,listed,861,,wikipedia-enum
tspdt-1000,2026,Persepolis,2007,listed,862,,wikipedia-enum
tspdt-1000,2026,"Amour fou, L'",1969,listed,863,,wikipedia-enum
tspdt-1000,2026,Angel,1937,listed,864,,wikipedia-enum
tspdt-1000,2026,"Adventures of Robin Hood, The",1938,listed,865,,wikipedia-enum
tspdt-1000,2026,My American Uncle,1980,listed,866,,wikipedia-enum
tspdt-1000,2026,"Right Stuff, The",1983,listed,867,,wikipedia-enum
tspdt-1000,2026,They Were Expendable,1945,listed,868,,wikipedia-enum
tspdt-1000,2026,Female Trouble,1974,listed,869,,wikipedia-enum
tspdt-1000,2026,Claire's Knee,1970,listed,870,,wikipedia-enum
tspdt-1000,2026,Time of the Gypsies,1988,listed,871,,wikipedia-enum
tspdt-1000,2026,Hitler: A Film from Germany,1977,listed,872,,wikipedia-enum
tspdt-1000,2026,"Unknown, The",1927,listed,873,,wikipedia-enum
tspdt-1000,2026,"Tin Drum, The",1979,listed,874,,wikipedia-enum
tspdt-1000,2026,Too Early / Too Late,1981,listed,875,,wikipedia-enum
tspdt-1000,2026,Welfare,1975,listed,876,,wikipedia-enum
tspdt-1000,2026,Breakfast at Tiffany's,1961,listed,877,,wikipedia-enum
tspdt-1000,2026,"Last Detail, The",1973,listed,878,,wikipedia-enum
tspdt-1000,2026,Showgirls,1995,listed,879,,wikipedia-enum
tspdt-1000,2026,Shame,1968,listed,880,,wikipedia-enum
tspdt-1000,2026,Mysteries of Lisbon,2010,listed,881,,wikipedia-enum
tspdt-1000,2026,"Princess Bride, The",1987,listed,882,,wikipedia-enum
tspdt-1000,2026,Sicily!,1999,listed,883,,wikipedia-enum
tspdt-1000,2026,Atlantics,2019,listed,884,,wikipedia-enum
tspdt-1000,2026,We All Loved Each Other So Much,1974,listed,885,,wikipedia-enum
tspdt-1000,2026,Gloria,1980,listed,886,,wikipedia-enum
tspdt-1000,2026,Cria!,1976,listed,887,,wikipedia-enum
tspdt-1000,2026,Juliet of the Spirits,1965,listed,888,,wikipedia-enum
tspdt-1000,2026,Excalibur,1981,listed,889,,wikipedia-enum
tspdt-1000,2026,Elephant,1989,listed,890,,wikipedia-enum
tspdt-1000,2026,Monty Python and the Holy Grail,1975,listed,891,,wikipedia-enum
tspdt-1000,2026,"Misfits, The",1961,listed,892,,wikipedia-enum
tspdt-1000,2026,Outskirts,1933,listed,893,,wikipedia-enum
tspdt-1000,2026,Wendy and Lucy,2008,listed,894,,wikipedia-enum
tspdt-1000,2026,Avatar,2009,listed,895,,wikipedia-enum
tspdt-1000,2026,Port of Shadows,1938,listed,896,,wikipedia-enum
tspdt-1000,2026,Red Sorghum,1988,listed,897,,wikipedia-enum
tspdt-1000,2026,"Miracle of Morgan's Creek, The",1943,listed,898,,wikipedia-enum
tspdt-1000,2026,"African Queen, The",1951,listed,899,,wikipedia-enum
tspdt-1000,2026,"Spring, Summer, Fall, Winter... and Spring",2003,listed,900,,wikipedia-enum
tspdt-1000,2026,"Woman Next Door, The",1981,listed,901,,wikipedia-enum
tspdt-1000,2026,"Bridges of Madison County, The",1995,listed,902,,wikipedia-enum
tspdt-1000,2026,They Live,1988,listed,903,,wikipedia-enum
tspdt-1000,2026,"Night of Counting the Years, The",1969,listed,904,,wikipedia-enum
tspdt-1000,2026,Naked Childhood,1968,listed,905,,wikipedia-enum
tspdt-1000,2026,"Tarnished Angels, The",1957,listed,906,,wikipedia-enum
tspdt-1000,2026,Shaun of the Dead,2004,listed,907,,wikipedia-enum
tspdt-1000,2026,Exotica,1994,listed,908,,wikipedia-enum
tspdt-1000,2026,Dear Diary,1993,listed,909,,wikipedia-enum
tspdt-1000,2026,Dreams,1990,listed,910,,wikipedia-enum
tspdt-1000,2026,Stroszek,1977,listed,911,,wikipedia-enum
tspdt-1000,2026,"Seasons, The",1975,listed,912,,wikipedia-enum
tspdt-1000,2026,Meek's Cutoff,2010,listed,913,,wikipedia-enum
tspdt-1000,2026,"Fountainhead, The",1949,listed,914,,wikipedia-enum
tspdt-1000,2026,Sideways,2004,listed,915,,wikipedia-enum
tspdt-1000,2026,Tabu,2012,listed,916,,wikipedia-enum
tspdt-1000,2026,Deep Red,1975,listed,917,,wikipedia-enum
tspdt-1000,2026,Tongues Untied,1989,listed,918,,wikipedia-enum
tspdt-1000,2026,Assault on Precinct 13,1976,listed,919,,wikipedia-enum
tspdt-1000,2026,"Phantom Carriage, The",1921,listed,920,,wikipedia-enum
tspdt-1000,2026,People on Sunday,1930,listed,921,,wikipedia-enum
tspdt-1000,2026,Zabriskie Point,1970,listed,922,,wikipedia-enum
tspdt-1000,2026,"Blues Brothers, The",1980,listed,923,,wikipedia-enum
tspdt-1000,2026,It's a Gift,1934,listed,924,,wikipedia-enum
tspdt-1000,2026,Heimat,1984,listed,925,,wikipedia-enum
tspdt-1000,2026,Seven Beauties,1975,listed,926,,wikipedia-enum
tspdt-1000,2026,Reds,1981,listed,927,,wikipedia-enum
tspdt-1000,2026,"River, The",1997,listed,928,,wikipedia-enum
tspdt-1000,2026,Sholay,1975,listed,929,,wikipedia-enum
tspdt-1000,2026,Night of the Demon,1957,listed,930,,wikipedia-enum
tspdt-1000,2026,"End of Summer, The",1961,listed,931,,wikipedia-enum
tspdt-1000,2026,"Criminal Life of Archibaldo de la Cruz, The",1955,listed,932,,wikipedia-enum
tspdt-1000,2026,Ceddo,1977,listed,933,,wikipedia-enum
tspdt-1000,2026,"History of Violence, A",2005,listed,934,,wikipedia-enum
tspdt-1000,2026,"Trou, Le",1960,listed,935,,wikipedia-enum
tspdt-1000,2026,Duel,1971,listed,936,,wikipedia-enum
tspdt-1000,2026,"Flor, La",2018,listed,937,,wikipedia-enum
tspdt-1000,2026,Simon of the Desert,1965,listed,938,,wikipedia-enum
tspdt-1000,2026,Anatomy of a Murder,1959,listed,939,,wikipedia-enum
tspdt-1000,2026,"American in Paris, An",1951,listed,940,,wikipedia-enum
tspdt-1000,2026,Kwaidan,1964,listed,941,,wikipedia-enum
tspdt-1000,2026,"Butcher, The",1970,listed,942,,wikipedia-enum
tspdt-1000,2026,"Straight Story, The",1999,listed,943,,wikipedia-enum
tspdt-1000,2026,"Last Temptation of Christ, The",1988,listed,944,,wikipedia-enum
tspdt-1000,2026,Carlito's Way,1993,listed,945,,wikipedia-enum
tspdt-1000,2026,Roman Holiday,1953,listed,946,,wikipedia-enum
tspdt-1000,2026,Zorns Lemma,1970,listed,947,,wikipedia-enum
tspdt-1000,2026,"Hurt Locker, The",2008,listed,948,,wikipedia-enum
tspdt-1000,2026,Cool Hand Luke,1967,listed,949,,wikipedia-enum
tspdt-1000,2026,Portrait of Jennie,1948,listed,950,,wikipedia-enum
tspdt-1000,2026,No Home Movie,2015,listed,951,,wikipedia-enum
tspdt-1000,2026,Mothlight,1963,listed,952,,wikipedia-enum
tspdt-1000,2026,Before Sunrise,1995,listed,953,,wikipedia-enum
tspdt-1000,2026,7th Heaven,1927,listed,954,,wikipedia-enum
tspdt-1000,2026,Near Dark,1987,listed,955,,wikipedia-enum
tspdt-1000,2026,"Killer, The",1989,listed,956,,wikipedia-enum
tspdt-1000,2026,"Godfather Part III, The",1990,listed,957,,wikipedia-enum
tspdt-1000,2026,Z,1969,listed,958,,wikipedia-enum
tspdt-1000,2026,"Lord of the Rings: The Return of the King, The",2003,listed,959,,wikipedia-enum
tspdt-1000,2026,American Graffiti,1973,listed,960,,wikipedia-enum
tspdt-1000,2026,Blood Simple,1984,listed,961,,wikipedia-enum
tspdt-1000,2026,Dirty Harry,1971,listed,962,,wikipedia-enum
tspdt-1000,2026,"Sorpasso, Il",1962,listed,963,,wikipedia-enum
tspdt-1000,2026,Enter the Dragon,1973,listed,964,,wikipedia-enum
tspdt-1000,2026,"Chienne, La",1931,listed,965,,wikipedia-enum
tspdt-1000,2026,From the Clouds to the Resistance,1979,listed,966,,wikipedia-enum
tspdt-1000,2026,Othello,1951,listed,967,,wikipedia-enum
tspdt-1000,2026,Doomed Love,1978,listed,968,,wikipedia-enum
tspdt-1000,2026,"Return, The",2003,listed,969,,wikipedia-enum
tspdt-1000,2026,"Page of Madness, A",1926,listed,970,,wikipedia-enum
tspdt-1000,2026,Ghostbusters,1984,listed,971,,wikipedia-enum
tspdt-1000,2026,American Beauty,1999,listed,972,,wikipedia-enum
tspdt-1000,2026,"Khrustalyov, My Car!",1998,listed,973,,wikipedia-enum
tspdt-1000,2026,Duel in the Sun,1946,listed,974,,wikipedia-enum
tspdt-1000,2026,"Last Emperor, The",1987,listed,975,,wikipedia-enum
tspdt-1000,2026,Spartacus,1960,listed,976,,wikipedia-enum
tspdt-1000,2026,Diary,1983,listed,977,,wikipedia-enum
tspdt-1000,2026,Berlin: Symphony of a Great City,1927,listed,978,,wikipedia-enum
tspdt-1000,2026,Elevator to the Gallows,1958,listed,979,,wikipedia-enum
tspdt-1000,2026,"Host, The",2006,listed,980,,wikipedia-enum
tspdt-1000,2026,"Reckless Moment, The",1949,listed,981,,wikipedia-enum
tspdt-1000,2026,Dead Poets Society,1989,listed,982,,wikipedia-enum
tspdt-1000,2026,Gun Crazy,1950,listed,983,,wikipedia-enum
tspdt-1000,2026,"Breakfast Club, The",1985,listed,984,,wikipedia-enum
tspdt-1000,2026,"Bête Humaine, La",1938,listed,985,,wikipedia-enum
tspdt-1000,2026,Perfumed Nightmare,1977,listed,986,,wikipedia-enum
tspdt-1000,2026,Fox and His Friends,1975,listed,987,,wikipedia-enum
tspdt-1000,2026,Olympia Part One: Festival of the Nations,1938,listed,988,,wikipedia-enum
tspdt-1000,2026,"Ice Storm, The",1997,listed,989,,wikipedia-enum
tspdt-1000,2026,"Pianist, The",2002,listed,990,,wikipedia-enum
tspdt-1000,2026,Léon: The Professional,1994,listed,991,,wikipedia-enum
tspdt-1000,2026,Saturday Night and Sunday Morning,1960,listed,992,,wikipedia-enum
tspdt-1000,2026,True Heart Susie,1919,listed,993,,wikipedia-enum
tspdt-1000,2026,Ed Wood,1994,listed,994,,wikipedia-enum
tspdt-1000,2026,"Long Farewell, The",1971,listed,995,,wikipedia-enum
tspdt-1000,2026,Rope,1948,listed,996,,wikipedia-enum
tspdt-1000,2026,Lady Windermere's Fan,1925,listed,997,,wikipedia-enum
tspdt-1000,2026,Sawdust and Tinsel,1953,listed,998,,wikipedia-enum
tspdt-1000,2026,Ride the High Country,1962,listed,999,,wikipedia-enum
tspdt-1000,2026,L.A. Confidential,1997,listed,1000,,wikipedia-enum
national-es-caiman-100,2016,El espíritu de la colmena,1973,listed,2,,wikipedia-enum
national-es-caiman-100,2016,El verdugo,1963,listed,3,,wikipedia-enum
national-es-caiman-100,2016,Plácido,1961,listed,4,,wikipedia-enum
national-es-caiman-100,2016,Arrebato,1979,listed,5,,wikipedia-enum
national-es-caiman-100,2016,La caza,1966,listed,6,,wikipedia-enum
national-es-caiman-100,2016,El Sur,1983,listed,7,,wikipedia-enum
national-es-caiman-100,2016,El extraño viaje,1964,listed,8,,wikipedia-enum
national-es-caiman-100,2016,El mundo sigue,1965,listed,9,,wikipedia-enum
national-es-caiman-100,2016,El desencanto,1976,listed,10,,wikipedia-enum
national-es-caiman-100,2016,Calle Mayor,1956,listed,,,wikipedia-enum
national-es-caiman-100,2016,Aguaespejo granadino,1955,listed,,,wikipedia-enum
national-es-caiman-100,2016,Fuego en Castilla,1960,listed,,,wikipedia-enum
national-es-caiman-100,2016,Acariño galaico,1961,listed,,,wikipedia-enum
national-es-caiman-100,2016,Las Hurdes (Tierra sin pan),1933,listed,,,wikipedia-enum
national-es-caiman-100,2016,El sol del membrillo,1992,listed,,,wikipedia-enum
national-es-caiman-100,2016,"Bienvenido, Míster Marshall",1953,listed,,,wikipedia-enum
national-es-caiman-100,2016,Tristana,1970,listed,,,wikipedia-enum
national-es-caiman-100,2016,Vida en sombras,1948,listed,,,wikipedia-enum
national-es-caiman-100,2016,Muerte de un ciclista,1955,listed,,,wikipedia-enum
national-es-caiman-100,2016,Furtivos,1975,listed,,,wikipedia-enum
national-es-caiman-100,2016,Los santos inocentes,1984,listed,,,wikipedia-enum
national-es-caiman-100,2016,Tren de sombras,1997,listed,,,wikipedia-enum
national-es-caiman-100,2016,Campanadas a medianoche,1965,listed,,,wikipedia-enum
national-es-caiman-100,2016,La torre de los siete jorobados,1944,listed,,,wikipedia-enum
national-es-caiman-100,2016,Un perro andaluz,1929,listed,,,wikipedia-enum
national-es-caiman-100,2016,Surcos,1951,listed,,,wikipedia-enum
national-es-caiman-100,2016,Mujeres al borde de un ataque de nervios,1988,listed,,,wikipedia-enum
national-es-caiman-100,2016,¿Qué he hecho yo para merecer esto?,1984,listed,,,wikipedia-enum
national-es-caiman-100,2016,Hable con ella,2002,listed,,,wikipedia-enum
national-es-caiman-100,2016,Cría cuervos...,1976,listed,,,wikipedia-enum
national-es-caiman-100,2016,Canciones para después de una guerra,1976,listed,,,wikipedia-enum
national-es-caiman-100,2016,Todo sobre mi madre,1999,listed,,,wikipedia-enum
national-es-caiman-100,2016,La tía Tula,1964,listed,,,wikipedia-enum
national-es-caiman-100,2016,Cielo negro,1951,listed,,,wikipedia-enum
national-es-caiman-100,2016,El cochecito,1960,listed,,,wikipedia-enum
national-es-caiman-100,2016,La aldea maldita,1930,listed,,,wikipedia-enum
national-es-caiman-100,2016,El viaje a ninguna parte,1986,listed,,,wikipedia-enum
national-es-caiman-100,2016,"Vampir, Cuadecuc",1970,listed,,,wikipedia-enum
national-es-caiman-100,2016,"Amanece, que no es poco",1989,listed,,,wikipedia-enum
national-es-caiman-100,2016,La vida en un hilo,1945,listed,,,wikipedia-enum
national-es-caiman-100,2016,En construcción,2001,listed,,,wikipedia-enum
national-es-caiman-100,2016,El cebo,1958,listed,,,wikipedia-enum
national-es-caiman-100,2016,El día de la bestia,1995,listed,,,wikipedia-enum
national-es-caiman-100,2016,Nueve cartas a Berta,1966,listed,,,wikipedia-enum
national-es-caiman-100,2016,El pisito,1958,listed,,,wikipedia-enum
national-es-caiman-100,2016,Umbracle,1972,listed,,,wikipedia-enum
national-es-caiman-100,2016,La prima Angélica,1974,listed,,,wikipedia-enum
national-es-caiman-100,2016,Lejos de los árboles,1972,listed,,,wikipedia-enum
national-es-caiman-100,2016,La verbena de la Paloma,1935,listed,,,wikipedia-enum
national-es-caiman-100,2016,Función de noche,1981,listed,,,wikipedia-enum
national-es-caiman-100,2016,Sierra de Teruel,1940,listed,,,wikipedia-enum
national-es-caiman-100,2016,Mi tío Jacinto,1956,listed,,,wikipedia-enum
national-es-caiman-100,2016,La escopeta nacional,1978,listed,,,wikipedia-enum
national-es-caiman-100,2016,Honor de cavalleria,2006,listed,,,wikipedia-enum
national-es-caiman-100,2016,Volver,2006,listed,,,wikipedia-enum
national-es-caiman-100,2016,La piel que habito,2011,listed,,,wikipedia-enum
national-es-caiman-100,2016,La ley del deseo,1987,listed,,,wikipedia-enum
national-es-caiman-100,2016,De niños,2003,listed,,,wikipedia-enum
national-es-caiman-100,2016,Ere erera baleibu izik subua aruaren,1970,listed,,,wikipedia-enum
national-es-caiman-100,2016,Innisfree,1990,listed,,,wikipedia-enum
national-es-caiman-100,2016,Informe general sobre unas cuestiones de interés para una proyección pública,1977,listed,,,wikipedia-enum
national-es-caiman-100,2016,Te doy mis ojos,2003,listed,,,wikipedia-enum
national-es-caiman-100,2016,Contactos,1970,listed,,,wikipedia-enum
national-es-caiman-100,2016,Amantes,1991,listed,,,wikipedia-enum
national-es-caiman-100,2016,Los amantes del círculo polar,1998,listed,,,wikipedia-enum
national-es-caiman-100,2016,Tras el cristal,1986,listed,,,wikipedia-enum
national-es-caiman-100,2016,Margarita y el lobo,1969,listed,,,wikipedia-enum
national-es-caiman-100,2016,¿Quién puede matar a un niño?,1976,listed,,,wikipedia-enum
national-es-caiman-100,2016,Magical Girl,2014,listed,,,wikipedia-enum
national-es-caiman-100,2016,Atraco a las tres,1962,listed,,,wikipedia-enum
national-es-caiman-100,2016,El laberinto del fauno,2006,listed,,,wikipedia-enum
national-es-caiman-100,2016,Bilbao,1978,listed,,,wikipedia-enum
national-es-caiman-100,2016,"Elisa, vida mía",1977,listed,,,wikipedia-enum
national-es-caiman-100,2016,Los golfos,1960,listed,,,wikipedia-enum
national-es-caiman-100,2016,En la ciudad de Sylvia,2007,listed,,,wikipedia-enum
national-es-caiman-100,2016,Blancanieves,2012,listed,,,wikipedia-enum
national-es-caiman-100,2016,La isla mínima,2014,listed,,,wikipedia-enum
national-es-caiman-100,2016,El cielo gira,2004,listed,,,wikipedia-enum
national-es-caiman-100,2016,Tesis,1996,listed,,,wikipedia-enum
national-es-caiman-100,2016,Abre los ojos,1997,listed,,,wikipedia-enum
national-es-caiman-100,2016,Ana y los lobos,1973,listed,,,wikipedia-enum
national-es-caiman-100,2016,"Marcelino, pan y vino",1955,listed,,,wikipedia-enum
national-es-caiman-100,2016,Belle Époque,1992,listed,,,wikipedia-enum
national-es-caiman-100,2016,La cabina,1972,listed,,,wikipedia-enum
national-es-caiman-100,2016,Queridísimos verdugos,1977,listed,,,wikipedia-enum
national-es-caiman-100,2016,Monos como Becky,1999,listed,,,wikipedia-enum
national-es-caiman-100,2016,La vida por delante,1958,listed,,,wikipedia-enum
national-es-caiman-100,2016,El crack,1981,listed,,,wikipedia-enum
national-es-caiman-100,2016,Vacas,1992,listed,,,wikipedia-enum
national-es-caiman-100,2016,Historia de mi muerte,2013,listed,,,wikipedia-enum
national-es-caiman-100,2016,Domingo de carnaval,1945,listed,,,wikipedia-enum
national-es-caiman-100,2016,Nunca pasa nada,1963,listed,,,wikipedia-enum
national-es-caiman-100,2016,La leyenda del tiempo,2006,listed,,,wikipedia-enum
national-es-caiman-100,2016,La vida mancha,2003,listed,,,wikipedia-enum
national-es-caiman-100,2016,Mi vida sin mí,2003,listed,,,wikipedia-enum
national-es-caiman-100,2016,Solas,1999,listed,,,wikipedia-enum
national-es-caiman-100,2016,Puente de Varsovia,1990,listed,,,wikipedia-enum
national-es-caiman-100,2016,Vivir en Sevilla,1978,listed,,,wikipedia-enum
national-es-caiman-100,2016,Tasio,1984,listed,,,wikipedia-enum
national-br-abraccine-100,2015,Terra em Transe,1967,listed,5,,wikipedia-enum
national-br-abraccine-100,2015,O Bandido da Luz Vermelha,1968,listed,6,,wikipedia-enum
national-br-abraccine-100,2015,São Paulo S/A,1965,listed,7,,wikipedia-enum
national-br-abraccine-100,2015,Cidade de Deus,2002,listed,8,,wikipedia-enum
national-br-abraccine-100,2015,O Pagador de Promessas,1962,listed,9,,wikipedia-enum
national-br-abraccine-100,2015,Macunaíma,1969,listed,10,,wikipedia-enum
national-br-abraccine-100,2015,Central do Brasil,1998,listed,11,,wikipedia-enum
national-br-abraccine-100,2015,"Pixote, a Lei do Mais Fraco",1981,listed,12,,wikipedia-enum
national-br-abraccine-100,2015,Ilha das Flores,1989,listed,13,,wikipedia-enum
national-br-abraccine-100,2015,Eles Não Usam Black-Tie,1981,listed,14,,wikipedia-enum
national-br-abraccine-100,2015,O Som ao Redor,2012,listed,15,,wikipedia-enum
national-br-abraccine-100,2015,Lavoura Arcaica,2001,listed,16,,wikipedia-enum
national-br-abraccine-100,2015,Jogo de Cena,2007,listed,17,,wikipedia-enum
national-br-abraccine-100,2015,"Bye Bye, Brasil",1979,listed,18,,wikipedia-enum
national-br-abraccine-100,2015,Assalto ao Trem Pagador,1962,listed,19,,wikipedia-enum
national-br-abraccine-100,2015,São Bernardo,1974,listed,20,,wikipedia-enum
national-br-abraccine-100,2015,"Iracema, uma Transa Amazônica",1975,listed,21,,wikipedia-enum
national-br-abraccine-100,2015,Noite Vazia,1964,listed,22,,wikipedia-enum
national-br-abraccine-100,2015,Os Fuzis,1964,listed,23,,wikipedia-enum
national-br-abraccine-100,2015,Ganga Bruta,1933,listed,24,,wikipedia-enum
national-br-abraccine-100,2015,Bang Bang,1971,listed,25,,wikipedia-enum
national-br-abraccine-100,2015,A Hora e a Vez de Augusto Matraga,1968,listed,26,,wikipedia-enum
national-br-abraccine-100,2015,"Rio, 40 Graus",1955,listed,27,,wikipedia-enum
national-br-abraccine-100,2015,Edifício Master,2002,listed,28,,wikipedia-enum
national-br-abraccine-100,2015,Memórias do Cárcere,1984,listed,29,,wikipedia-enum
national-br-abraccine-100,2015,Tropa de Elite,2007,listed,30,,wikipedia-enum
national-br-abraccine-100,2015,O Padre e a Moça,1965,listed,31,,wikipedia-enum
national-br-abraccine-100,2015,Serras da Desordem,2006,listed,32,,wikipedia-enum
national-br-abraccine-100,2015,Santiago,2007,listed,33,,wikipedia-enum
national-br-abraccine-100,2015,O Dragão da Maldade contra o Santo Guerreiro,1969,listed,34,,wikipedia-enum
national-br-abraccine-100,2015,Tropa de Elite 2 – O Inimigo Agora é Outro,2010,listed,35,,wikipedia-enum
national-br-abraccine-100,2015,O Invasor,2002,listed,36,,wikipedia-enum
national-br-abraccine-100,2015,Todas as Mulheres do Mundo,1967,listed,37,,wikipedia-enum
national-br-abraccine-100,2015,Matou a Família e Foi ao Cinema,1969,listed,38,,wikipedia-enum
national-br-abraccine-100,2015,Dona Flor e Seus Dois Maridos,1976,listed,39,,wikipedia-enum
national-br-abraccine-100,2015,Os Cafajestes,1962,listed,40,,wikipedia-enum
national-br-abraccine-100,2015,O Homem do Sputnik,1959,listed,41,,wikipedia-enum
national-br-abraccine-100,2015,A Hora da Estrela,1985,listed,42,,wikipedia-enum
national-br-abraccine-100,2015,Sem Essa Aranha,1970,listed,43,,wikipedia-enum
national-br-abraccine-100,2015,SuperOutro,1989,listed,44,,wikipedia-enum
national-br-abraccine-100,2015,Filme Demência,1986,listed,45,,wikipedia-enum
national-br-abraccine-100,2015,À Meia-Noite Levarei Sua Alma,1964,listed,46,,wikipedia-enum
national-br-abraccine-100,2015,Terra Estrangeira,1996,listed,47,,wikipedia-enum
national-br-abraccine-100,2015,A Mulher de Todos,1969,listed,48,,wikipedia-enum
national-br-abraccine-100,2015,"Rio, Zona Norte",1957,listed,49,,wikipedia-enum
national-br-abraccine-100,2015,Alma Corsária,1993,listed,50,,wikipedia-enum
national-br-abraccine-100,2015,A Margem,1967,listed,51,,wikipedia-enum
national-br-abraccine-100,2015,Toda Nudez Será Castigada,1973,listed,52,,wikipedia-enum
national-br-abraccine-100,2015,Madame Satã,2000,listed,53,,wikipedia-enum
national-br-abraccine-100,2015,A Falecida,1965,listed,54,,wikipedia-enum
national-br-abraccine-100,2015,O Despertar da Besta – Ritual dos Sádicos,1969,listed,55,,wikipedia-enum
national-br-abraccine-100,2015,Tudo Bem,1978,listed,56,,wikipedia-enum
national-br-abraccine-100,2015,A Idade da Terra,1980,listed,57,,wikipedia-enum
national-br-abraccine-100,2015,Abril Despedaçado,2001,listed,58,,wikipedia-enum
national-br-abraccine-100,2015,O Grande Momento,1958,listed,59,,wikipedia-enum
national-br-abraccine-100,2015,O Lobo Atrás da Porta,2014,listed,60,,wikipedia-enum
national-br-abraccine-100,2015,O Beijo da Mulher-Aranha,1985,listed,61,,wikipedia-enum
national-br-abraccine-100,2015,O Homem que Virou Suco,1980,listed,62,,wikipedia-enum
national-br-abraccine-100,2015,O Auto da Compadecida,1999,listed,63,,wikipedia-enum
national-br-abraccine-100,2015,O Cangaceiro,1953,listed,64,,wikipedia-enum
national-br-abraccine-100,2015,A Lira do Delírio,1978,listed,65,,wikipedia-enum
national-br-abraccine-100,2015,O Caso dos Irmãos Naves,1967,listed,66,,wikipedia-enum
national-br-abraccine-100,2015,Ônibus 174,2002,listed,67,,wikipedia-enum
national-br-abraccine-100,2015,O Anjo Nasceu,1969,listed,68,,wikipedia-enum
national-br-abraccine-100,2015,Meu Nome é... Tonho,1969,listed,69,,wikipedia-enum
national-br-abraccine-100,2015,O Céu de Suely,2006,listed,70,,wikipedia-enum
national-br-abraccine-100,2015,Que Horas Ela Volta?,2015,listed,71,,wikipedia-enum
national-br-abraccine-100,2015,Bicho de Sete Cabeças,2001,listed,72,,wikipedia-enum
national-br-abraccine-100,2015,Tatuagem,2013,listed,73,,wikipedia-enum
national-br-abraccine-100,2015,Estômago,2010,listed,74,,wikipedia-enum
national-br-abraccine-100,2015,"Cinema, Aspirinas e Urubus",2005,listed,75,,wikipedia-enum
national-br-abraccine-100,2015,Baile Perfumado,1997,listed,76,,wikipedia-enum
national-br-abraccine-100,2015,"Pra Frente, Brasil",1982,listed,77,,wikipedia-enum
national-br-abraccine-100,2015,"Lúcio Flávio, o Passageiro da Agonia",1976,listed,78,,wikipedia-enum
national-br-abraccine-100,2015,O Viajante,1999,listed,79,,wikipedia-enum
national-br-abraccine-100,2015,Anjos do Arrabalde,1987,listed,80,,wikipedia-enum
national-br-abraccine-100,2015,Mar de Rosas,1977,listed,81,,wikipedia-enum
national-br-abraccine-100,2015,O País de São Saruê,1971,listed,82,,wikipedia-enum
national-br-abraccine-100,2015,A Marvada Carne,1985,listed,83,,wikipedia-enum
national-br-abraccine-100,2015,Sargento Getúlio,1983,listed,84,,wikipedia-enum
national-br-abraccine-100,2015,Inocência,1983,listed,85,,wikipedia-enum
national-br-abraccine-100,2015,Amarelo Manga,2002,listed,86,,wikipedia-enum
national-br-abraccine-100,2015,Os Saltimbancos Trapalhões,1981,listed,87,,wikipedia-enum
national-br-abraccine-100,2015,Di,1977,listed,88,,wikipedia-enum
national-br-abraccine-100,2015,Os Inconfidentes,1972,listed,89,,wikipedia-enum
national-br-abraccine-100,2015,Esta Noite Encarnarei no Teu Cadáver,1966,listed,90,,wikipedia-enum
national-br-abraccine-100,2015,Cabaret Mineiro,1980,listed,91,,wikipedia-enum
national-br-abraccine-100,2015,Chuvas de Verão,1977,listed,92,,wikipedia-enum
national-br-abraccine-100,2015,Dois Córregos,1999,listed,93,,wikipedia-enum
national-br-abraccine-100,2015,Aruanda,1960,listed,94,,wikipedia-enum
national-br-abraccine-100,2015,Carandiru,2003,listed,95,,wikipedia-enum
national-br-abraccine-100,2015,Blá Blá Blá,1968,listed,96,,wikipedia-enum
national-br-abraccine-100,2015,O Signo do Caos,2003,listed,97,,wikipedia-enum
national-br-abraccine-100,2015,O Ano em que Meus Pais Saíram de Férias,2006,listed,98,,wikipedia-enum
national-br-abraccine-100,2015,"Meteorango Kid, Herói Intergaláctico",1969,listed,99,,wikipedia-enum
national-br-abraccine-100,2015,Guerra Conjugal,1975,listed,100,,wikipedia-enum
national-br-abraccine-100,2015,"Bar Esperança, o Último que Fecha",1983,listed,101,,wikipedia-enum
national-de-wichtigste,1995,M,1931,listed,,,wikipedia-enum
national-de-wichtigste,1995,Das Cabinet des Dr. Caligari,1920,listed,,,wikipedia-enum
national-de-wichtigste,1995,Berlin – Die Sinfonie der Großstadt,1927,listed,,,wikipedia-enum
national-de-wichtigste,1995,Nosferatu – Eine Symphonie des Grauens,1922,listed,,,wikipedia-enum
national-de-wichtigste,1995,Menschen am Sonntag,1930,listed,,,wikipedia-enum
national-de-wichtigste,1995,Die Mörder sind unter uns,1946,listed,,,wikipedia-enum
national-de-wichtigste,1995,Der blaue Engel,1930,listed,,,wikipedia-enum
national-de-wichtigste,1995,Metropolis,1927,listed,,,wikipedia-enum
national-de-wichtigste,1995,Die freudlose Gasse,1925,listed,,,wikipedia-enum
national-de-wichtigste,1995,Der Untertan,1951,listed,,,wikipedia-enum
national-de-wichtigste,1995,Kuhle Wampe oder: Wem gehört die Welt?,1932,listed,,,wikipedia-enum
national-de-wichtigste,1995,Der Student von Prag,1913,listed,,,wikipedia-enum
national-de-wichtigste,1995,Die Brücke,1959,listed,,,wikipedia-enum
national-de-wichtigste,1995,Abschied von gestern,1966,listed,,,wikipedia-enum
national-de-wichtigste,1995,Mutter Krausens Fahrt ins Glück,1929,listed,,,wikipedia-enum
national-de-wichtigste,1995,"Der Golem, wie er in die Welt kam",1920,listed,,,wikipedia-enum
national-de-wichtigste,1995,"Dr. Mabuse, der Spieler",1922,listed,,,wikipedia-enum
national-de-wichtigste,1995,Unter den Brücken,1944,listed,,,wikipedia-enum
national-de-wichtigste,1995,Die Nibelungen,1924,listed,,,wikipedia-enum
national-de-wichtigste,1995,Der letzte Mann,1924,listed,,,wikipedia-enum
national-de-wichtigste,1995,Der müde Tod,1921,listed,,,wikipedia-enum
national-de-wichtigste,1995,Liebelei,1933,listed,,,wikipedia-enum
national-de-wichtigste,1995,Spur der Steine,1966,listed,,,wikipedia-enum
national-de-wichtigste,1995,Wintergartenprogramm,1895,listed,,,wikipedia-enum
national-de-wichtigste,1995,Lola Montez,1955,listed,,,wikipedia-enum
national-de-wichtigste,1995,Faust – eine deutsche Volkssage,1926,listed,,,wikipedia-enum
national-de-wichtigste,1995,Heimat – Eine deutsche Chronik,1984,listed,,,wikipedia-enum
national-de-wichtigste,1995,Deutschland im Herbst,1978,listed,,,wikipedia-enum
national-de-wichtigste,1995,Madame Dubarry,1919,listed,,,wikipedia-enum
national-de-wichtigste,1995,Berlin – Alexanderplatz,1931,listed,,,wikipedia-enum
national-de-wichtigste,1995,Die Ehe der Maria Braun,1979,listed,,,wikipedia-enum
national-de-wichtigste,1995,Münchhausen,1943,listed,,,wikipedia-enum
national-de-wichtigste,1995,Die Büchse der Pandora,1929,listed,,,wikipedia-enum
national-de-wichtigste,1995,Die Blechtrommel,1979,listed,,,wikipedia-enum
national-de-wichtigste,1995,Das Testament des Dr. Mabuse,1933,listed,,,wikipedia-enum
national-de-wichtigste,1995,Im Lauf der Zeit,1976,listed,,,wikipedia-enum
national-de-wichtigste,1995,Triumph des Willens,1935,listed,,,wikipedia-enum
national-de-wichtigste,1995,Der junge Törless,1966,listed,,,wikipedia-enum
national-de-wichtigste,1995,Katzelmacher,1969,listed,,,wikipedia-enum
national-de-wichtigste,1995,Große Freiheit Nr. 7,1944,listed,,,wikipedia-enum
national-de-wichtigste,1995,Rotation,1949,listed,,,wikipedia-enum
national-de-wichtigste,1995,Wir Wunderkinder,1958,listed,,,wikipedia-enum
national-de-wichtigste,1995,Das Wachsfigurenkabinett,1924,listed,,,wikipedia-enum
national-de-wichtigste,1995,Mädchen in Uniform,1931,listed,,,wikipedia-enum
national-de-wichtigste,1995,Varieté,1925,listed,,,wikipedia-enum
national-de-wichtigste,1995,Rosen für den Staatsanwalt,1959,listed,,,wikipedia-enum
national-de-wichtigste,1995,Alice in den Städten,1974,listed,,,wikipedia-enum
national-de-wichtigste,1995,Die Halbstarken,1956,listed,,,wikipedia-enum
national-de-wichtigste,1995,Die verlorene Ehre der Katharina Blum,1975,listed,,,wikipedia-enum
national-de-wichtigste,1995,Westfront 1918,1930,listed,,,wikipedia-enum
national-de-wichtigste,1995,Die Dreigroschenoper,1931,listed,,,wikipedia-enum
national-de-wichtigste,1995,Solo Sunny,1979,listed,,,wikipedia-enum
national-de-wichtigste,1995,Angst essen Seele auf,1974,listed,,,wikipedia-enum
national-de-wichtigste,1995,Der Verlorene,1951,listed,,,wikipedia-enum
national-de-wichtigste,1995,Die Drei von der Tankstelle,1930,listed,,,wikipedia-enum
national-de-wichtigste,1995,In jenen Tagen,1947,listed,,,wikipedia-enum
national-de-wichtigste,1995,Olympia,1938,listed,,,wikipedia-enum
national-de-wichtigste,1995,Jud Süß,1940,listed,,,wikipedia-enum
national-de-wichtigste,1995,Der geteilte Himmel,1964,listed,,,wikipedia-enum
national-de-wichtigste,1995,Der Himmel über Berlin,1987,listed,,,wikipedia-enum
national-de-wichtigste,1995,Nicht versöhnt,1965,listed,,,wikipedia-enum
national-de-wichtigste,1995,Vampyr – Der Traum des Allan Gray,1932,listed,,,wikipedia-enum
national-de-wichtigste,1995,Tagebuch einer Verlorenen,1929,listed,,,wikipedia-enum
national-de-wichtigste,1995,Der Prozeß,1984,listed,,,wikipedia-enum
national-de-wichtigste,1995,Händler der vier Jahreszeiten,1972,listed,,,wikipedia-enum
national-de-wichtigste,1995,Romanze in Moll,1943,listed,,,wikipedia-enum
national-de-wichtigste,1995,Ehe im Schatten,1947,listed,,,wikipedia-enum
national-de-wichtigste,1995,Die Legende von Paul und Paula,1973,listed,,,wikipedia-enum
national-de-wichtigste,1995,Chronik der Anna Magdalena Bach,1968,listed,,,wikipedia-enum
national-de-wichtigste,1995,"Aguirre, der Zorn Gottes",1972,listed,,,wikipedia-enum
national-de-wichtigste,1995,Ich war neunzehn,1968,listed,,,wikipedia-enum
national-de-wichtigste,1995,Die Abenteuer des Prinzen Achmed,1926,listed,,,wikipedia-enum
national-de-wichtigste,1995,Sterne,1959,listed,,,wikipedia-enum
national-de-wichtigste,1995,Die bleierne Zeit,1981,listed,,,wikipedia-enum
national-de-wichtigste,1995,Die Straße,1923,listed,,,wikipedia-enum
national-de-wichtigste,1995,Deutschland im Jahre Null,1948,listed,,,wikipedia-enum
national-de-wichtigste,1995,Kameradschaft,1931,listed,,,wikipedia-enum
national-de-wichtigste,1995,Emil und die Detektive,1931,listed,,,wikipedia-enum
national-de-wichtigste,1995,Berlin – Ecke Schönhauser…,1957,listed,,,wikipedia-enum
national-de-wichtigste,1995,Berlin Alexanderplatz,1980,listed,,,wikipedia-enum
national-de-wichtigste,1995,Der Kongreß tanzt,1931,listed,,,wikipedia-enum
national-de-wichtigste,1995,Das Kaninchen bin ich,1965,listed,,,wikipedia-enum
national-de-wichtigste,1995,Die Artisten in der Zirkuskuppel: ratlos,1968,listed,,,wikipedia-enum
national-de-wichtigste,1995,Fontane Effi Briest,1974,listed,,,wikipedia-enum
national-de-wichtigste,1995,Der amerikanische Freund,1977,listed,,,wikipedia-enum
national-de-wichtigste,1995,Asphalt,1929,listed,,,wikipedia-enum
national-de-wichtigste,1995,Jakob der Lügner,1974,listed,,,wikipedia-enum
national-de-wichtigste,1995,Jeder für sich und Gott gegen alle,1974,listed,,,wikipedia-enum
national-de-wichtigste,1995,"Nachts, wenn der Teufel kam",1957,listed,,,wikipedia-enum
national-de-wichtigste,1995,Mysterien eines Frisiersalons,1923,listed,,,wikipedia-enum
national-de-wichtigste,1995,Die weiße Hölle vom Piz Palü,1929,listed,,,wikipedia-enum
national-de-wichtigste,1995,Das Mädchen Rosemarie,1958,listed,,,wikipedia-enum
national-de-wichtigste,1995,Aus einem deutschen Leben,1977,listed,,,wikipedia-enum
national-de-wichtigste,1995,Viktor und Viktoria,1933,listed,,,wikipedia-enum
national-de-wichtigste,1995,Das Boot,1981,listed,,,wikipedia-enum
national-de-wichtigste,1995,Jagdszenen aus Niederbayern,1968,listed,,,wikipedia-enum
national-de-wichtigste,1995,Lebensläufe – Die Kinder von Golzow,1981,listed,,,wikipedia-enum
national-de-wichtigste,1995,Berliner Ballade,1948,listed,,,wikipedia-enum
national-de-wichtigste,1995,Mephisto,1981,listed,,,wikipedia-enum
national-de-wichtigste,1995,Die zweite Heimat – Chronik einer Jugend,1992,listed,,,wikipedia-enum
national-se-flm,2022,Körkarlen,1921,listed,1,,wikipedia-enum
national-se-flm,2022,En kärlekshistoria,1970,listed,2,,wikipedia-enum
national-se-flm,2022,Persona,1966,listed,3,,wikipedia-enum
national-se-flm,2022,Kvarteret Korpen,1963,listed,4,,wikipedia-enum
national-se-flm,2022,Fucking Åmål,1998,listed,5,,wikipedia-enum
national-se-flm,2022,Flickorna,1968,listed,6,,wikipedia-enum
national-se-flm,2022,Flicka och hyacinter,1950,listed,7,,wikipedia-enum
national-se-flm,2022,Här har du ditt liv,1966,listed,8,,wikipedia-enum
national-se-flm,2022,Fanny och Alexander,1982,listed,9,,wikipedia-enum
national-se-flm,2022,Smultronstället,1957,listed,10,,wikipedia-enum
national-se-flm,2022,Mannen på taket,1976,listed,11,,wikipedia-enum
national-se-flm,2022,Låt den rätte komma in,2008,listed,12,,wikipedia-enum
national-se-flm,2022,Sånger från andra våningen,2000,listed,13,,wikipedia-enum
national-se-flm,2022,Älskande par,1964,listed,14,,wikipedia-enum
national-se-flm,2022,De ofrivilliga,2008,listed,15,,wikipedia-enum
national-se-flm,2022,Äta sova dö,2012,listed,16,,wikipedia-enum
national-se-flm,2022,Nattvardsgästerna,1963,listed,17,,wikipedia-enum
national-se-flm,2022,Utvandrarna/Nybyggarna,1971,listed,18,,wikipedia-enum
national-se-flm,2022,Ett anständigt liv,1979,listed,19,,wikipedia-enum
national-se-flm,2022,Belleville Baby,2013,listed,20,,wikipedia-enum
national-se-flm,2022,Sameblod,2016,listed,21,,wikipedia-enum
national-se-flm,2022,Återträffen,2013,listed,22,,wikipedia-enum
national-se-flm,2022,Ingeborg Holm,1913,listed,23,,wikipedia-enum
national-se-flm,2022,Sommarnattens leende,1955,listed,24,,wikipedia-enum
national-se-flm,2022,Häxan,1922,listed,25,,wikipedia-enum
national-kr-kofa-100-korean-films,2014,Parasite,2019,listed,3,,wikipedia-enum
national-kr-kofa-100-korean-films,2014,Aimless Bullet,1961,listed,4,,wikipedia-enum
national-kr-kofa-100-korean-films,2014,Oldboy,2003,listed,5,,wikipedia-enum
national-kr-kofa-100-korean-films,2014,Christmas in August,1998,listed,8,,wikipedia-enum
national-kr-kofa-100-korean-films,2014,Decision to Leave,2022,listed,8,tie for 8th,wikipedia-enum
national-kr-kofa-100-korean-films,2014,The Day a Pig Fell Into a Well,1996,listed,10,,wikipedia-enum
national-kr-kofa-100-korean-films,2014,Turning Point of the Youngsters,1934,listed,,,wikipedia-enum
national-kr-kofa-100-korean-films,2014,Spring of Korean Peninsula,1941,listed,,,wikipedia-enum
national-kr-kofa-100-korean-films,2014,The Widow,1955,listed,,,wikipedia-enum
national-kr-kofa-100-korean-films,2014,Piagol,1955,listed,,,wikipedia-enum
national-kr-kofa-100-korean-films,2014,A Water Mill,1966,listed,,,wikipedia-enum
national-kr-kofa-100-korean-films,2014,Mist,1967,listed,,,wikipedia-enum
national-kr-kofa-100-korean-films,2014,Homebound,1967,listed,,,wikipedia-enum
national-kr-kofa-100-korean-films,2014,The General's Mustache,1968,listed,,,wikipedia-enum
national-kr-kofa-100-korean-films,2014,Woman of Fire,1970,listed,,,wikipedia-enum
national-kr-kofa-100-korean-films,2014,The Pollen of Flowers,1972,listed,,,wikipedia-enum
national-kr-kofa-100-korean-films,2014,Yeong-ja's Heydays,1975,listed,,,wikipedia-enum
national-kr-kofa-100-korean-films,2014,Ieoh Island,1977,listed,,,wikipedia-enum
national-kr-kofa-100-korean-films,2014,A Woman After a Killer Butterfly,1978,listed,,,wikipedia-enum
national-kr-kofa-100-korean-films,2014,"A Fine, Windy Day",1980,listed,,,wikipedia-enum
national-kr-kofa-100-korean-films,2014,The Hut,1980,listed,,,wikipedia-enum
national-kr-kofa-100-korean-films,2014,Mandala,1981,listed,,,wikipedia-enum
national-kr-kofa-100-korean-films,2014,Declaration of Idiot,1983,listed,,,wikipedia-enum
national-kr-kofa-100-korean-films,2014,Gilsotteum,1985,listed,,,wikipedia-enum
national-kr-kofa-100-korean-films,2014,Deep Blue Night,1985,listed,,,wikipedia-enum
national-kr-kofa-100-korean-films,2014,The Surrogate Woman,1986,listed,,,wikipedia-enum
national-kr-kofa-100-korean-films,2014,Our Joyful Young Days,1987,listed,,,wikipedia-enum
national-kr-kofa-100-korean-films,2014,Sanggye-Dong Olympic,1988,listed,,,wikipedia-enum
national-kr-kofa-100-korean-films,2014,Chil-su and Man-su,1988,listed,,,wikipedia-enum
national-kr-kofa-100-korean-films,2014,Gagman,1988,listed,,,wikipedia-enum
national-kr-kofa-100-korean-films,2014,Why Has Bodhi-Dharma Left for the East?,1989,listed,,,wikipedia-enum
national-kr-kofa-100-korean-films,2014,The Night before Strike,1990,listed,,,wikipedia-enum
national-kr-kofa-100-korean-films,2014,The Road to the Race Track,1991,listed,,,wikipedia-enum
national-kr-kofa-100-korean-films,2014,First Love,1993,listed,,,wikipedia-enum
national-kr-kofa-100-korean-films,2014,The Murmuring,1995,listed,,,wikipedia-enum
national-kr-kofa-100-korean-films,2014,The People in White,1995,listed,,,wikipedia-enum
national-kr-kofa-100-korean-films,2014,A Petal,1996,listed,,,wikipedia-enum
national-kr-kofa-100-korean-films,2014,Green Fish,1997,listed,,,wikipedia-enum
national-kr-kofa-100-korean-films,2014,The Contact,1997,listed,,,wikipedia-enum
national-kr-kofa-100-korean-films,2014,No. 3,1997,listed,,,wikipedia-enum
national-kr-kofa-100-korean-films,2014,The Power of Kangwon Province,1998,listed,,,wikipedia-enum
national-kr-kofa-100-korean-films,2014,Memento Mori,1999,listed,,,wikipedia-enum
national-kr-kofa-100-korean-films,2014,Peppermint Candy,1999,listed,,,wikipedia-enum
national-kr-kofa-100-korean-films,2014,Nowhere to Hide,1999,listed,,,wikipedia-enum
national-kr-kofa-100-korean-films,2014,Shiri,1999,listed,,,wikipedia-enum
national-kr-kofa-100-korean-films,2014,Die Bad,2000,listed,,,wikipedia-enum
national-kr-kofa-100-korean-films,2014,Chunhyang,2000,listed,,,wikipedia-enum
national-kr-kofa-100-korean-films,2014,The Foul King,2000,listed,,,wikipedia-enum
national-kr-kofa-100-korean-films,2014,Joint Security Area,2000,listed,,,wikipedia-enum
national-kr-kofa-100-korean-films,2014,Waikiki Brothers,2001,listed,,,wikipedia-enum
national-kr-kofa-100-korean-films,2014,One Fine Spring Day,2001,listed,,,wikipedia-enum
national-kr-kofa-100-korean-films,2014,Take Care of My Cat,2001,listed,,,wikipedia-enum
national-kr-kofa-100-korean-films,2014,Sympathy for Mr. Vengeance,2002,listed,,,wikipedia-enum
national-kr-kofa-100-korean-films,2014,Repatriation,2003,listed,,,wikipedia-enum
national-kr-kofa-100-korean-films,2014,Lady Vengeance,2005,listed,,,wikipedia-enum
national-kr-kofa-100-korean-films,2014,The President's Last Bang,2005,listed,,,wikipedia-enum
national-kr-kofa-100-korean-films,2014,The King and the Clown,2005,listed,,,wikipedia-enum
national-kr-kofa-100-korean-films,2014,The Host,2006,listed,,,wikipedia-enum
national-kr-kofa-100-korean-films,2014,Tazza: The High Rollers,2006,listed,,,wikipedia-enum
national-kr-kofa-100-korean-films,2014,The Description of Bankruptcy,2006,listed,,,wikipedia-enum
national-kr-kofa-100-korean-films,2014,Family Ties,2006,listed,,,wikipedia-enum
national-kr-kofa-100-korean-films,2014,Secret Sunshine,2007,listed,,,wikipedia-enum
national-kr-kofa-100-korean-films,2014,The Chaser,2007,listed,,,wikipedia-enum
national-kr-kofa-100-korean-films,2014,Thirst,2009,listed,,,wikipedia-enum
national-kr-kofa-100-korean-films,2014,Mother,2009,listed,,,wikipedia-enum
national-kr-kofa-100-korean-films,2014,Two Doors,2011,listed,,,wikipedia-enum
national-kr-kofa-100-korean-films,2014,Jiseul,2012,listed,,,wikipedia-enum
national-kr-kofa-100-korean-films,2014,A Girl at My Door,2014,listed,,,wikipedia-enum
national-kr-kofa-100-korean-films,2014,The Wailing,2015,listed,,,wikipedia-enum
national-kr-kofa-100-korean-films,2014,The Truth Beneath,2015,listed,,,wikipedia-enum
national-kr-kofa-100-korean-films,2014,Dongju: The Portrait of a Poet,2015,listed,,,wikipedia-enum
national-kr-kofa-100-korean-films,2014,The Handmaiden,2016,listed,,,wikipedia-enum
national-kr-kofa-100-korean-films,2014,The World of Us,2016,listed,,,wikipedia-enum
national-kr-kofa-100-korean-films,2014,Train to Busan,2016,listed,,,wikipedia-enum
national-kr-kofa-100-korean-films,2014,Burning,2018,listed,,,wikipedia-enum
national-kr-kofa-100-korean-films,2014,House of Hummingbird,2018,listed,,,wikipedia-enum
national-kr-kofa-100-korean-films,2014,The Book of Fish,2019,listed,,,wikipedia-enum
national-kr-grand-bell-best-film,1962,Prince Yeonsan,1962,won,,,wikipedia-enum
national-kr-grand-bell-best-film,1963,The Memorial Gate for Virtuous Women,1963,won,,,wikipedia-enum
national-kr-grand-bell-best-film,1964,Kinship,1964,won,,,wikipedia-enum
national-kr-grand-bell-best-film,1965,Deaf Sam-yong,1964,won,,,wikipedia-enum
national-kr-grand-bell-best-film,1966,The Sea Village,1965,won,,,wikipedia-enum
national-kr-grand-bell-best-film,1967,Coming Back,1967,won,,,wikipedia-enum
national-kr-grand-bell-best-film,1968,Prince Daewon,1968,won,,,wikipedia-enum
national-kr-grand-bell-best-film,1972,Patriotic Martyr An Jung-gun,1972,won,,,wikipedia-enum
national-kr-grand-bell-best-film,1973,The General in Red Robes,1973,won,,,wikipedia-enum
national-kr-grand-bell-best-film,1974,The Land,1974,won,,,wikipedia-enum
national-kr-grand-bell-best-film,1975,Flame,1975,won,,,wikipedia-enum
national-kr-grand-bell-best-film,1976,Mother,1976,won,,,wikipedia-enum
national-kr-grand-bell-best-film,1977,Diary of Korean-Japanese War,1977,won,,,wikipedia-enum
national-kr-grand-bell-best-film,1978,Police Story,1978,won,,,wikipedia-enum
national-kr-grand-bell-best-film,1979,The Hidden Hero,1979,won,,,wikipedia-enum
national-kr-grand-bell-best-film,1980,Son of Man,1980,won,,,wikipedia-enum
national-kr-grand-bell-best-film,1981,Invited People,1981,won,,,wikipedia-enum
national-kr-grand-bell-best-film,1982,Come Unto Down,1982,won,,,wikipedia-enum
national-kr-grand-bell-best-film,1983,Mulleya Mulleya,1983,won,,,wikipedia-enum
national-kr-grand-bell-best-film,1984,Adultery Tree,1984,won,,,wikipedia-enum
national-kr-grand-bell-best-film,1985,The Mother,1985,won,,,wikipedia-enum
national-kr-grand-bell-best-film,1986,Pillar of Mist,1986,won,,,wikipedia-enum
national-kr-grand-bell-best-film,1987,Diary of King Yeonsan,1987,won,,,wikipedia-enum
national-kr-grand-bell-best-film,1989,Come Come Come Upward,1989,won,,,wikipedia-enum
national-kr-grand-bell-best-film,1990,All That Falls Has Wings,1990,won,,,wikipedia-enum
national-kr-grand-bell-best-film,1991,Passion Portrait,1991,won,,,wikipedia-enum
national-kr-grand-bell-best-film,1992,Fly High Run Far,1992,won,,,wikipedia-enum
national-kr-grand-bell-best-film,1993,Sopyonje,1993,won,,,wikipedia-enum
national-kr-grand-bell-best-film,1994,The Story of Two Women,1994,won,,,wikipedia-enum
national-kr-grand-bell-best-film,1995,The Eternal Empire,1995,won,,,wikipedia-enum
national-kr-grand-bell-best-film,1996,Henequen,1996,won,,,wikipedia-enum
national-kr-grand-bell-best-film,1997,The Contact,1997,won,,,wikipedia-enum
national-kr-grand-bell-best-film,1999,Spring in My Hometown,1998,won,,,wikipedia-enum
national-kr-grand-bell-best-film,2000,Peppermint Candy,2000,won,,,wikipedia-enum
national-kr-grand-bell-best-film,2001,Joint Security Area,2000,won,,,wikipedia-enum
national-kr-grand-bell-best-film,2002,The Way Home,2002,won,,,wikipedia-enum
national-kr-grand-bell-best-film,2003,Memories of Murder,2003,won,,,wikipedia-enum
national-kr-grand-bell-best-film,2004,"Spring, Summer, Fall, Winter... and Spring",2003,won,,,wikipedia-enum
national-kr-grand-bell-best-film,2005,Marathon,2005,won,,,wikipedia-enum
national-kr-grand-bell-best-film,2006,King and the Clown,2005,won,,,wikipedia-enum
national-kr-grand-bell-best-film,2007,Family Ties,2006,won,,,wikipedia-enum
national-kr-grand-bell-best-film,2008,The Chaser,2008,won,,,wikipedia-enum
national-kr-grand-bell-best-film,2009,The Divine Weapon,2008,won,,,wikipedia-enum
national-kr-grand-bell-best-film,2010,Poetry,2010,won,,,wikipedia-enum
national-kr-grand-bell-best-film,2011,The Front Line,2011,won,,,wikipedia-enum
national-kr-grand-bell-best-film,2012,Masquerade,2012,won,,,wikipedia-enum
national-kr-grand-bell-best-film,2013,The Face Reader,2013,won,,,wikipedia-enum
national-kr-grand-bell-best-film,2014,The Admiral: Roaring Currents,2014,won,,,wikipedia-enum
national-kr-grand-bell-best-film,2015,Ode to My Father,2014,won,,,wikipedia-enum
national-kr-grand-bell-best-film,2016,Inside Men,2015,won,,,wikipedia-enum
national-kr-grand-bell-best-film,2017,A Taxi Driver,2017,won,,,wikipedia-enum
national-kr-grand-bell-best-film,2018,Burning,2018,won,,,wikipedia-enum
national-kr-grand-bell-best-film,2019,Parasite,2019,won,,,wikipedia-enum
national-kr-grand-bell-best-film,2022,Decision to Leave,2022,won,,,wikipedia-enum
national-kr-grand-bell-best-film,2023,Concrete Utopia,2023,won,,,wikipedia-enum
national-kr-baeksang-best-film,1965,Deaf Sam-yong,1964,won,,,wikipedia-enum
national-kr-baeksang-best-film,1966,The Sea Village,1965,won,,,wikipedia-enum
national-kr-baeksang-best-film,1967,Late Autumn,1966,won,,,wikipedia-enum
national-kr-baeksang-best-film,1968,Children of the Firing Range,1967,won,,,wikipedia-enum
national-kr-baeksang-best-film,1969,The General's Mustache,1968,won,,,wikipedia-enum
national-kr-baeksang-best-film,1970,"Spring, Spring",1969,won,,,wikipedia-enum
national-kr-baeksang-best-film,1971,Frozen Spring,1970,won,,,wikipedia-enum
national-kr-baeksang-best-film,1972,War and Humanity,1971,won,,,wikipedia-enum
national-kr-baeksang-best-film,1973,Gate of Women,1972,won,,,wikipedia-enum
national-kr-baeksang-best-film,1974,Special Investigation Unit: The Case of Bae Tae-ok,1973,won,,,wikipedia-enum
national-kr-baeksang-best-film,1975,The Executioner,1974,won,,,wikipedia-enum
national-kr-baeksang-best-film,1976,A Byegone Romance,1975,won,,,wikipedia-enum
national-kr-baeksang-best-film,1977,Concentration of Attention,1976,won,,,wikipedia-enum
national-kr-baeksang-best-film,1978,A Splendid Outing,1977,won,,,wikipedia-enum
national-kr-baeksang-best-film,1979,The Last Words from a Comrade in Arms,1978,won,,,wikipedia-enum
national-kr-baeksang-best-film,1980,Man-suk Run!,1979,won,,,wikipedia-enum
national-kr-baeksang-best-film,1981,"A Fine, Windy Day",1980,won,,,wikipedia-enum
national-kr-baeksang-best-film,1982,Come Unto Down,1981,won,,,wikipedia-enum
national-kr-baeksang-best-film,1983,Village in the Mist,1982,won,,,wikipedia-enum
national-kr-baeksang-best-film,1984,Whale Hunting,1984,won,,,wikipedia-enum
national-kr-baeksang-best-film,1985,Deep Blue Night,1985,won,,,wikipedia-enum
national-kr-baeksang-best-film,1986,Gilsoddeum,1985,won,,,wikipedia-enum
national-kr-baeksang-best-film,1987,Moonlight Hunter,1987,won,,,wikipedia-enum
national-kr-baeksang-best-film,1988,Adada,1987,won,,,wikipedia-enum
national-kr-baeksang-best-film,1989,Seoul Rainbow,1989,won,,,wikipedia-enum
national-kr-baeksang-best-film,1990,The Lovers of Woomook-baemi,1990,won,,,wikipedia-enum
national-kr-baeksang-best-film,1991,Silver Stallion,1991,won,,,wikipedia-enum
national-kr-baeksang-best-film,1992,Stairways of Heaven,1991,won,,,wikipedia-enum
national-kr-baeksang-best-film,1993,Our Twisted Hero,1992,won,,,wikipedia-enum
national-kr-baeksang-best-film,1994,Two Cops,1993,won,,,wikipedia-enum
national-kr-baeksang-best-film,1994,Seopyeonje,1993,won,,tie for 1994,wikipedia-enum
national-kr-baeksang-best-film,1995,Life and Death of the Hollywood Kid,1994,won,,,wikipedia-enum
national-kr-baeksang-best-film,1996,Farewell My Darling,1996,won,,,wikipedia-enum
national-kr-baeksang-best-film,1997,Green Fish,1997,won,,,wikipedia-enum
national-kr-baeksang-best-film,1998,Christmas in August,1998,won,,,wikipedia-enum
national-kr-baeksang-best-film,1999,Shiri,1999,won,,,wikipedia-enum
national-kr-baeksang-best-film,2000,The Spy,1999,won,,,wikipedia-enum
national-kr-baeksang-best-film,2001,Libera Me,2000,won,,,wikipedia-enum
national-kr-baeksang-best-film,2002,Waikiki Brothers,2001,won,,,wikipedia-enum
national-kr-baeksang-best-film,2003,Oasis,2002,won,,,wikipedia-enum
national-kr-baeksang-best-film,2004,Taegukgi: The Brotherhood of War,2004,won,,,wikipedia-enum
national-kr-baeksang-best-film,2005,The President's Last Bang,2005,won,,,wikipedia-enum
national-kr-baeksang-best-film,2006,Blood Rain,2005,won,,,wikipedia-enum
national-kr-baeksang-best-film,2007,The Host,2006,won,,,wikipedia-enum
national-kr-baeksang-best-film,2008,Forever the Moment,2007,won,,,wikipedia-enum
national-kr-baeksang-best-film,2009,Viva! Love,2008,won,,,wikipedia-enum
national-kr-baeksang-best-film,2010,Take Off,2009,won,,,wikipedia-enum
national-kr-baeksang-best-film,2011,The Man from Nowhere,2010,won,,,wikipedia-enum
national-kr-baeksang-best-film,2012,Unbowed,2011,won,,,wikipedia-enum
national-kr-baeksang-best-film,2013,Masquerade,2012,won,,,wikipedia-enum
national-kr-baeksang-best-film,2014,The Attorney,2013,won,,,wikipedia-enum
national-kr-baeksang-best-film,2015,Revivre,2014,won,,,wikipedia-enum
national-kr-baeksang-best-film,2016,Assassination,2015,won,,,wikipedia-enum
national-kr-baeksang-best-film,2017,The Wailing,2016,won,,,wikipedia-enum
national-kr-baeksang-best-film,2018,The Fortress,2017,won,,,wikipedia-enum
national-kr-baeksang-best-film,2019,The Spy Gone North,2018,won,,,wikipedia-enum
national-kr-baeksang-best-film,2020,Parasite,2019,won,,,wikipedia-enum
national-kr-baeksang-best-film,2021,Samjin Company English Class,2020,won,,,wikipedia-enum
national-kr-baeksang-best-film,2022,Escape from Mogadishu,2021,won,,,wikipedia-enum
national-kr-baeksang-best-film,2023,The Night Owl,2022,won,,,wikipedia-enum
national-kr-baeksang-best-film,2024,12.12: The Day,2023,won,,,wikipedia-enum
national-kr-baeksang-best-film,2025,Harbin,2024,won,,,wikipedia-enum
national-kr-baeksang-best-film,2026,No Other Choice,2025,won,,,wikipedia-enum
national-in-nfa-best-feature,1953,Shyamchi Aai,1952,won,,,wikipedia-enum
national-in-nfa-best-feature,1954,Mirza Ghalib,1953,won,,,wikipedia-enum
national-in-nfa-best-feature,1955,Pather Panchali,1954,won,,,wikipedia-enum
national-in-nfa-best-feature,1956,Kabuliwala,1955,won,,,wikipedia-enum
national-in-nfa-best-feature,1957,Do Aankhen Barah Haath,1956,won,,,wikipedia-enum
national-in-nfa-best-feature,1958,Sagar Sangamey,1957,won,,,wikipedia-enum
national-in-nfa-best-feature,1959,Apur Sansar,1958,won,,,wikipedia-enum
national-in-nfa-best-feature,1960,Anuradha,1959,won,,,wikipedia-enum
national-in-nfa-best-feature,1961,Bhagini Nivedita,1960,won,,,wikipedia-enum
national-in-nfa-best-feature,1962,Dada Thakur,1961,won,,,wikipedia-enum
national-in-nfa-best-feature,1963,Shehar Aur Sapna,1962,won,,,wikipedia-enum
national-in-nfa-best-feature,1964,Charulata,1963,won,,,wikipedia-enum
national-in-nfa-best-feature,1965,Chemmeen,1964,won,,,wikipedia-enum
national-in-nfa-best-feature,1966,Teesri Kasam,1965,won,,,wikipedia-enum
national-in-nfa-best-feature,1967,Hatey Bazarey,1966,won,,,wikipedia-enum
national-in-nfa-best-feature,1968,Goopy Gyne Bagha Byne,1967,won,,,wikipedia-enum
national-in-nfa-best-feature,1969,Bhuvan Shome,1968,won,,,wikipedia-enum
national-in-nfa-best-feature,1970,Samskara,1969,won,,,wikipedia-enum
national-in-nfa-best-feature,1971,Seemabaddha,1970,won,,,wikipedia-enum
national-in-nfa-best-feature,1972,Swayamvaram,1971,won,,,wikipedia-enum
national-in-nfa-best-feature,1973,Nirmalyam,1972,won,,,wikipedia-enum
national-in-nfa-best-feature,1974,Chorus,1973,won,,,wikipedia-enum
national-in-nfa-best-feature,1975,Chomana Dudi,1974,won,,,wikipedia-enum
national-in-nfa-best-feature,1976,Mrigayaa,1975,won,,,wikipedia-enum
national-in-nfa-best-feature,1977,Ghatashraddha,1976,won,,,wikipedia-enum
national-in-nfa-best-feature,1979,Shodh,1978,won,,,wikipedia-enum
national-in-nfa-best-feature,1980,Akaler Shandhaney,1979,won,,,wikipedia-enum
national-in-nfa-best-feature,1981,Dakhal,1980,won,,,wikipedia-enum
national-in-nfa-best-feature,1982,Chokh,1981,won,,,wikipedia-enum
national-in-nfa-best-feature,1983,Adi Shankaracharya,1982,won,,,wikipedia-enum
national-in-nfa-best-feature,1984,Damul,1983,won,,,wikipedia-enum
national-in-nfa-best-feature,1985,Chidambaram,1984,won,,,wikipedia-enum
national-in-nfa-best-feature,1986,Tabarana Kathe,1985,won,,,wikipedia-enum
national-in-nfa-best-feature,1987,Halodhia Choraye Baodhan Khai,1986,won,,,wikipedia-enum
national-in-nfa-best-feature,1988,Piravi,1987,won,,,wikipedia-enum
national-in-nfa-best-feature,1989,Bagh Bahadur,1988,won,,,wikipedia-enum
national-in-nfa-best-feature,1990,Marupakkam,1989,won,,,wikipedia-enum
national-in-nfa-best-feature,1991,Agantuk,1990,won,,,wikipedia-enum
national-in-nfa-best-feature,1992,Bhagavad Gita,1991,won,,,wikipedia-enum
national-in-nfa-best-feature,1993,Charachar,1992,won,,,wikipedia-enum
national-in-nfa-best-feature,1994,Unishe April,1993,won,,,wikipedia-enum
national-in-nfa-best-feature,1995,Kathapurushan,1994,won,,,wikipedia-enum
national-in-nfa-best-feature,1996,Lal Darja,1995,won,,,wikipedia-enum
national-in-nfa-best-feature,1997,Thaayi Saheba,1996,won,,,wikipedia-enum
national-in-nfa-best-feature,1998,Samar,1997,won,,,wikipedia-enum
national-in-nfa-best-feature,1999,Vanaprastham,1998,won,,,wikipedia-enum
national-in-nfa-best-feature,2000,Shantham,1999,won,,,wikipedia-enum
national-in-nfa-best-feature,2001,Dweepa,2000,won,,,wikipedia-enum
national-in-nfa-best-feature,2002,Mondo Meyer Upakhyan,2001,won,,,wikipedia-enum
national-in-nfa-best-feature,2003,Shwaas,2002,won,,,wikipedia-enum
national-in-nfa-best-feature,2004,Page 3,2003,won,,,wikipedia-enum
national-in-nfa-best-feature,2005,Kaalpurush,2004,won,,,wikipedia-enum
national-in-nfa-best-feature,2006,Pulijanmam,2005,won,,,wikipedia-enum
national-in-nfa-best-feature,2007,Kanchivaram,2006,won,,,wikipedia-enum
national-in-nfa-best-feature,2008,Antaheen,2007,won,,,wikipedia-enum
national-in-nfa-best-feature,2009,Kutty Srank,2008,won,,,wikipedia-enum
national-in-nfa-best-feature,2010,Adaminte Makan Abu,2009,won,,,wikipedia-enum
national-in-nfa-best-feature,2011,Deool,2010,won,,,wikipedia-enum
national-in-nfa-best-feature,2011,Byari,2010,won,,,wikipedia-enum
national-in-nfa-best-feature,2012,Paan Singh Tomar,2011,won,,,wikipedia-enum
national-in-nfa-best-feature,2013,Ship of Theseus,2012,won,,,wikipedia-enum
national-in-nfa-best-feature,2014,Court,2013,won,,,wikipedia-enum
national-in-nfa-best-feature,2015,Baahubali: The Beginning,2014,won,,,wikipedia-enum
national-in-nfa-best-feature,2016,Kaasav,2015,won,,,wikipedia-enum
national-in-nfa-best-feature,2017,Village Rockstars,2016,won,,,wikipedia-enum
national-in-nfa-best-feature,2018,Hellaro,2017,won,,,wikipedia-enum
national-in-nfa-best-feature,2019,Marakkar: Lion of the Arabian Sea,2018,won,,,wikipedia-enum
national-in-nfa-best-feature,2020,Soorarai Pottru,2019,won,,,wikipedia-enum
national-in-nfa-best-feature,2021,Rocketry: The Nambi Effect,2020,won,,,wikipedia-enum
national-in-nfa-best-feature,2022,Aattam,2021,won,,,wikipedia-enum
national-in-nfa-best-feature,2023,12th Fail,2022,won,,,wikipedia-enum
national-in-filmfare-best-film,1954,Do Bigha Zamin,1953,won,,,wikipedia-enum
national-in-filmfare-best-film,1955,Boot Polish,1954,won,,,wikipedia-enum
national-in-filmfare-best-film,1956,Jagriti,1955,won,,,wikipedia-enum
national-in-filmfare-best-film,1957,Jhanak Jhanak Payal Baaje,1956,won,,,wikipedia-enum
national-in-filmfare-best-film,1958,Mother India,1957,won,,,wikipedia-enum
national-in-filmfare-best-film,1959,Madhumati,1958,won,,,wikipedia-enum
national-in-filmfare-best-film,1960,Sujata,1959,won,,,wikipedia-enum
national-in-filmfare-best-film,1961,Mughal-e-Azam,1960,won,,,wikipedia-enum
national-in-filmfare-best-film,1962,Jis Desh Men Ganga Behti Hai,1961,won,,,wikipedia-enum
national-in-filmfare-best-film,1963,Sahib Bibi Aur Ghulam,1962,won,,,wikipedia-enum
national-in-filmfare-best-film,1964,Bandini,1963,won,,,wikipedia-enum
national-in-filmfare-best-film,1965,Dosti,1964,won,,,wikipedia-enum
national-in-filmfare-best-film,1966,Himalaya Ki God Mein,1965,won,,,wikipedia-enum
national-in-filmfare-best-film,1967,Guide,1966,won,,,wikipedia-enum
national-in-filmfare-best-film,1968,Upkar,1967,won,,,wikipedia-enum
national-in-filmfare-best-film,1969,Brahmachari,1968,won,,,wikipedia-enum
national-in-filmfare-best-film,1970,Aradhana,1969,won,,,wikipedia-enum
national-in-filmfare-best-film,1971,Khilona,1970,won,,,wikipedia-enum
national-in-filmfare-best-film,1972,Anand,1971,won,,,wikipedia-enum
national-in-filmfare-best-film,1973,Be-Imaan,1972,won,,,wikipedia-enum
national-in-filmfare-best-film,1974,Anuraag,1973,won,,,wikipedia-enum
national-in-filmfare-best-film,1975,Rajnigandha,1974,won,,,wikipedia-enum
national-in-filmfare-best-film,1976,Deewaar,1975,won,,,wikipedia-enum
national-in-filmfare-best-film,1977,Mausam,1976,won,,,wikipedia-enum
national-in-filmfare-best-film,1978,Bhumika,1977,won,,,wikipedia-enum
national-in-filmfare-best-film,1979,Main Tulsi Tere Aangan Ki,1978,won,,,wikipedia-enum
national-in-filmfare-best-film,1980,Junoon,1979,won,,,wikipedia-enum
national-in-filmfare-best-film,1981,Khubsoorat,1980,won,,,wikipedia-enum
national-in-filmfare-best-film,1982,Kalyug,1981,won,,,wikipedia-enum
national-in-filmfare-best-film,1983,Shakti,1982,won,,,wikipedia-enum
national-in-filmfare-best-film,1984,Ardh Satya,1983,won,,,wikipedia-enum
national-in-filmfare-best-film,1985,Sparsh,1984,won,,,wikipedia-enum
national-in-filmfare-best-film,1986,Ram Teri Ganga Maili,1985,won,,,wikipedia-enum
national-in-filmfare-best-film,1989,Qayamat Se Qayamat Tak,1988,won,,,wikipedia-enum
national-in-filmfare-best-film,1990,Maine Pyar Kiya,1989,won,,,wikipedia-enum
national-in-filmfare-best-film,1991,Ghayal,1990,won,,,wikipedia-enum
national-in-filmfare-best-film,1992,Lamhe,1991,won,,,wikipedia-enum
national-in-filmfare-best-film,1993,Jo Jeeta Wohi Sikandar,1992,won,,,wikipedia-enum
national-in-filmfare-best-film,1994,Hum Hain Rahi Pyar Ke,1993,won,,,wikipedia-enum
national-in-filmfare-best-film,1995,Hum Aapke Hain Koun..!,1994,won,,,wikipedia-enum
national-in-filmfare-best-film,1996,Dilwale Dulhania Le Jayenge,1995,won,,,wikipedia-enum
national-in-filmfare-best-film,1997,Raja Hindustani,1996,won,,,wikipedia-enum
national-in-filmfare-best-film,1998,Dil To Pagal Hai,1997,won,,,wikipedia-enum
national-in-filmfare-best-film,1999,Kuch Kuch Hota Hai,1998,won,,,wikipedia-enum
national-in-filmfare-best-film,2000,Hum Dil De Chuke Sanam,1999,won,,,wikipedia-enum
national-in-filmfare-best-film,2001,Kaho Naa... Pyaar Hai,2000,won,,,wikipedia-enum
national-in-filmfare-best-film,2002,Lagaan,2001,won,,,wikipedia-enum
national-in-filmfare-best-film,2003,Devdas,2002,won,,,wikipedia-enum
national-in-filmfare-best-film,2004,Koi... Mil Gaya,2003,won,,,wikipedia-enum
national-in-filmfare-best-film,2005,Veer-Zaara,2004,won,,,wikipedia-enum
national-in-filmfare-best-film,2006,Black,2005,won,,,wikipedia-enum
national-in-filmfare-best-film,2007,Rang De Basanti,2006,won,,,wikipedia-enum
national-in-filmfare-best-film,2008,Taare Zameen Par,2007,won,,,wikipedia-enum
national-in-filmfare-best-film,2009,Jodhaa Akbar,2008,won,,,wikipedia-enum
national-in-filmfare-best-film,2010,3 Idiots,2009,won,,,wikipedia-enum
national-in-filmfare-best-film,2011,Dabangg,2010,won,,,wikipedia-enum
national-in-filmfare-best-film,2012,Zindagi Na Milegi Dobara,2011,won,,,wikipedia-enum
national-in-filmfare-best-film,2013,Barfi!,2012,won,,,wikipedia-enum
national-in-filmfare-best-film,2014,Bhaag Milkha Bhaag,2013,won,,,wikipedia-enum
national-in-filmfare-best-film,2015,Queen,2014,won,,,wikipedia-enum
national-in-filmfare-best-film,2016,Bajirao Mastani,2015,won,,,wikipedia-enum
national-in-filmfare-best-film,2017,Dangal,2016,won,,,wikipedia-enum
national-in-filmfare-best-film,2018,Hindi Medium,2017,won,,,wikipedia-enum
national-in-filmfare-best-film,2019,Raazi,2018,won,,,wikipedia-enum
national-in-filmfare-best-film,2020,Gully Boy,2019,won,,,wikipedia-enum
national-in-filmfare-best-film,2021,Thappad,2020,won,,,wikipedia-enum
national-in-filmfare-best-film,2022,Shershaah,2021,won,,,wikipedia-enum
national-in-filmfare-best-film,2023,Gangubai Kathiawadi,2022,won,,,wikipedia-enum
national-in-filmfare-best-film,2024,12th Fail,2023,won,,,wikipedia-enum
national-in-filmfare-best-film,2025,Laapataa Ladies,2024,won,,,wikipedia-enum
national-ir-crystal-simorgh-best-film,1985,The Scarecrow,1984,won,,,wikipedia-enum
national-ir-crystal-simorgh-best-film,1987,The Flight in the Night,1986,won,,,wikipedia-enum
national-ir-crystal-simorgh-best-film,1989,Eye of the Hurricane,1988,won,,,wikipedia-enum
national-ir-crystal-simorgh-best-film,1990,The Immigrant,1989,won,,,wikipedia-enum
national-ir-crystal-simorgh-best-film,1991,Apartment No.13,1990,won,,,wikipedia-enum
national-ir-crystal-simorgh-best-film,1992,The Need,1991,won,,,wikipedia-enum
national-ir-crystal-simorgh-best-film,1993,From Karkheh to Rhein,1992,won,,,wikipedia-enum
national-ir-crystal-simorgh-best-film,1995,The Fateful Day,1994,won,,,wikipedia-enum
national-ir-crystal-simorgh-best-film,1996,The Father,1995,won,,,wikipedia-enum
national-ir-crystal-simorgh-best-film,1997,Children of Heaven,1996,won,,,wikipedia-enum
national-ir-crystal-simorgh-best-film,1998,The Glass Agency,1997,won,,,wikipedia-enum
national-ir-crystal-simorgh-best-film,1999,Heeva,1998,won,,,wikipedia-enum
national-ir-crystal-simorgh-best-film,2000,"Smell of Camphor, Scent of Jasmine",1999,won,,,wikipedia-enum
national-ir-crystal-simorgh-best-film,2001,Baran,2000,won,,,wikipedia-enum
national-ir-crystal-simorgh-best-film,2002,A House Built on Water,2001,won,,,wikipedia-enum
national-ir-crystal-simorgh-best-film,2003,The Insane Flew Away,2002,won,,,wikipedia-enum
national-ir-crystal-simorgh-best-film,2004,Mum's Guest,2003,won,,,wikipedia-enum
national-ir-crystal-simorgh-best-film,2005,So Close So Far,2004,won,,,wikipedia-enum
national-ir-crystal-simorgh-best-film,2006,In the Name of the Father,2005,won,,,wikipedia-enum
national-ir-crystal-simorgh-best-film,2007,The Third Day,2006,won,,,wikipedia-enum
national-ir-crystal-simorgh-best-film,2008,As Simple as That,2007,won,,,wikipedia-enum
national-ir-crystal-simorgh-best-film,2009,Doubt,2008,won,,,wikipedia-enum
national-ir-crystal-simorgh-best-film,2010,In Amethyst Color,2009,won,,,wikipedia-enum
national-ir-crystal-simorgh-best-film,2011,Crime,2010,won,,,wikipedia-enum
national-ir-crystal-simorgh-best-film,2013,Give Back,2012,won,,,wikipedia-enum
national-ir-crystal-simorgh-best-film,2014,Hussein Who Said No,2013,won,,,wikipedia-enum
national-ir-crystal-simorgh-best-film,2015,Crazy Rook,2014,won,,,wikipedia-enum
national-ir-crystal-simorgh-best-film,2016,Standing in the Dust,2015,won,,,wikipedia-enum
national-ir-crystal-simorgh-best-film,2017,Midday Adventures,2016,won,,,wikipedia-enum
national-ir-crystal-simorgh-best-film,2018,The Lost Strait,2017,won,,,wikipedia-enum
national-ir-crystal-simorgh-best-film,2019,When the Moon Was Full,2018,won,,,wikipedia-enum
national-ir-crystal-simorgh-best-film,2020,The Sun,2019,won,,,wikipedia-enum
national-ir-crystal-simorgh-best-film,2021,Yadoo,2020,won,,,wikipedia-enum
national-ir-crystal-simorgh-best-film,2022,The Situation of Mehdi,2021,won,,,wikipedia-enum
national-ir-crystal-simorgh-best-film,2023,Metropol Cinema,2022,won,,,wikipedia-enum
national-ir-crystal-simorgh-best-film,2024,Majnoon,2023,won,,,wikipedia-enum
national-ar-silver-condor-best-film,2020,Los sonambulos,2019,won,,,wikipedia-enum
national-ar-silver-condor-best-film,2019,El Angel,2018,won,,,wikipedia-enum
national-ar-silver-condor-best-film,2018,Zama,2017,won,,,wikipedia-enum
national-ar-silver-condor-best-film,2017,La luz incidente,2016,won,,,wikipedia-enum
national-ar-silver-condor-best-film,2016,El patron: radiografia de un crimen,2015,won,,,wikipedia-enum
national-ar-silver-condor-best-film,2015,Refugiado,2014,won,,,wikipedia-enum
national-ar-silver-condor-best-film,2014,Wakolda,2013,won,,,wikipedia-enum
national-ar-silver-condor-best-film,2013,Infancia clandestina,2012,won,,,wikipedia-enum
national-ar-silver-condor-best-film,2012,Las acacias,2011,won,,,wikipedia-enum
national-ar-silver-condor-best-film,2011,Carancho,2010,won,,,wikipedia-enum
national-ar-silver-condor-best-film,2010,El secreto de sus ojos,2009,won,,,wikipedia-enum
national-ar-silver-condor-best-film,2009,Aniceto,2008,won,,,wikipedia-enum
national-ar-silver-condor-best-film,2008,XXY,2007,won,,,wikipedia-enum
national-ar-silver-condor-best-film,2007,Cronica de una fuga,2006,won,,,wikipedia-enum
national-ar-silver-condor-best-film,2006,El aura,2005,won,,,wikipedia-enum
national-ar-silver-condor-best-film,2005,Roma,2004,won,,,wikipedia-enum
national-ar-silver-condor-best-film,2004,Valentin,2002,won,,,wikipedia-enum
national-ar-silver-condor-best-film,2003,Historias minimas,2002,won,,,wikipedia-enum
national-ar-silver-condor-best-film,2002,El hijo de la novia,2001,won,,,wikipedia-enum
national-ar-silver-condor-best-film,2001,Nueve reinas,2000,won,,,wikipedia-enum
national-ar-silver-condor-best-film,2000,"El mismo amor, la misma lluvia",1999,won,,,wikipedia-enum
national-ar-silver-condor-best-film,1999,"Pizza, birra, faso",1998,won,,,wikipedia-enum
national-ar-silver-condor-best-film,1998,Buenos Aires Vice Versa,1996,won,,,wikipedia-enum
national-ar-silver-condor-best-film,1997,Sol de otono,1996,won,,,wikipedia-enum
national-ar-silver-condor-best-film,1996,Casas de fuego,1995,won,,,wikipedia-enum
national-ar-silver-condor-best-film,1995,Cortazar,1994,won,,,wikipedia-enum
national-ar-silver-condor-best-film,1994,"Gatica, el mono",1993,won,,,wikipedia-enum
national-ar-silver-condor-best-film,1993,Un lugar en el mundo,1992,won,,,wikipedia-enum
national-ar-silver-condor-best-film,1992,Despues de la tormenta,1991,won,,,wikipedia-enum
national-ar-silver-condor-best-film,1991,Ultimas imagenes del naufragio,1989,won,,,wikipedia-enum
national-ar-silver-condor-best-film,1990,La ciudad oculta,1989,won,,,wikipedia-enum
national-ar-silver-condor-best-film,1989,Veronico Cruz: La deuda interna,1988,won,,,wikipedia-enum
national-ar-silver-condor-best-film,1988,Hombre mirando al sudeste,1986,won,,,wikipedia-enum
national-ar-silver-condor-best-film,1987,El exilio de Gardel (Tangos),1986,won,,,wikipedia-enum
national-ar-silver-condor-best-film,1986,La historia oficial,1985,won,,,wikipedia-enum
national-ar-silver-condor-best-film,1985,Darse cuenta,1984,won,,,wikipedia-enum
national-ar-silver-condor-best-film,1983,Plata dulce,1982,won,,,wikipedia-enum
national-ar-silver-condor-best-film,1982,Tiempo de revancha,1981,won,,,wikipedia-enum
national-ar-silver-condor-best-film,1981,El infierno tan temido,1980,won,,,wikipedia-enum
national-ar-silver-condor-best-film,1974,Juan Moreira,1973,won,,,wikipedia-enum
national-ar-silver-condor-best-film,1974,Las Venganzas de Beto Sanchez,1973,won,,,wikipedia-enum
national-ar-silver-condor-best-film,1973,La maffia,1972,won,,,wikipedia-enum
national-ar-silver-condor-best-film,1972,Nosotros los monos,1971,won,,,wikipedia-enum
national-ar-silver-condor-best-film,1972,La valija,1971,won,,,wikipedia-enum
national-ar-silver-condor-best-film,1971,Juan Lamaglia y senora,1970,won,,,wikipedia-enum
national-ar-silver-condor-best-film,1970,Don Segundo Sombra,1969,won,,,wikipedia-enum
national-ar-silver-condor-best-film,1969,Martin Fierro,1968,won,,,wikipedia-enum
national-ar-silver-condor-best-film,1968,El Romance del Aniceto y la Francisca,1967,won,,,wikipedia-enum
national-ar-silver-condor-best-film,1967,Del brazo y por la calle,1966,won,,,wikipedia-enum
national-ar-silver-condor-best-film,1966,Cronica de un nino solo,1965,won,,,wikipedia-enum
national-ar-silver-condor-best-film,1965,Los evadidos,1964,won,,,wikipedia-enum
national-ar-silver-condor-best-film,1964,Paula cautiva,1963,won,,,wikipedia-enum
national-ar-silver-condor-best-film,1963,Los Jovenes viejos,1962,won,,,wikipedia-enum
national-ar-silver-condor-best-film,1962,Alias Gardelito,1961,won,,,wikipedia-enum
national-ar-silver-condor-best-film,1961,Shunko,1960,won,,,wikipedia-enum
national-ar-silver-condor-best-film,1960,La caida,1959,won,,,wikipedia-enum
national-ar-silver-condor-best-film,1959,El jefe,1958,won,,,wikipedia-enum
national-ar-silver-condor-best-film,1957,Los tallos amargos,1956,won,,,wikipedia-enum
national-ar-silver-condor-best-film,1956,La Quintrala,1955,won,,,wikipedia-enum
national-ar-silver-condor-best-film,1955,Barrio gris,1954,won,,,wikipedia-enum
national-ar-silver-condor-best-film,1954,Caballito criollo,1953,won,,,wikipedia-enum
national-ar-silver-condor-best-film,1953,Las aguas bajan turbias,1952,won,,,wikipedia-enum
national-ar-silver-condor-best-film,1952,Los isleros,1951,won,,,wikipedia-enum
national-ar-silver-condor-best-film,1951,Escuela de campeones,1950,won,,,wikipedia-enum
national-ar-silver-condor-best-film,1950,Almafuerte,1949,won,,,wikipedia-enum
national-ar-silver-condor-best-film,1949,Dios se lo pague,1948,won,,,wikipedia-enum
national-ar-silver-condor-best-film,1948,Albeniz,1947,won,,,wikipedia-enum
national-ar-silver-condor-best-film,1947,Celos,1946,won,,,wikipedia-enum
national-ar-silver-condor-best-film,1946,La dama duende,1945,won,,,wikipedia-enum
national-ar-silver-condor-best-film,1945,Su mejor alumno,1944,won,,,wikipedia-enum
national-ar-silver-condor-best-film,1944,Juvenilia,1943,won,,,wikipedia-enum
national-ar-silver-condor-best-film,1943,La guerra gaucha,1942,won,,,wikipedia-enum
national-au-aacta-best-film,1969,Jack and Jill: A Postscript,1969,won,,,wikipedia-enum
national-au-aacta-best-film,1970,Three to Go: Michael,1970,won,,,wikipedia-enum
national-au-aacta-best-film,1971,Homesdale,1971,won,,,wikipedia-enum
national-au-aacta-best-film,1972,Stork,1972,won,,,wikipedia-enum
national-au-aacta-best-film,1973,27A,1973,won,,,wikipedia-enum
national-au-aacta-best-film,1973,Libido: The Child,1973,won,,,wikipedia-enum
national-au-aacta-best-film,1975,Sunday Too Far Away,1975,won,,,wikipedia-enum
national-au-aacta-best-film,1976,The Devil's Playground,1976,won,,,wikipedia-enum
national-au-aacta-best-film,1977,Storm Boy,1977,won,,,wikipedia-enum
national-au-aacta-best-film,1978,Newsfront,1978,won,,,wikipedia-enum
national-au-aacta-best-film,1979,My Brilliant Career,1979,won,,,wikipedia-enum
national-au-aacta-best-film,1980,Breaker Morant,1980,won,,,wikipedia-enum
national-au-aacta-best-film,1981,Gallipoli,1981,won,,,wikipedia-enum
national-au-aacta-best-film,1982,Lonely Hearts,1982,won,,,wikipedia-enum
national-au-aacta-best-film,1983,Careful He Might Hear You,1983,won,,,wikipedia-enum
national-au-aacta-best-film,1984,Annie's Coming Out,1984,won,,,wikipedia-enum
national-au-aacta-best-film,1985,Bliss,1985,won,,,wikipedia-enum
national-au-aacta-best-film,1986,Malcolm,1986,won,,,wikipedia-enum
national-au-aacta-best-film,1987,The Year My Voice Broke,1987,won,,,wikipedia-enum
national-au-aacta-best-film,1988,The Navigator: A Medieval Odyssey,1988,won,,,wikipedia-enum
national-au-aacta-best-film,1989,Evil Angels,1989,won,,,wikipedia-enum
national-au-aacta-best-film,1990,Flirting,1990,won,,,wikipedia-enum
national-au-aacta-best-film,1991,Proof,1991,won,,,wikipedia-enum
national-au-aacta-best-film,1992,Strictly Ballroom,1992,won,,,wikipedia-enum
national-au-aacta-best-film,1993,The Piano,1993,won,,,wikipedia-enum
national-au-aacta-best-film,1994,Muriel's Wedding,1994,won,,,wikipedia-enum
national-au-aacta-best-film,1995,Angel Baby,1995,won,,,wikipedia-enum
national-au-aacta-best-film,1996,Shine,1996,won,,,wikipedia-enum
national-au-aacta-best-film,1997,Kiss or Kill,1997,won,,,wikipedia-enum
national-au-aacta-best-film,1998,The Interview,1998,won,,,wikipedia-enum
national-au-aacta-best-film,1999,Two Hands,1999,won,,,wikipedia-enum
national-au-aacta-best-film,2000,Looking for Alibrandi,2000,won,,,wikipedia-enum
national-au-aacta-best-film,2001,Lantana,2001,won,,,wikipedia-enum
national-au-aacta-best-film,2002,Rabbit-Proof Fence,2002,won,,,wikipedia-enum
national-au-aacta-best-film,2003,Japanese Story,2003,won,,,wikipedia-enum
national-au-aacta-best-film,2004,Somersault,2004,won,,,wikipedia-enum
national-au-aacta-best-film,2005,Look Both Ways,2005,won,,,wikipedia-enum
national-au-aacta-best-film,2006,Ten Canoes,2006,won,,,wikipedia-enum
national-au-aacta-best-film,2007,Romulus My Father,2007,won,,,wikipedia-enum
national-au-aacta-best-film,2008,The Black Balloon,2008,won,,,wikipedia-enum
national-au-aacta-best-film,2009,Samson and Delilah,2009,won,,,wikipedia-enum
national-au-aacta-best-film,2010,Animal Kingdom,2010,won,,,wikipedia-enum
national-au-aacta-best-film,2012,Red Dog,2011,won,,,wikipedia-enum
national-au-aacta-best-film,2013,The Sapphires,2012,won,,,wikipedia-enum
national-au-aacta-best-film,2014,The Great Gatsby,2013,won,,,wikipedia-enum
national-au-aacta-best-film,2015,The Babadook,2014,won,,,wikipedia-enum
national-au-aacta-best-film,2015,Mad Max: Fury Road,2015,won,,,wikipedia-enum
national-au-aacta-best-film,2016,Hacksaw Ridge,2016,won,,,wikipedia-enum
national-au-aacta-best-film,2017,Lion,2017,won,,,wikipedia-enum
national-au-aacta-best-film,2018,Sweet Country,2018,won,,,wikipedia-enum
national-au-aacta-best-film,2019,The Nightingale,2019,won,,,wikipedia-enum
national-au-aacta-best-film,2020,Babyteeth,2020,won,,,wikipedia-enum
national-au-aacta-best-film,2021,Nitram,2021,won,,,wikipedia-enum
national-au-aacta-best-film,2022,Elvis,2022,won,,,wikipedia-enum
national-au-aacta-best-film,2023,Talk to Me,2023,won,,,wikipedia-enum
national-au-aacta-best-film,2024,Better Man,2024,won,,,wikipedia-enum
national-ca-csa-best-motion-picture,1949,The Loon's Necklace,1948,won,,,wikipedia-enum
national-ca-csa-best-motion-picture,1952,Newfoundland Scene,1951,won,,,wikipedia-enum
national-ca-csa-best-motion-picture,1953,Tit-Coq,1952,won,,,wikipedia-enum
national-ca-csa-best-motion-picture,1954,The Seasons,1953,won,,,wikipedia-enum
national-ca-csa-best-motion-picture,1955,The Stratford Adventure,1954,won,,,wikipedia-enum
national-ca-csa-best-motion-picture,1958,City of Gold,1957,won,,,wikipedia-enum
national-ca-csa-best-motion-picture,1961,Universe,1960,won,,,wikipedia-enum
national-ca-csa-best-motion-picture,1963,Lonely Boy,1962,won,,,wikipedia-enum
national-ca-csa-best-motion-picture,1964,Pour la suite du monde,1963,won,,,wikipedia-enum
national-ca-csa-best-motion-picture,1966,The Mills of the Gods: Viet Nam,1965,won,,,wikipedia-enum
national-ca-csa-best-motion-picture,1967,Warrendale,1966,won,,,wikipedia-enum
national-ca-csa-best-motion-picture,1968,A Place to Stand,1967,won,,,wikipedia-enum
national-ca-csa-best-motion-picture,1969,The Best Damn Fiddler from Calabogie to Kaladar,1968,won,,,wikipedia-enum
national-ca-csa-best-motion-picture,1970,To See Or Not to See (Psychocratie),1969,won,,,wikipedia-enum
national-ca-csa-best-motion-picture,1974,The Apprenticeship of Duddy Kravitz,1973,won,,,wikipedia-enum
national-ca-csa-best-motion-picture,1975,Orders (Les Ordres),1974,won,,,wikipedia-enum
national-ca-csa-best-motion-picture,1976,Lies My Father Told Me,1975,won,,,wikipedia-enum
national-ca-csa-best-motion-picture,1977,J.A. Martin Photographer (J.A. Martin photographe),1976,won,,,wikipedia-enum
national-ca-csa-best-motion-picture,1978,The Silent Partner,1977,won,,,wikipedia-enum
national-ca-csa-best-motion-picture,1980,The Changeling,1979,won,,,wikipedia-enum
national-ca-csa-best-motion-picture,1981,Good Riddance (Les Bons debarras),1980,won,,,wikipedia-enum
national-ca-csa-best-motion-picture,1982,Ticket to Heaven,1981,won,,,wikipedia-enum
national-ca-csa-best-motion-picture,1983,The Grey Fox,1982,won,,,wikipedia-enum
national-ca-csa-best-motion-picture,1984,The Terry Fox Story,1983,won,,,wikipedia-enum
national-ca-csa-best-motion-picture,1985,The Bay Boy,1984,won,,,wikipedia-enum
national-ca-csa-best-motion-picture,1986,My American Cousin,1985,won,,,wikipedia-enum
national-ca-csa-best-motion-picture,1987,The Decline of the American Empire (Le Declin de l'empire americain),1986,won,,,wikipedia-enum
national-ca-csa-best-motion-picture,1988,Night Zoo (Un Zoo la nuit),1987,won,,,wikipedia-enum
national-ca-csa-best-motion-picture,1989,Dead Ringers,1988,won,,,wikipedia-enum
national-ca-csa-best-motion-picture,1990,Jesus of Montreal (Jesus de Montreal),1989,won,,,wikipedia-enum
national-ca-csa-best-motion-picture,1991,Black Robe,1990,won,,,wikipedia-enum
national-ca-csa-best-motion-picture,1992,Naked Lunch,1991,won,,,wikipedia-enum
national-ca-csa-best-motion-picture,1993,Thirty Two Short Films About Glenn Gould,1992,won,,,wikipedia-enum
national-ca-csa-best-motion-picture,1994,Exotica,1993,won,,,wikipedia-enum
national-ca-csa-best-motion-picture,1995,The Confessional (Le Confessionnal),1994,won,,,wikipedia-enum
national-ca-csa-best-motion-picture,1996,Lilies (Les feluettes),1995,won,,,wikipedia-enum
national-ca-csa-best-motion-picture,1997,The Sweet Hereafter,1996,won,,,wikipedia-enum
national-ca-csa-best-motion-picture,1998,The Red Violin (Le Violon rouge),1997,won,,,wikipedia-enum
national-ca-csa-best-motion-picture,1999,Sunshine,1998,won,,,wikipedia-enum
national-ca-csa-best-motion-picture,2000,Maelstrom,1999,won,,,wikipedia-enum
national-ca-csa-best-motion-picture,2001,Atanarjuat: The Fast Runner,2000,won,,,wikipedia-enum
national-ca-csa-best-motion-picture,2002,Ararat,2001,won,,,wikipedia-enum
national-ca-csa-best-motion-picture,2003,The Barbarian Invasions (Les Invasions barbares),2002,won,,,wikipedia-enum
national-ca-csa-best-motion-picture,2004,The Triplets of Belleville (Les Triplettes de Belleville),2003,won,,,wikipedia-enum
national-ca-csa-best-motion-picture,2005,C.R.A.Z.Y.,2004,won,,,wikipedia-enum
national-ca-csa-best-motion-picture,2006,Bon Cop Bad Cop,2005,won,,,wikipedia-enum
national-ca-csa-best-motion-picture,2007,Away from Her,2006,won,,,wikipedia-enum
national-ca-csa-best-motion-picture,2008,Passchendaele,2007,won,,,wikipedia-enum
national-ca-csa-best-motion-picture,2009,Polytechnique,2008,won,,,wikipedia-enum
national-ca-csa-best-motion-picture,2010,Incendies,2009,won,,,wikipedia-enum
national-ca-csa-best-motion-picture,2011,Monsieur Lazhar,2010,won,,,wikipedia-enum
national-ca-csa-best-motion-picture,2013,War Witch (Rebelle),2012,won,,,wikipedia-enum
national-ca-csa-best-motion-picture,2014,Gabrielle,2013,won,,,wikipedia-enum
national-ca-csa-best-motion-picture,2015,Mommy,2014,won,,,wikipedia-enum
national-ca-csa-best-motion-picture,2016,Room,2015,won,,,wikipedia-enum
national-ca-csa-best-motion-picture,2017,It's Only the End of the World (Juste la fin du monde),2016,won,,,wikipedia-enum
national-ca-csa-best-motion-picture,2018,Maudie,2017,won,,,wikipedia-enum
national-ca-csa-best-motion-picture,2019,A Colony (Une colonie),2018,won,,,wikipedia-enum
national-ca-csa-best-motion-picture,2020,Antigone,2019,won,,,wikipedia-enum
national-ca-csa-best-motion-picture,2021,Beans,2020,won,,,wikipedia-enum
national-ca-csa-best-motion-picture,2022,Scarborough,2021,won,,,wikipedia-enum
national-ca-csa-best-motion-picture,2023,Brother,2022,won,,,wikipedia-enum
national-ca-csa-best-motion-picture,2024,BlackBerry,2023,won,,,wikipedia-enum
national-ca-csa-best-motion-picture,2025,The Apprentice,2024,won,,,wikipedia-enum
national-ca-csa-best-motion-picture,2026,Nirvanna the Band the Show the Movie,2025,won,,,wikipedia-enum
national-ru-nika-best-film,1988,Repentance,1987,won,,,wikipedia-enum
national-ru-nika-best-film,1989,The Cold Summer of 1953,1988,won,,,wikipedia-enum
national-ru-nika-best-film,1990,Ashik Kerib,1988,won,,,wikipedia-enum
national-ru-nika-best-film,1991,The Asthenic Syndrome,1989,won,,,wikipedia-enum
national-ru-nika-best-film,1992,Promised Heaven,1991,won,,,wikipedia-enum
national-ru-nika-best-film,1993,Encore Once More Encore,1992,won,,,wikipedia-enum
national-ru-nika-best-film,1994,Makarov,1993,won,,,wikipedia-enum
national-ru-nika-best-film,1995,Passions,1994,won,,,wikipedia-enum
national-ru-nika-best-film,1996,Peculiarities of the National Hunt,1995,won,,,wikipedia-enum
national-ru-nika-best-film,1997,Prisoner of the Mountains,1996,won,,,wikipedia-enum
national-ru-nika-best-film,1998,The Thief,1997,won,,,wikipedia-enum
national-ru-nika-best-film,1999,Of Freaks and Men,1998,won,,,wikipedia-enum
national-ru-nika-best-film,2000,Khrustalyov My Car,1998,won,,,wikipedia-enum
national-ru-nika-best-film,2001,His Wife's Diary,2000,won,,,wikipedia-enum
national-ru-nika-best-film,2002,Taurus,2001,won,,,wikipedia-enum
national-ru-nika-best-film,2003,The Cuckoo,2002,won,,,wikipedia-enum
national-ru-nika-best-film,2004,The Return,2003,won,,,wikipedia-enum
national-ru-nika-best-film,2005,Our Own,2004,won,,,wikipedia-enum
national-ru-nika-best-film,2006,The 9th Company,2005,won,,,wikipedia-enum
national-ru-nika-best-film,2007,The Island,2006,won,,,wikipedia-enum
national-ru-nika-best-film,2008,Mongol,2007,won,,,wikipedia-enum
national-ru-nika-best-film,2009,Hipsters,2008,won,,,wikipedia-enum
national-ru-nika-best-film,2010,Room and a Half,2009,won,,,wikipedia-enum
national-ru-nika-best-film,2011,The Edge,2010,won,,,wikipedia-enum
national-ru-nika-best-film,2012,Once Upon a Time There Lived a Simple Woman,2011,won,,,wikipedia-enum
national-ru-nika-best-film,2013,Faust,2011,won,,,wikipedia-enum
national-ru-nika-best-film,2014,The Geographer Drank His Globe Away,2013,won,,,wikipedia-enum
national-ru-nika-best-film,2015,Hard to Be a God,2013,won,,,wikipedia-enum
national-ru-nika-best-film,2016,My Good Hans,2015,won,,,wikipedia-enum
national-ru-nika-best-film,2017,Paradise,2016,won,,,wikipedia-enum
national-ru-nika-best-film,2018,Arrhythmia,2017,won,,,wikipedia-enum
national-ru-nika-best-film,2019,Anna's War,2018,won,,,wikipedia-enum
national-ru-nika-best-film,2020,A Frenchman,2019,won,,,wikipedia-enum
national-ru-nika-best-film,2021,Dear Comrades,2020,won,,,wikipedia-enum
national-ru-nika-best-film,2024,The Righteous,2023,won,,,wikipedia-enum
national-ru-golden-eagle-best-film,2002,The Cuckoo,2002,won,,,wikipedia-enum
national-ru-golden-eagle-best-film,2003,The Return,2003,won,,,wikipedia-enum
national-ru-golden-eagle-best-film,2004,72 Meters,2004,won,,,wikipedia-enum
national-ru-golden-eagle-best-film,2005,The 9th Company,2005,won,,,wikipedia-enum
national-ru-golden-eagle-best-film,2006,The Island,2006,won,,,wikipedia-enum
national-ru-golden-eagle-best-film,2007,12,2007,won,,,wikipedia-enum
national-ru-golden-eagle-best-film,2008,Wild Field,2008,won,,,wikipedia-enum
national-ru-golden-eagle-best-film,2009,Stilyagi,2008,won,,,wikipedia-enum
national-ru-golden-eagle-best-film,2010,How I Ended This Summer,2010,won,,,wikipedia-enum
national-ru-golden-eagle-best-film,2011,Elena,2011,won,,,wikipedia-enum
national-ru-golden-eagle-best-film,2012,White Tiger,2012,won,,,wikipedia-enum
national-ru-golden-eagle-best-film,2013,Legend No. 17,2013,won,,,wikipedia-enum
national-ru-golden-eagle-best-film,2014,Sunstroke,2014,won,,,wikipedia-enum
national-ru-golden-eagle-best-film,2015,About Love,2015,won,,,wikipedia-enum
national-ru-golden-eagle-best-film,2016,Paradise,2016,won,,,wikipedia-enum
national-ru-golden-eagle-best-film,2017,Salyut 7,2017,won,,,wikipedia-enum
national-ru-golden-eagle-best-film,2018,Anna's War,2018,won,,,wikipedia-enum
national-ru-golden-eagle-best-film,2019,Text,2019,won,,,wikipedia-enum
national-ru-golden-eagle-best-film,2020,A Siege Diary,2020,won,,,wikipedia-enum
national-ru-golden-eagle-best-film,2021,The Silver Skates,2020,won,,,wikipedia-enum
national-ru-golden-eagle-best-film,2022,Champion of the World,2021,won,,,wikipedia-enum
national-ru-golden-eagle-best-film,2023,Three Minutes of Silence,2023,won,,,wikipedia-enum
national-ru-golden-eagle-best-film,2024,Air,2023,won,,,wikipedia-enum
national-cn-golden-rooster-best-film,1981,Evening Rain,1980,won,,,wikipedia-enum
national-cn-golden-rooster-best-film,1981,Legend of Tianyun Mountain,1980,won,,,wikipedia-enum
national-cn-golden-rooster-best-film,1982,Neighbor,1981,won,,,wikipedia-enum
national-cn-golden-rooster-best-film,1983,At Middle Age,1982,won,,,wikipedia-enum
national-cn-golden-rooster-best-film,1983,Rickshaw Boy,1982,won,,,wikipedia-enum
national-cn-golden-rooster-best-film,1984,Voice From Hometown,1983,won,,,wikipedia-enum
national-cn-golden-rooster-best-film,1985,The Girl in Red,1985,won,,,wikipedia-enum
national-cn-golden-rooster-best-film,1986,In the Wild Mountains,1985,won,,,wikipedia-enum
national-cn-golden-rooster-best-film,1987,Hibiscus Town,1986,won,,,wikipedia-enum
national-cn-golden-rooster-best-film,1987,Dr. Sun Yat-sen,1986,won,,,wikipedia-enum
national-cn-golden-rooster-best-film,1988,Old Well,1987,won,,,wikipedia-enum
national-cn-golden-rooster-best-film,1988,Red Sorghum,1987,won,,,wikipedia-enum
national-cn-golden-rooster-best-film,1990,The Birth of New China,1989,won,,,wikipedia-enum
national-cn-golden-rooster-best-film,1991,Jiao Yulu,1990,won,,,wikipedia-enum
national-cn-golden-rooster-best-film,1992,Decisive Engagement The Liaoxi-Shenyang Campaign,1991,won,,,wikipedia-enum
national-cn-golden-rooster-best-film,1993,The Story of Qiu Ju,1992,won,,,wikipedia-enum
national-cn-golden-rooster-best-film,1994,Country Teachers,1993,won,,,wikipedia-enum
national-cn-golden-rooster-best-film,1995,The Accused Uncle Shangang,1994,won,,,wikipedia-enum
national-cn-golden-rooster-best-film,1996,Red Cherry,1995,won,,,wikipedia-enum
national-cn-golden-rooster-best-film,1997,The Opium War,1997,won,,,wikipedia-enum
national-cn-golden-rooster-best-film,1998,Settlement,1997,won,,,wikipedia-enum
national-cn-golden-rooster-best-film,1999,Postmen in the Mountains,1999,won,,,wikipedia-enum
national-cn-golden-rooster-best-film,2000,Fatal Decision,2000,won,,,wikipedia-enum
national-cn-golden-rooster-best-film,2000,Roaring Across the Horizon,1999,won,,,wikipedia-enum
national-cn-golden-rooster-best-film,2000,The Road Home,1999,won,,,wikipedia-enum
national-cn-golden-rooster-best-film,2001,Mao Zedong in 1925,2001,won,,,wikipedia-enum
national-cn-golden-rooster-best-film,2002,Pretty Big Feet,2002,won,,,wikipedia-enum
national-cn-golden-rooster-best-film,2002,Charging Out Amazon,2002,won,,,wikipedia-enum
national-cn-golden-rooster-best-film,2003,The River Wild,2003,won,,,wikipedia-enum
national-cn-golden-rooster-best-film,2003,Nuan,2003,won,,,wikipedia-enum
national-cn-golden-rooster-best-film,2004,Shanghai Story,2004,won,,,wikipedia-enum
national-cn-golden-rooster-best-film,2005,On the Mountain of Tai Hang,2005,won,,,wikipedia-enum
national-cn-golden-rooster-best-film,2005,Kekexili Mountain Patrol,2004,won,,,wikipedia-enum
national-cn-golden-rooster-best-film,2007,The Knot,2006,won,,,wikipedia-enum
national-cn-golden-rooster-best-film,2009,Assembly,2007,won,,,wikipedia-enum
national-cn-golden-rooster-best-film,2009,Forever Enthralled,2008,won,,,wikipedia-enum
national-cn-golden-rooster-best-film,2011,The Space Dream,2011,won,,,wikipedia-enum
national-cn-golden-rooster-best-film,2013,The Story of Zhou Enlai,2013,won,,,wikipedia-enum
national-cn-golden-rooster-best-film,2013,American Dreams in China,2013,won,,,wikipedia-enum
national-cn-golden-rooster-best-film,2015,Wolf Totem,2015,won,,,wikipedia-enum
national-cn-golden-rooster-best-film,2017,Operation Mekong,2016,won,,,wikipedia-enum
national-cn-golden-rooster-best-film,2019,The Wandering Earth,2019,won,,,wikipedia-enum
national-cn-golden-rooster-best-film,2020,Leap,2020,won,,,wikipedia-enum
national-cn-golden-rooster-best-film,2021,Island Keeper,2021,won,,,wikipedia-enum
national-cn-golden-rooster-best-film,2022,The Battle at Lake Changjin,2021,won,,,wikipedia-enum
national-cn-golden-rooster-best-film,2023,Creation of the Gods I Kingdom of Storms,2023,won,,,wikipedia-enum
national-cn-golden-rooster-best-film,2024,Article 20,2024,won,,,wikipedia-enum
national-cn-golden-rooster-best-film,2025,Her Story,2024,won,,,wikipedia-enum
national-de-filmpreis-best-film,1951,Two Times Lotte,1950,won,,,wikipedia-enum
national-de-filmpreis-best-film,1953,Nights on the Road,1952,won,,,wikipedia-enum
national-de-filmpreis-best-film,1954,No Way Back,1953,won,,,wikipedia-enum
national-de-filmpreis-best-film,1955,Canaris,1954,won,,,wikipedia-enum
national-de-filmpreis-best-film,1957,The Captain from Koepenick,1956,won,,,wikipedia-enum
national-de-filmpreis-best-film,1958,The Devil Strikes at Night,1957,won,,,wikipedia-enum
national-de-filmpreis-best-film,1959,Arms and the Man,1958,won,,,wikipedia-enum
national-de-filmpreis-best-film,1960,The Bridge,1959,won,,,wikipedia-enum
national-de-filmpreis-best-film,1962,The Bread of Those Early Years,1962,won,,,wikipedia-enum
national-de-filmpreis-best-film,1963,The Endless Night,1963,won,,,wikipedia-enum
national-de-filmpreis-best-film,1963,The Lightship,1963,won,,,wikipedia-enum
national-de-filmpreis-best-film,1964,The River Line,1964,won,,,wikipedia-enum
national-de-filmpreis-best-film,1965,The House in Karp Lane,1965,won,,,wikipedia-enum
national-de-filmpreis-best-film,1966,Young Toerless,1966,won,,,wikipedia-enum
national-de-filmpreis-best-film,1967,Yesterday Girl,1966,won,,,wikipedia-enum
national-de-filmpreis-best-film,1968,Tattoo,1967,won,,,wikipedia-enum
national-de-filmpreis-best-film,1969,Artists Under the Big Top Perplexed,1968,won,,,wikipedia-enum
national-de-filmpreis-best-film,1970,Katzelmacher,1969,won,,,wikipedia-enum
national-de-filmpreis-best-film,1970,Malatesta,1970,won,,,wikipedia-enum
national-de-filmpreis-best-film,1971,First Love,1970,won,,,wikipedia-enum
national-de-filmpreis-best-film,1971,Lenz,1971,won,,,wikipedia-enum
national-de-filmpreis-best-film,1972,Trotta,1971,won,,,wikipedia-enum
national-de-filmpreis-best-film,1972,Ludwig Requiem for a Virgin King,1972,won,,,wikipedia-enum
national-de-filmpreis-best-film,1973,The Experts,1973,won,,,wikipedia-enum
national-de-filmpreis-best-film,1974,The Pedestrian,1973,won,,,wikipedia-enum
national-de-filmpreis-best-film,1975,Lina Braake,1975,won,,,wikipedia-enum
national-de-filmpreis-best-film,1976,Calm Prevails Over the Country,1975,won,,,wikipedia-enum
national-de-filmpreis-best-film,1977,Heinrich,1977,won,,,wikipedia-enum
national-de-filmpreis-best-film,1978,The Glass Cell,1978,won,,,wikipedia-enum
national-de-filmpreis-best-film,1979,The Tin Drum,1979,won,,,wikipedia-enum
national-de-filmpreis-best-film,1980,The Last Years of Childhood,1979,won,,,wikipedia-enum
national-de-filmpreis-best-film,1981,A Lot of Bills to Pay,1981,won,,,wikipedia-enum
national-de-filmpreis-best-film,1982,Marianne and Juliane,1981,won,,,wikipedia-enum
national-de-filmpreis-best-film,1983,The State of Things,1982,won,,,wikipedia-enum
national-de-filmpreis-best-film,1984,Where the Green Ants Dream,1984,won,,,wikipedia-enum
national-de-filmpreis-best-film,1985,Colonel Redl,1985,won,,,wikipedia-enum
national-de-filmpreis-best-film,1986,Rosa Luxemburg,1986,won,,,wikipedia-enum
national-de-filmpreis-best-film,1988,Wings of Desire,1987,won,,,wikipedia-enum
national-de-filmpreis-best-film,1989,Yasemin,1988,won,,,wikipedia-enum
national-de-filmpreis-best-film,1990,Last Exit to Brooklyn,1989,won,,,wikipedia-enum
national-de-filmpreis-best-film,1991,Malina,1991,won,,,wikipedia-enum
national-de-filmpreis-best-film,1992,Schtonk,1992,won,,,wikipedia-enum
national-de-filmpreis-best-film,1994,Kaspar Hauser,1993,won,,,wikipedia-enum
national-de-filmpreis-best-film,1995,Maybe Maybe Not,1994,won,,,wikipedia-enum
national-de-filmpreis-best-film,1996,Deathmaker,1995,won,,,wikipedia-enum
national-de-filmpreis-best-film,1997,Rossini,1997,won,,,wikipedia-enum
national-de-filmpreis-best-film,1998,The Harmonists,1997,won,,,wikipedia-enum
national-de-filmpreis-best-film,1999,Run Lola Run,1998,won,,,wikipedia-enum
national-de-filmpreis-best-film,2000,No Place to Go,2000,won,,,wikipedia-enum
national-de-filmpreis-best-film,2001,The State I Am In,2000,won,,,wikipedia-enum
national-de-filmpreis-best-film,2002,Nowhere in Africa,2001,won,,,wikipedia-enum
national-de-filmpreis-best-film,2003,Good Bye Lenin,2003,won,,,wikipedia-enum
national-de-filmpreis-best-film,2004,Head-On,2004,won,,,wikipedia-enum
national-de-filmpreis-best-film,2005,Go for Zucker,2004,won,,,wikipedia-enum
national-de-filmpreis-best-film,2006,The Lives of Others,2006,won,,,wikipedia-enum
national-de-filmpreis-best-film,2007,Four Minutes,2006,won,,,wikipedia-enum
national-de-filmpreis-best-film,2008,The Edge of Heaven,2007,won,,,wikipedia-enum
national-de-filmpreis-best-film,2009,John Rabe,2009,won,,,wikipedia-enum
national-de-filmpreis-best-film,2010,The White Ribbon,2009,won,,,wikipedia-enum
national-de-filmpreis-best-film,2011,Vincent Wants to Sea,2010,won,,,wikipedia-enum
national-de-filmpreis-best-film,2012,Stopped on Track,2011,won,,,wikipedia-enum
national-de-filmpreis-best-film,2013,A Coffee in Berlin,2012,won,,,wikipedia-enum
national-de-filmpreis-best-film,2014,Home from Home,2013,won,,,wikipedia-enum
national-de-filmpreis-best-film,2015,Victoria,2015,won,,,wikipedia-enum
national-de-filmpreis-best-film,2016,The People vs. Fritz Bauer,2015,won,,,wikipedia-enum
national-de-filmpreis-best-film,2017,Toni Erdmann,2016,won,,,wikipedia-enum
national-de-filmpreis-best-film,2018,3 Days in Quiberon,2018,won,,,wikipedia-enum
national-de-filmpreis-best-film,2019,Gundermann,2018,won,,,wikipedia-enum
national-de-filmpreis-best-film,2020,System Crasher,2019,won,,,wikipedia-enum
national-de-filmpreis-best-film,2021,I'm Your Man,2021,won,,,wikipedia-enum
national-de-filmpreis-best-film,2022,Dear Thomas,2021,won,,,wikipedia-enum
national-de-filmpreis-best-film,2023,The Teachers' Lounge,2023,won,,,wikipedia-enum
national-de-filmpreis-best-film,2024,Dying,2024,won,,,wikipedia-enum
national-de-filmpreis-best-film,2025,September 5,2024,won,,,wikipedia-enum
national-se-guldbagge-best-film,1964,The Silence,1963,won,,,wikipedia-enum
national-se-guldbagge-best-film,1965,Swedish Wedding Night,1964,won,,,wikipedia-enum
national-se-guldbagge-best-film,1966,Heja Roland,1965,won,,,wikipedia-enum
national-se-guldbagge-best-film,1967,Persona,1966,won,,,wikipedia-enum
national-se-guldbagge-best-film,1968,Hugo and Josephine,1967,won,,,wikipedia-enum
national-se-guldbagge-best-film,1969,The White Game,1968,won,,,wikipedia-enum
national-se-guldbagge-best-film,1970,A Swedish Love Story,1970,won,,,wikipedia-enum
national-se-guldbagge-best-film,1970,Mistreatment,1969,won,,,wikipedia-enum
national-se-guldbagge-best-film,1971,The Emigrants,1971,won,,,wikipedia-enum
national-se-guldbagge-best-film,1972,The Apple War,1971,won,,,wikipedia-enum
national-se-guldbagge-best-film,1973,Cries and Whispers,1972,won,,,wikipedia-enum
national-se-guldbagge-best-film,1974,A Handful of Love,1974,won,,,wikipedia-enum
national-se-guldbagge-best-film,1975,The Last Adventure,1974,won,,,wikipedia-enum
national-se-guldbagge-best-film,1976,Release the Prisoners to Spring,1975,won,,,wikipedia-enum
national-se-guldbagge-best-film,1977,The Man on the Roof,1976,won,,,wikipedia-enum
national-se-guldbagge-best-film,1978,The Adventures of Picasso,1978,won,,,wikipedia-enum
national-se-guldbagge-best-film,1979,A Respectable Life,1979,won,,,wikipedia-enum
national-se-guldbagge-best-film,1980,To Be a Millionaire,1980,won,,,wikipedia-enum
national-se-guldbagge-best-film,1981,Children's Island,1980,won,,,wikipedia-enum
national-se-guldbagge-best-film,1982,The Simple-Minded Murderer,1982,won,,,wikipedia-enum
national-se-guldbagge-best-film,1983,Fanny and Alexander,1982,won,,,wikipedia-enum
national-se-guldbagge-best-film,1984,Beyond Sorrow Beyond Pain,1983,won,,,wikipedia-enum
national-se-guldbagge-best-film,1985,My Life as a Dog,1985,won,,,wikipedia-enum
national-se-guldbagge-best-film,1986,The Sacrifice,1986,won,,,wikipedia-enum
national-se-guldbagge-best-film,1987,Pelle the Conqueror,1987,won,,,wikipedia-enum
national-se-guldbagge-best-film,1988,Katinka,1988,won,,,wikipedia-enum
national-se-guldbagge-best-film,1988,Back to Ararat,1988,won,,,wikipedia-enum
national-se-guldbagge-best-film,1989,The Miracle in Valby,1989,won,,,wikipedia-enum
national-se-guldbagge-best-film,1990,Good Evening Mr. Wallenberg,1990,won,,,wikipedia-enum
national-se-guldbagge-best-film,1991,Il Capitano A Swedish Requiem,1991,won,,,wikipedia-enum
national-se-guldbagge-best-film,1992,House of Angels,1992,won,,,wikipedia-enum
national-se-guldbagge-best-film,1993,The Slingshot,1993,won,,,wikipedia-enum
national-se-guldbagge-best-film,1994,A Pizza in Jordbro,1994,won,,,wikipedia-enum
national-se-guldbagge-best-film,1995,All Things Fair,1995,won,,,wikipedia-enum
national-se-guldbagge-best-film,1996,Hamsun,1996,won,,,wikipedia-enum
national-se-guldbagge-best-film,1997,Tic Tac,1997,won,,,wikipedia-enum
national-se-guldbagge-best-film,1998,Show Me Love,1998,won,,,wikipedia-enum
national-se-guldbagge-best-film,1999,Tsatsiki morsan och polisen,1999,won,,,wikipedia-enum
national-se-guldbagge-best-film,2000,Songs from the Second Floor,2000,won,,,wikipedia-enum
national-se-guldbagge-best-film,2001,As White as in Snow,2001,won,,,wikipedia-enum
national-se-guldbagge-best-film,2002,Lilya 4-ever,2002,won,,,wikipedia-enum
national-se-guldbagge-best-film,2003,Evil,2003,won,,,wikipedia-enum
national-se-guldbagge-best-film,2004,Dalecarlians,2004,won,,,wikipedia-enum
national-se-guldbagge-best-film,2005,Nina's Journey,2005,won,,,wikipedia-enum
national-se-guldbagge-best-film,2006,Kidz in da Hood,2006,won,,,wikipedia-enum
national-se-guldbagge-best-film,2007,You the Living,2007,won,,,wikipedia-enum
national-se-guldbagge-best-film,2008,Everlasting Moments,2008,won,,,wikipedia-enum
national-se-guldbagge-best-film,2009,The Girl with the Dragon Tattoo,2009,won,,,wikipedia-enum
national-se-guldbagge-best-film,2010,Sebbe,2010,won,,,wikipedia-enum
national-se-guldbagge-best-film,2011,She Monkeys,2011,won,,,wikipedia-enum
national-se-guldbagge-best-film,2012,Eat Sleep Die,2012,won,,,wikipedia-enum
national-se-guldbagge-best-film,2013,The Reunion,2013,won,,,wikipedia-enum
national-se-guldbagge-best-film,2014,Force Majeure,2014,won,,,wikipedia-enum
national-se-guldbagge-best-film,2015,The Here After,2015,won,,,wikipedia-enum
national-se-guldbagge-best-film,2016,The Giant,2016,won,,,wikipedia-enum
national-se-guldbagge-best-film,2017,The Nile Hilton Incident,2017,won,,,wikipedia-enum
national-se-guldbagge-best-film,2018,Border,2018,won,,,wikipedia-enum
national-se-guldbagge-best-film,2019,And Then We Danced,2019,won,,,wikipedia-enum
national-se-guldbagge-best-film,2020,Spring Uje spring,2020,won,,,wikipedia-enum
national-se-guldbagge-best-film,2021,Clara Sola,2021,won,,,wikipedia-enum
national-se-guldbagge-best-film,2022,Triangle of Sadness,2022,won,,,wikipedia-enum
national-se-guldbagge-best-film,2023,Paradise Is Burning,2023,won,,,wikipedia-enum
national-se-guldbagge-best-film,2024,Crossing,2024,won,,,wikipedia-enum
national-pl-eagles-best-film,1999,History of Cinema in Popielawy,1998,won,,,wikipedia-enum
national-pl-eagles-best-film,2000,The Debt,1999,won,,,wikipedia-enum
national-pl-eagles-best-film,2001,Life as a Fatal Sexually Transmitted Disease,2000,won,,,wikipedia-enum
national-pl-eagles-best-film,2002,Hi Tereska,2001,won,,,wikipedia-enum
national-pl-eagles-best-film,2003,The Pianist,2002,won,,,wikipedia-enum
national-pl-eagles-best-film,2004,Squint Your Eyes,2003,won,,,wikipedia-enum
national-pl-eagles-best-film,2005,The Wedding,2004,won,,,wikipedia-enum
national-pl-eagles-best-film,2006,The Collector,2005,won,,,wikipedia-enum
national-pl-eagles-best-film,2007,Saviour Square,2006,won,,,wikipedia-enum
national-pl-eagles-best-film,2008,Katyn,2007,won,,,wikipedia-enum
national-pl-eagles-best-film,2009,33 Scenes from Life,2008,won,,,wikipedia-enum
national-pl-eagles-best-film,2010,Reverse,2009,won,,,wikipedia-enum
national-pl-eagles-best-film,2011,Essential Killing,2010,won,,,wikipedia-enum
national-pl-eagles-best-film,2012,Rose,2011,won,,,wikipedia-enum
national-pl-eagles-best-film,2013,Manhunt,2012,won,,,wikipedia-enum
national-pl-eagles-best-film,2014,Ida,2013,won,,,wikipedia-enum
national-pl-eagles-best-film,2015,Gods,2014,won,,,wikipedia-enum
national-pl-eagles-best-film,2016,Body,2015,won,,,wikipedia-enum
national-pl-eagles-best-film,2017,Volhynia,2016,won,,,wikipedia-enum
national-pl-eagles-best-film,2018,Silent Night,2017,won,,,wikipedia-enum
national-pl-eagles-best-film,2019,Cold War,2018,won,,,wikipedia-enum
national-pl-eagles-best-film,2020,Corpus Christi,2019,won,,,wikipedia-enum
national-pl-eagles-best-film,2021,Kill It and Leave This Town,2019,won,,,wikipedia-enum
national-pl-eagles-best-film,2022,Quo Vadis Aida,2020,won,,,wikipedia-enum
national-pl-eagles-best-film,2023,EO,2022,won,,,wikipedia-enum
national-pl-eagles-best-film,2024,Green Border,2023,won,,,wikipedia-enum
national-pl-eagles-best-film,2025,The Girl with the Needle,2024,won,,,wikipedia-enum
national-pl-eagles-best-film,2026,Home Sweet Home,2025,won,,,wikipedia-enum
national-dk-bodil-best-film,1948,Jenny and the Soldier,1947,won,,,wikipedia-enum
national-dk-bodil-best-film,1949,The Viking Watch of the Danish Seaman,1948,won,,,wikipedia-enum
national-dk-bodil-best-film,1950,Susanne,1950,won,,,wikipedia-enum
national-dk-bodil-best-film,1951,Cafe Paradis,1950,won,,,wikipedia-enum
national-dk-bodil-best-film,1952,Det Sande Ansigt,1951,won,,,wikipedia-enum
national-dk-bodil-best-film,1953,Adam and Eve,1953,won,,,wikipedia-enum
national-dk-bodil-best-film,1954,Farlig Ungdom,1953,won,,,wikipedia-enum
national-dk-bodil-best-film,1955,Ordet,1955,won,,,wikipedia-enum
national-dk-bodil-best-film,1955,Der kom en dag,1955,won,,,wikipedia-enum
national-dk-bodil-best-film,1956,Pa tro og love,1955,won,,,wikipedia-enum
national-dk-bodil-best-film,1957,Be Dear to Me,1957,won,,,wikipedia-enum
national-dk-bodil-best-film,1958,Bundfald,1957,won,,,wikipedia-enum
national-dk-bodil-best-film,1959,A Stranger Knocks,1959,won,,,wikipedia-enum
national-dk-bodil-best-film,1960,Vi er allesammen tossede,1959,won,,,wikipedia-enum
national-dk-bodil-best-film,1961,The Last Winter,1960,won,,,wikipedia-enum
national-dk-bodil-best-film,1962,Harry and the Butler,1961,won,,,wikipedia-enum
national-dk-bodil-best-film,1963,Weekend,1962,won,,,wikipedia-enum
national-dk-bodil-best-film,1964,Street Without End,1964,won,,,wikipedia-enum
national-dk-bodil-best-film,1965,Gertrud,1964,won,,,wikipedia-enum
national-dk-bodil-best-film,1966,Strike First Freddy,1965,won,,,wikipedia-enum
national-dk-bodil-best-film,1967,Hunger,1966,won,,,wikipedia-enum
national-dk-bodil-best-film,1968,People Meet and Sweet Music Fills the Heart,1967,won,,,wikipedia-enum
national-dk-bodil-best-film,1969,Ballad of Carl-Henning,1969,won,,,wikipedia-enum
national-dk-bodil-best-film,1970,Jazz All Around,1969,won,,,wikipedia-enum
national-dk-bodil-best-film,1971,Ang. Lone,1970,won,,,wikipedia-enum
national-dk-bodil-best-film,1972,The Missing Clerk,1971,won,,,wikipedia-enum
national-dk-bodil-best-film,1973,The Escape,1973,won,,,wikipedia-enum
national-dk-bodil-best-film,1975,Lars-Ole 5.c,1973,won,,,wikipedia-enum
national-dk-bodil-best-film,1976,That Brief Summer,1976,won,,,wikipedia-enum
national-dk-bodil-best-film,1977,Boys,1977,won,,,wikipedia-enum
national-dk-bodil-best-film,1978,Me and Charly,1978,won,,,wikipedia-enum
national-dk-bodil-best-film,1979,In My Life,1978,won,,,wikipedia-enum
national-dk-bodil-best-film,1980,Johnny Larsen,1979,won,,,wikipedia-enum
national-dk-bodil-best-film,1981,Jeppe pa bjerget,1981,won,,,wikipedia-enum
national-dk-bodil-best-film,1982,Rubber Tarzan,1981,won,,,wikipedia-enum
national-dk-bodil-best-film,1983,Der er et yndigt land,1983,won,,,wikipedia-enum
national-dk-bodil-best-film,1984,Beauty and the Beast,1983,won,,,wikipedia-enum
national-dk-bodil-best-film,1985,The Element of Crime,1984,won,,,wikipedia-enum
national-dk-bodil-best-film,1986,The Dark Side of the Moon,1986,won,,,wikipedia-enum
national-dk-bodil-best-film,1987,Coeurs flambes,1986,won,,,wikipedia-enum
national-dk-bodil-best-film,1988,Pelle the Conqueror,1987,won,,,wikipedia-enum
national-dk-bodil-best-film,1989,Emma's Shadow,1988,won,,,wikipedia-enum
national-dk-bodil-best-film,1990,Waltzing Regitze,1989,won,,,wikipedia-enum
national-dk-bodil-best-film,1991,Dance of the Polar Bears,1990,won,,,wikipedia-enum
national-dk-bodil-best-film,1992,Europa,1991,won,,,wikipedia-enum
national-dk-bodil-best-film,1993,Pain of Love,1992,won,,,wikipedia-enum
national-dk-bodil-best-film,1994,Fish Out of Water,1993,won,,,wikipedia-enum
national-dk-bodil-best-film,1995,The Kingdom,1994,won,,,wikipedia-enum
national-dk-bodil-best-film,1996,The Beast Within,1995,won,,,wikipedia-enum
national-dk-bodil-best-film,1997,Breaking the Waves,1996,won,,,wikipedia-enum
national-dk-bodil-best-film,1998,Let's Get Lost,1997,won,,,wikipedia-enum
national-dk-bodil-best-film,1999,The Celebration,1998,won,,,wikipedia-enum
national-dk-bodil-best-film,2000,The One and Only,1999,won,,,wikipedia-enum
national-dk-bodil-best-film,2001,The Bench,2000,won,,,wikipedia-enum
national-dk-bodil-best-film,2002,Kira's Reason A Love Story,2001,won,,,wikipedia-enum
national-dk-bodil-best-film,2003,Open Hearts,2002,won,,,wikipedia-enum
national-dk-bodil-best-film,2004,Dogville,2003,won,,,wikipedia-enum
national-dk-bodil-best-film,2005,King's Game,2004,won,,,wikipedia-enum
national-dk-bodil-best-film,2006,Manslaughter,2005,won,,,wikipedia-enum
national-dk-bodil-best-film,2007,A Soap,2006,won,,,wikipedia-enum
national-dk-bodil-best-film,2008,The Art of Crying,2006,won,,,wikipedia-enum
national-dk-bodil-best-film,2009,Terribly Happy,2008,won,,,wikipedia-enum
national-dk-bodil-best-film,2010,Antichrist,2009,won,,,wikipedia-enum
national-dk-bodil-best-film,2011,R,2010,won,,,wikipedia-enum
national-dk-bodil-best-film,2012,Melancholia,2011,won,,,wikipedia-enum
national-dk-bodil-best-film,2013,A Hijacking,2012,won,,,wikipedia-enum
national-dk-bodil-best-film,2014,The Hunt,2012,won,,,wikipedia-enum
national-dk-bodil-best-film,2015,Silent Heart,2014,won,,,wikipedia-enum
national-dk-bodil-best-film,2016,Land of Mine,2015,won,,,wikipedia-enum
national-dk-bodil-best-film,2017,In the Blood,2016,won,,,wikipedia-enum
national-dk-bodil-best-film,2018,Winter Brothers,2017,won,,,wikipedia-enum
national-dk-bodil-best-film,2019,Holiday,2018,won,,,wikipedia-enum
national-dk-bodil-best-film,2020,Queen of Hearts,2019,won,,,wikipedia-enum
national-dk-bodil-best-film,2021,Another Round,2020,won,,,wikipedia-enum
national-dk-bodil-best-film,2022,Hvor kragerne vender,2021,won,,,wikipedia-enum
national-dk-bodil-best-film,2023,Resten af livet,2022,won,,,wikipedia-enum
dga-best-feature,1948,A Letter to Three Wives,1949,won,,,wikipedia-enum
dga-best-feature,1949,All the King's Men,1949,won,,,wikipedia-enum
dga-best-feature,1950,All About Eve,1950,won,,,wikipedia-enum
dga-best-feature,1951,A Place in the Sun,1951,won,,,wikipedia-enum
dga-best-feature,1952,The Quiet Man,1952,won,,,wikipedia-enum
dga-best-feature,1953,From Here to Eternity,1953,won,,,wikipedia-enum
dga-best-feature,1954,On the Waterfront,1954,won,,,wikipedia-enum
dga-best-feature,1955,Marty,1955,won,,,wikipedia-enum
dga-best-feature,1956,Giant,1956,won,,,wikipedia-enum
dga-best-feature,1957,The Bridge on the River Kwai,1957,won,,,wikipedia-enum
dga-best-feature,1958,Gigi,1958,won,,,wikipedia-enum
dga-best-feature,1959,Ben-Hur,1959,won,,,wikipedia-enum
dga-best-feature,1960,The Apartment,1960,won,,,wikipedia-enum
dga-best-feature,1961,West Side Story,1961,won,,,wikipedia-enum
dga-best-feature,1962,Lawrence of Arabia,1962,won,,,wikipedia-enum
dga-best-feature,1963,Tom Jones,1963,won,,,wikipedia-enum
dga-best-feature,1964,My Fair Lady,1964,won,,,wikipedia-enum
dga-best-feature,1965,The Sound of Music,1965,won,,,wikipedia-enum
dga-best-feature,1966,A Man for All Seasons,1966,won,,,wikipedia-enum
dga-best-feature,1967,The Graduate,1967,won,,,wikipedia-enum
dga-best-feature,1968,The Lion in Winter,1968,won,,,wikipedia-enum
dga-best-feature,1969,Midnight Cowboy,1969,won,,,wikipedia-enum
dga-best-feature,1970,Patton,1970,won,,,wikipedia-enum
dga-best-feature,1971,The French Connection,1971,won,,,wikipedia-enum
dga-best-feature,1972,The Godfather,1972,won,,,wikipedia-enum
dga-best-feature,1973,The Sting,1973,won,,,wikipedia-enum
dga-best-feature,1974,The Godfather Part II,1974,won,,,wikipedia-enum
dga-best-feature,1975,One Flew Over the Cuckoo's Nest,1975,won,,,wikipedia-enum
dga-best-feature,1976,Rocky,1976,won,,,wikipedia-enum
dga-best-feature,1977,Annie Hall,1977,won,,,wikipedia-enum
dga-best-feature,1978,The Deer Hunter,1978,won,,,wikipedia-enum
dga-best-feature,1979,Kramer vs. Kramer,1979,won,,,wikipedia-enum
dga-best-feature,1980,Ordinary People,1980,won,,,wikipedia-enum
dga-best-feature,1981,Reds,1981,won,,,wikipedia-enum
dga-best-feature,1982,Gandhi,1982,won,,,wikipedia-enum
dga-best-feature,1983,Terms of Endearment,1983,won,,,wikipedia-enum
dga-best-feature,1984,Amadeus,1984,won,,,wikipedia-enum
dga-best-feature,1985,The Color Purple,1985,won,,,wikipedia-enum
dga-best-feature,1986,Platoon,1986,won,,,wikipedia-enum
dga-best-feature,1987,The Last Emperor,1987,won,,,wikipedia-enum
dga-best-feature,1988,Rain Man,1988,won,,,wikipedia-enum
dga-best-feature,1989,Born on the Fourth of July,1989,won,,,wikipedia-enum
dga-best-feature,1990,Dances with Wolves,1990,won,,,wikipedia-enum
dga-best-feature,1991,The Silence of the Lambs,1991,won,,,wikipedia-enum
dga-best-feature,1992,Unforgiven,1992,won,,,wikipedia-enum
dga-best-feature,1993,Schindler's List,1993,won,,,wikipedia-enum
dga-best-feature,1994,Forrest Gump,1994,won,,,wikipedia-enum
dga-best-feature,1995,Apollo 13,1995,won,,,wikipedia-enum
dga-best-feature,1996,The English Patient,1996,won,,,wikipedia-enum
dga-best-feature,1997,Titanic,1997,won,,,wikipedia-enum
dga-best-feature,1998,Saving Private Ryan,1998,won,,,wikipedia-enum
dga-best-feature,1999,American Beauty,1999,won,,,wikipedia-enum
dga-best-feature,2000,Crouching Tiger Hidden Dragon,2000,won,,,wikipedia-enum
dga-best-feature,2001,A Beautiful Mind,2001,won,,,wikipedia-enum
dga-best-feature,2002,Chicago,2002,won,,,wikipedia-enum
dga-best-feature,2003,The Lord of the Rings: The Return of the King,2003,won,,,wikipedia-enum
dga-best-feature,2004,Million Dollar Baby,2004,won,,,wikipedia-enum
dga-best-feature,2005,Brokeback Mountain,2005,won,,,wikipedia-enum
dga-best-feature,2006,The Departed,2006,won,,,wikipedia-enum
dga-best-feature,2007,No Country for Old Men,2007,won,,,wikipedia-enum
dga-best-feature,2008,Slumdog Millionaire,2008,won,,,wikipedia-enum
dga-best-feature,2009,The Hurt Locker,2009,won,,,wikipedia-enum
dga-best-feature,2010,The King's Speech,2010,won,,,wikipedia-enum
dga-best-feature,2011,The Artist,2011,won,,,wikipedia-enum
dga-best-feature,2012,Argo,2012,won,,,wikipedia-enum
dga-best-feature,2013,Gravity,2013,won,,,wikipedia-enum
dga-best-feature,2014,Birdman or (The Unexpected Virtue of Ignorance),2014,won,,,wikipedia-enum
dga-best-feature,2015,The Revenant,2015,won,,,wikipedia-enum
dga-best-feature,2016,La La Land,2016,won,,,wikipedia-enum
dga-best-feature,2017,The Shape of Water,2017,won,,,wikipedia-enum
dga-best-feature,2018,Roma,2018,won,,,wikipedia-enum
dga-best-feature,2019,1917,2019,won,,,wikipedia-enum
dga-best-feature,2020,Nomadland,2020,won,,,wikipedia-enum
dga-best-feature,2021,The Power of the Dog,2021,won,,,wikipedia-enum
dga-best-feature,2022,Everything Everywhere All at Once,2022,won,,,wikipedia-enum
dga-best-feature,2023,Oppenheimer,2023,won,,,wikipedia-enum
dga-best-feature,2024,Anora,2024,won,,,wikipedia-enum
dga-best-feature,2025,One Battle After Another,2025,won,,,wikipedia-enum
pga-best-picture,1989,Driving Miss Daisy,1989,won,,,wikipedia-enum
pga-best-picture,1990,Dances with Wolves,1990,won,,,wikipedia-enum
pga-best-picture,1991,The Silence of the Lambs,1991,won,,,wikipedia-enum
pga-best-picture,1992,The Crying Game,1992,won,,,wikipedia-enum
pga-best-picture,1993,Schindler's List,1993,won,,,wikipedia-enum
pga-best-picture,1994,Forrest Gump,1994,won,,,wikipedia-enum
pga-best-picture,1995,Apollo 13,1995,won,,,wikipedia-enum
pga-best-picture,1996,The English Patient,1996,won,,,wikipedia-enum
pga-best-picture,1997,Titanic,1997,won,,,wikipedia-enum
pga-best-picture,1998,Saving Private Ryan,1998,won,,,wikipedia-enum
pga-best-picture,1999,American Beauty,1999,won,,,wikipedia-enum
pga-best-picture,2000,Gladiator,2000,won,,,wikipedia-enum
pga-best-picture,2001,Moulin Rouge!,2001,won,,,wikipedia-enum
pga-best-picture,2002,Chicago,2002,won,,,wikipedia-enum
pga-best-picture,2003,The Lord of the Rings: The Return of the King,2003,won,,,wikipedia-enum
pga-best-picture,2004,The Aviator,2004,won,,,wikipedia-enum
pga-best-picture,2005,Brokeback Mountain,2005,won,,,wikipedia-enum
pga-best-picture,2006,Little Miss Sunshine,2006,won,,,wikipedia-enum
pga-best-picture,2007,No Country for Old Men,2007,won,,,wikipedia-enum
pga-best-picture,2008,Slumdog Millionaire,2008,won,,,wikipedia-enum
pga-best-picture,2009,The Hurt Locker,2009,won,,,wikipedia-enum
pga-best-picture,2010,The King's Speech,2010,won,,,wikipedia-enum
pga-best-picture,2011,The Artist,2011,won,,,wikipedia-enum
pga-best-picture,2012,Argo,2012,won,,,wikipedia-enum
pga-best-picture,2013,12 Years a Slave,2013,won,,,wikipedia-enum
pga-best-picture,2013,Gravity,2013,won,,,wikipedia-enum
pga-best-picture,2014,Birdman or (The Unexpected Virtue of Ignorance),2014,won,,,wikipedia-enum
pga-best-picture,2015,The Big Short,2015,won,,,wikipedia-enum
pga-best-picture,2016,La La Land,2016,won,,,wikipedia-enum
pga-best-picture,2017,The Shape of Water,2017,won,,,wikipedia-enum
pga-best-picture,2018,Green Book,2018,won,,,wikipedia-enum
pga-best-picture,2019,1917,2019,won,,,wikipedia-enum
pga-best-picture,2020,Nomadland,2020,won,,,wikipedia-enum
pga-best-picture,2021,CODA,2021,won,,,wikipedia-enum
pga-best-picture,2022,Everything Everywhere All at Once,2022,won,,,wikipedia-enum
pga-best-picture,2023,Oppenheimer,2023,won,,,wikipedia-enum
pga-best-picture,2024,Anora,2024,won,,,wikipedia-enum
pga-best-picture,2025,One Battle After Another,2025,won,,,wikipedia-enum
sag-best-cast,1995,Apollo 13,1995,won,,,wikipedia-enum
sag-best-cast,1996,The Birdcage,1996,won,,,wikipedia-enum
sag-best-cast,1997,The Full Monty,1997,won,,,wikipedia-enum
sag-best-cast,1998,Shakespeare in Love,1998,won,,,wikipedia-enum
sag-best-cast,1999,American Beauty,1999,won,,,wikipedia-enum
sag-best-cast,2000,Traffic,2000,won,,,wikipedia-enum
sag-best-cast,2001,Gosford Park,2001,won,,,wikipedia-enum
sag-best-cast,2002,Chicago,2002,won,,,wikipedia-enum
sag-best-cast,2003,The Lord of the Rings: The Return of the King,2003,won,,,wikipedia-enum
sag-best-cast,2004,Sideways,2004,won,,,wikipedia-enum
sag-best-cast,2005,Crash,2004,won,,,wikipedia-enum
sag-best-cast,2006,Little Miss Sunshine,2006,won,,,wikipedia-enum
sag-best-cast,2007,No Country for Old Men,2007,won,,,wikipedia-enum
sag-best-cast,2008,Slumdog Millionaire,2008,won,,,wikipedia-enum
sag-best-cast,2009,Inglourious Basterds,2009,won,,,wikipedia-enum
sag-best-cast,2010,The King's Speech,2010,won,,,wikipedia-enum
sag-best-cast,2011,The Help,2011,won,,,wikipedia-enum
sag-best-cast,2012,Argo,2012,won,,,wikipedia-enum
sag-best-cast,2013,American Hustle,2013,won,,,wikipedia-enum
sag-best-cast,2014,Birdman or (The Unexpected Virtue of Ignorance),2014,won,,,wikipedia-enum
sag-best-cast,2015,Spotlight,2015,won,,,wikipedia-enum
sag-best-cast,2016,Hidden Figures,2016,won,,,wikipedia-enum
sag-best-cast,2017,Three Billboards Outside Ebbing Missouri,2017,won,,,wikipedia-enum
sag-best-cast,2018,Black Panther,2018,won,,,wikipedia-enum
sag-best-cast,2019,Parasite,2019,won,,,wikipedia-enum
sag-best-cast,2020,The Trial of the Chicago 7,2020,won,,,wikipedia-enum
sag-best-cast,2021,CODA,2021,won,,,wikipedia-enum
sag-best-cast,2022,Everything Everywhere All at Once,2022,won,,,wikipedia-enum
sag-best-cast,2023,Oppenheimer,2023,won,,,wikipedia-enum
sag-best-cast,2024,Conclave,2024,won,,,wikipedia-enum
sag-best-cast,2025,Sinners,2025,won,,,wikipedia-enum
critics-choice-best-picture,1995,Sense and Sensibility,1995,won,,,wikipedia-enum
critics-choice-best-picture,1996,Fargo,1996,won,,,wikipedia-enum
critics-choice-best-picture,1997,L.A. Confidential,1997,won,,,wikipedia-enum
critics-choice-best-picture,1998,Saving Private Ryan,1998,won,,,wikipedia-enum
critics-choice-best-picture,1999,American Beauty,1999,won,,,wikipedia-enum
critics-choice-best-picture,2000,Gladiator,2000,won,,,wikipedia-enum
critics-choice-best-picture,2001,A Beautiful Mind,2001,won,,,wikipedia-enum
critics-choice-best-picture,2002,Chicago,2002,won,,,wikipedia-enum
critics-choice-best-picture,2003,The Lord of the Rings: The Return of the King,2003,won,,,wikipedia-enum
critics-choice-best-picture,2004,Sideways,2004,won,,,wikipedia-enum
critics-choice-best-picture,2005,Brokeback Mountain,2005,won,,,wikipedia-enum
critics-choice-best-picture,2006,The Departed,2006,won,,,wikipedia-enum
critics-choice-best-picture,2007,No Country for Old Men,2007,won,,,wikipedia-enum
critics-choice-best-picture,2008,Slumdog Millionaire,2008,won,,,wikipedia-enum
critics-choice-best-picture,2009,The Hurt Locker,2009,won,,,wikipedia-enum
critics-choice-best-picture,2010,The Social Network,2010,won,,,wikipedia-enum
critics-choice-best-picture,2011,The Artist,2011,won,,,wikipedia-enum
critics-choice-best-picture,2012,Argo,2012,won,,,wikipedia-enum
critics-choice-best-picture,2013,12 Years a Slave,2013,won,,,wikipedia-enum
critics-choice-best-picture,2014,Boyhood,2014,won,,,wikipedia-enum
critics-choice-best-picture,2015,Spotlight,2015,won,,,wikipedia-enum
critics-choice-best-picture,2016,La La Land,2016,won,,,wikipedia-enum
critics-choice-best-picture,2017,The Shape of Water,2017,won,,,wikipedia-enum
critics-choice-best-picture,2018,Roma,2018,won,,,wikipedia-enum
critics-choice-best-picture,2019,Once Upon a Time in Hollywood,2019,won,,,wikipedia-enum
critics-choice-best-picture,2020,Nomadland,2020,won,,,wikipedia-enum
critics-choice-best-picture,2021,The Power of the Dog,2021,won,,,wikipedia-enum
critics-choice-best-picture,2022,Everything Everywhere All at Once,2022,won,,,wikipedia-enum
critics-choice-best-picture,2023,Oppenheimer,2023,won,,,wikipedia-enum
critics-choice-best-picture,2024,Anora,2024,won,,,wikipedia-enum
critics-choice-best-picture,2025,One Battle After Another,2025,won,,,wikipedia-enum
gotham-best-feature,2004,Sideways,2004,won,,,wikipedia-enum
gotham-best-feature,2005,Capote,2005,won,,,wikipedia-enum
gotham-best-feature,2006,Half Nelson,2006,won,,,wikipedia-enum
gotham-best-feature,2007,Into the Wild,2007,won,,,wikipedia-enum
gotham-best-feature,2008,Frozen River,2008,won,,,wikipedia-enum
gotham-best-feature,2009,The Hurt Locker,2009,won,,,wikipedia-enum
gotham-best-feature,2010,Winter's Bone,2010,won,,,wikipedia-enum
gotham-best-feature,2011,Beginners,2011,won,,,wikipedia-enum
gotham-best-feature,2011,The Tree of Life,2011,won,,,wikipedia-enum
gotham-best-feature,2012,Moonrise Kingdom,2012,won,,,wikipedia-enum
gotham-best-feature,2013,Inside Llewyn Davis,2013,won,,,wikipedia-enum
gotham-best-feature,2014,Birdman,2014,won,,,wikipedia-enum
gotham-best-feature,2015,Spotlight,2015,won,,,wikipedia-enum
gotham-best-feature,2016,Moonlight,2016,won,,,wikipedia-enum
gotham-best-feature,2017,Call Me by Your Name,2017,won,,,wikipedia-enum
gotham-best-feature,2018,The Rider,2018,won,,,wikipedia-enum
gotham-best-feature,2019,Marriage Story,2019,won,,,wikipedia-enum
gotham-best-feature,2020,Nomadland,2020,won,,,wikipedia-enum
gotham-best-feature,2021,The Lost Daughter,2021,won,,,wikipedia-enum
gotham-best-feature,2022,Everything Everywhere All at Once,2022,won,,,wikipedia-enum
gotham-best-feature,2023,Past Lives,2023,won,,,wikipedia-enum
gotham-best-feature,2024,A Different Man,2024,won,,,wikipedia-enum
gotham-best-feature,2025,One Battle After Another,2025,won,,,wikipedia-enum
asian-film-awards-best-film,2007,The Host,2006,won,,,wikipedia-enum
asian-film-awards-best-film,2008,Secret Sunshine,2007,won,,,wikipedia-enum
asian-film-awards-best-film,2009,Tokyo Sonata,2008,won,,,wikipedia-enum
asian-film-awards-best-film,2010,Mother,2009,won,,,wikipedia-enum
asian-film-awards-best-film,2011,Uncle Boonmee Who Can Recall His Past Lives,2010,won,,,wikipedia-enum
asian-film-awards-best-film,2012,A Separation,2011,won,,,wikipedia-enum
asian-film-awards-best-film,2013,Mystery,2012,won,,,wikipedia-enum
asian-film-awards-best-film,2014,The Grandmaster,2013,won,,,wikipedia-enum
asian-film-awards-best-film,2015,Blind Massage,2014,won,,,wikipedia-enum
asian-film-awards-best-film,2016,The Assassin,2015,won,,,wikipedia-enum
asian-film-awards-best-film,2017,I Am Not Madame Bovary,2016,won,,,wikipedia-enum
asian-film-awards-best-film,2018,Youth,2017,won,,,wikipedia-enum
asian-film-awards-best-film,2019,Shoplifters,2018,won,,,wikipedia-enum
asian-film-awards-best-film,2020,Parasite,2019,won,,,wikipedia-enum
asian-film-awards-best-film,2021,Wife of a Spy,2020,won,,,wikipedia-enum
asian-film-awards-best-film,2023,Drive My Car,2021,won,,,wikipedia-enum
asian-film-awards-best-film,2024,Evil Does Not Exist,2023,won,,,wikipedia-enum
asian-film-awards-best-film,2025,All We Imagine as Light,2024,won,,,wikipedia-enum
cannes-jury-prize,1946,The Battle of the Rails,1946,won,,,wikipedia-enum
cannes-jury-prize,1951,All About Eve,1951,won,,,wikipedia-enum
cannes-jury-prize,1952,We Are All Murderers,1952,won,,,wikipedia-enum
cannes-jury-prize,1954,Knave of Hearts,1954,won,,,wikipedia-enum
cannes-jury-prize,1955,Lost Continent,1955,won,,,wikipedia-enum
cannes-jury-prize,1956,The Mystery of Picasso,1956,won,,,wikipedia-enum
cannes-jury-prize,1957,Kanał,1957,won,,shared,wikipedia-enum
cannes-jury-prize,1957,The Seventh Seal,1957,won,,shared,wikipedia-enum
cannes-jury-prize,1958,Mon Oncle,1958,won,,,wikipedia-enum
cannes-jury-prize,1959,Stars,1959,won,,,wikipedia-enum
cannes-jury-prize,1960,L'Avventura,1960,won,,shared,wikipedia-enum
cannes-jury-prize,1960,Odd Obsession,1960,won,,shared,wikipedia-enum
cannes-jury-prize,1961,Mother Joan of the Angels,1961,won,,,wikipedia-enum
cannes-jury-prize,1962,L'Eclisse,1962,won,,shared,wikipedia-enum
cannes-jury-prize,1962,The Trial of Joan of Arc,1962,won,,shared,wikipedia-enum
cannes-jury-prize,1963,The Cassandra Cat,1963,won,,shared,wikipedia-enum
cannes-jury-prize,1963,Harakiri,1962,won,,shared,wikipedia-enum
cannes-jury-prize,1964,Woman in the Dunes,1964,won,,,wikipedia-enum
cannes-jury-prize,1965,Kwaidan,1965,won,,,wikipedia-enum
cannes-jury-prize,1966,Alfie,1966,won,,,wikipedia-enum
cannes-jury-prize,1969,Z,1969,won,,,wikipedia-enum
cannes-jury-prize,1970,The Falcons,1970,won,,shared,wikipedia-enum
cannes-jury-prize,1970,The Strawberry Statement,1970,won,,shared,wikipedia-enum
cannes-jury-prize,1971,Joe Hill,1971,won,,shared,wikipedia-enum
cannes-jury-prize,1971,Love,1971,won,,shared,wikipedia-enum
cannes-jury-prize,1972,Slaughterhouse-Five,1972,won,,,wikipedia-enum
cannes-jury-prize,1973,The Hourglass Sanatorium,1973,won,,shared,wikipedia-enum
cannes-jury-prize,1973,The Invitation,1973,won,,shared,wikipedia-enum
cannes-jury-prize,1974,La prima Angélica,1974,won,,,wikipedia-enum
cannes-jury-prize,1980,The Constant Factor,1980,won,,,wikipedia-enum
cannes-jury-prize,1983,Kharij,1983,won,,,wikipedia-enum
cannes-jury-prize,1985,Colonel Redl,1985,won,,,wikipedia-enum
cannes-jury-prize,1986,Thérèse,1986,won,,,wikipedia-enum
cannes-jury-prize,1987,Shinran: Path to Purity,1987,won,,shared,wikipedia-enum
cannes-jury-prize,1987,Yeelen,1987,won,,shared,wikipedia-enum
cannes-jury-prize,1988,A Short Film About Killing,1988,won,,,wikipedia-enum
cannes-jury-prize,1989,Jesus of Montreal,1989,won,,,wikipedia-enum
cannes-jury-prize,1990,Hidden Agenda,1990,won,,,wikipedia-enum
cannes-jury-prize,1991,Europa,1991,won,,shared,wikipedia-enum
cannes-jury-prize,1991,Out of Life,1991,won,,shared,wikipedia-enum
cannes-jury-prize,1992,Dream of Light,1992,won,,shared,wikipedia-enum
cannes-jury-prize,1992,An Independent Life,1992,won,,shared,wikipedia-enum
cannes-jury-prize,1993,The Puppetmaster,1993,won,,shared,wikipedia-enum
cannes-jury-prize,1993,Raining Stones,1993,won,,shared,wikipedia-enum
cannes-jury-prize,1994,La Reine Margot,1994,won,,,wikipedia-enum
cannes-jury-prize,1995,Don't Forget You're Going to Die,1995,won,,shared,wikipedia-enum
cannes-jury-prize,1995,Carrington,1995,won,,shared,wikipedia-enum
cannes-jury-prize,1996,Crash,1996,won,,,wikipedia-enum
cannes-jury-prize,1997,Western,1997,won,,,wikipedia-enum
cannes-jury-prize,1998,The Celebration,1998,won,,shared,wikipedia-enum
cannes-jury-prize,1998,Class Trip,1998,won,,shared,wikipedia-enum
cannes-jury-prize,1999,The Letter,1999,won,,,wikipedia-enum
cannes-jury-prize,2000,Blackboards,2000,won,,shared,wikipedia-enum
cannes-jury-prize,2000,Songs from the Second Floor,2000,won,,shared,wikipedia-enum
cannes-jury-prize,2002,Divine Intervention,2002,won,,,wikipedia-enum
cannes-jury-prize,2003,At Five in the Afternoon,2003,won,,,wikipedia-enum
cannes-jury-prize,2004,The Ladykillers,2004,won,,shared,wikipedia-enum
cannes-jury-prize,2004,Tropical Malady,2004,won,,shared,wikipedia-enum
cannes-jury-prize,2005,Shanghai Dreams,2005,won,,,wikipedia-enum
cannes-jury-prize,2006,Red Road,2006,won,,,wikipedia-enum
cannes-jury-prize,2007,Persepolis,2007,won,,shared,wikipedia-enum
cannes-jury-prize,2007,Silent Light,2007,won,,shared,wikipedia-enum
cannes-jury-prize,2008,Il divo,2008,won,,,wikipedia-enum
cannes-jury-prize,2009,Fish Tank,2009,won,,shared,wikipedia-enum
cannes-jury-prize,2009,Thirst,2009,won,,shared,wikipedia-enum
cannes-jury-prize,2010,A Screaming Man,2010,won,,,wikipedia-enum
cannes-jury-prize,2011,Polisse,2011,won,,,wikipedia-enum
cannes-jury-prize,2012,The Angels' Share,2012,won,,,wikipedia-enum
cannes-jury-prize,2013,Like Father Like Son,2013,won,,,wikipedia-enum
cannes-jury-prize,2014,Goodbye to Language,2014,won,,shared,wikipedia-enum
cannes-jury-prize,2014,Mommy,2014,won,,shared,wikipedia-enum
cannes-jury-prize,2015,The Lobster,2015,won,,,wikipedia-enum
cannes-jury-prize,2016,American Honey,2016,won,,,wikipedia-enum
cannes-jury-prize,2017,Loveless,2017,won,,,wikipedia-enum
cannes-jury-prize,2018,Capernaum,2018,won,,,wikipedia-enum
cannes-jury-prize,2019,Bacurau,2019,won,,shared,wikipedia-enum
cannes-jury-prize,2019,Les Misérables,2019,won,,shared,wikipedia-enum
cannes-jury-prize,2021,Ahed's Knee,2021,won,,shared,wikipedia-enum
cannes-jury-prize,2021,Memoria,2021,won,,shared,wikipedia-enum
cannes-jury-prize,2022,The Eight Mountains,2022,won,,shared,wikipedia-enum
cannes-jury-prize,2022,EO,2022,won,,shared,wikipedia-enum
cannes-jury-prize,2023,Fallen Leaves,2023,won,,,wikipedia-enum
cannes-jury-prize,2024,Emilia Pérez,2024,won,,,wikipedia-enum
cannes-jury-prize,2025,Sirāt,2025,won,,shared,wikipedia-enum
cannes-jury-prize,2025,Sound of Falling,2025,won,,shared,wikipedia-enum
cannes-jury-prize,2026,The Dreamed Adventure,2026,won,,,wikipedia-enum
cannes-best-screenplay,1949,Lost Boundaries,1949,won,,,wikipedia-enum
cannes-best-screenplay,1951,The Browning Version,1951,won,,,wikipedia-enum
cannes-best-screenplay,1952,Cops and Robbers,1951,won,,,wikipedia-enum
cannes-best-screenplay,1958,Young Husbands,1958,won,,,wikipedia-enum
cannes-best-screenplay,1963,Codine,1963,won,,,wikipedia-enum
cannes-best-screenplay,1965,The Hill,1965,won,,shared,wikipedia-enum
cannes-best-screenplay,1965,The 317th Platoon,1965,won,,shared,wikipedia-enum
cannes-best-screenplay,1967,The Killing Game,1967,won,,shared,wikipedia-enum
cannes-best-screenplay,1967,We Still Kill the Old Way,1967,won,,shared,wikipedia-enum
cannes-best-screenplay,1974,The Sugarland Express,1974,won,,,wikipedia-enum
cannes-best-screenplay,1980,La Terrazza,1980,won,,,wikipedia-enum
cannes-best-screenplay,1981,Mephisto,1981,won,,,wikipedia-enum
cannes-best-screenplay,1982,Moonlighting,1982,won,,,wikipedia-enum
cannes-best-screenplay,1984,Voyage to Cythera,1984,won,,,wikipedia-enum
cannes-best-screenplay,1994,Grosse fatigue,1994,won,,,wikipedia-enum
cannes-best-screenplay,1996,A Self Made Hero,1996,won,,,wikipedia-enum
cannes-best-screenplay,1997,The Ice Storm,1997,won,,,wikipedia-enum
cannes-best-screenplay,1998,Henry Fool,1998,won,,,wikipedia-enum
cannes-best-screenplay,1999,Moloch,1999,won,,,wikipedia-enum
cannes-best-screenplay,2000,Nurse Betty,2000,won,,,wikipedia-enum
cannes-best-screenplay,2001,No Man's Land,2001,won,,,wikipedia-enum
cannes-best-screenplay,2002,Sweet Sixteen,2002,won,,,wikipedia-enum
cannes-best-screenplay,2003,The Barbarian Invasions,2003,won,,,wikipedia-enum
cannes-best-screenplay,2004,Look at Me,2004,won,,,wikipedia-enum
cannes-best-screenplay,2005,The Three Burials of Melquiades Estrada,2005,won,,,wikipedia-enum
cannes-best-screenplay,2006,Volver,2006,won,,,wikipedia-enum
cannes-best-screenplay,2007,The Edge of Heaven,2007,won,,,wikipedia-enum
cannes-best-screenplay,2008,Lorna's Silence,2008,won,,,wikipedia-enum
cannes-best-screenplay,2009,Spring Fever,2009,won,,,wikipedia-enum
cannes-best-screenplay,2010,Poetry,2010,won,,,wikipedia-enum
cannes-best-screenplay,2011,Footnote,2011,won,,,wikipedia-enum
cannes-best-screenplay,2012,Beyond the Hills,2012,won,,,wikipedia-enum
cannes-best-screenplay,2013,A Touch of Sin,2013,won,,,wikipedia-enum
cannes-best-screenplay,2014,Leviathan,2014,won,,,wikipedia-enum
cannes-best-screenplay,2015,Chronic,2015,won,,,wikipedia-enum
cannes-best-screenplay,2016,The Salesman,2016,won,,,wikipedia-enum
cannes-best-screenplay,2017,The Killing of a Sacred Deer,2017,won,,shared,wikipedia-enum
cannes-best-screenplay,2017,You Were Never Really Here,2017,won,,shared,wikipedia-enum
cannes-best-screenplay,2018,3 Faces,2018,won,,shared,wikipedia-enum
cannes-best-screenplay,2018,Happy as Lazzaro,2018,won,,shared,wikipedia-enum
cannes-best-screenplay,2019,Portrait of a Lady on Fire,2019,won,,,wikipedia-enum
cannes-best-screenplay,2021,Drive My Car,2021,won,,,wikipedia-enum
cannes-best-screenplay,2022,Boy from Heaven,2022,won,,,wikipedia-enum
cannes-best-screenplay,2023,Monster,2023,won,,,wikipedia-enum
cannes-best-screenplay,2024,The Substance,2024,won,,,wikipedia-enum
cannes-best-screenplay,2025,Young Mothers,2025,won,,,wikipedia-enum
cannes-best-screenplay,2026,A Man of His Time,2026,won,,,wikipedia-enum
cannes-best-actor,1946,The Lost Weekend,1946,won,,,wikipedia-enum
cannes-best-actor,1949,House of Strangers,1949,won,,,wikipedia-enum
cannes-best-actor,1951,The Browning Version,1951,won,,,wikipedia-enum
cannes-best-actor,1952,Viva Zapata!,1952,won,,,wikipedia-enum
cannes-best-actor,1955,Bad Day at Black Rock,1955,won,,shared,wikipedia-enum
cannes-best-actor,1955,A Big Family,1955,won,,shared,wikipedia-enum
cannes-best-actor,1957,Valley of Peace,1957,won,,,wikipedia-enum
cannes-best-actor,1958,The Long Hot Summer,1958,won,,,wikipedia-enum
cannes-best-actor,1959,Compulsion,1959,won,,,wikipedia-enum
cannes-best-actor,1961,Goodbye Again,1961,won,,,wikipedia-enum
cannes-best-actor,1962,A Taste of Honey,1962,won,,shared,wikipedia-enum
cannes-best-actor,1962,Long Day's Journey into Night,1962,won,,shared,wikipedia-enum
cannes-best-actor,1963,This Sporting Life,1963,won,,,wikipedia-enum
cannes-best-actor,1964,Drama of the Lark,1964,won,,shared,wikipedia-enum
cannes-best-actor,1964,Seduced and Abandoned,1964,won,,shared,wikipedia-enum
cannes-best-actor,1965,The Collector,1965,won,,,wikipedia-enum
cannes-best-actor,1966,Hunger,1966,won,,,wikipedia-enum
cannes-best-actor,1967,Three Days and a Child,1967,won,,,wikipedia-enum
cannes-best-actor,1969,Z,1969,won,,,wikipedia-enum
cannes-best-actor,1970,The Pizza Triangle,1970,won,,,wikipedia-enum
cannes-best-actor,1971,Sacco & Vanzetti,1971,won,,,wikipedia-enum
cannes-best-actor,1972,We Won't Grow Old Together,1972,won,,,wikipedia-enum
cannes-best-actor,1973,Love and Anarchy,1973,won,,,wikipedia-enum
cannes-best-actor,1974,The Last Detail,1974,won,,,wikipedia-enum
cannes-best-actor,1975,Scent of a Woman,1974,won,,,wikipedia-enum
cannes-best-actor,1976,Pascual Duarte,1976,won,,,wikipedia-enum
cannes-best-actor,1977,Elisa vida mía,1977,won,,,wikipedia-enum
cannes-best-actor,1978,Coming Home,1978,won,,,wikipedia-enum
cannes-best-actor,1979,The China Syndrome,1979,won,,shared,wikipedia-enum
cannes-best-actor,1979,Dear Father,1979,won,,shared,wikipedia-enum
cannes-best-actor,1980,A Leap in the Dark,1980,won,,shared,wikipedia-enum
cannes-best-actor,1980,Breaker Morant,1980,won,,shared,wikipedia-enum
cannes-best-actor,1981,Tragedy of a Ridiculous Man,1981,won,,shared,wikipedia-enum
cannes-best-actor,1981,Chariots of Fire,1981,won,,shared,wikipedia-enum
cannes-best-actor,1982,Missing,1982,won,,,wikipedia-enum
cannes-best-actor,1983,The Death of Mario Ricci,1983,won,,,wikipedia-enum
cannes-best-actor,1984,The Holy Innocents,1984,won,,,wikipedia-enum
cannes-best-actor,1985,Kiss of the Spider Woman,1985,won,,,wikipedia-enum
cannes-best-actor,1986,Evening Dress,1986,won,,shared,wikipedia-enum
cannes-best-actor,1986,Mona Lisa,1986,won,,shared,wikipedia-enum
cannes-best-actor,1987,Dark Eyes,1987,won,,,wikipedia-enum
cannes-best-actor,1988,Bird,1988,won,,,wikipedia-enum
cannes-best-actor,1989,Sex Lies and Videotape,1989,won,,,wikipedia-enum
cannes-best-actor,1990,Cyrano de Bergerac,1990,won,,,wikipedia-enum
cannes-best-actor,1991,Barton Fink,1991,won,,shared,wikipedia-enum
cannes-best-actor,1991,Jungle Fever,1991,won,,shared,wikipedia-enum
cannes-best-actor,1992,The Player,1992,won,,,wikipedia-enum
cannes-best-actor,1993,Naked,1993,won,,,wikipedia-enum
cannes-best-actor,1994,To Live,1994,won,,,wikipedia-enum
cannes-best-actor,1995,Carrington,1995,won,,,wikipedia-enum
cannes-best-actor,1996,The Eighth Day,1996,won,,,wikipedia-enum
cannes-best-actor,1997,She's So Lovely,1997,won,,,wikipedia-enum
cannes-best-actor,1998,My Name Is Joe,1998,won,,,wikipedia-enum
cannes-best-actor,1999,Humanité,1999,won,,,wikipedia-enum
cannes-best-actor,2000,In the Mood for Love,2000,won,,,wikipedia-enum
cannes-best-actor,2001,The Piano Teacher,2001,won,,,wikipedia-enum
cannes-best-actor,2002,The Son,2002,won,,,wikipedia-enum
cannes-best-actor,2003,Uzak,2003,won,,,wikipedia-enum
cannes-best-actor,2004,Nobody Knows,2004,won,,,wikipedia-enum
cannes-best-actor,2005,The Three Burials of Melquiades Estrada,2005,won,,,wikipedia-enum
cannes-best-actor,2006,Days of Glory,2006,won,,,wikipedia-enum
cannes-best-actor,2007,The Banishment,2007,won,,,wikipedia-enum
cannes-best-actor,2008,Che,2008,won,,,wikipedia-enum
cannes-best-actor,2009,Inglourious Basterds,2009,won,,,wikipedia-enum
cannes-best-actor,2010,Biutiful,2010,won,,shared,wikipedia-enum
cannes-best-actor,2010,La nostra vita,2010,won,,shared,wikipedia-enum
cannes-best-actor,2011,The Artist,2011,won,,,wikipedia-enum
cannes-best-actor,2012,The Hunt,2012,won,,,wikipedia-enum
cannes-best-actor,2013,Nebraska,2013,won,,,wikipedia-enum
cannes-best-actor,2014,Mr. Turner,2014,won,,,wikipedia-enum
cannes-best-actor,2015,The Measure of a Man,2015,won,,,wikipedia-enum
cannes-best-actor,2016,The Salesman,2016,won,,,wikipedia-enum
cannes-best-actor,2017,You Were Never Really Here,2017,won,,,wikipedia-enum
cannes-best-actor,2018,Dogman,2018,won,,,wikipedia-enum
cannes-best-actor,2019,Pain and Glory,2019,won,,,wikipedia-enum
cannes-best-actor,2021,Nitram,2021,won,,,wikipedia-enum
cannes-best-actor,2022,Broker,2022,won,,,wikipedia-enum
cannes-best-actor,2023,Perfect Days,2023,won,,,wikipedia-enum
cannes-best-actor,2024,Kinds of Kindness,2024,won,,,wikipedia-enum
cannes-best-actor,2025,The Secret Agent,2025,won,,,wikipedia-enum
cannes-best-actor,2026,Coward,2026,won,,,wikipedia-enum
cannes-best-actress,1946,Pastoral Symphony,1946,won,,,wikipedia-enum
cannes-best-actress,1949,The Walls of Malapaga,1949,won,,,wikipedia-enum
cannes-best-actress,1951,All About Eve,1951,won,,,wikipedia-enum
cannes-best-actress,1952,Detective Story,1951,won,,,wikipedia-enum
cannes-best-actress,1955,A Big Family,1955,won,,,wikipedia-enum
cannes-best-actress,1956,I'll Cry Tomorrow,1956,won,,,wikipedia-enum
cannes-best-actress,1957,Nights of Cabiria,1957,won,,,wikipedia-enum
cannes-best-actress,1958,Brink of Life,1958,won,,,wikipedia-enum
cannes-best-actress,1959,Room at the Top,1959,won,,,wikipedia-enum
cannes-best-actress,1960,Never on Sunday,1960,won,,shared,wikipedia-enum
cannes-best-actress,1960,Seven Days... Seven Nights,1960,won,,shared,wikipedia-enum
cannes-best-actress,1961,Two Women,1961,won,,,wikipedia-enum
cannes-best-actress,1962,Long Day's Journey into Night,1962,won,,shared,wikipedia-enum
cannes-best-actress,1962,A Taste of Honey,1962,won,,shared,wikipedia-enum
cannes-best-actress,1963,The Conjugal Bed,1963,won,,,wikipedia-enum
cannes-best-actress,1964,The Pumpkin Eater,1964,won,,shared,wikipedia-enum
cannes-best-actress,1964,One Potato Two Potato,1964,won,,shared,wikipedia-enum
cannes-best-actress,1965,The Collector,1965,won,,,wikipedia-enum
cannes-best-actress,1966,Morgan – A Suitable Case for Treatment,1966,won,,,wikipedia-enum
cannes-best-actress,1967,Elvira Madigan,1967,won,,,wikipedia-enum
cannes-best-actress,1969,Isadora,1969,won,,,wikipedia-enum
cannes-best-actress,1970,Metello,1970,won,,,wikipedia-enum
cannes-best-actress,1971,The Panic in Needle Park,1971,won,,,wikipedia-enum
cannes-best-actress,1972,Images,1972,won,,,wikipedia-enum
cannes-best-actress,1973,The Effect of Gamma Rays on Man-in-the-Moon Marigolds,1973,won,,,wikipedia-enum
cannes-best-actress,1974,Violins at the Ball,1974,won,,,wikipedia-enum
cannes-best-actress,1975,Lenny,1975,won,,,wikipedia-enum
cannes-best-actress,1976,The Inheritance,1976,won,,shared,wikipedia-enum
cannes-best-actress,1976,Mrs. Dery Where Are You?,1976,won,,shared,wikipedia-enum
cannes-best-actress,1977,3 Women,1977,won,,shared,wikipedia-enum
cannes-best-actress,1977,J.A. Martin Photographer,1977,won,,shared,wikipedia-enum
cannes-best-actress,1978,An Unmarried Woman,1978,won,,shared,wikipedia-enum
cannes-best-actress,1978,Violette Nozière,1978,won,,shared,wikipedia-enum
cannes-best-actress,1979,Norma Rae,1979,won,,shared,wikipedia-enum
cannes-best-actress,1979,Woyzeck,1979,won,,shared,wikipedia-enum
cannes-best-actress,1980,A Leap in the Dark,1980,won,,shared,wikipedia-enum
cannes-best-actress,1980,Special Treatment,1980,won,,shared,wikipedia-enum
cannes-best-actress,1980,La Terrazza,1980,won,,shared,wikipedia-enum
cannes-best-actress,1981,Possession,1981,won,,shared,wikipedia-enum
cannes-best-actress,1981,Quartet,1981,won,,shared,wikipedia-enum
cannes-best-actress,1981,Faktas,1981,won,,shared,wikipedia-enum
cannes-best-actress,1982,Another Way,1982,won,,,wikipedia-enum
cannes-best-actress,1983,The Story of Piera,1983,won,,,wikipedia-enum
cannes-best-actress,1984,Cal,1984,won,,,wikipedia-enum
cannes-best-actress,1985,The Official Story,1985,won,,shared,wikipedia-enum
cannes-best-actress,1985,Mask,1985,won,,shared,wikipedia-enum
cannes-best-actress,1986,Rosa Luxemburg,1986,won,,shared,wikipedia-enum
cannes-best-actress,1986,Love Me Forever or Never,1986,won,,shared,wikipedia-enum
cannes-best-actress,1987,Shy People,1987,won,,,wikipedia-enum
cannes-best-actress,1988,A World Apart,1988,won,,,wikipedia-enum
cannes-best-actress,1989,A Cry in the Dark,1989,won,,,wikipedia-enum
cannes-best-actress,1990,Interrogation,1982,won,,,wikipedia-enum
cannes-best-actress,1991,The Double Life of Veronique,1991,won,,,wikipedia-enum
cannes-best-actress,1992,The Best Intentions,1992,won,,,wikipedia-enum
cannes-best-actress,1993,The Piano,1993,won,,,wikipedia-enum
cannes-best-actress,1994,La Reine Margot,1994,won,,,wikipedia-enum
cannes-best-actress,1995,The Madness of King George,1995,won,,,wikipedia-enum
cannes-best-actress,1996,Secrets & Lies,1996,won,,,wikipedia-enum
cannes-best-actress,1997,Nil by Mouth,1997,won,,,wikipedia-enum
cannes-best-actress,1998,The Dreamlife of Angels,1998,won,,,wikipedia-enum
cannes-best-actress,1999,Humanité,1999,won,,shared,wikipedia-enum
cannes-best-actress,1999,Rosetta,1999,won,,shared,wikipedia-enum
cannes-best-actress,2000,Dancer in the Dark,2000,won,,,wikipedia-enum
cannes-best-actress,2001,The Piano Teacher,2001,won,,,wikipedia-enum
cannes-best-actress,2002,The Man Without a Past,2002,won,,,wikipedia-enum
cannes-best-actress,2003,The Barbarian Invasions,2003,won,,,wikipedia-enum
cannes-best-actress,2004,Clean,2004,won,,,wikipedia-enum
cannes-best-actress,2005,Free Zone,2005,won,,,wikipedia-enum
cannes-best-actress,2006,Volver,2006,won,,,wikipedia-enum
cannes-best-actress,2007,Secret Sunshine,2007,won,,,wikipedia-enum
cannes-best-actress,2008,Linha de Passe,2008,won,,,wikipedia-enum
cannes-best-actress,2009,Antichrist,2009,won,,,wikipedia-enum
cannes-best-actress,2010,Certified Copy,2010,won,,,wikipedia-enum
cannes-best-actress,2011,Melancholia,2011,won,,,wikipedia-enum
cannes-best-actress,2012,Beyond the Hills,2012,won,,,wikipedia-enum
cannes-best-actress,2013,The Past,2013,won,,,wikipedia-enum
cannes-best-actress,2014,Maps to the Stars,2014,won,,,wikipedia-enum
cannes-best-actress,2015,Mon Roi,2015,won,,shared,wikipedia-enum
cannes-best-actress,2015,Carol,2015,won,,shared,wikipedia-enum
cannes-best-actress,2016,Ma' Rosa,2016,won,,,wikipedia-enum
cannes-best-actress,2017,In the Fade,2017,won,,,wikipedia-enum
cannes-best-actress,2018,Ayka,2018,won,,,wikipedia-enum
cannes-best-actress,2019,Little Joe,2019,won,,,wikipedia-enum
cannes-best-actress,2021,The Worst Person in the World,2021,won,,,wikipedia-enum
cannes-best-actress,2022,Holy Spider,2022,won,,,wikipedia-enum
cannes-best-actress,2023,About Dry Grasses,2023,won,,,wikipedia-enum
cannes-best-actress,2024,Emilia Pérez,2024,won,,,wikipedia-enum
cannes-best-actress,2025,The Little Sister,2025,won,,,wikipedia-enum
cannes-best-actress,2026,All of a Sudden,2026,won,,,wikipedia-enum
cannes-camera-dor,1978,Alambrista!,1978,won,,,wikipedia-enum
cannes-camera-dor,1979,Northern Lights,1978,won,,,wikipedia-enum
cannes-camera-dor,1980,Adrien's Story,1980,won,,,wikipedia-enum
cannes-camera-dor,1981,Desperado City,1981,won,,,wikipedia-enum
cannes-camera-dor,1982,Half a Life,1982,won,,,wikipedia-enum
cannes-camera-dor,1983,The Princess,1983,won,,,wikipedia-enum
cannes-camera-dor,1984,Stranger Than Paradise,1984,won,,,wikipedia-enum
cannes-camera-dor,1985,Oriana,1985,won,,,wikipedia-enum
cannes-camera-dor,1986,Noir et Blanc,1986,won,,,wikipedia-enum
cannes-camera-dor,1987,Robinson Crusoe in Georgia,1987,won,,,wikipedia-enum
cannes-camera-dor,1988,Salaam Bombay!,1988,won,,,wikipedia-enum
cannes-camera-dor,1989,My 20th Century,1989,won,,,wikipedia-enum
cannes-camera-dor,1990,Freeze Die Come to Life,1990,won,,,wikipedia-enum
cannes-camera-dor,1991,Toto the Hero,1991,won,,,wikipedia-enum
cannes-camera-dor,1992,Mac,1992,won,,,wikipedia-enum
cannes-camera-dor,1993,The Scent of Green Papaya,1993,won,,,wikipedia-enum
cannes-camera-dor,1994,Coming to Terms with the Dead,1994,won,,,wikipedia-enum
cannes-camera-dor,1995,The White Balloon,1995,won,,,wikipedia-enum
cannes-camera-dor,1996,Love Serenade,1996,won,,,wikipedia-enum
cannes-camera-dor,1997,Suzaku,1997,won,,,wikipedia-enum
cannes-camera-dor,1998,Slam,1998,won,,,wikipedia-enum
cannes-camera-dor,1999,Marana Simhasanam,1999,won,,,wikipedia-enum
cannes-camera-dor,2000,Djomeh,2000,won,,shared,wikipedia-enum
cannes-camera-dor,2000,A Time for Drunken Horses,2000,won,,shared,wikipedia-enum
cannes-camera-dor,2001,Atanarjuat: The Fast Runner,2001,won,,,wikipedia-enum
cannes-camera-dor,2002,Seaside,2002,won,,,wikipedia-enum
cannes-camera-dor,2003,Reconstruction,2003,won,,,wikipedia-enum
cannes-camera-dor,2004,Or (My Treasure),2004,won,,,wikipedia-enum
cannes-camera-dor,2005,Me and You and Everyone We Know,2005,won,,shared,wikipedia-enum
cannes-camera-dor,2005,The Forsaken Land,2005,won,,shared,wikipedia-enum
cannes-camera-dor,2006,12:08 East of Bucharest,2006,won,,,wikipedia-enum
cannes-camera-dor,2007,Jellyfish,2007,won,,,wikipedia-enum
cannes-camera-dor,2008,Hunger,2008,won,,,wikipedia-enum
cannes-camera-dor,2009,Samson and Delilah,2009,won,,,wikipedia-enum
cannes-camera-dor,2010,Año Bisiesto,2010,won,,,wikipedia-enum
cannes-camera-dor,2011,Las Acacias,2011,won,,,wikipedia-enum
cannes-camera-dor,2012,Beasts of the Southern Wild,2012,won,,,wikipedia-enum
cannes-camera-dor,2013,Ilo Ilo,2013,won,,,wikipedia-enum
cannes-camera-dor,2014,Party Girl,2014,won,,,wikipedia-enum
cannes-camera-dor,2015,Land and Shade,2015,won,,,wikipedia-enum
cannes-camera-dor,2016,Divines,2016,won,,,wikipedia-enum
cannes-camera-dor,2017,Montparnasse Bienvenue,2017,won,,,wikipedia-enum
cannes-camera-dor,2018,Girl,2018,won,,,wikipedia-enum
cannes-camera-dor,2019,Our Mothers,2019,won,,,wikipedia-enum
cannes-camera-dor,2021,Murina,2021,won,,,wikipedia-enum
cannes-camera-dor,2022,War Pony,2022,won,,,wikipedia-enum
cannes-camera-dor,2023,Inside the Yellow Cocoon Shell,2023,won,,,wikipedia-enum
cannes-camera-dor,2024,Armand,2024,won,,,wikipedia-enum
cannes-camera-dor,2025,The President's Cake,2025,won,,,wikipedia-enum
cannes-camera-dor,2026,Ben'Imana,2026,won,,,wikipedia-enum
oscar-best-actor,1929,The Last Command,1927,won,,,wikipedia-enum
oscar-best-actor,1929,The Way of All Flesh,1927,won,,,wikipedia-enum
oscar-best-actor,1930,In Old Arizona,1928,won,,,wikipedia-enum
oscar-best-actor,1930,Disraeli,1929,won,,,wikipedia-enum
oscar-best-actor,1931,A Free Soul,1930,won,,,wikipedia-enum
oscar-best-actor,1932,The Champ,1931,won,,,wikipedia-enum
oscar-best-actor,1932,Dr. Jekyll and Mr. Hyde,1931,won,,,wikipedia-enum
oscar-best-actor,1934,The Private Life of Henry VIII,1932,won,,,wikipedia-enum
oscar-best-actor,1935,It Happened One Night,1934,won,,,wikipedia-enum
oscar-best-actor,1936,The Informer,1935,won,,,wikipedia-enum
oscar-best-actor,1937,The Story of Louis Pasteur,1936,won,,,wikipedia-enum
oscar-best-actor,1938,Captains Courageous,1937,won,,,wikipedia-enum
oscar-best-actor,1939,Boys Town,1938,won,,,wikipedia-enum
oscar-best-actor,1940,"Goodbye, Mr. Chips",1939,won,,,wikipedia-enum
oscar-best-actor,1941,The Philadelphia Story,1940,won,,,wikipedia-enum
oscar-best-actor,1942,Sergeant York,1941,won,,,wikipedia-enum
oscar-best-actor,1943,Yankee Doodle Dandy,1942,won,,,wikipedia-enum
oscar-best-actor,1944,Watch on the Rhine,1943,won,,,wikipedia-enum
oscar-best-actor,1945,Going My Way,1944,won,,,wikipedia-enum
oscar-best-actor,1946,The Lost Weekend,1945,won,,,wikipedia-enum
oscar-best-actor,1947,The Best Years of Our Lives,1946,won,,,wikipedia-enum
oscar-best-actor,1948,A Double Life,1947,won,,,wikipedia-enum
oscar-best-actor,1949,Hamlet,1948,won,,,wikipedia-enum
oscar-best-actor,1950,All the King's Men,1949,won,,,wikipedia-enum
oscar-best-actor,1951,Cyrano de Bergerac,1950,won,,,wikipedia-enum
oscar-best-actor,1952,The African Queen,1951,won,,,wikipedia-enum
oscar-best-actor,1953,High Noon,1952,won,,,wikipedia-enum
oscar-best-actor,1954,Stalag 17,1953,won,,,wikipedia-enum
oscar-best-actor,1955,On the Waterfront,1954,won,,,wikipedia-enum
oscar-best-actor,1956,Marty,1955,won,,,wikipedia-enum
oscar-best-actor,1957,The King and I,1956,won,,,wikipedia-enum
oscar-best-actor,1958,The Bridge on the River Kwai,1957,won,,,wikipedia-enum
oscar-best-actor,1959,Separate Tables,1958,won,,,wikipedia-enum
oscar-best-actor,1960,Ben-Hur,1959,won,,,wikipedia-enum
oscar-best-actor,1961,Elmer Gantry,1960,won,,,wikipedia-enum
oscar-best-actor,1962,Judgment at Nuremberg,1961,won,,,wikipedia-enum
oscar-best-actor,1963,To Kill a Mockingbird,1962,won,,,wikipedia-enum
oscar-best-actor,1964,Lilies of the Field,1963,won,,,wikipedia-enum
oscar-best-actor,1965,My Fair Lady,1964,won,,,wikipedia-enum
oscar-best-actor,1966,Cat Ballou,1965,won,,,wikipedia-enum
oscar-best-actor,1967,A Man for All Seasons,1966,won,,,wikipedia-enum
oscar-best-actor,1968,In the Heat of the Night,1967,won,,,wikipedia-enum
oscar-best-actor,1969,Charly,1968,won,,,wikipedia-enum
oscar-best-actor,1970,True Grit,1969,won,,,wikipedia-enum
oscar-best-actor,1971,Patton,1970,won,,,wikipedia-enum
oscar-best-actor,1972,The French Connection,1971,won,,,wikipedia-enum
oscar-best-actor,1973,The Godfather,1972,won,,,wikipedia-enum
oscar-best-actor,1974,Save the Tiger,1973,won,,,wikipedia-enum
oscar-best-actor,1975,Harry and Tonto,1974,won,,,wikipedia-enum
oscar-best-actor,1976,One Flew Over the Cuckoo's Nest,1975,won,,,wikipedia-enum
oscar-best-actor,1977,Network,1976,won,,,wikipedia-enum
oscar-best-actor,1978,The Goodbye Girl,1977,won,,,wikipedia-enum
oscar-best-actor,1979,Coming Home,1978,won,,,wikipedia-enum
oscar-best-actor,1980,Kramer vs. Kramer,1979,won,,,wikipedia-enum
oscar-best-actor,1981,Raging Bull,1980,won,,,wikipedia-enum
oscar-best-actor,1982,On Golden Pond,1981,won,,,wikipedia-enum
oscar-best-actor,1983,Gandhi,1982,won,,,wikipedia-enum
oscar-best-actor,1984,Tender Mercies,1983,won,,,wikipedia-enum
oscar-best-actor,1985,Amadeus,1984,won,,,wikipedia-enum
oscar-best-actor,1986,Kiss of the Spider Woman,1985,won,,,wikipedia-enum
oscar-best-actor,1987,The Color of Money,1986,won,,,wikipedia-enum
oscar-best-actor,1988,Wall Street,1987,won,,,wikipedia-enum
oscar-best-actor,1989,Rain Man,1988,won,,,wikipedia-enum
oscar-best-actor,1990,My Left Foot,1989,won,,,wikipedia-enum
oscar-best-actor,1991,Reversal of Fortune,1990,won,,,wikipedia-enum
oscar-best-actor,1992,The Silence of the Lambs,1991,won,,,wikipedia-enum
oscar-best-actor,1993,Scent of a Woman,1992,won,,,wikipedia-enum
oscar-best-actor,1994,Philadelphia,1993,won,,,wikipedia-enum
oscar-best-actor,1995,Forrest Gump,1994,won,,,wikipedia-enum
oscar-best-actor,1996,Leaving Las Vegas,1995,won,,,wikipedia-enum
oscar-best-actor,1997,Shine,1996,won,,,wikipedia-enum
oscar-best-actor,1998,As Good as It Gets,1997,won,,,wikipedia-enum
oscar-best-actor,1999,Life Is Beautiful,1998,won,,,wikipedia-enum
oscar-best-actor,2000,American Beauty,1999,won,,,wikipedia-enum
oscar-best-actor,2001,Gladiator,2000,won,,,wikipedia-enum
oscar-best-actor,2002,Training Day,2001,won,,,wikipedia-enum
oscar-best-actor,2003,The Pianist,2002,won,,,wikipedia-enum
oscar-best-actor,2004,Mystic River,2003,won,,,wikipedia-enum
oscar-best-actor,2005,Ray,2004,won,,,wikipedia-enum
oscar-best-actor,2006,Capote,2005,won,,,wikipedia-enum
oscar-best-actor,2007,The Last King of Scotland,2006,won,,,wikipedia-enum
oscar-best-actor,2008,There Will Be Blood,2007,won,,,wikipedia-enum
oscar-best-actor,2009,Milk,2008,won,,,wikipedia-enum
oscar-best-actor,2010,Crazy Heart,2009,won,,,wikipedia-enum
oscar-best-actor,2011,The King's Speech,2010,won,,,wikipedia-enum
oscar-best-actor,2012,The Artist,2011,won,,,wikipedia-enum
oscar-best-actor,2013,Lincoln,2012,won,,,wikipedia-enum
oscar-best-actor,2014,Dallas Buyers Club,2013,won,,,wikipedia-enum
oscar-best-actor,2015,The Theory of Everything,2014,won,,,wikipedia-enum
oscar-best-actor,2016,The Revenant,2015,won,,,wikipedia-enum
oscar-best-actor,2017,Manchester by the Sea,2016,won,,,wikipedia-enum
oscar-best-actor,2018,Darkest Hour,2017,won,,,wikipedia-enum
oscar-best-actor,2019,Bohemian Rhapsody,2018,won,,,wikipedia-enum
oscar-best-actor,2020,Joker,2019,won,,,wikipedia-enum
oscar-best-actor,2021,The Father,2020,won,,,wikipedia-enum
oscar-best-actor,2022,King Richard,2021,won,,,wikipedia-enum
oscar-best-actor,2023,The Whale,2022,won,,,wikipedia-enum
oscar-best-actor,2024,Oppenheimer,2023,won,,,wikipedia-enum
oscar-best-actor,2025,The Brutalist,2024,won,,,wikipedia-enum
oscar-best-actress,1929,7th Heaven,1927,won,,,wikipedia-enum
oscar-best-actress,1929,Street Angel,1927,won,,,wikipedia-enum
oscar-best-actress,1929,Sunrise: A Song of Two Humans,1927,won,,,wikipedia-enum
oscar-best-actress,1930,Coquette,1928,won,,,wikipedia-enum
oscar-best-actress,1930,The Divorcee,1929,won,,,wikipedia-enum
oscar-best-actress,1931,Min and Bill,1930,won,,,wikipedia-enum
oscar-best-actress,1932,The Sin of Madelon Claudet,1931,won,,,wikipedia-enum
oscar-best-actress,1934,Morning Glory,1932,won,,,wikipedia-enum
oscar-best-actress,1935,It Happened One Night,1934,won,,,wikipedia-enum
oscar-best-actress,1936,Dangerous,1935,won,,,wikipedia-enum
oscar-best-actress,1937,The Great Ziegfeld,1936,won,,,wikipedia-enum
oscar-best-actress,1938,The Good Earth,1937,won,,,wikipedia-enum
oscar-best-actress,1939,Jezebel,1938,won,,,wikipedia-enum
oscar-best-actress,1940,Gone with the Wind,1939,won,,,wikipedia-enum
oscar-best-actress,1941,Kitty Foyle,1940,won,,,wikipedia-enum
oscar-best-actress,1942,Suspicion,1941,won,,,wikipedia-enum
oscar-best-actress,1943,Mrs. Miniver,1942,won,,,wikipedia-enum
oscar-best-actress,1944,The Song of Bernadette,1943,won,,,wikipedia-enum
oscar-best-actress,1945,Gaslight,1944,won,,,wikipedia-enum
oscar-best-actress,1946,Mildred Pierce,1945,won,,,wikipedia-enum
oscar-best-actress,1947,To Each His Own,1946,won,,,wikipedia-enum
oscar-best-actress,1948,The Farmer's Daughter,1947,won,,,wikipedia-enum
oscar-best-actress,1949,Johnny Belinda,1948,won,,,wikipedia-enum
oscar-best-actress,1950,The Heiress,1949,won,,,wikipedia-enum
oscar-best-actress,1951,Born Yesterday,1950,won,,,wikipedia-enum
oscar-best-actress,1952,A Streetcar Named Desire,1951,won,,,wikipedia-enum
oscar-best-actress,1953,"Come Back, Little Sheba",1952,won,,,wikipedia-enum
oscar-best-actress,1954,Roman Holiday,1953,won,,,wikipedia-enum
oscar-best-actress,1955,The Country Girl,1954,won,,,wikipedia-enum
oscar-best-actress,1956,The Rose Tattoo,1955,won,,,wikipedia-enum
oscar-best-actress,1957,Anastasia,1956,won,,,wikipedia-enum
oscar-best-actress,1958,The Three Faces of Eve,1957,won,,,wikipedia-enum
oscar-best-actress,1959,I Want to Live!,1958,won,,,wikipedia-enum
oscar-best-actress,1960,Room at the Top,1959,won,,,wikipedia-enum
oscar-best-actress,1961,BUtterfield 8,1960,won,,,wikipedia-enum
oscar-best-actress,1962,Two Women,1961,won,,,wikipedia-enum
oscar-best-actress,1963,The Miracle Worker,1962,won,,,wikipedia-enum
oscar-best-actress,1964,Hud,1963,won,,,wikipedia-enum
oscar-best-actress,1965,Mary Poppins,1964,won,,,wikipedia-enum
oscar-best-actress,1966,Darling,1965,won,,,wikipedia-enum
oscar-best-actress,1967,Who's Afraid of Virginia Woolf?,1966,won,,,wikipedia-enum
oscar-best-actress,1968,Guess Who's Coming to Dinner,1967,won,,,wikipedia-enum
oscar-best-actress,1969,The Lion in Winter,1968,won,,,wikipedia-enum
oscar-best-actress,1969,Funny Girl,1968,won,,,wikipedia-enum
oscar-best-actress,1970,The Prime of Miss Jean Brodie,1969,won,,,wikipedia-enum
oscar-best-actress,1971,Women in Love,1970,won,,,wikipedia-enum
oscar-best-actress,1972,Klute,1971,won,,,wikipedia-enum
oscar-best-actress,1973,Cabaret,1972,won,,,wikipedia-enum
oscar-best-actress,1974,A Touch of Class,1973,won,,,wikipedia-enum
oscar-best-actress,1975,Alice Doesn't Live Here Anymore,1974,won,,,wikipedia-enum
oscar-best-actress,1976,One Flew Over the Cuckoo's Nest,1975,won,,,wikipedia-enum
oscar-best-actress,1977,Network,1976,won,,,wikipedia-enum
oscar-best-actress,1978,Annie Hall,1977,won,,,wikipedia-enum
oscar-best-actress,1979,Coming Home,1978,won,,,wikipedia-enum
oscar-best-actress,1980,Norma Rae,1979,won,,,wikipedia-enum
oscar-best-actress,1981,Coal Miner's Daughter,1980,won,,,wikipedia-enum
oscar-best-actress,1982,On Golden Pond,1981,won,,,wikipedia-enum
oscar-best-actress,1983,Sophie's Choice,1982,won,,,wikipedia-enum
oscar-best-actress,1984,Terms of Endearment,1983,won,,,wikipedia-enum
oscar-best-actress,1985,Places in the Heart,1984,won,,,wikipedia-enum
oscar-best-actress,1986,The Trip to Bountiful,1985,won,,,wikipedia-enum
oscar-best-actress,1987,Children of a Lesser God,1986,won,,,wikipedia-enum
oscar-best-actress,1988,Moonstruck,1987,won,,,wikipedia-enum
oscar-best-actress,1989,The Accused,1988,won,,,wikipedia-enum
oscar-best-actress,1990,Driving Miss Daisy,1989,won,,,wikipedia-enum
oscar-best-actress,1991,Misery,1990,won,,,wikipedia-enum
oscar-best-actress,1992,The Silence of the Lambs,1991,won,,,wikipedia-enum
oscar-best-actress,1993,Howards End,1992,won,,,wikipedia-enum
oscar-best-actress,1994,The Piano,1993,won,,,wikipedia-enum
oscar-best-actress,1995,Blue Sky,1994,won,,,wikipedia-enum
oscar-best-actress,1996,Dead Man Walking,1995,won,,,wikipedia-enum
oscar-best-actress,1997,Fargo,1996,won,,,wikipedia-enum
oscar-best-actress,1998,As Good as It Gets,1997,won,,,wikipedia-enum
oscar-best-actress,1999,Shakespeare in Love,1998,won,,,wikipedia-enum
oscar-best-actress,2000,Boys Don't Cry,1999,won,,,wikipedia-enum
oscar-best-actress,2001,Erin Brockovich,2000,won,,,wikipedia-enum
oscar-best-actress,2002,Monster's Ball,2001,won,,,wikipedia-enum
oscar-best-actress,2003,The Hours,2002,won,,,wikipedia-enum
oscar-best-actress,2004,Monster,2003,won,,,wikipedia-enum
oscar-best-actress,2005,Million Dollar Baby,2004,won,,,wikipedia-enum
oscar-best-actress,2006,Walk the Line,2005,won,,,wikipedia-enum
oscar-best-actress,2007,The Queen,2006,won,,,wikipedia-enum
oscar-best-actress,2008,La Vie en Rose,2007,won,,,wikipedia-enum
oscar-best-actress,2009,The Reader,2008,won,,,wikipedia-enum
oscar-best-actress,2010,The Blind Side,2009,won,,,wikipedia-enum
oscar-best-actress,2011,Black Swan,2010,won,,,wikipedia-enum
oscar-best-actress,2012,The Iron Lady,2011,won,,,wikipedia-enum
oscar-best-actress,2013,Silver Linings Playbook,2012,won,,,wikipedia-enum
oscar-best-actress,2014,Blue Jasmine,2013,won,,,wikipedia-enum
oscar-best-actress,2015,Still Alice,2014,won,,,wikipedia-enum
oscar-best-actress,2016,Room,2015,won,,,wikipedia-enum
oscar-best-actress,2017,La La Land,2016,won,,,wikipedia-enum
oscar-best-actress,2018,"Three Billboards Outside Ebbing, Missouri",2017,won,,,wikipedia-enum
oscar-best-actress,2019,The Favourite,2018,won,,,wikipedia-enum
oscar-best-actress,2020,Judy,2019,won,,,wikipedia-enum
oscar-best-actress,2021,Nomadland,2020,won,,,wikipedia-enum
oscar-best-actress,2022,The Eyes of Tammy Faye,2021,won,,,wikipedia-enum
oscar-best-actress,2023,Everything Everywhere All at Once,2022,won,,,wikipedia-enum
oscar-best-actress,2024,Poor Things,2023,won,,,wikipedia-enum
oscar-best-actress,2025,Anora,2024,won,,,wikipedia-enum
oscar-best-original-screenplay,1941,The Great McGinty,1940,won,,,wikipedia-enum
oscar-best-original-screenplay,1942,Citizen Kane,1941,won,,,wikipedia-enum
oscar-best-original-screenplay,1943,Woman of the Year,1942,won,,,wikipedia-enum
oscar-best-original-screenplay,1944,Princess O'Rourke,1943,won,,,wikipedia-enum
oscar-best-original-screenplay,1945,Wilson,1944,won,,,wikipedia-enum
oscar-best-original-screenplay,1946,Marie-Louise,1945,won,,,wikipedia-enum
oscar-best-original-screenplay,1947,The Seventh Veil,1946,won,,,wikipedia-enum
oscar-best-original-screenplay,1948,The Bachelor and the Bobby-Soxer,1947,won,,,wikipedia-enum
oscar-best-original-screenplay,1950,Battleground,1949,won,,,wikipedia-enum
oscar-best-original-screenplay,1951,Sunset Boulevard,1950,won,,,wikipedia-enum
oscar-best-original-screenplay,1952,An American in Paris,1951,won,,,wikipedia-enum
oscar-best-original-screenplay,1953,The Lavender Hill Mob,1952,won,,,wikipedia-enum
oscar-best-original-screenplay,1954,Titanic,1953,won,,,wikipedia-enum
oscar-best-original-screenplay,1955,On the Waterfront,1954,won,,,wikipedia-enum
oscar-best-original-screenplay,1956,Interrupted Melody,1955,won,,,wikipedia-enum
oscar-best-original-screenplay,1957,The Red Balloon,1956,won,,,wikipedia-enum
oscar-best-original-screenplay,1958,Designing Woman,1957,won,,,wikipedia-enum
oscar-best-original-screenplay,1959,The Defiant Ones,1958,won,,,wikipedia-enum
oscar-best-original-screenplay,1960,Pillow Talk,1959,won,,,wikipedia-enum
oscar-best-original-screenplay,1961,The Apartment,1960,won,,,wikipedia-enum
oscar-best-original-screenplay,1962,Splendor in the Grass,1961,won,,,wikipedia-enum
oscar-best-original-screenplay,1963,Divorce Italian Style,1962,won,,,wikipedia-enum
oscar-best-original-screenplay,1964,How the West Was Won,1963,won,,,wikipedia-enum
oscar-best-original-screenplay,1965,Father Goose,1964,won,,,wikipedia-enum
oscar-best-original-screenplay,1966,Darling,1965,won,,,wikipedia-enum
oscar-best-original-screenplay,1967,A Man and a Woman,1966,won,,,wikipedia-enum
oscar-best-original-screenplay,1968,Guess Who's Coming to Dinner,1967,won,,,wikipedia-enum
oscar-best-original-screenplay,1969,The Producers,1968,won,,,wikipedia-enum
oscar-best-original-screenplay,1970,Butch Cassidy and the Sundance Kid,1969,won,,,wikipedia-enum
oscar-best-original-screenplay,1971,Patton,1970,won,,,wikipedia-enum
oscar-best-original-screenplay,1972,The Hospital,1971,won,,,wikipedia-enum
oscar-best-original-screenplay,1973,The Candidate,1972,won,,,wikipedia-enum
oscar-best-original-screenplay,1974,The Sting,1973,won,,,wikipedia-enum
oscar-best-original-screenplay,1975,Chinatown,1974,won,,,wikipedia-enum
oscar-best-original-screenplay,1976,Dog Day Afternoon,1975,won,,,wikipedia-enum
oscar-best-original-screenplay,1977,Network,1976,won,,,wikipedia-enum
oscar-best-original-screenplay,1978,Annie Hall,1977,won,,,wikipedia-enum
oscar-best-original-screenplay,1979,Coming Home,1978,won,,,wikipedia-enum
oscar-best-original-screenplay,1980,Breaking Away,1979,won,,,wikipedia-enum
oscar-best-original-screenplay,1981,Melvin and Howard,1980,won,,,wikipedia-enum
oscar-best-original-screenplay,1982,Chariots of Fire,1981,won,,,wikipedia-enum
oscar-best-original-screenplay,1983,Gandhi,1982,won,,,wikipedia-enum
oscar-best-original-screenplay,1984,Tender Mercies,1983,won,,,wikipedia-enum
oscar-best-original-screenplay,1985,Places in the Heart,1984,won,,,wikipedia-enum
oscar-best-original-screenplay,1986,Witness,1985,won,,,wikipedia-enum
oscar-best-original-screenplay,1987,Hannah and Her Sisters,1986,won,,,wikipedia-enum
oscar-best-original-screenplay,1988,Moonstruck,1987,won,,,wikipedia-enum
oscar-best-original-screenplay,1989,Rain Man,1988,won,,,wikipedia-enum
oscar-best-original-screenplay,1990,Dead Poets Society,1989,won,,,wikipedia-enum
oscar-best-original-screenplay,1991,Ghost,1990,won,,,wikipedia-enum
oscar-best-original-screenplay,1992,Thelma & Louise,1991,won,,,wikipedia-enum
oscar-best-original-screenplay,1993,The Crying Game,1992,won,,,wikipedia-enum
oscar-best-original-screenplay,1994,The Piano,1993,won,,,wikipedia-enum
oscar-best-original-screenplay,1995,Pulp Fiction,1994,won,,,wikipedia-enum
oscar-best-original-screenplay,1996,The Usual Suspects,1995,won,,,wikipedia-enum
oscar-best-original-screenplay,1997,Fargo,1996,won,,,wikipedia-enum
oscar-best-original-screenplay,1998,Good Will Hunting,1997,won,,,wikipedia-enum
oscar-best-original-screenplay,1999,Shakespeare in Love,1998,won,,,wikipedia-enum
oscar-best-original-screenplay,2000,American Beauty,1999,won,,,wikipedia-enum
oscar-best-original-screenplay,2001,Almost Famous,2000,won,,,wikipedia-enum
oscar-best-original-screenplay,2002,Gosford Park,2001,won,,,wikipedia-enum
oscar-best-original-screenplay,2003,Talk to Her,2002,won,,,wikipedia-enum
oscar-best-original-screenplay,2004,Lost in Translation,2003,won,,,wikipedia-enum
oscar-best-original-screenplay,2005,Eternal Sunshine of the Spotless Mind,2004,won,,,wikipedia-enum
oscar-best-original-screenplay,2006,Crash,2005,won,,,wikipedia-enum
oscar-best-original-screenplay,2007,Little Miss Sunshine,2006,won,,,wikipedia-enum
oscar-best-original-screenplay,2008,Juno,2007,won,,,wikipedia-enum
oscar-best-original-screenplay,2009,Milk,2008,won,,,wikipedia-enum
oscar-best-original-screenplay,2010,The Hurt Locker,2009,won,,,wikipedia-enum
oscar-best-original-screenplay,2011,The King's Speech,2010,won,,,wikipedia-enum
oscar-best-original-screenplay,2012,Midnight in Paris,2011,won,,,wikipedia-enum
oscar-best-original-screenplay,2013,Django Unchained,2012,won,,,wikipedia-enum
oscar-best-original-screenplay,2014,Her,2013,won,,,wikipedia-enum
oscar-best-original-screenplay,2015,Birdman,2014,won,,,wikipedia-enum
oscar-best-original-screenplay,2016,Spotlight,2015,won,,,wikipedia-enum
oscar-best-original-screenplay,2017,Manchester by the Sea,2016,won,,,wikipedia-enum
oscar-best-original-screenplay,2018,Get Out,2017,won,,,wikipedia-enum
oscar-best-original-screenplay,2019,Green Book,2018,won,,,wikipedia-enum
oscar-best-original-screenplay,2020,Parasite,2019,won,,,wikipedia-enum
oscar-best-original-screenplay,2021,Promising Young Woman,2020,won,,,wikipedia-enum
oscar-best-original-screenplay,2022,Belfast,2021,won,,,wikipedia-enum
oscar-best-original-screenplay,2023,Everything Everywhere All at Once,2022,won,,,wikipedia-enum
oscar-best-original-screenplay,2024,Anatomy of a Fall,2023,won,,,wikipedia-enum
oscar-best-original-screenplay,2025,Anora,2024,won,,,wikipedia-enum
oscar-best-adapted-screenplay,1932,Bad Girl,1931,won,,,wikipedia-enum
oscar-best-adapted-screenplay,1934,Little Women,1932,won,,,wikipedia-enum
oscar-best-adapted-screenplay,1935,It Happened One Night,1934,won,,,wikipedia-enum
oscar-best-adapted-screenplay,1936,The Informer,1935,won,,,wikipedia-enum
oscar-best-adapted-screenplay,1937,The Story of Louis Pasteur,1936,won,,,wikipedia-enum
oscar-best-adapted-screenplay,1938,The Life of Emile Zola,1937,won,,,wikipedia-enum
oscar-best-adapted-screenplay,1939,Pygmalion,1938,won,,,wikipedia-enum
oscar-best-adapted-screenplay,1940,Gone with the Wind,1939,won,,,wikipedia-enum
oscar-best-adapted-screenplay,1941,The Philadelphia Story,1940,won,,,wikipedia-enum
oscar-best-adapted-screenplay,1942,Here Comes Mr. Jordan,1941,won,,,wikipedia-enum
oscar-best-adapted-screenplay,1943,Mrs. Miniver,1942,won,,,wikipedia-enum
oscar-best-adapted-screenplay,1944,Casablanca,1943,won,,,wikipedia-enum
oscar-best-adapted-screenplay,1945,Going My Way,1944,won,,,wikipedia-enum
oscar-best-adapted-screenplay,1946,The Lost Weekend,1945,won,,,wikipedia-enum
oscar-best-adapted-screenplay,1947,The Best Years of Our Lives,1946,won,,,wikipedia-enum
oscar-best-adapted-screenplay,1948,Miracle on 34th Street,1947,won,,,wikipedia-enum
oscar-best-adapted-screenplay,1949,The Treasure of the Sierra Madre,1948,won,,,wikipedia-enum
oscar-best-adapted-screenplay,1950,A Letter to Three Wives,1949,won,,,wikipedia-enum
oscar-best-adapted-screenplay,1951,All About Eve,1950,won,,,wikipedia-enum
oscar-best-adapted-screenplay,1952,A Place in the Sun,1951,won,,,wikipedia-enum
oscar-best-adapted-screenplay,1953,The Bad and the Beautiful,1952,won,,,wikipedia-enum
oscar-best-adapted-screenplay,1954,From Here to Eternity,1953,won,,,wikipedia-enum
oscar-best-adapted-screenplay,1955,The Country Girl,1954,won,,,wikipedia-enum
oscar-best-adapted-screenplay,1956,Marty,1955,won,,,wikipedia-enum
oscar-best-adapted-screenplay,1957,Around the World in 80 Days,1956,won,,,wikipedia-enum
oscar-best-adapted-screenplay,1958,The Bridge on the River Kwai,1957,won,,,wikipedia-enum
oscar-best-adapted-screenplay,1959,Gigi,1958,won,,,wikipedia-enum
oscar-best-adapted-screenplay,1960,Room at the Top,1959,won,,,wikipedia-enum
oscar-best-adapted-screenplay,1961,Elmer Gantry,1960,won,,,wikipedia-enum
oscar-best-adapted-screenplay,1962,Judgment at Nuremberg,1961,won,,,wikipedia-enum
oscar-best-adapted-screenplay,1963,To Kill a Mockingbird,1962,won,,,wikipedia-enum
oscar-best-adapted-screenplay,1964,Tom Jones,1963,won,,,wikipedia-enum
oscar-best-adapted-screenplay,1965,Becket,1964,won,,,wikipedia-enum
oscar-best-adapted-screenplay,1966,Doctor Zhivago,1965,won,,,wikipedia-enum
oscar-best-adapted-screenplay,1967,A Man for All Seasons,1966,won,,,wikipedia-enum
oscar-best-adapted-screenplay,1968,In the Heat of the Night,1967,won,,,wikipedia-enum
oscar-best-adapted-screenplay,1969,The Lion in Winter,1968,won,,,wikipedia-enum
oscar-best-adapted-screenplay,1970,Midnight Cowboy,1969,won,,,wikipedia-enum
oscar-best-adapted-screenplay,1971,M*A*S*H,1970,won,,,wikipedia-enum
oscar-best-adapted-screenplay,1972,The French Connection,1971,won,,,wikipedia-enum
oscar-best-adapted-screenplay,1973,The Godfather,1972,won,,,wikipedia-enum
oscar-best-adapted-screenplay,1974,The Exorcist,1973,won,,,wikipedia-enum
oscar-best-adapted-screenplay,1975,The Godfather Part II,1974,won,,,wikipedia-enum
oscar-best-adapted-screenplay,1976,One Flew Over the Cuckoo's Nest,1975,won,,,wikipedia-enum
oscar-best-adapted-screenplay,1977,All the President's Men,1976,won,,,wikipedia-enum
oscar-best-adapted-screenplay,1978,Julia,1977,won,,,wikipedia-enum
oscar-best-adapted-screenplay,1979,Midnight Express,1978,won,,,wikipedia-enum
oscar-best-adapted-screenplay,1980,Kramer vs. Kramer,1979,won,,,wikipedia-enum
oscar-best-adapted-screenplay,1981,Ordinary People,1980,won,,,wikipedia-enum
oscar-best-adapted-screenplay,1982,On Golden Pond,1981,won,,,wikipedia-enum
oscar-best-adapted-screenplay,1983,Missing,1982,won,,,wikipedia-enum
oscar-best-adapted-screenplay,1984,Terms of Endearment,1983,won,,,wikipedia-enum
oscar-best-adapted-screenplay,1985,Amadeus,1984,won,,,wikipedia-enum
oscar-best-adapted-screenplay,1986,Out of Africa,1985,won,,,wikipedia-enum
oscar-best-adapted-screenplay,1987,A Room with a View,1986,won,,,wikipedia-enum
oscar-best-adapted-screenplay,1988,The Last Emperor,1987,won,,,wikipedia-enum
oscar-best-adapted-screenplay,1989,Dangerous Liaisons,1988,won,,,wikipedia-enum
oscar-best-adapted-screenplay,1990,Driving Miss Daisy,1989,won,,,wikipedia-enum
oscar-best-adapted-screenplay,1991,Dances with Wolves,1990,won,,,wikipedia-enum
oscar-best-adapted-screenplay,1992,The Silence of the Lambs,1991,won,,,wikipedia-enum
oscar-best-adapted-screenplay,1993,Howards End,1992,won,,,wikipedia-enum
oscar-best-adapted-screenplay,1994,Schindler's List,1993,won,,,wikipedia-enum
oscar-best-adapted-screenplay,1995,Forrest Gump,1994,won,,,wikipedia-enum
oscar-best-adapted-screenplay,1996,Sense and Sensibility,1995,won,,,wikipedia-enum
oscar-best-adapted-screenplay,1997,Sling Blade,1996,won,,,wikipedia-enum
oscar-best-adapted-screenplay,1998,L.A. Confidential,1997,won,,,wikipedia-enum
oscar-best-adapted-screenplay,1999,Gods and Monsters,1998,won,,,wikipedia-enum
oscar-best-adapted-screenplay,2000,The Cider House Rules,1999,won,,,wikipedia-enum
oscar-best-adapted-screenplay,2001,Traffic,2000,won,,,wikipedia-enum
oscar-best-adapted-screenplay,2002,A Beautiful Mind,2001,won,,,wikipedia-enum
oscar-best-adapted-screenplay,2003,The Pianist,2002,won,,,wikipedia-enum
oscar-best-adapted-screenplay,2004,The Lord of the Rings: The Return of the King,2003,won,,,wikipedia-enum
oscar-best-adapted-screenplay,2005,Sideways,2004,won,,,wikipedia-enum
oscar-best-adapted-screenplay,2006,Brokeback Mountain,2005,won,,,wikipedia-enum
oscar-best-adapted-screenplay,2007,The Departed,2006,won,,,wikipedia-enum
oscar-best-adapted-screenplay,2008,No Country for Old Men,2007,won,,,wikipedia-enum
oscar-best-adapted-screenplay,2009,Slumdog Millionaire,2008,won,,,wikipedia-enum
oscar-best-adapted-screenplay,2010,Precious,2009,won,,,wikipedia-enum
oscar-best-adapted-screenplay,2011,The Social Network,2010,won,,,wikipedia-enum
oscar-best-adapted-screenplay,2012,The Descendants,2011,won,,,wikipedia-enum
oscar-best-adapted-screenplay,2013,Argo,2012,won,,,wikipedia-enum
oscar-best-adapted-screenplay,2014,12 Years a Slave,2013,won,,,wikipedia-enum
oscar-best-adapted-screenplay,2015,The Imitation Game,2014,won,,,wikipedia-enum
oscar-best-adapted-screenplay,2016,The Big Short,2015,won,,,wikipedia-enum
oscar-best-adapted-screenplay,2017,Moonlight,2016,won,,,wikipedia-enum
oscar-best-adapted-screenplay,2018,Call Me by Your Name,2017,won,,,wikipedia-enum
oscar-best-adapted-screenplay,2019,BlacKkKlansman,2018,won,,,wikipedia-enum
oscar-best-adapted-screenplay,2020,Jojo Rabbit,2019,won,,,wikipedia-enum
oscar-best-adapted-screenplay,2021,The Father,2020,won,,,wikipedia-enum
oscar-best-adapted-screenplay,2022,CODA,2021,won,,,wikipedia-enum
oscar-best-adapted-screenplay,2023,Women Talking,2022,won,,,wikipedia-enum
oscar-best-adapted-screenplay,2024,American Fiction,2023,won,,,wikipedia-enum
oscar-best-adapted-screenplay,2025,Conclave,2024,won,,,wikipedia-enum
bafta-best-director,1969,The Graduate,1968,won,,,wikipedia-enum
bafta-best-director,1970,Midnight Cowboy,1969,won,,,wikipedia-enum
bafta-best-director,1971,Butch Cassidy and the Sundance Kid,1970,won,,,wikipedia-enum
bafta-best-director,1972,Sunday Bloody Sunday,1971,won,,,wikipedia-enum
bafta-best-director,1973,Cabaret,1972,won,,,wikipedia-enum
bafta-best-director,1974,Day for Night,1973,won,,,wikipedia-enum
bafta-best-director,1975,Chinatown,1974,won,,,wikipedia-enum
bafta-best-director,1976,Barry Lyndon,1975,won,,,wikipedia-enum
bafta-best-director,1977,One Flew Over the Cuckoo's Nest,1976,won,,,wikipedia-enum
bafta-best-director,1978,Annie Hall,1977,won,,,wikipedia-enum
bafta-best-director,1979,Midnight Express,1978,won,,,wikipedia-enum
bafta-best-director,1980,Apocalypse Now,1979,won,,,wikipedia-enum
bafta-best-director,1981,Kagemusha,1980,won,,,wikipedia-enum
bafta-best-director,1982,Atlantic City,1981,won,,,wikipedia-enum
bafta-best-director,1983,Gandhi,1982,won,,,wikipedia-enum
bafta-best-director,1984,Local Hero,1983,won,,,wikipedia-enum
bafta-best-director,1985,"Paris, Texas",1984,won,,,wikipedia-enum
bafta-best-director,1987,Hannah and Her Sisters,1986,won,,,wikipedia-enum
bafta-best-director,1988,Platoon,1987,won,,,wikipedia-enum
bafta-best-director,1989,Au revoir les enfants,1988,won,,,wikipedia-enum
bafta-best-director,1990,Henry V,1989,won,,,wikipedia-enum
bafta-best-director,1991,Goodfellas,1990,won,,,wikipedia-enum
bafta-best-director,1992,The Commitments,1991,won,,,wikipedia-enum
bafta-best-director,1993,The Player,1992,won,,,wikipedia-enum
bafta-best-director,1994,Schindler's List,1993,won,,,wikipedia-enum
bafta-best-director,1995,Four Weddings and a Funeral,1994,won,,,wikipedia-enum
bafta-best-director,1996,Il Postino: The Postman,1995,won,,,wikipedia-enum
bafta-best-director,1997,Fargo,1996,won,,,wikipedia-enum
bafta-best-director,1998,Romeo + Juliet,1997,won,,,wikipedia-enum
bafta-best-director,1999,The Truman Show,1998,won,,,wikipedia-enum
bafta-best-director,2000,All About My Mother,1999,won,,,wikipedia-enum
bafta-best-director,2001,"Crouching Tiger, Hidden Dragon",2000,won,,,wikipedia-enum
bafta-best-director,2002,The Lord of the Rings: The Fellowship of the Ring,2001,won,,,wikipedia-enum
bafta-best-director,2003,The Pianist,2002,won,,,wikipedia-enum
bafta-best-director,2004,Master and Commander: The Far Side of the World,2003,won,,,wikipedia-enum
bafta-best-director,2005,Vera Drake,2004,won,,,wikipedia-enum
bafta-best-director,2006,Brokeback Mountain,2005,won,,,wikipedia-enum
bafta-best-director,2007,United 93,2006,won,,,wikipedia-enum
bafta-best-director,2008,No Country for Old Men,2007,won,,,wikipedia-enum
bafta-best-director,2009,Slumdog Millionaire,2008,won,,,wikipedia-enum
bafta-best-director,2010,The Hurt Locker,2009,won,,,wikipedia-enum
bafta-best-director,2011,The Social Network,2010,won,,,wikipedia-enum
bafta-best-director,2012,The Artist,2011,won,,,wikipedia-enum
bafta-best-director,2013,Argo,2012,won,,,wikipedia-enum
bafta-best-director,2014,Gravity,2013,won,,,wikipedia-enum
bafta-best-director,2015,Boyhood,2014,won,,,wikipedia-enum
bafta-best-director,2016,The Revenant,2015,won,,,wikipedia-enum
bafta-best-director,2017,La La Land,2016,won,,,wikipedia-enum
bafta-best-director,2018,The Shape of Water,2017,won,,,wikipedia-enum
bafta-best-director,2019,Roma,2018,won,,,wikipedia-enum
bafta-best-director,2020,1917,2019,won,,,wikipedia-enum
bafta-best-director,2021,Nomadland,2020,won,,,wikipedia-enum
bafta-best-director,2022,The Power of the Dog,2021,won,,,wikipedia-enum
bafta-best-director,2023,All Quiet on the Western Front,2022,won,,,wikipedia-enum
bafta-best-director,2024,Oppenheimer,2023,won,,,wikipedia-enum
bafta-best-director,2025,The Brutalist,2024,won,,,wikipedia-enum
venice-silver-lion-best-director,1990,Goodfellas,1990,won,,,wikipedia-enum
venice-silver-lion-best-director,1998,"Black Cat, White Cat",1998,won,,,wikipedia-enum
venice-silver-lion-best-director,1999,Seventeen Years,1999,won,,,wikipedia-enum
venice-silver-lion-best-director,2000,Uttara,2000,won,,,wikipedia-enum
venice-silver-lion-best-director,2001,Secret Ballot,2001,won,,,wikipedia-enum
venice-silver-lion-best-director,2002,Oasis,2002,won,,,wikipedia-enum
venice-silver-lion-best-director,2003,Zatoichi,2003,won,,,wikipedia-enum
venice-silver-lion-best-director,2004,3-Iron,2004,won,,,wikipedia-enum
venice-silver-lion-best-director,2005,Regular Lovers,2005,won,,,wikipedia-enum
venice-silver-lion-best-director,2006,Private Fears in Public Places,2006,won,,,wikipedia-enum
venice-silver-lion-best-director,2007,Redacted,2007,won,,,wikipedia-enum
venice-silver-lion-best-director,2008,Paper Soldier,2008,won,,,wikipedia-enum
venice-silver-lion-best-director,2009,Women Without Men,2009,won,,,wikipedia-enum
venice-silver-lion-best-director,2010,The Last Circus,2010,won,,,wikipedia-enum
venice-silver-lion-best-director,2011,People Mountain People Sea,2011,won,,,wikipedia-enum
venice-silver-lion-best-director,2012,The Master,2012,won,,,wikipedia-enum
venice-silver-lion-best-director,2013,Miss Violence,2013,won,,,wikipedia-enum
venice-silver-lion-best-director,2014,The Postman's White Nights,2014,won,,,wikipedia-enum
venice-silver-lion-best-director,2015,The Clan,2015,won,,,wikipedia-enum
venice-silver-lion-best-director,2016,The Untamed,2016,won,,shared,wikipedia-enum
venice-silver-lion-best-director,2016,Paradise,2016,won,,shared,wikipedia-enum
venice-silver-lion-best-director,2017,Custody,2017,won,,,wikipedia-enum
venice-silver-lion-best-director,2018,The Sisters Brothers,2018,won,,,wikipedia-enum
venice-silver-lion-best-director,2019,About Endlessness,2019,won,,,wikipedia-enum
venice-silver-lion-best-director,2020,Wife of a Spy,2020,won,,,wikipedia-enum
venice-silver-lion-best-director,2021,The Power of the Dog,2021,won,,,wikipedia-enum
venice-silver-lion-best-director,2022,Bones and All,2022,won,,,wikipedia-enum
venice-silver-lion-best-director,2023,Io Capitano,2023,won,,,wikipedia-enum
venice-silver-lion-best-director,2024,The Brutalist,2024,won,,,wikipedia-enum
venice-silver-lion-best-director,2025,The Smashing Machine,2025,won,,,wikipedia-enum
venice-volpi-cup-best-actor,1932,Dr. Jekyll and Mr. Hyde,1931,won,,,wikipedia-enum
venice-volpi-cup-best-actor,1934,Viva Villa!,1934,won,,,wikipedia-enum
venice-volpi-cup-best-actor,1935,Crime and Punishment,1935,won,,,wikipedia-enum
venice-volpi-cup-best-actor,1936,The Story of Louis Pasteur,1936,won,,,wikipedia-enum
venice-volpi-cup-best-actor,1937,The Ruler,1937,won,,,wikipedia-enum
venice-volpi-cup-best-actor,1938,Pygmalion,1938,won,,,wikipedia-enum
venice-volpi-cup-best-actor,1941,Don Buonaparte,1941,won,,,wikipedia-enum
venice-volpi-cup-best-actor,1942,Bengasi,1942,won,,,wikipedia-enum
venice-volpi-cup-best-actor,1947,Monsieur Vincent,1947,won,,,wikipedia-enum
venice-volpi-cup-best-actor,1948,The Trial,1948,won,,,wikipedia-enum
venice-volpi-cup-best-actor,1949,Portrait of Jennie,1948,won,,,wikipedia-enum
venice-volpi-cup-best-actor,1950,The Asphalt Jungle,1950,won,,,wikipedia-enum
venice-volpi-cup-best-actor,1951,The Night Is My Kingdom,1951,won,,,wikipedia-enum
venice-volpi-cup-best-actor,1952,Death of a Salesman,1951,won,,,wikipedia-enum
venice-volpi-cup-best-actor,1953,Good Lord Without Confession,1953,won,,,wikipedia-enum
venice-volpi-cup-best-actor,1954,The Air of Paris,1954,won,,shared,wikipedia-enum
venice-volpi-cup-best-actor,1954,Honour Among Thieves,1954,won,,shared,wikipedia-enum
venice-volpi-cup-best-actor,1955,The Heroes Are Tired,1955,won,,shared,wikipedia-enum
venice-volpi-cup-best-actor,1955,The Deep Blue Sea,1955,won,,shared,wikipedia-enum
venice-volpi-cup-best-actor,1956,La Traversee de Paris,1956,won,,,wikipedia-enum
venice-volpi-cup-best-actor,1957,A Hatful of Rain,1957,won,,,wikipedia-enum
venice-volpi-cup-best-actor,1958,The Horse's Mouth,1958,won,,,wikipedia-enum
venice-volpi-cup-best-actor,1959,Anatomy of a Murder,1959,won,,,wikipedia-enum
venice-volpi-cup-best-actor,1960,Tunes of Glory,1960,won,,,wikipedia-enum
venice-volpi-cup-best-actor,1961,Yojimbo,1961,won,,,wikipedia-enum
venice-volpi-cup-best-actor,1962,Birdman of Alcatraz,1962,won,,,wikipedia-enum
venice-volpi-cup-best-actor,1963,Tom Jones,1963,won,,,wikipedia-enum
venice-volpi-cup-best-actor,1964,King and Country,1964,won,,,wikipedia-enum
venice-volpi-cup-best-actor,1965,Red Beard,1965,won,,,wikipedia-enum
venice-volpi-cup-best-actor,1966,Almost a Man,1966,won,,,wikipedia-enum
venice-volpi-cup-best-actor,1967,The Morning,1967,won,,,wikipedia-enum
venice-volpi-cup-best-actor,1968,Faces,1968,won,,,wikipedia-enum
venice-volpi-cup-best-actor,1983,Streamers,1983,won,,,wikipedia-enum
venice-volpi-cup-best-actor,1984,Paar,1984,won,,,wikipedia-enum
venice-volpi-cup-best-actor,1985,Police,1985,won,,,wikipedia-enum
venice-volpi-cup-best-actor,1986,Christmas Present,1986,won,,,wikipedia-enum
venice-volpi-cup-best-actor,1987,Maurice,1987,won,,,wikipedia-enum
venice-volpi-cup-best-actor,1988,Things Change,1988,won,,,wikipedia-enum
venice-volpi-cup-best-actor,1989,What Time Is It?,1989,won,,,wikipedia-enum
venice-volpi-cup-best-actor,1990,The Only Witness,1990,won,,,wikipedia-enum
venice-volpi-cup-best-actor,1991,My Own Private Idaho,1991,won,,,wikipedia-enum
venice-volpi-cup-best-actor,1992,Glengarry Glen Ross,1992,won,,,wikipedia-enum
venice-volpi-cup-best-actor,1993,A Soul Split in Two,1993,won,,,wikipedia-enum
venice-volpi-cup-best-actor,1994,In the Heat of the Sun,1994,won,,,wikipedia-enum
venice-volpi-cup-best-actor,1995,Deathmaker,1995,won,,,wikipedia-enum
venice-volpi-cup-best-actor,1996,Michael Collins,1996,won,,,wikipedia-enum
venice-volpi-cup-best-actor,1997,One Night Stand,1997,won,,,wikipedia-enum
venice-volpi-cup-best-actor,1998,Hurlyburly,1998,won,,,wikipedia-enum
venice-volpi-cup-best-actor,1999,Topsy-Turvy,1999,won,,,wikipedia-enum
venice-volpi-cup-best-actor,2000,Before Night Falls,2000,won,,,wikipedia-enum
venice-volpi-cup-best-actor,2001,Light of My Eyes,2001,won,,,wikipedia-enum
venice-volpi-cup-best-actor,2002,A Journey Called Love,2002,won,,,wikipedia-enum
venice-volpi-cup-best-actor,2003,21 Grams,2003,won,,,wikipedia-enum
venice-volpi-cup-best-actor,2004,The Sea Inside,2004,won,,,wikipedia-enum
venice-volpi-cup-best-actor,2005,"Good Night, and Good Luck",2005,won,,,wikipedia-enum
venice-volpi-cup-best-actor,2006,Hollywoodland,2006,won,,,wikipedia-enum
venice-volpi-cup-best-actor,2007,The Assassination of Jesse James by the Coward Robert Ford,2007,won,,,wikipedia-enum
venice-volpi-cup-best-actor,2008,Giovanna's Father,2008,won,,,wikipedia-enum
venice-volpi-cup-best-actor,2009,A Single Man,2009,won,,,wikipedia-enum
venice-volpi-cup-best-actor,2010,Essential Killing,2010,won,,,wikipedia-enum
venice-volpi-cup-best-actor,2011,Shame,2011,won,,,wikipedia-enum
venice-volpi-cup-best-actor,2012,The Master,2012,won,,shared,wikipedia-enum
venice-volpi-cup-best-actor,2013,Miss Violence,2013,won,,,wikipedia-enum
venice-volpi-cup-best-actor,2014,Hungry Hearts,2014,won,,,wikipedia-enum
venice-volpi-cup-best-actor,2015,Courted,2015,won,,,wikipedia-enum
venice-volpi-cup-best-actor,2016,The Distinguished Citizen,2016,won,,,wikipedia-enum
venice-volpi-cup-best-actor,2017,The Insult,2017,won,,,wikipedia-enum
venice-volpi-cup-best-actor,2018,At Eternity's Gate,2018,won,,,wikipedia-enum
venice-volpi-cup-best-actor,2019,Martin Eden,2019,won,,,wikipedia-enum
venice-volpi-cup-best-actor,2020,Padrenostro,2020,won,,,wikipedia-enum
venice-volpi-cup-best-actor,2021,On the Job: The Missing 8,2021,won,,,wikipedia-enum
venice-volpi-cup-best-actor,2022,The Banshees of Inisherin,2022,won,,,wikipedia-enum
venice-volpi-cup-best-actor,2023,Memory,2023,won,,,wikipedia-enum
venice-volpi-cup-best-actor,2024,The Quiet Son,2024,won,,,wikipedia-enum
venice-volpi-cup-best-actor,2025,La grazia,2025,won,,,wikipedia-enum
venice-volpi-cup-best-actress,1932,The Sin of Madelon Claudet,1931,won,,,wikipedia-enum
venice-volpi-cup-best-actress,1934,Little Women,1933,won,,,wikipedia-enum
venice-volpi-cup-best-actress,1935,Episode,1935,won,,,wikipedia-enum
venice-volpi-cup-best-actress,1936,Veille d'armes,1936,won,,,wikipedia-enum
venice-volpi-cup-best-actress,1937,Marked Woman,1937,won,,,wikipedia-enum
venice-volpi-cup-best-actress,1938,Marie Antoinette,1938,won,,,wikipedia-enum
venice-volpi-cup-best-actress,1941,Annelie,1941,won,,,wikipedia-enum
venice-volpi-cup-best-actress,1942,The Golden City,1942,won,,,wikipedia-enum
venice-volpi-cup-best-actress,1947,Angelina,1947,won,,,wikipedia-enum
venice-volpi-cup-best-actress,1948,Hamlet,1948,won,,,wikipedia-enum
venice-volpi-cup-best-actress,1949,The Snake Pit,1948,won,,,wikipedia-enum
venice-volpi-cup-best-actress,1950,Caged,1950,won,,,wikipedia-enum
venice-volpi-cup-best-actress,1951,A Streetcar Named Desire,1951,won,,,wikipedia-enum
venice-volpi-cup-best-actress,1952,Europe '51,1952,won,,,wikipedia-enum
venice-volpi-cup-best-actress,1953,The Four Poster,1952,won,,,wikipedia-enum
venice-volpi-cup-best-actress,1956,Gervaise,1956,won,,,wikipedia-enum
venice-volpi-cup-best-actress,1957,Malva,1957,won,,,wikipedia-enum
venice-volpi-cup-best-actress,1958,The Black Orchid,1958,won,,,wikipedia-enum
venice-volpi-cup-best-actress,1959,Web of Passion,1959,won,,,wikipedia-enum
venice-volpi-cup-best-actress,1960,The Apartment,1960,won,,,wikipedia-enum
venice-volpi-cup-best-actress,1961,Thou Shalt Not Kill,1961,won,,,wikipedia-enum
venice-volpi-cup-best-actress,1962,Therese Desqueyroux,1962,won,,,wikipedia-enum
venice-volpi-cup-best-actress,1963,Muriel,1963,won,,,wikipedia-enum
venice-volpi-cup-best-actress,1964,To Love,1964,won,,,wikipedia-enum
venice-volpi-cup-best-actress,1965,Three Rooms in Manhattan,1965,won,,,wikipedia-enum
venice-volpi-cup-best-actress,1966,The First Teacher,1966,won,,,wikipedia-enum
venice-volpi-cup-best-actress,1967,Dutchman,1967,won,,,wikipedia-enum
venice-volpi-cup-best-actress,1968,Teorema,1968,won,,,wikipedia-enum
venice-volpi-cup-best-actress,1981,Marianne and Juliane,1981,won,,,wikipedia-enum
venice-volpi-cup-best-actress,1983,Sugar Cane Alley,1983,won,,,wikipedia-enum
venice-volpi-cup-best-actress,1984,Full Moon in Paris,1984,won,,,wikipedia-enum
venice-volpi-cup-best-actress,1986,A Tale of Love,1986,won,,,wikipedia-enum
venice-volpi-cup-best-actress,1987,The Surrogate Woman,1987,won,,,wikipedia-enum
venice-volpi-cup-best-actress,1988,Story of Women,1988,won,,,wikipedia-enum
venice-volpi-cup-best-actress,1989,She's Been Away,1989,won,,,wikipedia-enum
venice-volpi-cup-best-actress,1990,The Moon in the Mirror,1990,won,,,wikipedia-enum
venice-volpi-cup-best-actress,1991,Edward II,1991,won,,,wikipedia-enum
venice-volpi-cup-best-actress,1992,The Story of Qiu Ju,1992,won,,,wikipedia-enum
venice-volpi-cup-best-actress,1993,Three Colours: Blue,1993,won,,,wikipedia-enum
venice-volpi-cup-best-actress,1994,"Two Brothers, My Sister",1994,won,,,wikipedia-enum
venice-volpi-cup-best-actress,1995,La Ceremonie,1995,won,,,wikipedia-enum
venice-volpi-cup-best-actress,1996,Ponette,1996,won,,,wikipedia-enum
venice-volpi-cup-best-actress,1997,"Niagara, Niagara",1997,won,,,wikipedia-enum
venice-volpi-cup-best-actress,1998,Place Vendome,1998,won,,,wikipedia-enum
venice-volpi-cup-best-actress,1999,Une liaison pornographique,1999,won,,,wikipedia-enum
venice-volpi-cup-best-actress,2000,The Goddess of 1967,2000,won,,,wikipedia-enum
venice-volpi-cup-best-actress,2001,Light of My Eyes,2001,won,,,wikipedia-enum
venice-volpi-cup-best-actress,2002,Far from Heaven,2002,won,,,wikipedia-enum
venice-volpi-cup-best-actress,2003,Rosenstrasse,2003,won,,,wikipedia-enum
venice-volpi-cup-best-actress,2004,Vera Drake,2004,won,,,wikipedia-enum
venice-volpi-cup-best-actress,2005,Don't Tell,2005,won,,,wikipedia-enum
venice-volpi-cup-best-actress,2006,The Queen,2006,won,,,wikipedia-enum
venice-volpi-cup-best-actress,2007,I'm Not There,2007,won,,,wikipedia-enum
venice-volpi-cup-best-actress,2008,The Other One,2008,won,,,wikipedia-enum
venice-volpi-cup-best-actress,2009,The Double Hour,2009,won,,,wikipedia-enum
venice-volpi-cup-best-actress,2010,Attenberg,2010,won,,,wikipedia-enum
venice-volpi-cup-best-actress,2011,A Simple Life,2011,won,,,wikipedia-enum
venice-volpi-cup-best-actress,2012,Fill the Void,2012,won,,,wikipedia-enum
venice-volpi-cup-best-actress,2013,A Street in Palermo,2013,won,,,wikipedia-enum
venice-volpi-cup-best-actress,2014,Hungry Hearts,2014,won,,,wikipedia-enum
venice-volpi-cup-best-actress,2015,Per amor vostro,2015,won,,,wikipedia-enum
venice-volpi-cup-best-actress,2016,La La Land,2016,won,,,wikipedia-enum
venice-volpi-cup-best-actress,2017,Hannah,2017,won,,,wikipedia-enum
venice-volpi-cup-best-actress,2018,The Favourite,2018,won,,,wikipedia-enum
venice-volpi-cup-best-actress,2019,Gloria Mundi,2019,won,,,wikipedia-enum
venice-volpi-cup-best-actress,2020,Pieces of a Woman,2020,won,,,wikipedia-enum
venice-volpi-cup-best-actress,2021,Parallel Mothers,2021,won,,,wikipedia-enum
venice-volpi-cup-best-actress,2022,Tar,2022,won,,,wikipedia-enum
venice-volpi-cup-best-actress,2023,Priscilla,2023,won,,,wikipedia-enum
venice-volpi-cup-best-actress,2024,Babygirl,2024,won,,,wikipedia-enum
venice-volpi-cup-best-actress,2025,The Sun Rises on Us All,2025,won,,,wikipedia-enum
berlin-silver-bear-grand-jury-prize,1965,Le Bonheur,1965,won,,shared,wikipedia-enum
berlin-silver-bear-grand-jury-prize,1965,Repulsion,1965,won,,shared,wikipedia-enum
berlin-silver-bear-grand-jury-prize,1966,The Chasers,1965,won,,shared,wikipedia-enum
berlin-silver-bear-grand-jury-prize,1966,No Shooting Time for Foxes,1966,won,,shared,wikipedia-enum
berlin-silver-bear-grand-jury-prize,1967,La Collectionneuse,1967,won,,shared,wikipedia-enum
berlin-silver-bear-grand-jury-prize,1967,"Next Year, Same Time",1967,won,,shared,wikipedia-enum
berlin-silver-bear-grand-jury-prize,1968,Innocence Unprotected,1968,won,,shared,wikipedia-enum
berlin-silver-bear-grand-jury-prize,1968,Signs of Life,1968,won,,shared,wikipedia-enum
berlin-silver-bear-grand-jury-prize,1968,Something Like Love,1968,won,,shared,wikipedia-enum
berlin-silver-bear-grand-jury-prize,1971,The Decameron,1971,won,,,wikipedia-enum
berlin-silver-bear-grand-jury-prize,1972,The Hospital,1972,won,,,wikipedia-enum
berlin-silver-bear-grand-jury-prize,1973,There's No Smoke Without Fire,1973,won,,,wikipedia-enum
berlin-silver-bear-grand-jury-prize,1974,The Clockmaker,1974,won,,,wikipedia-enum
berlin-silver-bear-grand-jury-prize,1975,The Common Man,1975,won,,shared,wikipedia-enum
berlin-silver-bear-grand-jury-prize,1975,Overlord,1975,won,,shared,wikipedia-enum
berlin-silver-bear-grand-jury-prize,1976,Canoa: A Shameful Memory,1976,won,,,wikipedia-enum
berlin-silver-bear-grand-jury-prize,1977,"The Devil, Probably",1977,won,,,wikipedia-enum
berlin-silver-bear-grand-jury-prize,1978,A Queda,1978,won,,,wikipedia-enum
berlin-silver-bear-grand-jury-prize,1979,Alexandria... Why?,1979,won,,,wikipedia-enum
berlin-silver-bear-grand-jury-prize,1980,Seeking Asylum,1980,won,,,wikipedia-enum
berlin-silver-bear-grand-jury-prize,1981,Akaler Shandhaney,1981,won,,,wikipedia-enum
berlin-silver-bear-grand-jury-prize,1982,Shivers,1981,won,,,wikipedia-enum
berlin-silver-bear-grand-jury-prize,1983,A Season in Hakkari,1983,won,,,wikipedia-enum
berlin-silver-bear-grand-jury-prize,1984,Funny Dirty Little War,1984,won,,,wikipedia-enum
berlin-silver-bear-grand-jury-prize,1985,Flowers of Reverie,1985,won,,,wikipedia-enum
berlin-silver-bear-grand-jury-prize,1986,The Mass Is Ended,1986,won,,,wikipedia-enum
berlin-silver-bear-grand-jury-prize,1987,The Sea and Poison,1987,won,,,wikipedia-enum
berlin-silver-bear-grand-jury-prize,1988,Commissar,1988,won,,,wikipedia-enum
berlin-silver-bear-grand-jury-prize,1989,Evening Bell,1989,won,,,wikipedia-enum
berlin-silver-bear-grand-jury-prize,1990,The Asthenic Syndrome,1990,won,,,wikipedia-enum
berlin-silver-bear-grand-jury-prize,1991,The Conviction,1991,won,,shared,wikipedia-enum
berlin-silver-bear-grand-jury-prize,1991,Satan,1991,won,,shared,wikipedia-enum
berlin-silver-bear-grand-jury-prize,1992,"Sweet Emma, Dear Bobe",1992,won,,,wikipedia-enum
berlin-silver-bear-grand-jury-prize,1993,Arizona Dream,1993,won,,,wikipedia-enum
berlin-silver-bear-grand-jury-prize,1994,Strawberry and Chocolate,1994,won,,,wikipedia-enum
berlin-silver-bear-grand-jury-prize,1995,Smoke,1995,won,,,wikipedia-enum
berlin-silver-bear-grand-jury-prize,1996,All Things Fair,1996,won,,,wikipedia-enum
berlin-silver-bear-grand-jury-prize,1997,The River,1997,won,,,wikipedia-enum
berlin-silver-bear-grand-jury-prize,1998,Wag the Dog,1998,won,,,wikipedia-enum
berlin-silver-bear-grand-jury-prize,1999,Mifune's Last Song,1999,won,,,wikipedia-enum
berlin-silver-bear-grand-jury-prize,2000,The Road Home,1999,won,,,wikipedia-enum
berlin-silver-bear-grand-jury-prize,2001,Beijing Bicycle,2001,won,,,wikipedia-enum
berlin-silver-bear-grand-jury-prize,2002,Grill Point,2002,won,,,wikipedia-enum
berlin-silver-bear-grand-jury-prize,2003,Adaptation,2003,won,,,wikipedia-enum
berlin-silver-bear-grand-jury-prize,2004,Lost Embrace,2004,won,,,wikipedia-enum
berlin-silver-bear-grand-jury-prize,2005,Peacock,2005,won,,,wikipedia-enum
berlin-silver-bear-grand-jury-prize,2006,Offside,2006,won,,shared,wikipedia-enum
berlin-silver-bear-grand-jury-prize,2006,A Soap,2006,won,,shared,wikipedia-enum
berlin-silver-bear-grand-jury-prize,2007,The Other,2007,won,,,wikipedia-enum
berlin-silver-bear-grand-jury-prize,2008,Standard Operating Procedure,2008,won,,,wikipedia-enum
berlin-silver-bear-grand-jury-prize,2009,Everyone Else,2009,won,,shared,wikipedia-enum
berlin-silver-bear-grand-jury-prize,2009,Giant,2009,won,,shared,wikipedia-enum
berlin-silver-bear-grand-jury-prize,2010,"If I Want to Whistle, I Whistle",2010,won,,,wikipedia-enum
berlin-silver-bear-grand-jury-prize,2011,The Turin Horse,2011,won,,,wikipedia-enum
berlin-silver-bear-grand-jury-prize,2012,Just the Wind,2012,won,,,wikipedia-enum
berlin-silver-bear-grand-jury-prize,2013,An Episode in the Life of an Iron Picker,2013,won,,,wikipedia-enum
berlin-silver-bear-grand-jury-prize,2014,The Grand Budapest Hotel,2014,won,,,wikipedia-enum
berlin-silver-bear-grand-jury-prize,2015,The Club,2015,won,,,wikipedia-enum
berlin-silver-bear-grand-jury-prize,2016,Death in Sarajevo,2016,won,,,wikipedia-enum
berlin-silver-bear-grand-jury-prize,2017,Felicite,2017,won,,,wikipedia-enum
berlin-silver-bear-grand-jury-prize,2018,Mug,2018,won,,,wikipedia-enum
berlin-silver-bear-grand-jury-prize,2019,By the Grace of God,2019,won,,,wikipedia-enum
berlin-silver-bear-grand-jury-prize,2020,Never Rarely Sometimes Always,2020,won,,,wikipedia-enum
berlin-silver-bear-grand-jury-prize,2021,Wheel of Fortune and Fantasy,2021,won,,,wikipedia-enum
berlin-silver-bear-grand-jury-prize,2022,The Novelist's Film,2022,won,,,wikipedia-enum
berlin-silver-bear-grand-jury-prize,2023,Afire,2023,won,,,wikipedia-enum
berlin-silver-bear-grand-jury-prize,2024,A Traveler's Needs,2024,won,,,wikipedia-enum
berlin-silver-bear-grand-jury-prize,2025,The Blue Trail,2025,won,,,wikipedia-enum
berlin-silver-bear-grand-jury-prize,2026,Salvation,2026,won,,,wikipedia-enum
berlin-silver-bear-best-director,1956,Autumn Leaves,1956,won,,,wikipedia-enum
berlin-silver-bear-best-director,1957,Fathers and Sons,1957,won,,,wikipedia-enum
berlin-silver-bear-best-director,1958,Jun'ai Monogatari,1958,won,,,wikipedia-enum
berlin-silver-bear-best-director,1959,The Hidden Fortress,1958,won,,,wikipedia-enum
berlin-silver-bear-best-director,1960,Breathless,1960,won,,,wikipedia-enum
berlin-silver-bear-best-director,1961,The Miracle of Father Malachia,1961,won,,,wikipedia-enum
berlin-silver-bear-best-director,1962,Salvatore Giuliano,1962,won,,,wikipedia-enum
berlin-silver-bear-best-director,1963,Young Aphrodites,1963,won,,,wikipedia-enum
berlin-silver-bear-best-director,1964,Mahanagar,1964,won,,,wikipedia-enum
berlin-silver-bear-best-director,1965,Charulata,1965,won,,,wikipedia-enum
berlin-silver-bear-best-director,1966,The Hunt,1966,won,,,wikipedia-enum
berlin-silver-bear-best-director,1967,The Rats Woke Up,1967,won,,,wikipedia-enum
berlin-silver-bear-best-director,1968,Peppermint Frappe,1968,won,,,wikipedia-enum
berlin-silver-bear-best-director,1972,The Old Maid,1972,won,,,wikipedia-enum
berlin-silver-bear-best-director,1975,One Hundred Days After Childhood,1975,won,,,wikipedia-enum
berlin-silver-bear-best-director,1976,Caro Michele,1976,won,,,wikipedia-enum
berlin-silver-bear-best-director,1977,Black Litter,1977,won,,,wikipedia-enum
berlin-silver-bear-best-director,1978,Advantage,1978,won,,,wikipedia-enum
berlin-silver-bear-best-director,1979,Winterborn,1979,won,,,wikipedia-enum
berlin-silver-bear-best-director,1980,Bizalom,1980,won,,,wikipedia-enum
berlin-silver-bear-best-director,1982,Il Marchese del Grillo,1982,won,,,wikipedia-enum
berlin-silver-bear-best-director,1983,Pauline at the Beach,1983,won,,,wikipedia-enum
berlin-silver-bear-best-director,1984,Rembetiko,1984,won,,shared,wikipedia-enum
berlin-silver-bear-best-director,1984,Le Bal,1983,won,,shared,wikipedia-enum
berlin-silver-bear-best-director,1985,Places in the Heart,1985,won,,,wikipedia-enum
berlin-silver-bear-best-director,1986,The Journey of a Young Composer,1986,won,,,wikipedia-enum
berlin-silver-bear-best-director,1987,Platoon,1987,won,,,wikipedia-enum
berlin-silver-bear-best-director,1988,Moonstruck,1988,won,,,wikipedia-enum
berlin-silver-bear-best-director,1989,"I Love, You Love",1989,won,,,wikipedia-enum
berlin-silver-bear-best-director,1990,The Nasty Girl,1990,won,,,wikipedia-enum
berlin-silver-bear-best-director,1991,The Silence of the Lambs,1991,won,,shared,wikipedia-enum
berlin-silver-bear-best-director,1991,Ultra,1991,won,,shared,wikipedia-enum
berlin-silver-bear-best-director,1992,Il Capitano: A Swedish Requiem,1992,won,,,wikipedia-enum
berlin-silver-bear-best-director,1993,The Cement Garden,1993,won,,,wikipedia-enum
berlin-silver-bear-best-director,1994,Three Colours: White,1994,won,,,wikipedia-enum
berlin-silver-bear-best-director,1995,Before Sunrise,1995,won,,,wikipedia-enum
berlin-silver-bear-best-director,1996,Richard III,1995,won,,shared,wikipedia-enum
berlin-silver-bear-best-director,1996,The Sun Has Ears,1996,won,,shared,wikipedia-enum
berlin-silver-bear-best-director,1997,Port Djema,1997,won,,,wikipedia-enum
berlin-silver-bear-best-director,1998,The Butcher Boy,1997,won,,,wikipedia-enum
berlin-silver-bear-best-director,1999,The Hi-Lo Country,1999,won,,,wikipedia-enum
berlin-silver-bear-best-director,2000,Man on the Moon,2000,won,,,wikipedia-enum
berlin-silver-bear-best-director,2001,Betelnut Beauty,2001,won,,,wikipedia-enum
berlin-silver-bear-best-director,2002,Monday Morning,2002,won,,,wikipedia-enum
berlin-silver-bear-best-director,2003,Son frere,2003,won,,,wikipedia-enum
berlin-silver-bear-best-director,2004,Samaritan Girl,2004,won,,,wikipedia-enum
berlin-silver-bear-best-director,2005,Sophie Scholl - The Final Days,2005,won,,,wikipedia-enum
berlin-silver-bear-best-director,2006,The Road to Guantanamo,2006,won,,,wikipedia-enum
berlin-silver-bear-best-director,2007,Beaufort,2007,won,,,wikipedia-enum
berlin-silver-bear-best-director,2008,There Will Be Blood,2008,won,,,wikipedia-enum
berlin-silver-bear-best-director,2009,About Elly,2009,won,,,wikipedia-enum
berlin-silver-bear-best-director,2010,The Ghost Writer,2010,won,,,wikipedia-enum
berlin-silver-bear-best-director,2011,Sleeping Sickness,2011,won,,,wikipedia-enum
berlin-silver-bear-best-director,2012,Barbara,2012,won,,,wikipedia-enum
berlin-silver-bear-best-director,2013,Prince Avalanche,2013,won,,,wikipedia-enum
berlin-silver-bear-best-director,2014,Boyhood,2014,won,,,wikipedia-enum
berlin-silver-bear-best-director,2015,Aferim!,2015,won,,shared,wikipedia-enum
berlin-silver-bear-best-director,2015,Body,2015,won,,shared,wikipedia-enum
berlin-silver-bear-best-director,2016,Things to Come,2016,won,,,wikipedia-enum
berlin-silver-bear-best-director,2017,The Other Side of Hope,2017,won,,,wikipedia-enum
berlin-silver-bear-best-director,2018,Isle of Dogs,2018,won,,,wikipedia-enum
berlin-silver-bear-best-director,2019,"I Was at Home, But",2019,won,,,wikipedia-enum
berlin-silver-bear-best-director,2020,The Woman Who Ran,2020,won,,,wikipedia-enum
berlin-silver-bear-best-director,2021,Natural Light,2021,won,,,wikipedia-enum
berlin-silver-bear-best-director,2022,Both Sides of the Blade,2022,won,,,wikipedia-enum
berlin-silver-bear-best-director,2023,The Plough,2023,won,,,wikipedia-enum
berlin-silver-bear-best-director,2024,Pepe,2024,won,,,wikipedia-enum
berlin-silver-bear-best-director,2025,Living the Land,2025,won,,,wikipedia-enum
berlin-silver-bear-best-director,2026,Everybody Digs Bill Evans,2026,won,,,wikipedia-enum
berlin-silver-bear-best-leading-performance,1956,Trapeze,1956,won,,,wikipedia-enum
berlin-silver-bear-best-leading-performance,1957,Tizoc,1957,won,,,wikipedia-enum
berlin-silver-bear-best-leading-performance,1958,The Defiant Ones,1958,won,,,wikipedia-enum
berlin-silver-bear-best-leading-performance,1959,Archimede le clochard,1959,won,,,wikipedia-enum
berlin-silver-bear-best-leading-performance,1960,Inherit the Wind,1960,won,,,wikipedia-enum
berlin-silver-bear-best-leading-performance,1961,No Love for Johnnie,1961,won,,,wikipedia-enum
berlin-silver-bear-best-leading-performance,1962,Mr. Hobbs Takes a Vacation,1962,won,,,wikipedia-enum
berlin-silver-bear-best-leading-performance,1963,Lilies of the Field,1963,won,,,wikipedia-enum
berlin-silver-bear-best-leading-performance,1964,The Pawnbroker,1964,won,,,wikipedia-enum
berlin-silver-bear-best-leading-performance,1965,Cat Ballou,1965,won,,,wikipedia-enum
berlin-silver-bear-best-leading-performance,1966,Masculin Feminin,1966,won,,,wikipedia-enum
berlin-silver-bear-best-leading-performance,1967,The Two of Us,1967,won,,,wikipedia-enum
berlin-silver-bear-best-leading-performance,1968,The Man Who Lies,1968,won,,,wikipedia-enum
berlin-silver-bear-best-leading-performance,1971,Le Chat,1971,won,,,wikipedia-enum
berlin-silver-bear-best-leading-performance,1972,In Prison Awaiting Trial,1972,won,,,wikipedia-enum
berlin-silver-bear-best-leading-performance,1975,Jacob the Liar,1975,won,,,wikipedia-enum
berlin-silver-bear-best-leading-performance,1976,A Lost Life,1976,won,,,wikipedia-enum
berlin-silver-bear-best-leading-performance,1977,The Anchorite,1977,won,,,wikipedia-enum
berlin-silver-bear-best-leading-performance,1978,Outrageous!,1978,won,,,wikipedia-enum
berlin-silver-bear-best-leading-performance,1979,Ernesto,1979,won,,,wikipedia-enum
berlin-silver-bear-best-leading-performance,1980,The Orchestra Conductor,1980,won,,,wikipedia-enum
berlin-silver-bear-best-leading-performance,1981,Tribute,1980,won,,shared,wikipedia-enum
berlin-silver-bear-best-leading-performance,1981,Twenty Six Days from the Life of Dostoyevsky,1981,won,,shared,wikipedia-enum
berlin-silver-bear-best-leading-performance,1982,Strange Affair,1981,won,,shared,wikipedia-enum
berlin-silver-bear-best-leading-performance,1982,The Simple-Minded Murderer,1982,won,,shared,wikipedia-enum
berlin-silver-bear-best-leading-performance,1983,That Championship Season,1982,won,,,wikipedia-enum
berlin-silver-bear-best-leading-performance,1984,The Dresser,1983,won,,,wikipedia-enum
berlin-silver-bear-best-leading-performance,1985,Stico,1985,won,,,wikipedia-enum
berlin-silver-bear-best-leading-performance,1986,The Smile of the Lamb,1986,won,,,wikipedia-enum
berlin-silver-bear-best-leading-performance,1987,The Moro Affair,1987,won,,,wikipedia-enum
berlin-silver-bear-best-leading-performance,1988,Bear Ye One Another's Burden,1988,won,,,wikipedia-enum
berlin-silver-bear-best-leading-performance,1989,Mississippi Burning,1989,won,,,wikipedia-enum
berlin-silver-bear-best-leading-performance,1990,Silent Scream,1990,won,,,wikipedia-enum
berlin-silver-bear-best-leading-performance,1991,Mister Johnson,1991,won,,,wikipedia-enum
berlin-silver-bear-best-leading-performance,1992,Utz,1992,won,,,wikipedia-enum
berlin-silver-bear-best-leading-performance,1993,Malcolm X,1992,won,,,wikipedia-enum
berlin-silver-bear-best-leading-performance,1994,Philadelphia,1994,won,,,wikipedia-enum
berlin-silver-bear-best-leading-performance,1995,Nobody's Fool,1994,won,,,wikipedia-enum
berlin-silver-bear-best-leading-performance,1996,Dead Man Walking,1996,won,,,wikipedia-enum
berlin-silver-bear-best-leading-performance,1997,Romeo + Juliet,1997,won,,,wikipedia-enum
berlin-silver-bear-best-leading-performance,1998,Jackie Brown,1998,won,,,wikipedia-enum
berlin-silver-bear-best-leading-performance,1999,Nightshapes,1999,won,,,wikipedia-enum
berlin-silver-bear-best-leading-performance,2000,The Hurricane,1999,won,,,wikipedia-enum
berlin-silver-bear-best-leading-performance,2001,Traffic,2000,won,,,wikipedia-enum
berlin-silver-bear-best-leading-performance,2002,Safe Conduct,2002,won,,,wikipedia-enum
berlin-silver-bear-best-leading-performance,2003,Confessions of a Dangerous Mind,2003,won,,,wikipedia-enum
berlin-silver-bear-best-leading-performance,2004,Lost Embrace,2004,won,,,wikipedia-enum
berlin-silver-bear-best-leading-performance,2005,Thumbsucker,2005,won,,,wikipedia-enum
berlin-silver-bear-best-leading-performance,2006,Atomised,2006,won,,,wikipedia-enum
berlin-silver-bear-best-leading-performance,2007,The Other,2007,won,,,wikipedia-enum
berlin-silver-bear-best-leading-performance,2008,The Song of Sparrows,2008,won,,,wikipedia-enum
berlin-silver-bear-best-leading-performance,2009,London River,2009,won,,,wikipedia-enum
berlin-silver-bear-best-leading-performance,2010,How I Ended This Summer,2010,won,,,wikipedia-enum
berlin-silver-bear-best-leading-performance,2011,A Separation,2011,won,,,wikipedia-enum
berlin-silver-bear-best-leading-performance,2012,A Royal Affair,2012,won,,,wikipedia-enum
berlin-silver-bear-best-leading-performance,2013,An Episode in the Life of an Iron Picker,2013,won,,,wikipedia-enum
berlin-silver-bear-best-leading-performance,2014,"Black Coal, Thin Ice",2014,won,,,wikipedia-enum
berlin-silver-bear-best-leading-performance,2015,45 Years,2015,won,,,wikipedia-enum
berlin-silver-bear-best-leading-performance,2016,Hedi,2016,won,,,wikipedia-enum
berlin-silver-bear-best-leading-performance,2017,Bright Nights,2017,won,,,wikipedia-enum
berlin-silver-bear-best-leading-performance,2018,The Prayer,2018,won,,,wikipedia-enum
berlin-silver-bear-best-leading-performance,2019,"So Long, My Son",2019,won,,,wikipedia-enum
berlin-silver-bear-best-leading-performance,2020,Hidden Away,2020,won,,,wikipedia-enum
berlin-silver-bear-best-leading-performance,1956,Donatella,1956,won,,,wikipedia-enum
berlin-silver-bear-best-leading-performance,1957,Woman in a Dressing Gown,1957,won,,,wikipedia-enum
berlin-silver-bear-best-leading-performance,1958,Wild Is the Wind,1957,won,,,wikipedia-enum
berlin-silver-bear-best-leading-performance,1959,Ask Any Girl,1959,won,,,wikipedia-enum
berlin-silver-bear-best-leading-performance,1960,The Fair,1960,won,,,wikipedia-enum
berlin-silver-bear-best-leading-performance,1961,A Woman Is a Woman,1961,won,,,wikipedia-enum
berlin-silver-bear-best-leading-performance,1962,No Exit,1962,won,,,wikipedia-enum
berlin-silver-bear-best-leading-performance,1963,The Mistress,1962,won,,,wikipedia-enum
berlin-silver-bear-best-leading-performance,1964,The Insect Woman,1964,won,,shared,wikipedia-enum
berlin-silver-bear-best-leading-performance,1964,She and He,1963,won,,shared,wikipedia-enum
berlin-silver-bear-best-leading-performance,1965,Shakespeare Wallah,1965,won,,,wikipedia-enum
berlin-silver-bear-best-leading-performance,1966,Lord Love a Duck,1966,won,,,wikipedia-enum
berlin-silver-bear-best-leading-performance,1967,The Whisperers,1967,won,,,wikipedia-enum
berlin-silver-bear-best-leading-performance,1968,Les Biches,1968,won,,,wikipedia-enum
berlin-silver-bear-best-leading-performance,1971,Desperate Characters,1971,won,,shared,wikipedia-enum
berlin-silver-bear-best-leading-performance,1972,Hammersmith Is Out,1972,won,,,wikipedia-enum
berlin-silver-bear-best-leading-performance,1975,Sandakan No. 8,1975,won,,,wikipedia-enum
berlin-silver-bear-best-leading-performance,1976,Nights and Days,1976,won,,,wikipedia-enum
berlin-silver-bear-best-leading-performance,1977,The Late Show,1977,won,,,wikipedia-enum
berlin-silver-bear-best-leading-performance,1978,Opening Night,1977,won,,,wikipedia-enum
berlin-silver-bear-best-leading-performance,1979,The Marriage of Maria Braun,1979,won,,,wikipedia-enum
berlin-silver-bear-best-leading-performance,1980,Solo Sunny,1980,won,,,wikipedia-enum
berlin-silver-bear-best-leading-performance,1981,Fever,1981,won,,,wikipedia-enum
berlin-silver-bear-best-leading-performance,1982,Burgschaft fur ein Jahr,1982,won,,,wikipedia-enum
berlin-silver-bear-best-leading-performance,1983,Love by Request,1983,won,,,wikipedia-enum
berlin-silver-bear-best-leading-performance,1984,Wartime Romance,1984,won,,,wikipedia-enum
berlin-silver-bear-best-leading-performance,1985,Wrong World,1985,won,,,wikipedia-enum
berlin-silver-bear-best-leading-performance,1986,Hour of the Star,1986,won,,shared,wikipedia-enum
berlin-silver-bear-best-leading-performance,1986,Red Kiss,1986,won,,shared,wikipedia-enum
berlin-silver-bear-best-leading-performance,1987,Vera,1986,won,,,wikipedia-enum
berlin-silver-bear-best-leading-performance,1988,Broadcast News,1988,won,,,wikipedia-enum
berlin-silver-bear-best-leading-performance,1989,Camille Claudel,1989,won,,,wikipedia-enum
berlin-silver-bear-best-leading-performance,1991,Lovers,1991,won,,,wikipedia-enum
berlin-silver-bear-best-leading-performance,1992,Center Stage,1991,won,,,wikipedia-enum
berlin-silver-bear-best-leading-performance,1993,Love Field,1993,won,,,wikipedia-enum
berlin-silver-bear-best-leading-performance,1994,"Ladybird, Ladybird",1994,won,,,wikipedia-enum
berlin-silver-bear-best-leading-performance,1995,Summer Snow,1995,won,,,wikipedia-enum
berlin-silver-bear-best-leading-performance,1996,My Man,1996,won,,,wikipedia-enum
berlin-silver-bear-best-leading-performance,1997,The English Patient,1997,won,,,wikipedia-enum
berlin-silver-bear-best-leading-performance,1998,Central Station,1998,won,,,wikipedia-enum
berlin-silver-bear-best-leading-performance,1999,Aimee & Jaguar,1999,won,,,wikipedia-enum
berlin-silver-bear-best-leading-performance,2000,The Legend of Rita,2000,won,,,wikipedia-enum
berlin-silver-bear-best-leading-performance,2001,Intimacy,2001,won,,,wikipedia-enum
berlin-silver-bear-best-leading-performance,2002,Monster's Ball,2002,won,,,wikipedia-enum
berlin-silver-bear-best-leading-performance,2003,The Hours,2003,won,,,wikipedia-enum
berlin-silver-bear-best-leading-performance,2004,Maria Full of Grace,2004,won,,shared,wikipedia-enum
berlin-silver-bear-best-leading-performance,2004,Monster,2003,won,,shared,wikipedia-enum
berlin-silver-bear-best-leading-performance,2005,Sophie Scholl - The Final Days,2005,won,,,wikipedia-enum
berlin-silver-bear-best-leading-performance,2006,Requiem,2006,won,,,wikipedia-enum
berlin-silver-bear-best-leading-performance,2007,Yella,2007,won,,,wikipedia-enum
berlin-silver-bear-best-leading-performance,2008,Happy-Go-Lucky,2008,won,,,wikipedia-enum
berlin-silver-bear-best-leading-performance,2009,Everyone Else,2009,won,,,wikipedia-enum
berlin-silver-bear-best-leading-performance,2010,Caterpillar,2010,won,,,wikipedia-enum
berlin-silver-bear-best-leading-performance,2012,War Witch,2012,won,,,wikipedia-enum
berlin-silver-bear-best-leading-performance,2013,Gloria,2013,won,,,wikipedia-enum
berlin-silver-bear-best-leading-performance,2014,The Little House,2014,won,,,wikipedia-enum
berlin-silver-bear-best-leading-performance,2016,The Commune,2016,won,,,wikipedia-enum
berlin-silver-bear-best-leading-performance,2017,On the Beach at Night Alone,2017,won,,,wikipedia-enum
berlin-silver-bear-best-leading-performance,2018,The Heiresses,2018,won,,,wikipedia-enum
berlin-silver-bear-best-leading-performance,2020,Undine,2020,won,,,wikipedia-enum
berlin-silver-bear-best-leading-performance,2021,I'm Your Man,2021,won,,,wikipedia-enum
berlin-silver-bear-best-leading-performance,2022,Rabiye Kurnaz vs. George W. Bush,2022,won,,,wikipedia-enum
berlin-silver-bear-best-leading-performance,2023,"20,000 Species of Bees",2023,won,,,wikipedia-enum
berlin-silver-bear-best-leading-performance,2024,A Different Man,2024,won,,,wikipedia-enum
berlin-silver-bear-best-leading-performance,2025,If I Had Legs I'd Kick You,2025,won,,,wikipedia-enum
berlin-silver-bear-best-leading-performance,2026,Rose,2026,won,,,wikipedia-enum
national-br-grande-otelo-best-film,2000,Orfeu,1999,won,,,wikipedia-enum
national-br-grande-otelo-best-film,2001,Me You Them,2000,won,,,wikipedia-enum
national-br-grande-otelo-best-film,2002,Brainstorm,2001,won,,,wikipedia-enum
national-br-grande-otelo-best-film,2003,City of God,2002,won,,,wikipedia-enum
national-br-grande-otelo-best-film,2004,The Man Who Copied,2003,won,,,wikipedia-enum
national-br-grande-otelo-best-film,2005,Cazuza - Time Doesn't Stop,2004,won,,,wikipedia-enum
national-br-grande-otelo-best-film,2007,"Cinema, Aspirins and Vultures",2005,won,,,wikipedia-enum
national-br-grande-otelo-best-film,2008,The Year My Parents Went on Vacation,2006,won,,,wikipedia-enum
national-br-grande-otelo-best-film,2009,Estomago,2007,won,,,wikipedia-enum
national-br-grande-otelo-best-film,2010,It's Forbidden to Smoke,2009,won,,,wikipedia-enum
national-br-grande-otelo-best-film,2011,Elite Squad: The Enemy Within,2010,won,,,wikipedia-enum
national-br-grande-otelo-best-film,2012,The Clown,2011,won,,,wikipedia-enum
national-br-grande-otelo-best-film,2013,Gonzaga: From Father to Son,2012,won,,,wikipedia-enum
national-br-grande-otelo-best-film,2014,Faroeste Caboclo,2013,won,,,wikipedia-enum
national-br-grande-otelo-best-film,2015,A Wolf at the Door,2013,won,,,wikipedia-enum
national-br-grande-otelo-best-film,2016,The Second Mother,2015,won,,,wikipedia-enum
national-br-grande-otelo-best-film,2017,Aquarius,2016,won,,,wikipedia-enum
national-br-grande-otelo-best-film,2018,Bingo: The King of the Mornings,2017,won,,,wikipedia-enum
national-br-grande-otelo-best-film,2019,Loveling,2018,won,,,wikipedia-enum
national-br-grande-otelo-best-film,2020,Bacurau,2019,won,,,wikipedia-enum
national-br-grande-otelo-best-film,2021,The Fever,2019,won,,,wikipedia-enum
national-br-grande-otelo-best-film,2022,Marighella,2021,won,,,wikipedia-enum
national-br-grande-otelo-best-film,2023,Mars One,2022,won,,,wikipedia-enum
national-br-grande-otelo-best-film,2024,Toll,2023,won,,,wikipedia-enum
national-br-grande-otelo-best-film,2025,I'm Still Here,2024,won,,,wikipedia-enum
national-dk-robert-best-film,1984,Beauty and the Beast,1983,won,,,wikipedia-enum
national-dk-robert-best-film,1985,The Element of Crime,1984,won,,,wikipedia-enum
national-dk-robert-best-film,1986,The Flying Devils,1985,won,,,wikipedia-enum
national-dk-robert-best-film,1987,Flamberede hjerter,1986,won,,,wikipedia-enum
national-dk-robert-best-film,1988,Pelle the Conqueror,1987,won,,,wikipedia-enum
national-dk-robert-best-film,1989,Emma's Shadow,1988,won,,,wikipedia-enum
national-dk-robert-best-film,1990,Waltzing Regitze,1989,won,,,wikipedia-enum
national-dk-robert-best-film,1991,Dance of the Polar Bears,1990,won,,,wikipedia-enum
national-dk-robert-best-film,1992,Europa,1991,won,,,wikipedia-enum
national-dk-robert-best-film,1993,Pain of Love,1992,won,,,wikipedia-enum
national-dk-robert-best-film,1994,The House of the Spirits,1993,won,,,wikipedia-enum
national-dk-robert-best-film,1995,Nightwatch,1994,won,,,wikipedia-enum
national-dk-robert-best-film,1996,The Beast Within,1995,won,,,wikipedia-enum
national-dk-robert-best-film,1997,Breaking the Waves,1996,won,,,wikipedia-enum
national-dk-robert-best-film,1998,Barbara,1997,won,,,wikipedia-enum
national-dk-robert-best-film,1999,The Celebration,1998,won,,,wikipedia-enum
national-dk-robert-best-film,2000,The One and Only,1999,won,,,wikipedia-enum
national-dk-robert-best-film,2001,The Bench,2000,won,,,wikipedia-enum
national-dk-robert-best-film,2002,Kira's Reason: A Love Story,2001,won,,,wikipedia-enum
national-dk-robert-best-film,2003,Open Hearts,2002,won,,,wikipedia-enum
national-dk-robert-best-film,2004,The Inheritance,2003,won,,,wikipedia-enum
national-dk-robert-best-film,2005,King's Game,2004,won,,,wikipedia-enum
national-dk-robert-best-film,2006,Adam's Apples,2005,won,,,wikipedia-enum
national-dk-robert-best-film,2007,We Shall Overcome,2006,won,,,wikipedia-enum
national-dk-robert-best-film,2008,The Art of Crying,2006,won,,,wikipedia-enum
national-dk-robert-best-film,2009,Terribly Happy,2008,won,,,wikipedia-enum
national-dk-robert-best-film,2010,Antichrist,2009,won,,,wikipedia-enum
national-dk-robert-best-film,2011,R,2010,won,,,wikipedia-enum
national-dk-robert-best-film,2012,Melancholia,2011,won,,,wikipedia-enum
national-dk-robert-best-film,2013,A Hijacking,2012,won,,,wikipedia-enum
national-dk-robert-best-film,2014,The Hunt,2012,won,,,wikipedia-enum
national-dk-robert-best-film,2015,Nymphomaniac,2013,won,,,wikipedia-enum
national-dk-robert-best-film,2016,Land of Mine,2015,won,,,wikipedia-enum
national-dk-robert-best-film,2017,The Day Will Come,2016,won,,,wikipedia-enum
national-dk-robert-best-film,2018,Winter Brothers,2017,won,,,wikipedia-enum
national-dk-robert-best-film,2019,The Guilty,2018,won,,,wikipedia-enum
national-dk-robert-best-film,2020,Queen of Hearts,2019,won,,,wikipedia-enum
national-dk-robert-best-film,2021,Another Round,2020,won,,,wikipedia-enum
national-dk-robert-best-film,2022,Persona Non Grata,2021,won,,,wikipedia-enum
national-pl-gdynia-golden-lions,1974,The Deluge,1974,won,,,wikipedia-enum
national-pl-gdynia-golden-lions,1975,The Promised Land,1975,won,,,wikipedia-enum
national-pl-gdynia-golden-lions,1975,Nights and Days,1975,won,,,wikipedia-enum
national-pl-gdynia-golden-lions,1977,Camouflage,1977,won,,,wikipedia-enum
national-pl-gdynia-golden-lions,1978,Passion,1978,won,,,wikipedia-enum
national-pl-gdynia-golden-lions,1978,Without Anesthesia,1978,won,,,wikipedia-enum
national-pl-gdynia-golden-lions,1979,Camera Buff,1979,won,,,wikipedia-enum
national-pl-gdynia-golden-lions,1980,The Beads of One Rosary,1980,won,,,wikipedia-enum
national-pl-gdynia-golden-lions,1981,Fever,1981,won,,,wikipedia-enum
national-pl-gdynia-golden-lions,1984,Austeria,1982,won,,,wikipedia-enum
national-pl-gdynia-golden-lions,1985,Woman in a Hat,1984,won,,,wikipedia-enum
national-pl-gdynia-golden-lions,1986,Siekierezada,1985,won,,,wikipedia-enum
national-pl-gdynia-golden-lions,1987,The Mother of Kings,1982,won,,,wikipedia-enum
national-pl-gdynia-golden-lions,1988,A Short Film About Love,1988,won,,,wikipedia-enum
national-pl-gdynia-golden-lions,1988,A Short Film About Killing,1988,won,,,wikipedia-enum
national-pl-gdynia-golden-lions,1990,Escape from the Liberty Cinema,1990,won,,,wikipedia-enum
national-pl-gdynia-golden-lions,1992,All That Really Matters,1992,won,,,wikipedia-enum
national-pl-gdynia-golden-lions,1993,The Order of Feelings,1993,won,,,wikipedia-enum
national-pl-gdynia-golden-lions,1993,The Pekosinski's Case,1993,won,,,wikipedia-enum
national-pl-gdynia-golden-lions,1994,Reverted,1994,won,,,wikipedia-enum
national-pl-gdynia-golden-lions,1995,Girl Guide,1995,won,,,wikipedia-enum
national-pl-gdynia-golden-lions,1997,Love Stories,1997,won,,,wikipedia-enum
national-pl-gdynia-golden-lions,1998,The History of the Cinema in Popielawy,1998,won,,,wikipedia-enum
national-pl-gdynia-golden-lions,1999,The Debt,1999,won,,,wikipedia-enum
national-pl-gdynia-golden-lions,2000,Life as a Fatal Sexually Transmitted Disease,2000,won,,,wikipedia-enum
national-pl-gdynia-golden-lions,2001,Hi Tereska,2001,won,,,wikipedia-enum
national-pl-gdynia-golden-lions,2002,Day of the Wacko,2002,won,,,wikipedia-enum
national-pl-gdynia-golden-lions,2003,Warsaw,2003,won,,,wikipedia-enum
national-pl-gdynia-golden-lions,2004,Welts,2004,won,,,wikipedia-enum
national-pl-gdynia-golden-lions,2005,The Collector,2005,won,,,wikipedia-enum
national-pl-gdynia-golden-lions,2006,Saviour Square,2006,won,,,wikipedia-enum
national-pl-gdynia-golden-lions,2007,Tricks,2007,won,,,wikipedia-enum
national-pl-gdynia-golden-lions,2008,Little Moscow,2008,won,,,wikipedia-enum
national-pl-gdynia-golden-lions,2009,Reverse,2009,won,,,wikipedia-enum
national-pl-gdynia-golden-lions,2010,Little Rose,2010,won,,,wikipedia-enum
national-pl-gdynia-golden-lions,2011,Essential Killing,2010,won,,,wikipedia-enum
national-pl-gdynia-golden-lions,2012,In Darkness,2011,won,,,wikipedia-enum
national-pl-gdynia-golden-lions,2013,Ida,2013,won,,,wikipedia-enum
national-pl-gdynia-golden-lions,2014,Gods,2014,won,,,wikipedia-enum
national-pl-gdynia-golden-lions,2015,Body,2015,won,,,wikipedia-enum
national-pl-gdynia-golden-lions,2016,The Last Family,2016,won,,,wikipedia-enum
national-pl-gdynia-golden-lions,2017,The Silent Night,2017,won,,,wikipedia-enum
national-pl-gdynia-golden-lions,2018,Cold War,2018,won,,,wikipedia-enum
national-pl-gdynia-golden-lions,2019,Mr. Jones,2019,won,,,wikipedia-enum
national-pl-gdynia-golden-lions,2020,Kill It and Leave This Town,2020,won,,,wikipedia-enum
national-pl-gdynia-golden-lions,2021,All Our Fears,2021,won,,,wikipedia-enum
national-pl-gdynia-golden-lions,2022,The Silent Twins,2022,won,,,wikipedia-enum
national-pl-gdynia-golden-lions,2023,Kos,2023,won,,,wikipedia-enum
national-pl-gdynia-golden-lions,2024,Green Border,2023,won,,,wikipedia-enum
saturn-best-film,1972,Slaughterhouse-Five,1972,won,,,wikipedia-enum
saturn-best-film,1973,Soylent Green,1973,won,,,wikipedia-enum
saturn-best-film,1975,Rollerball,1975,won,,,wikipedia-enum
saturn-best-film,1976,Logan's Run,1976,won,,,wikipedia-enum
saturn-best-film,1977,Star Wars,1977,won,,,wikipedia-enum
saturn-best-film,1978,Superman,1978,won,,,wikipedia-enum
saturn-best-film,1979,Alien,1979,won,,,wikipedia-enum
saturn-best-film,1980,The Empire Strikes Back,1980,won,,,wikipedia-enum
saturn-best-film,1981,Superman II,1981,won,,,wikipedia-enum
saturn-best-film,1982,E.T. the Extra-Terrestrial,1982,won,,,wikipedia-enum
saturn-best-film,1983,Return of the Jedi,1983,won,,,wikipedia-enum
saturn-best-film,1984,The Terminator,1984,won,,,wikipedia-enum
saturn-best-film,1985,Back to the Future,1985,won,,,wikipedia-enum
saturn-best-film,1986,Aliens,1986,won,,,wikipedia-enum
saturn-best-film,1987,RoboCop,1987,won,,,wikipedia-enum
saturn-best-film,1988,Alien Nation,1988,won,,,wikipedia-enum
saturn-best-film,1990,Total Recall,1990,won,,,wikipedia-enum
saturn-best-film,1991,Terminator 2: Judgment Day,1991,won,,,wikipedia-enum
saturn-best-film,1992,Star Trek VI: The Undiscovered Country,1991,won,,,wikipedia-enum
saturn-best-film,1993,Jurassic Park,1993,won,,,wikipedia-enum
saturn-best-film,1994,Stargate,1994,won,,,wikipedia-enum
saturn-best-film,1995,12 Monkeys,1995,won,,,wikipedia-enum
saturn-best-film,1996,Independence Day,1996,won,,,wikipedia-enum
saturn-best-film,1997,Men in Black,1997,won,,,wikipedia-enum
saturn-best-film,1998,Armageddon,1998,won,,,wikipedia-enum
saturn-best-film,1999,The Matrix,1999,won,,,wikipedia-enum
saturn-best-film,2000,X-Men,2000,won,,,wikipedia-enum
saturn-best-film,2001,A.I. Artificial Intelligence,2001,won,,,wikipedia-enum
saturn-best-film,2002,Minority Report,2002,won,,,wikipedia-enum
saturn-best-film,2003,X2,2003,won,,,wikipedia-enum
saturn-best-film,2004,Eternal Sunshine of the Spotless Mind,2004,won,,,wikipedia-enum
saturn-best-film,2005,Star Wars: Episode III - Revenge of the Sith,2005,won,,,wikipedia-enum
saturn-best-film,2006,Children of Men,2006,won,,,wikipedia-enum
saturn-best-film,2007,Cloverfield,2008,won,,,wikipedia-enum
saturn-best-film,2008,Iron Man,2008,won,,,wikipedia-enum
saturn-best-film,2009,Avatar,2009,won,,,wikipedia-enum
saturn-best-film,2010,Inception,2010,won,,,wikipedia-enum
saturn-best-film,2011,Rise of the Planet of the Apes,2011,won,,,wikipedia-enum
saturn-best-film,2012,The Avengers,2012,won,,,wikipedia-enum
saturn-best-film,2013,Gravity,2013,won,,,wikipedia-enum
saturn-best-film,2014,Interstellar,2014,won,,,wikipedia-enum
saturn-best-film,2015,Star Wars: The Force Awakens,2015,won,,,wikipedia-enum
saturn-best-film,2016,Rogue One: A Star Wars Story,2016,won,,,wikipedia-enum
saturn-best-film,2017,Blade Runner 2049,2017,won,,,wikipedia-enum
saturn-best-film,2019,Ready Player One,2018,won,,,wikipedia-enum
saturn-best-film,2020,Star Wars: The Rise of Skywalker,2019,won,,,wikipedia-enum
saturn-best-film,2022,Nope,2022,won,,,wikipedia-enum
saturn-best-film,2023,Avatar: The Way of Water,2022,won,,,wikipedia-enum
saturn-best-film,2024,Dune: Part Two,2024,won,,,wikipedia-enum
nyfcc-best-first-film,1997,In the Company of Men,1997,won,,,wikipedia-enum
nyfcc-best-first-film,1998,Love and Death on Long Island,1997,won,,,wikipedia-enum
nyfcc-best-first-film,1999,Being John Malkovich,1999,won,,,wikipedia-enum
nyfcc-best-first-film,2000,George Washington,2000,won,,,wikipedia-enum
nyfcc-best-first-film,2001,In the Bedroom,2001,won,,,wikipedia-enum
nyfcc-best-first-film,2002,Roger Dodger,2002,won,,,wikipedia-enum
nyfcc-best-first-film,2003,American Splendor,2003,won,,,wikipedia-enum
nyfcc-best-first-film,2004,Maria Full of Grace,2004,won,,,wikipedia-enum
nyfcc-best-first-film,2005,Capote,2005,won,,,wikipedia-enum
nyfcc-best-first-film,2006,Half Nelson,2006,won,,,wikipedia-enum
nyfcc-best-first-film,2007,Away from Her,2006,won,,,wikipedia-enum
nyfcc-best-first-film,2008,Frozen River,2008,won,,,wikipedia-enum
nyfcc-best-first-film,2009,Hunger,2008,won,,,wikipedia-enum
nyfcc-best-first-film,2010,Animal Kingdom,2010,won,,,wikipedia-enum
nyfcc-best-first-film,2011,Margin Call,2011,won,,,wikipedia-enum
nyfcc-best-first-film,2012,How to Survive a Plague,2012,won,,,wikipedia-enum
nyfcc-best-first-film,2013,Fruitvale Station,2013,won,,,wikipedia-enum
nyfcc-best-first-film,2014,The Babadook,2014,won,,,wikipedia-enum
nyfcc-best-first-film,2015,Son of Saul,2015,won,,,wikipedia-enum
nyfcc-best-first-film,2016,The Edge of Seventeen,2016,won,,,wikipedia-enum
nyfcc-best-first-film,2017,Get Out,2017,won,,,wikipedia-enum
nyfcc-best-first-film,2018,Eighth Grade,2018,won,,,wikipedia-enum
nyfcc-best-first-film,2019,Atlantics,2019,won,,,wikipedia-enum
nyfcc-best-first-film,2020,The 40-Year-Old Version,2020,won,,,wikipedia-enum
nyfcc-best-first-film,2021,The Lost Daughter,2021,won,,,wikipedia-enum
nyfcc-best-first-film,2022,Aftersun,2022,won,,,wikipedia-enum
nyfcc-best-first-film,2023,Past Lives,2023,won,,,wikipedia-enum
nyfcc-best-first-film,2024,Janet Planet,2024,won,,,wikipedia-enum
nyfcc-best-first-film,2025,Eephus,2024,won,,,wikipedia-enum
national-jp-kinema-junpo-best-film,1926,The Woman Who Touched the Legs,1926,won,,,wikipedia-enum
national-jp-kinema-junpo-best-film,1927,A Diary of Chuji's Travels,1927,won,,,wikipedia-enum
national-jp-kinema-junpo-best-film,1928,The Street of Masterless Samurai,1928,won,,,wikipedia-enum
national-jp-kinema-junpo-best-film,1929,Beheading Place,1929,won,,,wikipedia-enum
national-jp-kinema-junpo-best-film,1930,What Made Her Do It?,1930,won,,,wikipedia-enum
national-jp-kinema-junpo-best-film,1930,Ooka's Trial,1930,won,,,wikipedia-enum
national-jp-kinema-junpo-best-film,1931,The Neighbor's Wife and Mine,1931,won,,,wikipedia-enum
national-jp-kinema-junpo-best-film,1932,"I Was Born, But...",1932,won,,,wikipedia-enum
national-jp-kinema-junpo-best-film,1933,Passing Fancy,1933,won,,,wikipedia-enum
national-jp-kinema-junpo-best-film,1934,A Story of Floating Weeds,1934,won,,,wikipedia-enum
national-jp-kinema-junpo-best-film,1935,Wife! Be Like a Rose!,1935,won,,,wikipedia-enum
national-jp-kinema-junpo-best-film,1936,Sisters of the Gion,1936,won,,,wikipedia-enum
national-jp-kinema-junpo-best-film,1937,Limitless Advance,1937,won,,,wikipedia-enum
national-jp-kinema-junpo-best-film,1938,Five Scouts,1938,won,,,wikipedia-enum
national-jp-kinema-junpo-best-film,1939,Tsuchi,1939,won,,,wikipedia-enum
national-jp-kinema-junpo-best-film,1940,Spring on Leper's Island,1940,won,,,wikipedia-enum
national-jp-kinema-junpo-best-film,1941,The Brothers and Sisters of the Toda Family,1941,won,,,wikipedia-enum
national-jp-kinema-junpo-best-film,1942,The War at Sea from Hawaii to Malay,1942,won,,,wikipedia-enum
national-jp-kinema-junpo-best-film,1946,Morning for the Osone Family,1946,won,,,wikipedia-enum
national-jp-kinema-junpo-best-film,1947,A Ball at the Anjo House,1947,won,,,wikipedia-enum
national-jp-kinema-junpo-best-film,1948,Drunken Angel,1948,won,,,wikipedia-enum
national-jp-kinema-junpo-best-film,1949,Late Spring,1949,won,,,wikipedia-enum
national-jp-kinema-junpo-best-film,1950,Until We Meet Again,1950,won,,,wikipedia-enum
national-jp-kinema-junpo-best-film,1951,Early Summer,1951,won,,,wikipedia-enum
national-jp-kinema-junpo-best-film,1952,Ikiru,1952,won,,,wikipedia-enum
national-jp-kinema-junpo-best-film,1953,An Inlet of Muddy Water,1953,won,,,wikipedia-enum
national-jp-kinema-junpo-best-film,1954,Twenty-Four Eyes,1954,won,,,wikipedia-enum
national-jp-kinema-junpo-best-film,1955,Floating Clouds,1955,won,,,wikipedia-enum
national-jp-kinema-junpo-best-film,1956,Darkness at Noon,1956,won,,,wikipedia-enum
national-jp-kinema-junpo-best-film,1957,The Rice People,1957,won,,,wikipedia-enum
national-jp-kinema-junpo-best-film,1958,The Ballad of Narayama,1958,won,,,wikipedia-enum
national-jp-kinema-junpo-best-film,1959,Kiku to Isamu,1959,won,,,wikipedia-enum
national-jp-kinema-junpo-best-film,1960,Her Brother,1960,won,,,wikipedia-enum
national-jp-kinema-junpo-best-film,1961,Bad Boys,1961,won,,,wikipedia-enum
national-jp-kinema-junpo-best-film,1962,Being Two Isn't Easy,1962,won,,,wikipedia-enum
national-jp-kinema-junpo-best-film,1963,The Insect Woman,1963,won,,,wikipedia-enum
national-jp-kinema-junpo-best-film,1964,The Woman in the Dunes,1964,won,,,wikipedia-enum
national-jp-kinema-junpo-best-film,1965,Red Beard,1965,won,,,wikipedia-enum
national-jp-kinema-junpo-best-film,1966,The Great White Tower,1966,won,,,wikipedia-enum
national-jp-kinema-junpo-best-film,1967,Samurai Rebellion,1967,won,,,wikipedia-enum
national-jp-kinema-junpo-best-film,1968,The Profound Desire of the Gods,1968,won,,,wikipedia-enum
national-jp-kinema-junpo-best-film,1969,Double Suicide,1969,won,,,wikipedia-enum
national-jp-kinema-junpo-best-film,1970,Where Spring Comes Late,1970,won,,,wikipedia-enum
national-jp-kinema-junpo-best-film,1971,The Ceremony,1971,won,,,wikipedia-enum
national-jp-kinema-junpo-best-film,1972,The Long Darkness,1972,won,,,wikipedia-enum
national-jp-kinema-junpo-best-film,1973,Tsugaru Folk Song,1973,won,,,wikipedia-enum
national-jp-kinema-junpo-best-film,1974,Sandakan No. 8,1974,won,,,wikipedia-enum
national-jp-kinema-junpo-best-film,1975,Kenji Mizoguchi: The Life of a Film Director,1975,won,,,wikipedia-enum
national-jp-kinema-junpo-best-film,1976,The Youth Killer,1976,won,,,wikipedia-enum
national-jp-kinema-junpo-best-film,1977,The Yellow Handkerchief,1977,won,,,wikipedia-enum
national-jp-kinema-junpo-best-film,1978,Third Base,1978,won,,,wikipedia-enum
national-jp-kinema-junpo-best-film,1979,Vengeance Is Mine,1979,won,,,wikipedia-enum
national-jp-kinema-junpo-best-film,1980,Zigeunerweisen,1980,won,,,wikipedia-enum
national-jp-kinema-junpo-best-film,1981,Muddy River,1981,won,,,wikipedia-enum
national-jp-kinema-junpo-best-film,1982,Fall Guy,1982,won,,,wikipedia-enum
national-jp-kinema-junpo-best-film,1983,The Family Game,1983,won,,,wikipedia-enum
national-jp-kinema-junpo-best-film,1984,The Funeral,1984,won,,,wikipedia-enum
national-jp-kinema-junpo-best-film,1985,And Then,1985,won,,,wikipedia-enum
national-jp-kinema-junpo-best-film,1986,The Sea and Poison,1986,won,,,wikipedia-enum
national-jp-kinema-junpo-best-film,1987,A Taxing Woman,1987,won,,,wikipedia-enum
national-jp-kinema-junpo-best-film,1988,My Neighbor Totoro,1988,won,,,wikipedia-enum
national-jp-kinema-junpo-best-film,1989,Black Rain,1989,won,,,wikipedia-enum
national-jp-kinema-junpo-best-film,1990,The Cherry Orchard,1990,won,,,wikipedia-enum
national-jp-kinema-junpo-best-film,1991,My Sons,1991,won,,,wikipedia-enum
national-jp-kinema-junpo-best-film,1992,"Sumo Do, Sumo Don't",1992,won,,,wikipedia-enum
national-jp-kinema-junpo-best-film,1993,All Under the Moon,1993,won,,,wikipedia-enum
national-jp-kinema-junpo-best-film,1994,A Dedicated Life,1994,won,,,wikipedia-enum
national-jp-kinema-junpo-best-film,1995,A Last Note,1995,won,,,wikipedia-enum
national-jp-kinema-junpo-best-film,1996,Shall We Dance?,1996,won,,,wikipedia-enum
national-jp-kinema-junpo-best-film,1997,The Eel,1997,won,,,wikipedia-enum
national-jp-kinema-junpo-best-film,1998,Fireworks,1998,won,,,wikipedia-enum
national-jp-kinema-junpo-best-film,1999,Wait and See,1999,won,,,wikipedia-enum
national-jp-kinema-junpo-best-film,2000,Face,2000,won,,,wikipedia-enum
national-jp-kinema-junpo-best-film,2001,Go,2001,won,,,wikipedia-enum
national-jp-kinema-junpo-best-film,2002,The Twilight Samurai,2002,won,,,wikipedia-enum
national-jp-kinema-junpo-best-film,2003,A Boy's Summer in 1945,2003,won,,,wikipedia-enum
national-jp-kinema-junpo-best-film,2004,Nobody Knows,2004,won,,,wikipedia-enum
national-jp-kinema-junpo-best-film,2005,Break Through!,2005,won,,,wikipedia-enum
national-jp-kinema-junpo-best-film,2006,Hula Girls,2006,won,,,wikipedia-enum
national-jp-kinema-junpo-best-film,2007,I Just Didn't Do It,2007,won,,,wikipedia-enum
national-jp-kinema-junpo-best-film,2008,Departures,2008,won,,,wikipedia-enum
national-jp-kinema-junpo-best-film,2009,Dear Doctor,2009,won,,,wikipedia-enum
national-jp-kinema-junpo-best-film,2010,Villain,2010,won,,,wikipedia-enum
national-jp-kinema-junpo-best-film,2011,Postcard,2011,won,,,wikipedia-enum
national-jp-kinema-junpo-best-film,2012,Our Homeland,2012,won,,,wikipedia-enum
national-jp-kinema-junpo-best-film,2013,Pecoross' Mother and Her Days,2013,won,,,wikipedia-enum
national-jp-kinema-junpo-best-film,2014,The Light Shines Only There,2014,won,,,wikipedia-enum
national-jp-kinema-junpo-best-film,2015,Three Stories of Love,2015,won,,,wikipedia-enum
national-jp-kinema-junpo-best-film,2016,In This Corner of the World,2016,won,,,wikipedia-enum
national-jp-kinema-junpo-best-film,2017,The Tokyo Night Sky Is Always the Densest Shade of Blue,2017,won,,,wikipedia-enum
national-jp-kinema-junpo-best-film,2018,Shoplifters,2018,won,,,wikipedia-enum
national-jp-kinema-junpo-best-film,2019,It Feels So Good,2019,won,,,wikipedia-enum
national-jp-kinema-junpo-best-film,2020,Wife of a Spy,2020,won,,,wikipedia-enum
national-jp-kinema-junpo-best-film,2021,Drive My Car,2021,won,,,wikipedia-enum
national-jp-kinema-junpo-best-film,2022,"Small, Slow But Steady",2022,won,,,wikipedia-enum
national-jp-kinema-junpo-best-film,2023,Okiku and the World,2023,won,,,wikipedia-enum
national-jp-kinema-junpo-best-film,2024,All the Long Nights,2024,won,,,wikipedia-enum
national-jp-kinema-junpo-best-film,2025,"Two Seasons, Two Strangers",2025,won,,,wikipedia-enum
national-kr-cine21-21c,2020,The Woman Who Ran,2020,listed,1,,wikipedia-enum
national-kr-cine21-21c,2020,Moving On,2019,listed,2,,wikipedia-enum
national-kr-cine21-21c,2020,A Little Light,2018,listed,3,,wikipedia-enum
national-kr-cine21-21c,2020,Me and Me,2019,listed,4,,wikipedia-enum
national-kr-cine21-21c,2020,Voice of Silence,2020,listed,5,,wikipedia-enum
national-kr-cine21-21c,2020,Lucky Chan-sil,2019,listed,6,,wikipedia-enum
national-kr-cine21-21c,2020,Education,2019,listed,7,,wikipedia-enum
national-kr-cine21-21c,2020,The Man Standing Next,2020,listed,8,,wikipedia-enum
national-kr-cine21-21c,2020,Peninsula,2020,listed,9,,wikipedia-enum
national-kr-cine21-21c,2020,Summer Days,2019,listed,10,,wikipedia-enum
national-jp-kinema-junpo-2000s,2009,Memories of Murder,2003,listed,1,,wikipedia-enum
national-jp-kinema-junpo-2000s,2009,In the Mood for Love,2000,listed,2,,wikipedia-enum
national-jp-kinema-junpo-2000s,2009,Gran Torino,2008,listed,3,,wikipedia-enum
national-jp-kinema-junpo-2000s,2009,The Dark Knight,2008,listed,3,,wikipedia-enum
national-jp-kinema-junpo-2000s,2009,There Will Be Blood,2007,listed,5,,wikipedia-enum
national-jp-kinema-junpo-2000s,2009,Infernal Affairs,2002,listed,6,,wikipedia-enum
national-jp-kinema-junpo-2000s,2009,Million Dollar Baby,2004,listed,6,,wikipedia-enum
national-jp-kinema-junpo-2000s,2009,Yi Yi,2000,listed,6,,wikipedia-enum
national-jp-kinema-junpo-2000s,2009,Oasis,2002,listed,9,,wikipedia-enum
national-jp-kinema-junpo-2000s,2009,Tie Xi Qu West of the Tracks,2002,listed,9,,wikipedia-enum
national-jp-kinema-junpo-2000s,2009,No Country for Old Men,2007,listed,9,,wikipedia-enum
national-jp-kinema-junpo-2000s,2009,Mulholland Drive,2001,listed,9,,wikipedia-enum
national-jp-kinema-junpo-2000s,2009,Mystic River,2003,listed,9,,wikipedia-enum
national-jp-kinema-junpo-2000s,2009,Face,2000,listed,1,,wikipedia-enum
national-jp-kinema-junpo-2000s,2009,Eureka,2000,listed,2,,wikipedia-enum
national-jp-kinema-junpo-2000s,2009,Pacchigi!,2004,listed,3,,wikipedia-enum
national-jp-kinema-junpo-2000s,2009,Love Exposure,2008,listed,4,,wikipedia-enum
national-jp-kinema-junpo-2000s,2009,Sway,2006,listed,4,,wikipedia-enum
national-jp-kinema-junpo-2000s,2009,Nobody Knows,2004,listed,6,,wikipedia-enum
national-jp-kinema-junpo-2000s,2009,Hush!,2001,listed,7,,wikipedia-enum
national-jp-kinema-junpo-2000s,2009,Spirited Away,2001,listed,8,,wikipedia-enum
national-jp-kinema-junpo-2000s,2009,All About Lily Chou-Chou,2001,listed,8,,wikipedia-enum
national-jp-kinema-junpo-2000s,2009,Battle Royale,2000,listed,10,,wikipedia-enum
national-us-indiewire-decade,2019,Moonlight,2016,listed,1,,wikipedia-enum
national-us-indiewire-decade,2019,Under the Skin,2013,listed,2,,wikipedia-enum
national-us-indiewire-decade,2019,Certified Copy,2010,listed,3,,wikipedia-enum
national-us-indiewire-decade,2019,The Act of Killing,2012,listed,4,,wikipedia-enum
national-us-indiewire-decade,2019,The Look of Silence,2014,listed,5,,wikipedia-enum
national-us-indiewire-decade,2019,Inside Llewyn Davis,2013,listed,6,,wikipedia-enum
national-us-indiewire-decade,2019,Holy Motors,2012,listed,7,,wikipedia-enum
national-us-indiewire-decade,2019,Carol,2015,listed,8,,wikipedia-enum
national-us-indiewire-decade,2019,The Master,2012,listed,9,,wikipedia-enum
national-us-indiewire-decade,2019,Mad Max: Fury Road,2015,listed,10,,wikipedia-enum
national-us-indiewire-decade,2019,Lady Bird,2017,listed,11,,wikipedia-enum
national-us-indiewire-decade,2019,The Wolf of Wall Street,2013,listed,12,,wikipedia-enum
national-us-indiewire-decade,2019,Uncle Boonmee Who Can Recall His Past Lives,2010,listed,13,,wikipedia-enum
national-us-indiewire-decade,2019,The Tree of Life,2011,listed,14,,wikipedia-enum
national-us-indiewire-decade,2019,Leviathan,2012,listed,15,,wikipedia-enum
national-us-indiewire-decade,2019,Dogtooth,2009,listed,16,,wikipedia-enum
national-us-indiewire-decade,2019,The Social Network,2010,listed,17,,wikipedia-enum
national-us-indiewire-decade,2019,World of Tomorrow,2015,listed,18,,wikipedia-enum
national-us-indiewire-decade,2019,Call Me by Your Name,2017,listed,19,,wikipedia-enum
national-us-indiewire-decade,2019,Toni Erdmann,2016,listed,20,,wikipedia-enum
national-us-indiewire-decade,2019,Phantom Thread,2017,listed,21,,wikipedia-enum
national-us-indiewire-decade,2019,Get Out,2017,listed,22,,wikipedia-enum
national-us-indiewire-decade,2019,Burning,2018,listed,23,,wikipedia-enum
national-us-indiewire-decade,2019,O.J.: Made in America,2016,listed,24,,wikipedia-enum
national-us-indiewire-decade,2019,Boyhood,2014,listed,25,,wikipedia-enum
national-us-indiewire-decade,2019,Amour,2012,listed,26,,wikipedia-enum
national-us-indiewire-decade,2019,Magic Mike XXL,2015,listed,27,,wikipedia-enum
national-us-indiewire-decade,2019,The Wind Rises,2013,listed,28,,wikipedia-enum
national-us-indiewire-decade,2019,Paddington 2,2017,listed,29,,wikipedia-enum
national-us-indiewire-decade,2019,First Reformed,2017,listed,30,,wikipedia-enum
national-us-indiewire-decade,2019,This is Not a Film,2011,listed,31,,wikipedia-enum
national-us-indiewire-decade,2019,Somewhere,2010,listed,32,,wikipedia-enum
national-us-indiewire-decade,2019,The Grand Budapest Hotel,2014,listed,33,,wikipedia-enum
national-us-indiewire-decade,2019,Madeline's Madeline,2018,listed,34,,wikipedia-enum
national-us-indiewire-decade,2019,Stories We Tell,2012,listed,35,,wikipedia-enum
national-us-indiewire-decade,2019,Only Lovers Left Alive,2013,listed,36,,wikipedia-enum
national-us-indiewire-decade,2019,Spring Breakers,2012,listed,37,,wikipedia-enum
national-us-indiewire-decade,2019,Roma,2018,listed,38,,wikipedia-enum
national-us-indiewire-decade,2019,Timbuktu,2014,listed,39,,wikipedia-enum
national-us-indiewire-decade,2019,The Babadook,2014,listed,40,,wikipedia-enum
national-us-indiewire-decade,2019,Personal Shopper,2016,listed,41,,wikipedia-enum
national-us-indiewire-decade,2019,Margaret,2011,listed,42,,wikipedia-enum
national-us-indiewire-decade,2019,Zero Dark Thirty,2012,listed,43,,wikipedia-enum
national-us-indiewire-decade,2019,Portrait of a Lady on Fire,2019,listed,44,,wikipedia-enum
national-us-indiewire-decade,2019,Cameraperson,2016,listed,45,,wikipedia-enum
national-us-indiewire-decade,2019,A Separation,2011,listed,46,,wikipedia-enum
national-us-indiewire-decade,2019,Hereditary,2018,listed,47,,wikipedia-enum
national-us-indiewire-decade,2019,The Lost City of Z,2016,listed,48,,wikipedia-enum
national-us-indiewire-decade,2019,Parasite,2019,listed,49,,wikipedia-enum
national-us-indiewire-decade,2019,Before Midnight,2013,listed,50,,wikipedia-enum
national-us-indiewire-decade,2019,The Tale of the Princess Kaguya,2013,listed,51,,wikipedia-enum
national-us-indiewire-decade,2019,Elle,2016,listed,52,,wikipedia-enum
national-us-indiewire-decade,2019,Eden,2014,listed,53,,wikipedia-enum
national-us-indiewire-decade,2019,A Ghost Story,2017,listed,54,,wikipedia-enum
national-us-indiewire-decade,2019,Cold War,2018,listed,55,,wikipedia-enum
national-us-indiewire-decade,2019,Frances Ha,2012,listed,56,,wikipedia-enum
national-us-indiewire-decade,2019,Happy as Lazzaro,2018,listed,57,,wikipedia-enum
national-us-indiewire-decade,2019,Tangerine,2015,listed,58,,wikipedia-enum
national-us-indiewire-decade,2019,The Turin Horse,2011,listed,59,,wikipedia-enum
national-us-indiewire-decade,2019,The Farewell,2019,listed,60,,wikipedia-enum
national-us-indiewire-decade,2019,Black Panther,2018,listed,61,,wikipedia-enum
national-us-indiewire-decade,2019,Faces Places,2017,listed,62,,wikipedia-enum
national-us-indiewire-decade,2019,Shoplifters,2018,listed,63,,wikipedia-enum
national-us-indiewire-decade,2019,Inception,2010,listed,64,,wikipedia-enum
national-us-indiewire-decade,2019,Mission: Impossible - Fallout,2018,listed,65,,wikipedia-enum
national-us-indiewire-decade,2019,Melancholia,2011,listed,66,,wikipedia-enum
national-us-indiewire-decade,2019,Force Majeure,2014,listed,67,,wikipedia-enum
national-us-indiewire-decade,2019,At Berkeley,2013,listed,68,,wikipedia-enum
national-us-indiewire-decade,2019,Jackie,2016,listed,69,,wikipedia-enum
national-us-indiewire-decade,2019,The Duke of Burgundy,2014,listed,70,,wikipedia-enum
national-us-indiewire-decade,2019,Pariah,2011,listed,71,,wikipedia-enum
national-us-indiewire-decade,2019,Goodbye to Language,2014,listed,72,,wikipedia-enum
national-us-indiewire-decade,2019,The Handmaiden,2016,listed,73,,wikipedia-enum
national-us-indiewire-decade,2019,La La Land,2016,listed,74,,wikipedia-enum
national-us-indiewire-decade,2019,Star Wars: The Last Jedi,2017,listed,75,,wikipedia-enum
national-us-indiewire-decade,2019,A Star Is Born,2018,listed,76,,wikipedia-enum
national-us-indiewire-decade,2019,Leave No Trace,2018,listed,77,,wikipedia-enum
national-us-indiewire-decade,2019,The Souvenir,2019,listed,78,,wikipedia-enum
national-us-indiewire-decade,2019,Inside Out,2015,listed,79,,wikipedia-enum
national-us-indiewire-decade,2019,Kumiko the Treasure Hunter,2014,listed,80,,wikipedia-enum
national-us-indiewire-decade,2019,No Home Movie,2015,listed,81,,wikipedia-enum
national-us-indiewire-decade,2019,High Life,2018,listed,82,,wikipedia-enum
national-us-indiewire-decade,2019,Sunset Song,2015,listed,83,,wikipedia-enum
national-us-indiewire-decade,2019,Synonyms,2019,listed,84,,wikipedia-enum
national-us-indiewire-decade,2019,Beasts of the Southern Wild,2012,listed,85,,wikipedia-enum
national-us-indiewire-decade,2019,The Illusionist,2010,listed,86,,wikipedia-enum
national-us-indiewire-decade,2019,Kate Plays Christine,2016,listed,87,,wikipedia-enum
national-us-indiewire-decade,2019,Her Smell,2018,listed,88,,wikipedia-enum
national-us-indiewire-decade,2019,We Need to Talk About Kevin,2011,listed,89,,wikipedia-enum
national-us-indiewire-decade,2019,Support the Girls,2018,listed,90,,wikipedia-enum
national-us-indiewire-decade,2019,Private Life,2018,listed,91,,wikipedia-enum
national-us-indiewire-decade,2019,Fire at Sea,2016,listed,92,,wikipedia-enum
national-us-indiewire-decade,2019,Spider-Man: Into the Spider-Verse,2018,listed,93,,wikipedia-enum
national-us-indiewire-decade,2019,Mother of George,2013,listed,94,,wikipedia-enum
national-us-indiewire-decade,2019,Happy Hour,2015,listed,95,,wikipedia-enum
national-us-indiewire-decade,2019,The Arbor,2010,listed,96,,wikipedia-enum
national-us-indiewire-decade,2019,Girl Walk // All Day,2011,listed,97,,wikipedia-enum
national-us-indiewire-decade,2019,All These Sleepless Nights,2016,listed,98,,wikipedia-enum
national-us-indiewire-decade,2019,The Great Gatsby,2013,listed,99,,wikipedia-enum
national-us-indiewire-decade,2019,The Loneliest Planet,2011,listed,100,,wikipedia-enum
national-us-indiewire-decade,2019,Inherent Vice,2014,listed,101,,wikipedia-enum
national-ro-rfca-decade,2008,The Reenactment,1968,listed,1,,wikipedia-enum
national-ro-rfca-decade,2008,Forest of the Hanged,1965,listed,2,,wikipedia-enum
national-ro-rfca-decade,2008,The Death of Mr. Lazarescu,2005,listed,3,,wikipedia-enum
national-ro-rfca-decade,2008,"4 Months, 3 Weeks and 2 Days",2007,listed,4,,wikipedia-enum
national-ro-rfca-decade,2008,Sequences,1982,listed,5,,wikipedia-enum
national-ro-rfca-decade,2008,Stone Wedding,1973,listed,6,,wikipedia-enum
national-ro-rfca-decade,2008,The Mill of Good Luck,1957,listed,7,,wikipedia-enum
national-ro-rfca-decade,2008,12:08 East of Bucharest,2006,listed,8,,wikipedia-enum
national-ro-rfca-decade,2008,Microphone Test,1980,listed,9,,wikipedia-enum
national-ro-rfca-decade,2008,The Cruise,1981,listed,10,,wikipedia-enum
national-ca-tiff-top-ten,2015,Atanarjuat: The Fast Runner,2001,listed,1,,wikipedia-enum
national-ca-tiff-top-ten,2015,Mon oncle Antoine,1971,listed,2,,wikipedia-enum
national-ca-tiff-top-ten,2015,The Sweet Hereafter,1997,listed,3,,wikipedia-enum
national-ca-tiff-top-ten,2015,Jesus of Montreal,1989,listed,4,,wikipedia-enum
national-ca-tiff-top-ten,2015,Leolo,1992,listed,5,,wikipedia-enum
national-ca-tiff-top-ten,2015,Goin' Down the Road,1970,listed,6,,wikipedia-enum
national-ca-tiff-top-ten,2015,Dead Ringers,1988,listed,7,,wikipedia-enum
national-ca-tiff-top-ten,2015,C.R.A.Z.Y.,2005,listed,8,,wikipedia-enum
national-ca-tiff-top-ten,2015,My Winnipeg,2007,listed,9,,wikipedia-enum
national-ca-tiff-top-ten,2015,Stories We Tell,2012,listed,10,,wikipedia-enum
national-ca-tiff-top-ten,2015,Orders,1974,listed,10,,wikipedia-enum
national-mx-somos-100,1994,Let's Go with Pancho Villa,1936,listed,1,,wikipedia-enum
national-mx-somos-100,1994,The Young and the Damned,1950,listed,2,,wikipedia-enum
national-mx-somos-100,1994,El compadre Mendoza,1933,listed,3,,wikipedia-enum
national-mx-somos-100,1994,Aventurera,1949,listed,4,,wikipedia-enum
national-mx-somos-100,1994,Una familia de tantas,1948,listed,5,,wikipedia-enum
national-mx-somos-100,1994,Nazarín,1959,listed,6,,wikipedia-enum
national-mx-somos-100,1994,Él,1952,listed,7,,wikipedia-enum
national-mx-somos-100,1994,The Woman of the Port,1933,listed,8,,wikipedia-enum
national-mx-somos-100,1994,The Place Without Limits,1977,listed,9,,wikipedia-enum
national-mx-somos-100,1994,Ahí está el detalle,1940,listed,10,,wikipedia-enum
national-mx-somos-100,1994,Campeón sin corona,1945,listed,11,,wikipedia-enum
national-mx-somos-100,1994,Enamorada,1946,listed,12,,wikipedia-enum
national-mx-somos-100,1994,Pueblerina,1948,listed,13,,wikipedia-enum
national-mx-somos-100,1994,Canoa,1975,listed,14,,wikipedia-enum
national-mx-somos-100,1994,Los hermanos del hierro,1961,listed,15,,wikipedia-enum
national-mx-somos-100,1994,The Exterminating Angel,1962,listed,16,,wikipedia-enum
national-mx-somos-100,1994,Cadena perpetua,1978,listed,17,,wikipedia-enum
national-mx-somos-100,1994,El rey del barrio,1949,listed,18,,wikipedia-enum
national-mx-somos-100,1994,The Skeleton of Mrs. Morales,1959,listed,19,,wikipedia-enum
national-mx-somos-100,1994,Víctimas del pecado,1950,listed,20,,wikipedia-enum
national-mx-somos-100,1994,Tiburoneros,1962,listed,21,,wikipedia-enum
national-mx-somos-100,1994,Distinto amanecer,1943,listed,22,,wikipedia-enum
national-mx-somos-100,1994,Río Escondido,1948,listed,23,,wikipedia-enum
national-mx-somos-100,1994,La oveja negra,1949,listed,24,,wikipedia-enum
national-mx-somos-100,1994,La otra,1946,listed,25,,wikipedia-enum
national-mx-somos-100,1994,"Reed, México insurgente",1970,listed,26,,wikipedia-enum
national-mx-somos-100,1994,Nosotros los pobres,1947,listed,27,,wikipedia-enum
national-mx-somos-100,1994,Salón México,1948,listed,28,,wikipedia-enum
national-mx-somos-100,1994,Doña Perfecta,1950,listed,29,,wikipedia-enum
national-mx-somos-100,1994,Flor silvestre,1943,listed,30,,wikipedia-enum
national-mx-somos-100,1994,La pasión según Berenice,1975,listed,31,,wikipedia-enum
national-mx-somos-100,1994,La sombra del caudillo,1960,listed,32,,wikipedia-enum
national-mx-somos-100,1994,Calabacitas tiernas,1948,listed,33,,wikipedia-enum
national-mx-somos-100,1994,Dos tipos de cuidado,1952,listed,34,,wikipedia-enum
national-mx-somos-100,1994,El vampiro,1957,listed,35,,wikipedia-enum
national-mx-somos-100,1994,La barraca,1944,listed,36,,wikipedia-enum
national-mx-somos-100,1994,María Candelaria,1943,listed,37,,wikipedia-enum
national-mx-somos-100,1994,El suavecito,1950,listed,38,,wikipedia-enum
national-mx-somos-100,1994,La diosa arrodillada,1947,listed,39,,wikipedia-enum
national-mx-somos-100,1994,Los confines,1992,listed,40,,wikipedia-enum
national-mx-somos-100,1994,El gallo de oro,1964,listed,41,,wikipedia-enum
national-mx-somos-100,1994,El topo,1969,listed,42,,wikipedia-enum
national-mx-somos-100,1994,Sensualidad,1950,listed,43,,wikipedia-enum
national-mx-somos-100,1994,El grito,1968,listed,44,,wikipedia-enum
national-mx-somos-100,1994,Danzón,1991,listed,45,,wikipedia-enum
national-mx-somos-100,1994,Susana,1950,listed,46,,wikipedia-enum
national-mx-somos-100,1994,The Criminal Life of Archibaldo de la Cruz,1955,listed,47,,wikipedia-enum
national-mx-somos-100,1994,Tlayucan,1961,listed,48,,wikipedia-enum
national-mx-somos-100,1994,Ladrón de cadáveres,1956,listed,49,,wikipedia-enum
national-mx-somos-100,1994,"Frida, naturaleza viva",1983,listed,50,,wikipedia-enum
national-mx-somos-100,1994,Los tres huastecos,1948,listed,51,,wikipedia-enum
national-mx-somos-100,1994,El bulto,1991,listed,52,,wikipedia-enum
national-mx-somos-100,1994,María de mi corazón,1979,listed,53,,wikipedia-enum
national-mx-somos-100,1994,La noche avanza,1951,listed,54,,wikipedia-enum
national-mx-somos-100,1994,A toda máquina,1951,listed,55,,wikipedia-enum
national-mx-somos-100,1994,Like Water for Chocolate,1992,listed,56,,wikipedia-enum
national-mx-somos-100,1994,México de mis recuerdos,1943,listed,57,,wikipedia-enum
national-mx-somos-100,1994,Los caifanes,1966,listed,58,,wikipedia-enum
national-mx-somos-100,1994,Macario,1959,listed,59,,wikipedia-enum
national-mx-somos-100,1994,El apando,1975,listed,60,,wikipedia-enum
national-mx-somos-100,1994,Cabeza de Vaca,1990,listed,61,,wikipedia-enum
national-mx-somos-100,1994,Juego de mentiras,1967,listed,62,,wikipedia-enum
national-mx-somos-100,1994,Rosauro Castro,1950,listed,63,,wikipedia-enum
national-mx-somos-100,1994,¡Esquina bajan!,1948,listed,64,,wikipedia-enum
national-mx-somos-100,1994,Doña Herlinda and Her Son,1984,listed,65,,wikipedia-enum
national-mx-somos-100,1994,Torero,1956,listed,66,,wikipedia-enum
national-mx-somos-100,1994,Santa,1931,listed,67,,wikipedia-enum
national-mx-somos-100,1994,Gángsters contra charros,1947,listed,68,,wikipedia-enum
national-mx-somos-100,1994,La mujer de Benjamín,1991,listed,69,,wikipedia-enum
national-mx-somos-100,1994,En la palma de tu mano,1950,listed,70,,wikipedia-enum
national-mx-somos-100,1994,Matinée,1976,listed,71,,wikipedia-enum
national-mx-somos-100,1994,Amor a la vuelta de la esquina,1985,listed,72,,wikipedia-enum
national-mx-somos-100,1994,Doña Diabla,1949,listed,73,,wikipedia-enum
national-mx-somos-100,1994,Mecánica nacional,1971,listed,74,,wikipedia-enum
national-mx-somos-100,1994,Doña Bárbara,1943,listed,75,,wikipedia-enum
national-mx-somos-100,1994,Los motivos de Luz,1985,listed,76,,wikipedia-enum
national-mx-somos-100,1994,Cronos,1992,listed,77,,wikipedia-enum
national-mx-somos-100,1994,Ángel de fuego,1991,listed,78,,wikipedia-enum
national-mx-somos-100,1994,Luponini de Chicago,1935,listed,79,,wikipedia-enum
national-mx-somos-100,1994,La perla,1945,listed,80,,wikipedia-enum
national-mx-somos-100,1994,Nocaut,1983,listed,81,,wikipedia-enum
national-mx-somos-100,1994,Santa,1943,listed,82,,wikipedia-enum
national-mx-somos-100,1994,Los tres García,1946,listed,83,,wikipedia-enum
national-mx-somos-100,1994,Águila o sol,1937,listed,84,,wikipedia-enum
national-mx-somos-100,1994,El baisano Jalil,1942,listed,85,,wikipedia-enum
national-mx-somos-100,1994,Janitzio,1934,listed,86,,wikipedia-enum
national-mx-somos-100,1994,Sólo con tu pareja,1991,listed,87,,wikipedia-enum
national-mx-somos-100,1994,Viento negro,1964,listed,88,,wikipedia-enum
national-mx-somos-100,1994,Allá en el Rancho Grande,1936,listed,89,,wikipedia-enum
national-mx-somos-100,1994,Historia de un gran amor,1942,listed,90,,wikipedia-enum
national-mx-somos-100,1994,Escuela de vagabundos,1954,listed,91,,wikipedia-enum
national-mx-somos-100,1994,La malquerida,1949,listed,92,,wikipedia-enum
national-mx-somos-100,1994,Las abandonadas,1944,listed,93,,wikipedia-enum
national-mx-somos-100,1994,Dos monjes,1934,listed,94,,wikipedia-enum
national-mx-somos-100,1994,Illusion Travels by Streetcar,1953,listed,95,,wikipedia-enum
national-mx-somos-100,1994,La cucaracha,1958,listed,96,,wikipedia-enum
national-mx-somos-100,1994,Espaldas mojadas,1953,listed,97,,wikipedia-enum
national-mx-somos-100,1994,The Grey Automobile,1919,listed,98,,wikipedia-enum
national-mx-somos-100,1994,Una carta de amor,1943,listed,99,,wikipedia-enum
national-mx-somos-100,1994,Naufragio,1977,listed,100,,wikipedia-enum
national-ar-encuesta,2022,La Ciénaga,2001,listed,1,,wikipedia-enum
national-ar-encuesta,2022,Invasión,1969,listed,2,,wikipedia-enum
national-ar-encuesta,2022,Tiempo de revancha,1981,listed,3,,wikipedia-enum
national-ar-encuesta,2022,El dependiente,1969,listed,4,,wikipedia-enum
national-ar-encuesta,2022,Crónica de un niño solo,1965,listed,5,,wikipedia-enum
national-ar-encuesta,2022,The Hour of the Furnaces,1968,listed,6,,wikipedia-enum
national-ar-encuesta,2022,"Juan, como si nada hubiera sucedido",1987,listed,7,,wikipedia-enum
national-ar-encuesta,2022,"Pizza, birra, faso",1998,listed,8,,wikipedia-enum
national-ar-encuesta,2022,Silvia Prieto,1999,listed,9,,wikipedia-enum
national-ar-encuesta,2022,Nine Queens,2000,listed,10,,wikipedia-enum
national-ar-encuesta,2022,Juan Moreira,1973,listed,11,,wikipedia-enum
national-ar-encuesta,2022,The Aura,2005,listed,12,,wikipedia-enum
national-ar-encuesta,2022,Los traidores,1973,listed,13,,wikipedia-enum
national-ar-encuesta,2022,El romance del Aniceto y la Francisca,1966,listed,13,,wikipedia-enum
national-ar-encuesta,2022,Las aguas bajan turbias,1952,listed,15,,wikipedia-enum
national-ar-encuesta,2022,Extraordinary Stories,2008,listed,16,,wikipedia-enum
national-ar-encuesta,2022,Esperando la carroza,1985,listed,17,,wikipedia-enum
national-ar-encuesta,2022,Nazareno Cruz y el lobo,1975,listed,18,,wikipedia-enum
national-ar-encuesta,2022,Más allá del olvido,1956,listed,19,,wikipedia-enum
national-ar-encuesta,2022,Zama,2017,listed,20,,wikipedia-enum
national-ar-encuesta,2022,Prisioneros de la tierra,1939,listed,20,,wikipedia-enum
national-ar-encuesta,2022,"Gatica, el mono",1993,listed,22,,wikipedia-enum
national-ar-encuesta,2022,Rosaura a las diez,1958,listed,23,,wikipedia-enum
national-ar-encuesta,2022,Pajarito Gómez,1965,listed,24,,wikipedia-enum
national-ar-encuesta,2022,Los rubios,2003,listed,24,,wikipedia-enum
national-ar-encuesta,2022,La casa del ángel,1957,listed,24,,wikipedia-enum
national-ar-encuesta,2022,Camila,1984,listed,27,,wikipedia-enum
national-ar-encuesta,2022,Tire dié,1960,listed,28,,wikipedia-enum
national-ar-encuesta,2022,The Headless Woman,2008,listed,28,,wikipedia-enum
national-au-best,2018,Mad Max: Fury Road,2015,listed,1,,wikipedia-enum
national-au-best,2018,Animal Kingdom,2010,listed,2,,wikipedia-enum
national-au-best,2018,Samson & Delilah,2009,listed,3,,wikipedia-enum
national-au-best,2018,Chopper,2000,listed,4,,wikipedia-enum
national-au-best,2018,Lantana,2001,listed,5,,wikipedia-enum
national-au-best,2018,The Babadook,2014,listed,6,,wikipedia-enum
national-au-best,2018,The Proposition,2005,listed,7,,wikipedia-enum
national-au-best,2018,Sweet Country,2017,listed,8,,wikipedia-enum
national-au-best,2018,Snowtown,2011,listed,9,,wikipedia-enum
national-au-best,2018,Mystery Road,2013,listed,10,,wikipedia-enum
national-au-best,2018,Moulin Rouge!,2001,listed,11,,wikipedia-enum
national-au-best,2018,Ten Canoes,2006,listed,12,,wikipedia-enum
national-au-best,2018,Look Both Ways,2005,listed,13,,wikipedia-enum
national-au-best,2018,Hail,2011,listed,14,,wikipedia-enum
national-au-best,2018,The Dressmaker,2015,listed,15,,wikipedia-enum
national-au-best,2018,The Dish,2000,listed,16,,wikipedia-enum
national-au-best,2018,Lion,2016,listed,17,,wikipedia-enum
national-au-best,2018,The Tracker,2002,listed,18,,wikipedia-enum
national-au-best,2018,Noise,2007,listed,19,,wikipedia-enum
national-au-best,2018,Kenny,2006,listed,20,,wikipedia-enum
national-au-best,2018,Sherpa,2015,listed,21,,wikipedia-enum
national-au-best,2018,Mary and Max,2009,listed,22,,wikipedia-enum
national-au-best,2018,Hacksaw Ridge,2016,listed,23,,wikipedia-enum
national-au-best,2018,Wolf Creek,2005,listed,24,,wikipedia-enum
national-au-best,2018,Predestination,2014,listed,25,,wikipedia-enum
national-pl-najlepsze,2015,The Promised Land,1975,listed,1,,wikipedia-enum
national-pl-najlepsze,2015,The Saragossa Manuscript,1965,listed,2,,wikipedia-enum
national-pl-najlepsze,2015,Ashes and Diamonds,1958,listed,3,,wikipedia-enum
national-pl-najlepsze,2015,Knife in the Water,1962,listed,4,,wikipedia-enum
national-pl-najlepsze,2015,The Hourglass Sanatorium,1973,listed,5,,wikipedia-enum
national-pl-najlepsze,2015,Night Train,1959,listed,6,,wikipedia-enum
national-pl-najlepsze,2015,Blind Chance,1981,listed,7,,wikipedia-enum
national-pl-najlepsze,2015,Day of the Wacko,2002,listed,8,,wikipedia-enum
national-pl-najlepsze,2015,Mother Joan of the Angels,1961,listed,9,,wikipedia-enum
national-pl-najlepsze,2015,Ida,2013,listed,10,,wikipedia-enum
national-pl-najlepsze,2015,Bad Luck,1960,listed,11,,wikipedia-enum
national-pl-najlepsze,2015,The Cruise,1970,listed,12,,wikipedia-enum
busan-new-currents-award,1996,Rain Clouds over Wushan,1996,won,,,wikipedia-enum
busan-new-currents-award,1997,Motel Cactus,1997,won,,,wikipedia-enum
busan-new-currents-award,1998,Xiao Wu,1997,won,,,wikipedia-enum
busan-new-currents-award,1999,Timeless Melody,1999,won,,,wikipedia-enum
busan-new-currents-award,2000,The Day I Became a Woman,2000,won,,,wikipedia-enum
busan-new-currents-award,2001,Flower Island,2001,won,,,wikipedia-enum
busan-new-currents-award,2002,Jealousy Is My Middle Name,2002,won,,,wikipedia-enum
busan-new-currents-award,2002,The Rite... A Passion,2002,won,,,wikipedia-enum
busan-new-currents-award,2003,The Missing,2003,won,,,wikipedia-enum
busan-new-currents-award,2003,Tiny Snowflakes,2003,won,,,wikipedia-enum
busan-new-currents-award,2004,This Charming Girl,2004,won,,,wikipedia-enum
busan-new-currents-award,2005,Grain in Ear,2005,won,,,wikipedia-enum
busan-new-currents-award,2006,Betelnut,2006,won,,,wikipedia-enum
busan-new-currents-award,2006,Love Conquers All,2006,won,,,wikipedia-enum
busan-new-currents-award,2007,Wonderful Town,2007,won,,,wikipedia-enum
busan-new-currents-award,2007,Life Track,2007,won,,,wikipedia-enum
busan-new-currents-award,2007,Flower in the Pocket,2007,won,,,wikipedia-enum
busan-new-currents-award,2008,Land of Scarecrows,2008,won,,,wikipedia-enum
busan-new-currents-award,2008,Naked of Defenses,2008,won,,,wikipedia-enum
busan-new-currents-award,2009,Kick Off,2009,won,,,wikipedia-enum
busan-new-currents-award,2009,I'm in Trouble,2009,won,,,wikipedia-enum
busan-new-currents-award,2010,The Journals of Musan,2010,won,,,wikipedia-enum
busan-new-currents-award,2010,Bleak Night,2010,won,,,wikipedia-enum
busan-new-currents-award,2011,Mourning,2011,won,,,wikipedia-enum
busan-new-currents-award,2011,Nino,2011,won,,,wikipedia-enum
busan-new-currents-award,2012,36,2012,won,,,wikipedia-enum
busan-new-currents-award,2012,Kayan,2012,won,,,wikipedia-enum
busan-new-currents-award,2013,Pascha,2013,won,,,wikipedia-enum
busan-new-currents-award,2013,Remote Control,2013,won,,,wikipedia-enum
busan-new-currents-award,2014,End of Winter,2014,won,,,wikipedia-enum
busan-new-currents-award,2015,Immortal,2015,won,,,wikipedia-enum
busan-new-currents-award,2015,Walnut Tree,2015,won,,,wikipedia-enum
busan-new-currents-award,2016,The Donor,2016,won,,,wikipedia-enum
busan-new-currents-award,2016,Knife in the Clear Water,2016,won,,,wikipedia-enum
busan-new-currents-award,2017,After My Death,2017,won,,,wikipedia-enum
busan-new-currents-award,2017,Blockage,2017,won,,,wikipedia-enum
busan-new-currents-award,2018,Clean Up,2018,won,,,wikipedia-enum
busan-new-currents-award,2018,Savage,2018,won,,,wikipedia-enum
busan-new-currents-award,2019,Haifa Street,2019,won,,,wikipedia-enum
busan-new-currents-award,2019,Rom,2019,won,,,wikipedia-enum
busan-new-currents-award,2020,A Balance,2020,won,,,wikipedia-enum
busan-new-currents-award,2020,Three,2020,won,,,wikipedia-enum
busan-new-currents-award,2021,The Apartment with Two Women,2021,won,,,wikipedia-enum
busan-new-currents-award,2021,"Farewell, My Hometown",2021,won,,,wikipedia-enum
busan-new-currents-award,2022,A Wild Roomer,2022,won,,,wikipedia-enum
busan-new-currents-award,2022,Shivamma,2022,won,,,wikipedia-enum
busan-new-currents-award,2023,Boli – The Wrestler,2023,won,,,wikipedia-enum
busan-new-currents-award,2023,September 1923,2023,won,,,wikipedia-enum
fespaco-etalon-yennenga,1972,Le Wazzou Polygame,1970,won,,,wikipedia-enum
fespaco-etalon-yennenga,1973,A Thousand and One Hands,1972,won,,,wikipedia-enum
fespaco-etalon-yennenga,1976,Muna Moto,1975,won,,,wikipedia-enum
fespaco-etalon-yennenga,1979,Baara,1978,won,,,wikipedia-enum
fespaco-etalon-yennenga,1981,Djeli,1981,won,,,wikipedia-enum
fespaco-etalon-yennenga,1983,Finyè,1982,won,,,wikipedia-enum
fespaco-etalon-yennenga,1985,Story of a Meeting,1983,won,,,wikipedia-enum
fespaco-etalon-yennenga,1987,Sarraounia,1986,won,,,wikipedia-enum
fespaco-etalon-yennenga,1989,Heritage Africa,1989,won,,,wikipedia-enum
fespaco-etalon-yennenga,1991,Tilaï,1990,won,,,wikipedia-enum
fespaco-etalon-yennenga,1993,Au nom du Christ,1993,won,,,wikipedia-enum
fespaco-etalon-yennenga,1995,Guimba,1995,won,,,wikipedia-enum
fespaco-etalon-yennenga,1997,Buud Yam,1997,won,,,wikipedia-enum
fespaco-etalon-yennenga,1999,Identity Pieces,1998,won,,,wikipedia-enum
fespaco-etalon-yennenga,2001,Ali Zaoua,2000,won,,,wikipedia-enum
fespaco-etalon-yennenga,2003,Waiting for Happiness,2002,won,,,wikipedia-enum
fespaco-etalon-yennenga,2005,Drum,2004,won,,,wikipedia-enum
fespaco-etalon-yennenga,2007,Ezra,2007,won,,,wikipedia-enum
fespaco-etalon-yennenga,2009,Teza,2008,won,,,wikipedia-enum
fespaco-etalon-yennenga,2011,Pegasus,2010,won,,,wikipedia-enum
fespaco-etalon-yennenga,2013,Tey,2012,won,,,wikipedia-enum
fespaco-etalon-yennenga,2015,Fevers,2013,won,,,wikipedia-enum
fespaco-etalon-yennenga,2017,Félicité,2017,won,,,wikipedia-enum
fespaco-etalon-yennenga,2019,The Mercy of the Jungle,2018,won,,,wikipedia-enum
fespaco-etalon-yennenga,2021,The Gravedigger's Wife,2021,won,,,wikipedia-enum
fespaco-etalon-yennenga,2023,Ashkal,2022,won,,,wikipedia-enum
fespaco-etalon-yennenga,2025,"Katanga, la danse des scorpions",2024,won,,,wikipedia-enum
idfa-best-film,1988,Birthplace Unknown,1988,won,,,wikipedia-enum
idfa-best-film,1988,Ksjsiner,1988,won,,,wikipedia-enum
idfa-best-film,1989,Šķērsiela,1988,won,,,wikipedia-enum
idfa-best-film,1990,Christo in Paris,1990,won,,,wikipedia-enum
idfa-best-film,1991,Dreams and Silence,1991,won,,,wikipedia-enum
idfa-best-film,1992,La Memoria del agua,1992,won,,,wikipedia-enum
idfa-best-film,1993,Belovy,1992,won,,,wikipedia-enum
idfa-best-film,1994,Solo de wet van de Favela,1994,won,,,wikipedia-enum
idfa-best-film,1995,Délits Flagrants,1994,won,,,wikipedia-enum
idfa-best-film,1996,Atman,1996,won,,,wikipedia-enum
idfa-best-film,1997,Auf der Kippe,1996,won,,,wikipedia-enum
idfa-best-film,1998,Photographer,1998,won,,,wikipedia-enum
idfa-best-film,1999,André Hazes – Zij gelooft in mij,1999,won,,,wikipedia-enum
idfa-best-film,2000,The Sea That Thinks,2000,won,,,wikipedia-enum
idfa-best-film,2001,Family,2001,won,,,wikipedia-enum
idfa-best-film,2002,Stevie,2002,won,,,wikipedia-enum
idfa-best-film,2003,Checkpoint,2003,won,,,wikipedia-enum
idfa-best-film,2004,Stand van de maan,2004,won,,,wikipedia-enum
idfa-best-film,2005,My Grandmother's House,2005,won,,,wikipedia-enum
idfa-best-film,2006,The Monastery: Mr. Vig and the Nun,2006,won,,,wikipedia-enum
idfa-best-film,2007,Stranded,2007,won,,,wikipedia-enum
idfa-best-film,2008,Burma VJ: Reporting from a Closed Country,2008,won,,,wikipedia-enum
idfa-best-film,2009,Last Train Home,2009,won,,,wikipedia-enum
idfa-best-film,2010,Position Among the Stars,2010,won,,,wikipedia-enum
idfa-best-film,2011,Planet of Snail,2011,won,,,wikipedia-enum
idfa-best-film,2012,First Cousin Once Removed,2012,won,,,wikipedia-enum
idfa-best-film,2013,Song from the Forest,2013,won,,,wikipedia-enum
idfa-best-film,2014,Of Men and War,2014,won,,,wikipedia-enum
idfa-best-film,2015,Don Juan,2015,won,,,wikipedia-enum
idfa-best-film,2016,Nowhere to Hide,2016,won,,,wikipedia-enum
idfa-best-film,2017,The Other Side of Everything,2017,won,,,wikipedia-enum
idfa-best-film,2018,Reason,2018,won,,,wikipedia-enum
idfa-best-film,2019,In a Whisper,2019,won,,,wikipedia-enum
idfa-best-film,2020,Radiograph of a Family,2020,won,,,wikipedia-enum
idfa-best-film,2021,Octopus,2021,won,,,wikipedia-enum
idfa-best-film,2022,Manifesto,2022,won,,,wikipedia-enum
idfa-best-film,2023,1489,2023,won,,,wikipedia-enum
idfa-best-film,2024,Trains,2024,won,,,wikipedia-enum
idfa-best-film,2025,A Fox Under a Pink Moon,2025,won,,,wikipedia-enum
cph-dox-dox-award,2003,Dans Grozny Dans,2002,won,,,wikipedia-enum
cph-dox-dox-award,2004,Darwin's Nightmare,2004,won,,,wikipedia-enum
cph-dox-dox-award,2004,The 3 Rooms of Melancholia,2004,won,,,wikipedia-enum
cph-dox-dox-award,2005,Workingman's Death,2005,won,,,wikipedia-enum
cph-dox-dox-award,2005,The White Diamond,2004,won,,,wikipedia-enum
cph-dox-dox-award,2006,Black Sun,2005,won,,,wikipedia-enum
cph-dox-dox-award,2007,Santa Fe Street,2007,won,,,wikipedia-enum
cph-dox-dox-award,2008,Burma VJ,2008,won,,,wikipedia-enum
cph-dox-dox-award,2009,Trash Humpers,2009,won,,,wikipedia-enum
cph-dox-dox-award,2010,Le Quattro Volte,2010,won,,,wikipedia-enum
cph-dox-dox-award,2011,Two Years at Sea,2011,won,,,wikipedia-enum
cph-dox-dox-award,2012,The Act of Killing,2012,won,,,wikipedia-enum
cph-dox-dox-award,2013,Bloody Beans,2013,won,,,wikipedia-enum
cph-dox-dox-award,2014,The Look of Silence,2014,won,,,wikipedia-enum
cph-dox-dox-award,2015,God Bless the Child,2015,won,,,wikipedia-enum
cph-dox-dox-award,2017,Last Men in Aleppo,2017,won,,,wikipedia-enum
cph-dox-dox-award,2018,The Raft,2018,won,,,wikipedia-enum
cph-dox-dox-award,2019,Ridge,2019,won,,,wikipedia-enum
cph-dox-dox-award,2020,Songs of Repression,2020,won,,,wikipedia-enum
cph-dox-dox-award,2021,The Last Shelter,2021,won,,,wikipedia-enum
cph-dox-dox-award,2022,The Eclipse,2022,won,,,wikipedia-enum
cph-dox-dox-award,2023,Motherland,2023,won,,,wikipedia-enum
cph-dox-dox-award,2024,The Flats,2024,won,,,wikipedia-enum
cph-dox-dox-award,2025,Always,2025,won,,,wikipedia-enum
annecy-cristal-feature,1985,Heroic Times,1984,won,,,wikipedia-enum
annecy-cristal-feature,1987,When the Wind Blows,1986,won,,,wikipedia-enum
annecy-cristal-feature,1989,Alice,1988,won,,,wikipedia-enum
annecy-cristal-feature,1991,Robinson & Co.,1991,won,,,wikipedia-enum
annecy-cristal-feature,1993,Porco Rosso,1992,won,,,wikipedia-enum
annecy-cristal-feature,1995,Pom Poko,1994,won,,,wikipedia-enum
annecy-cristal-feature,1997,James and the Giant Peach,1996,won,,,wikipedia-enum
annecy-cristal-feature,1998,I Married a Strange Person!,1997,won,,,wikipedia-enum
annecy-cristal-feature,1999,Kirikou and the Sorceress,1998,won,,,wikipedia-enum
annecy-cristal-feature,2001,Mutant Aliens,2001,won,,,wikipedia-enum
annecy-cristal-feature,2002,"My Beautiful Girl, Mari",2002,won,,,wikipedia-enum
annecy-cristal-feature,2003,My Life as McDull,2001,won,,,wikipedia-enum
annecy-cristal-feature,2004,Oseam,2003,won,,,wikipedia-enum
annecy-cristal-feature,2005,The District!,2004,won,,,wikipedia-enum
annecy-cristal-feature,2006,Renaissance,2006,won,,,wikipedia-enum
annecy-cristal-feature,2007,Free Jimmy,2006,won,,,wikipedia-enum
annecy-cristal-feature,2008,Sita Sings the Blues,2008,won,,,wikipedia-enum
annecy-cristal-feature,2009,Coraline,2009,won,,,wikipedia-enum
annecy-cristal-feature,2010,Fantastic Mr. Fox,2009,won,,,wikipedia-enum
annecy-cristal-feature,2011,The Rabbi's Cat,2011,won,,,wikipedia-enum
annecy-cristal-feature,2012,Crulic: The Path to Beyond,2011,won,,,wikipedia-enum
annecy-cristal-feature,2013,Rio 2096: A Story of Love and Fury,2013,won,,,wikipedia-enum
annecy-cristal-feature,2014,Boy and the World,2013,won,,,wikipedia-enum
annecy-cristal-feature,2015,April and the Extraordinary World,2015,won,,,wikipedia-enum
annecy-cristal-feature,2016,My Life as a Zucchini,2016,won,,,wikipedia-enum
annecy-cristal-feature,2017,Lu over the Wall,2017,won,,,wikipedia-enum
annecy-cristal-feature,2018,Funan,2018,won,,,wikipedia-enum
annecy-cristal-feature,2019,I Lost My Body,2019,won,,,wikipedia-enum
annecy-cristal-feature,2020,"Calamity, a Childhood of Martha Jane Cannary",2020,won,,,wikipedia-enum
annecy-cristal-feature,2021,Flee,2021,won,,,wikipedia-enum
annecy-cristal-feature,2022,Little Nicholas: Happy As Can Be,2022,won,,,wikipedia-enum
annecy-cristal-feature,2023,Chicken for Linda!,2023,won,,,wikipedia-enum
annecy-cristal-feature,2024,Memoir of a Snail,2024,won,,,wikipedia-enum
annecy-cristal-feature,2025,Arco,2025,won,,,wikipedia-enum
nbr-top-ten,1930,All Quiet on the Western Front,1930,listed,,,wikipedia-enum
nbr-top-ten,1930,Holiday,1930,listed,,,wikipedia-enum
nbr-top-ten,1930,Laughter,1930,listed,,,wikipedia-enum
nbr-top-ten,1930,The Man from Blankley's,1930,listed,,,wikipedia-enum
nbr-top-ten,1930,Men Without Women,1930,listed,,,wikipedia-enum
nbr-top-ten,1930,Morocco,1930,listed,,,wikipedia-enum
nbr-top-ten,1930,Outward Bound,1930,listed,,,wikipedia-enum
nbr-top-ten,1930,Romance,1930,listed,,,wikipedia-enum
nbr-top-ten,1930,Street of Chance,1930,listed,,,wikipedia-enum
nbr-top-ten,1930,Tol'able David,1930,listed,,,wikipedia-enum
nbr-top-ten,1931,Cimarron,1931,listed,,,wikipedia-enum
nbr-top-ten,1931,City Lights,1931,listed,,,wikipedia-enum
nbr-top-ten,1931,City Streets,1931,listed,,,wikipedia-enum
nbr-top-ten,1931,Dishonored,1931,listed,,,wikipedia-enum
nbr-top-ten,1931,The Front Page,1931,listed,,,wikipedia-enum
nbr-top-ten,1931,The Guardsman,1931,listed,,,wikipedia-enum
nbr-top-ten,1931,Quick Millions,1931,listed,,,wikipedia-enum
nbr-top-ten,1931,Rango,1931,listed,,,wikipedia-enum
nbr-top-ten,1931,Surrender,1931,listed,,,wikipedia-enum
nbr-top-ten,1931,Tabu,1931,listed,,,wikipedia-enum
nbr-top-ten,1932,I Am a Fugitive from a Chain Gang,1932,listed,,,wikipedia-enum
nbr-top-ten,1932,As You Desire Me,1932,listed,,,wikipedia-enum
nbr-top-ten,1932,A Bill of Divorcement,1932,listed,,,wikipedia-enum
nbr-top-ten,1932,A Farewell to Arms,1932,listed,,,wikipedia-enum
nbr-top-ten,1932,Madame Racketeer,1932,listed,,,wikipedia-enum
nbr-top-ten,1932,Payment Deferred,1932,listed,,,wikipedia-enum
nbr-top-ten,1932,Scarface,1932,listed,,,wikipedia-enum
nbr-top-ten,1932,Tarzan the Ape Man,1932,listed,,,wikipedia-enum
nbr-top-ten,1932,Trouble in Paradise,1932,listed,,,wikipedia-enum
nbr-top-ten,1932,Two Seconds,1932,listed,,,wikipedia-enum
nbr-top-ten,1933,Topaze,1933,listed,,,wikipedia-enum
nbr-top-ten,1933,Berkeley Square,1933,listed,,,wikipedia-enum
nbr-top-ten,1933,Cavalcade,1933,listed,,,wikipedia-enum
nbr-top-ten,1933,Little Women,1933,listed,,,wikipedia-enum
nbr-top-ten,1933,Mama Loves Papa,1933,listed,,,wikipedia-enum
nbr-top-ten,1933,The Pied Piper,1933,listed,,,wikipedia-enum
nbr-top-ten,1933,She Done Him Wrong,1933,listed,,,wikipedia-enum
nbr-top-ten,1933,State Fair,1933,listed,,,wikipedia-enum
nbr-top-ten,1933,Three-Cornered Moon,1933,listed,,,wikipedia-enum
nbr-top-ten,1933,Zoo in Budapest,1933,listed,,,wikipedia-enum
nbr-top-ten,1934,It Happened One Night,1934,listed,,,wikipedia-enum
nbr-top-ten,1934,The Count of Monte Cristo,1934,listed,,,wikipedia-enum
nbr-top-ten,1934,Crime Without Passion,1934,listed,,,wikipedia-enum
nbr-top-ten,1934,Eskimo,1933,listed,,,wikipedia-enum
nbr-top-ten,1934,The First World War,1934,listed,,,wikipedia-enum
nbr-top-ten,1934,The Lost Patrol,1934,listed,,,wikipedia-enum
nbr-top-ten,1934,Lot in Sodom,1934,listed,,,wikipedia-enum
nbr-top-ten,1934,No Greater Glory,1934,listed,,,wikipedia-enum
nbr-top-ten,1934,The Thin Man,1934,listed,,,wikipedia-enum
nbr-top-ten,1934,Viva Villa!,1934,listed,,,wikipedia-enum
nbr-top-ten,1935,The Informer,1935,listed,,,wikipedia-enum
nbr-top-ten,1935,Alice Adams,1935,listed,,,wikipedia-enum
nbr-top-ten,1935,Anna Karenina,1935,listed,,,wikipedia-enum
nbr-top-ten,1935,David Copperfield,1935,listed,,,wikipedia-enum
nbr-top-ten,1935,The Gilded Lily,1935,listed,,,wikipedia-enum
nbr-top-ten,1935,Les Misérables,1935,listed,,,wikipedia-enum
nbr-top-ten,1935,The Lives of a Bengal Lancer,1935,listed,,,wikipedia-enum
nbr-top-ten,1935,Mutiny on the Bounty,1935,listed,,,wikipedia-enum
nbr-top-ten,1935,Ruggles of Red Gap,1935,listed,,,wikipedia-enum
nbr-top-ten,1935,Who Killed Cock Robin?,1935,listed,,,wikipedia-enum
nbr-top-ten,1936,Mr. Deeds Goes to Town,1936,listed,,,wikipedia-enum
nbr-top-ten,1936,The Story of Louis Pasteur,1936,listed,,,wikipedia-enum
nbr-top-ten,1936,Modern Times,1936,listed,,,wikipedia-enum
nbr-top-ten,1936,Fury,1936,listed,,,wikipedia-enum
nbr-top-ten,1936,Winterset,1936,listed,,,wikipedia-enum
nbr-top-ten,1936,The Devil Is a Sissy,1936,listed,,,wikipedia-enum
nbr-top-ten,1936,Ceiling Zero,1936,listed,,,wikipedia-enum
nbr-top-ten,1936,Romeo and Juliet,1936,listed,,,wikipedia-enum
nbr-top-ten,1936,The Prisoner of Shark Island,1936,listed,,,wikipedia-enum
nbr-top-ten,1936,Green Pastures,1936,listed,,,wikipedia-enum
nbr-top-ten,1937,Night Must Fall,1937,listed,,,wikipedia-enum
nbr-top-ten,1937,The Life of Emile Zola,1937,listed,,,wikipedia-enum
nbr-top-ten,1937,Black Legion,1937,listed,,,wikipedia-enum
nbr-top-ten,1937,Camille,1936,listed,,,wikipedia-enum
nbr-top-ten,1937,Make Way for Tomorrow,1937,listed,,,wikipedia-enum
nbr-top-ten,1937,The Good Earth,1937,listed,,,wikipedia-enum
nbr-top-ten,1937,They Won't Forget,1937,listed,,,wikipedia-enum
nbr-top-ten,1937,Captains Courageous,1937,listed,,,wikipedia-enum
nbr-top-ten,1937,A Star Is Born,1937,listed,,,wikipedia-enum
nbr-top-ten,1937,Stage Door,1937,listed,,,wikipedia-enum
nbr-top-ten,1938,The Citadel,1938,listed,,,wikipedia-enum
nbr-top-ten,1938,Snow White and the Seven Dwarfs,1937,listed,,,wikipedia-enum
nbr-top-ten,1938,The Beachcomber,1938,listed,,,wikipedia-enum
nbr-top-ten,1938,To the Victor,1938,listed,,,wikipedia-enum
nbr-top-ten,1938,Sing You Sinners,1938,listed,,,wikipedia-enum
nbr-top-ten,1938,The Edge of the World,1938,listed,,,wikipedia-enum
nbr-top-ten,1938,Of Human Hearts,1938,listed,,,wikipedia-enum
nbr-top-ten,1938,Jezebel,1938,listed,,,wikipedia-enum
nbr-top-ten,1938,South Riding,1938,listed,,,wikipedia-enum
nbr-top-ten,1938,Three Comrades,1938,listed,,,wikipedia-enum
nbr-top-ten,1940,The Grapes of Wrath,1940,listed,,,wikipedia-enum
nbr-top-ten,1940,The Great Dictator,1940,listed,,,wikipedia-enum
nbr-top-ten,1940,Of Mice and Men,1939,listed,,,wikipedia-enum
nbr-top-ten,1940,Our Town,1940,listed,,,wikipedia-enum
nbr-top-ten,1940,Fantasia,1940,listed,,,wikipedia-enum
nbr-top-ten,1940,The Long Voyage Home,1940,listed,,,wikipedia-enum
nbr-top-ten,1940,Foreign Correspondent,1940,listed,,,wikipedia-enum
nbr-top-ten,1940,The Biscuit Eater,1940,listed,,,wikipedia-enum
nbr-top-ten,1940,Gone with the Wind,1940,listed,,,wikipedia-enum
nbr-top-ten,1940,Rebecca,1940,listed,,,wikipedia-enum
nbr-top-ten,1941,Citizen Kane,1941,listed,,,wikipedia-enum
nbr-top-ten,1941,How Green Was My Valley,1941,listed,,,wikipedia-enum
nbr-top-ten,1941,The Little Foxes,1941,listed,,,wikipedia-enum
nbr-top-ten,1941,The Stars Look Down,1941,listed,,,wikipedia-enum
nbr-top-ten,1941,Dumbo,1941,listed,,,wikipedia-enum
nbr-top-ten,1941,High Sierra,1941,listed,,,wikipedia-enum
nbr-top-ten,1941,Here Comes Mr. Jordan,1941,listed,,,wikipedia-enum
nbr-top-ten,1941,"Tom, Dick and Harry",1941,listed,,,wikipedia-enum
nbr-top-ten,1941,Road to Zanzibar,1941,listed,,,wikipedia-enum
nbr-top-ten,1941,The Lady Eve,1941,listed,,,wikipedia-enum
nbr-top-ten,1942,In Which We Serve,1942,listed,,,wikipedia-enum
nbr-top-ten,1942,One of Our Aircraft Is Missing,1942,listed,,,wikipedia-enum
nbr-top-ten,1942,Mrs. Miniver,1942,listed,,,wikipedia-enum
nbr-top-ten,1942,Journey for Margaret,1942,listed,,,wikipedia-enum
nbr-top-ten,1942,Wake Island,1942,listed,,,wikipedia-enum
nbr-top-ten,1942,The Male Animal,1942,listed,,,wikipedia-enum
nbr-top-ten,1942,The Major and the Minor,1942,listed,,,wikipedia-enum
nbr-top-ten,1942,Sullivan's Travels,1942,listed,,,wikipedia-enum
nbr-top-ten,1942,The Moon and Sixpence,1942,listed,,,wikipedia-enum
nbr-top-ten,1942,The Pied Piper,1942,listed,,,wikipedia-enum
nbr-top-ten,1943,The Ox-Bow Incident,1943,listed,,,wikipedia-enum
nbr-top-ten,1943,Watch on the Rhine,1943,listed,,,wikipedia-enum
nbr-top-ten,1943,Air Force,1943,listed,,,wikipedia-enum
nbr-top-ten,1943,Holy Matrimony,1943,listed,,,wikipedia-enum
nbr-top-ten,1943,The Hard Way,1943,listed,,,wikipedia-enum
nbr-top-ten,1943,Casablanca,1943,listed,,,wikipedia-enum
nbr-top-ten,1943,Lassie Come Home,1943,listed,,,wikipedia-enum
nbr-top-ten,1943,Bataan,1943,listed,,,wikipedia-enum
nbr-top-ten,1943,The Moon Is Down,1943,listed,,,wikipedia-enum
nbr-top-ten,1943,The Next of Kin,1943,listed,,,wikipedia-enum
nbr-top-ten,1944,None But the Lonely Heart,1944,listed,,,wikipedia-enum
nbr-top-ten,1944,Going My Way,1944,listed,,,wikipedia-enum
nbr-top-ten,1944,The Miracle of Morgan's Creek,1944,listed,,,wikipedia-enum
nbr-top-ten,1944,Hail the Conquering Hero,1944,listed,,,wikipedia-enum
nbr-top-ten,1944,The Song of Bernadette,1944,listed,,,wikipedia-enum
nbr-top-ten,1944,Wilson,1944,listed,,,wikipedia-enum
nbr-top-ten,1944,Meet Me in St. Louis,1944,listed,,,wikipedia-enum
nbr-top-ten,1944,Thirty Seconds Over Tokyo,1944,listed,,,wikipedia-enum
nbr-top-ten,1944,Thunder Rock,1944,listed,,,wikipedia-enum
nbr-top-ten,1944,Lifeboat,1944,listed,,,wikipedia-enum
nbr-top-ten,1945,The True Glory,1945,listed,,,wikipedia-enum
nbr-top-ten,1945,The Lost Weekend,1945,listed,,,wikipedia-enum
nbr-top-ten,1945,The Southerner,1945,listed,,,wikipedia-enum
nbr-top-ten,1945,The Story of G.I. Joe,1945,listed,,,wikipedia-enum
nbr-top-ten,1945,The Last Chance,1945,listed,,,wikipedia-enum
nbr-top-ten,1945,The Life and Death of Colonel Blimp,1945,listed,,,wikipedia-enum
nbr-top-ten,1945,A Tree Grows In Brooklyn,1945,listed,,,wikipedia-enum
nbr-top-ten,1945,The Fighting Lady,1945,listed,,,wikipedia-enum
nbr-top-ten,1945,The Way Ahead,1945,listed,,,wikipedia-enum
nbr-top-ten,1945,The Clock,1945,listed,,,wikipedia-enum
nbr-top-ten,1946,Henry V,1944,listed,,,wikipedia-enum
nbr-top-ten,1946,"Rome, Open City",1946,listed,,,wikipedia-enum
nbr-top-ten,1946,The Best Years of Our Lives,1946,listed,,,wikipedia-enum
nbr-top-ten,1946,Brief Encounter,1946,listed,,,wikipedia-enum
nbr-top-ten,1946,A Walk in the Sun,1945,listed,,,wikipedia-enum
nbr-top-ten,1946,It Happened at the Inn,1946,listed,,,wikipedia-enum
nbr-top-ten,1946,My Darling Clementine,1946,listed,,,wikipedia-enum
nbr-top-ten,1946,The Diary of a Chambermaid,1946,listed,,,wikipedia-enum
nbr-top-ten,1946,The Killers,1946,listed,,,wikipedia-enum
nbr-top-ten,1946,Anna and the King of Siam,1946,listed,,,wikipedia-enum
nbr-top-ten,1947,Monsieur Verdoux,1947,listed,,,wikipedia-enum
nbr-top-ten,1947,Great Expectations,1946,listed,,,wikipedia-enum
nbr-top-ten,1947,Shoeshine,1947,listed,,,wikipedia-enum
nbr-top-ten,1947,Crossfire,1947,listed,,,wikipedia-enum
nbr-top-ten,1947,Boomerang!,1947,listed,,,wikipedia-enum
nbr-top-ten,1947,Odd Man Out,1947,listed,,,wikipedia-enum
nbr-top-ten,1947,Gentleman's Agreement,1947,listed,,,wikipedia-enum
nbr-top-ten,1947,To Live in Peace,1947,listed,,,wikipedia-enum
nbr-top-ten,1947,It's a Wonderful Life,1947,listed,,,wikipedia-enum
nbr-top-ten,1947,The Overlanders,1947,listed,,,wikipedia-enum
nbr-top-ten,1948,Paisan,1948,listed,,,wikipedia-enum
nbr-top-ten,1948,Day of Wrath,1948,listed,,,wikipedia-enum
nbr-top-ten,1948,The Search,1948,listed,,,wikipedia-enum
nbr-top-ten,1948,The Treasure of the Sierra Madre,1948,listed,,,wikipedia-enum
nbr-top-ten,1948,Louisiana Story,1948,listed,,,wikipedia-enum
nbr-top-ten,1948,Hamlet,1948,listed,,,wikipedia-enum
nbr-top-ten,1948,The Snake Pit,1948,listed,,,wikipedia-enum
nbr-top-ten,1948,Johnny Belinda,1948,listed,,,wikipedia-enum
nbr-top-ten,1948,Joan of Arc,1948,listed,,,wikipedia-enum
nbr-top-ten,1948,The Red Shoes,1948,listed,,,wikipedia-enum
nbr-top-ten,1950,Sunset Boulevard,1950,listed,,,wikipedia-enum
nbr-top-ten,1950,All About Eve,1950,listed,,,wikipedia-enum
nbr-top-ten,1950,The Asphalt Jungle,1950,listed,,,wikipedia-enum
nbr-top-ten,1950,The Men,1950,listed,,,wikipedia-enum
nbr-top-ten,1950,Edge of Doom,1950,listed,,,wikipedia-enum
nbr-top-ten,1950,Twelve O'Clock High,1950,listed,,,wikipedia-enum
nbr-top-ten,1950,Panic in the Streets,1950,listed,,,wikipedia-enum
nbr-top-ten,1950,Cyrano de Bergerac,1950,listed,,,wikipedia-enum
nbr-top-ten,1950,No Way Out,1950,listed,,,wikipedia-enum
nbr-top-ten,1950,Stage Fright,1950,listed,,,wikipedia-enum
nbr-top-ten,1951,A Place in the Sun,1951,listed,,,wikipedia-enum
nbr-top-ten,1951,The Red Badge of Courage,1951,listed,,,wikipedia-enum
nbr-top-ten,1951,An American in Paris,1951,listed,,,wikipedia-enum
nbr-top-ten,1951,Death of a Salesman,1951,listed,,,wikipedia-enum
nbr-top-ten,1951,Detective Story,1951,listed,,,wikipedia-enum
nbr-top-ten,1951,A Streetcar Named Desire,1951,listed,,,wikipedia-enum
nbr-top-ten,1951,Decision Before Dawn,1951,listed,,,wikipedia-enum
nbr-top-ten,1951,Strangers on a Train,1951,listed,,,wikipedia-enum
nbr-top-ten,1951,Quo Vadis,1951,listed,,,wikipedia-enum
nbr-top-ten,1951,Fourteen Hours,1951,listed,,,wikipedia-enum
nbr-top-ten,1952,The Quiet Man,1952,listed,,,wikipedia-enum
nbr-top-ten,1952,High Noon,1952,listed,,,wikipedia-enum
nbr-top-ten,1952,Limelight,1952,listed,,,wikipedia-enum
nbr-top-ten,1952,5 Fingers,1952,listed,,,wikipedia-enum
nbr-top-ten,1952,The Snows of Kilimanjaro,1952,listed,,,wikipedia-enum
nbr-top-ten,1952,The Thief,1952,listed,,,wikipedia-enum
nbr-top-ten,1952,The Bad and the Beautiful,1952,listed,,,wikipedia-enum
nbr-top-ten,1952,Singin' in the Rain,1952,listed,,,wikipedia-enum
nbr-top-ten,1952,Above and Beyond,1952,listed,,,wikipedia-enum
nbr-top-ten,1952,My Son John,1952,listed,,,wikipedia-enum
nbr-top-ten,1953,Julius Caesar,1953,listed,,,wikipedia-enum
nbr-top-ten,1953,Shane,1953,listed,,,wikipedia-enum
nbr-top-ten,1953,From Here to Eternity,1953,listed,,,wikipedia-enum
nbr-top-ten,1953,Martin Luther,1953,listed,,,wikipedia-enum
nbr-top-ten,1953,Lili,1953,listed,,,wikipedia-enum
nbr-top-ten,1953,Roman Holiday,1953,listed,,,wikipedia-enum
nbr-top-ten,1953,Stalag 17,1953,listed,,,wikipedia-enum
nbr-top-ten,1953,Little Fugitive,1953,listed,,,wikipedia-enum
nbr-top-ten,1953,Mogambo,1953,listed,,,wikipedia-enum
nbr-top-ten,1953,The Robe,1953,listed,,,wikipedia-enum
nbr-top-ten,1954,On the Waterfront,1954,listed,,,wikipedia-enum
nbr-top-ten,1954,Seven Brides for Seven Brothers,1954,listed,,,wikipedia-enum
nbr-top-ten,1954,The Country Girl,1954,listed,,,wikipedia-enum
nbr-top-ten,1954,A Star Is Born,1954,listed,,,wikipedia-enum
nbr-top-ten,1954,Executive Suite,1954,listed,,,wikipedia-enum
nbr-top-ten,1954,The Vanishing Prairie,1954,listed,,,wikipedia-enum
nbr-top-ten,1954,Sabrina,1954,listed,,,wikipedia-enum
nbr-top-ten,1954,"20,000 Leagues Under the Sea",1954,listed,,,wikipedia-enum
nbr-top-ten,1954,The Unconquered,1954,listed,,,wikipedia-enum
nbr-top-ten,1954,Beat the Devil,1954,listed,,,wikipedia-enum
nbr-top-ten,1955,Marty,1955,listed,,,wikipedia-enum
nbr-top-ten,1955,East of Eden,1955,listed,,,wikipedia-enum
nbr-top-ten,1955,Mister Roberts,1955,listed,,,wikipedia-enum
nbr-top-ten,1955,Bad Day at Black Rock,1955,listed,,,wikipedia-enum
nbr-top-ten,1955,Summertime,1955,listed,,,wikipedia-enum
nbr-top-ten,1955,The Rose Tattoo,1955,listed,,,wikipedia-enum
nbr-top-ten,1955,A Man Called Peter,1955,listed,,,wikipedia-enum
nbr-top-ten,1955,Not as a Stranger,1955,listed,,,wikipedia-enum
nbr-top-ten,1955,Picnic,1955,listed,,,wikipedia-enum
nbr-top-ten,1955,The African Lion,1955,listed,,,wikipedia-enum
nbr-top-ten,1956,Around the World in 80 Days,1956,listed,,,wikipedia-enum
nbr-top-ten,1956,Moby Dick,1956,listed,,,wikipedia-enum
nbr-top-ten,1956,The King and I,1956,listed,,,wikipedia-enum
nbr-top-ten,1956,Lust for Life,1956,listed,,,wikipedia-enum
nbr-top-ten,1956,Friendly Persuasion,1956,listed,,,wikipedia-enum
nbr-top-ten,1956,Somebody Up There Likes Me,1956,listed,,,wikipedia-enum
nbr-top-ten,1956,The Catered Affair,1956,listed,,,wikipedia-enum
nbr-top-ten,1956,Anastasia,1956,listed,,,wikipedia-enum
nbr-top-ten,1956,The Man Who Never Was,1956,listed,,,wikipedia-enum
nbr-top-ten,1956,Bus Stop,1956,listed,,,wikipedia-enum
nbr-top-ten,1957,The Bridge on the River Kwai,1957,listed,,,wikipedia-enum
nbr-top-ten,1957,12 Angry Men,1957,listed,,,wikipedia-enum
nbr-top-ten,1957,The Spirit of St. Louis,1957,listed,,,wikipedia-enum
nbr-top-ten,1957,The Rising of the Moon,1957,listed,,,wikipedia-enum
nbr-top-ten,1957,Albert Schweitzer,1957,listed,,,wikipedia-enum
nbr-top-ten,1957,Funny Face,1957,listed,,,wikipedia-enum
nbr-top-ten,1957,The Bachelor Party,1957,listed,,,wikipedia-enum
nbr-top-ten,1957,The Enemy Below,1957,listed,,,wikipedia-enum
nbr-top-ten,1957,A Hatful of Rain,1957,listed,,,wikipedia-enum
nbr-top-ten,1957,A Farewell to Arms,1957,listed,,,wikipedia-enum
nbr-top-ten,1958,The Old Man and the Sea,1958,listed,,,wikipedia-enum
nbr-top-ten,1958,Separate Tables,1958,listed,,,wikipedia-enum
nbr-top-ten,1958,The Last Hurrah,1958,listed,,,wikipedia-enum
nbr-top-ten,1958,"The Long, Hot Summer",1958,listed,,,wikipedia-enum
nbr-top-ten,1958,Windjammer,1958,listed,,,wikipedia-enum
nbr-top-ten,1958,Cat on a Hot Tin Roof,1958,listed,,,wikipedia-enum
nbr-top-ten,1958,The Goddess,1958,listed,,,wikipedia-enum
nbr-top-ten,1958,The Brothers Karamazov,1958,listed,,,wikipedia-enum
nbr-top-ten,1958,Me and the Colonel,1958,listed,,,wikipedia-enum
nbr-top-ten,1958,Gigi,1958,listed,,,wikipedia-enum
nbr-top-ten,1960,Sons and Lovers,1960,listed,,,wikipedia-enum
nbr-top-ten,1960,The Alamo,1960,listed,,,wikipedia-enum
nbr-top-ten,1960,The Sundowners,1960,listed,,,wikipedia-enum
nbr-top-ten,1960,Inherit the Wind,1960,listed,,,wikipedia-enum
nbr-top-ten,1960,Sunrise at Campobello,1960,listed,,,wikipedia-enum
nbr-top-ten,1960,Elmer Gantry,1960,listed,,,wikipedia-enum
nbr-top-ten,1960,Home from the Hill,1960,listed,,,wikipedia-enum
nbr-top-ten,1960,The Apartment,1960,listed,,,wikipedia-enum
nbr-top-ten,1960,Wild River,1960,listed,,,wikipedia-enum
nbr-top-ten,1960,The Dark at the Top of the Stairs,1960,listed,,,wikipedia-enum
nbr-top-ten,1961,Question 7,1961,listed,,,wikipedia-enum
nbr-top-ten,1961,The Hustler,1961,listed,,,wikipedia-enum
nbr-top-ten,1961,West Side Story,1961,listed,,,wikipedia-enum
nbr-top-ten,1961,The Innocents,1961,listed,,,wikipedia-enum
nbr-top-ten,1961,The Hoodlum Priest,1961,listed,,,wikipedia-enum
nbr-top-ten,1961,Summer and Smoke,1961,listed,,,wikipedia-enum
nbr-top-ten,1961,The Young Doctors,1961,listed,,,wikipedia-enum
nbr-top-ten,1961,Judgment at Nuremberg,1961,listed,,,wikipedia-enum
nbr-top-ten,1961,"One, Two, Three",1961,listed,,,wikipedia-enum
nbr-top-ten,1961,Fanny,1961,listed,,,wikipedia-enum
nbr-top-ten,1962,The Longest Day,1962,listed,,,wikipedia-enum
nbr-top-ten,1962,Billy Budd,1962,listed,,,wikipedia-enum
nbr-top-ten,1962,The Miracle Worker,1962,listed,,,wikipedia-enum
nbr-top-ten,1962,Lawrence of Arabia,1962,listed,,,wikipedia-enum
nbr-top-ten,1962,Long Day's Journey into Night,1962,listed,,,wikipedia-enum
nbr-top-ten,1962,Whistle Down the Wind,1962,listed,,,wikipedia-enum
nbr-top-ten,1962,Requiem for a Heavyweight,1962,listed,,,wikipedia-enum
nbr-top-ten,1962,A Taste of Honey,1962,listed,,,wikipedia-enum
nbr-top-ten,1962,Birdman of Alcatraz,1962,listed,,,wikipedia-enum
nbr-top-ten,1962,War Hunt,1962,listed,,,wikipedia-enum
nbr-top-ten,1963,Tom Jones,1963,listed,,,wikipedia-enum
nbr-top-ten,1963,Lilies of the Field,1963,listed,,,wikipedia-enum
nbr-top-ten,1963,All the Way Home,1963,listed,,,wikipedia-enum
nbr-top-ten,1963,Hud,1963,listed,,,wikipedia-enum
nbr-top-ten,1963,This Sporting Life,1963,listed,,,wikipedia-enum
nbr-top-ten,1963,Lord of the Flies,1963,listed,,,wikipedia-enum
nbr-top-ten,1963,The L-Shaped Room,1963,listed,,,wikipedia-enum
nbr-top-ten,1963,The Great Escape,1963,listed,,,wikipedia-enum
nbr-top-ten,1963,How the West Was Won,1963,listed,,,wikipedia-enum
nbr-top-ten,1963,The Cardinal,1963,listed,,,wikipedia-enum
nbr-top-ten,1964,Becket,1964,listed,,,wikipedia-enum
nbr-top-ten,1964,My Fair Lady,1964,listed,,,wikipedia-enum
nbr-top-ten,1964,Girl with Green Eyes,1964,listed,,,wikipedia-enum
nbr-top-ten,1964,The World of Henry Orient,1964,listed,,,wikipedia-enum
nbr-top-ten,1964,Zorba the Greek,1964,listed,,,wikipedia-enum
nbr-top-ten,1964,Topkapi,1964,listed,,,wikipedia-enum
nbr-top-ten,1964,The Chalk Garden,1964,listed,,,wikipedia-enum
nbr-top-ten,1964,The Finest Hours,1964,listed,,,wikipedia-enum
nbr-top-ten,1964,Four Days in November,1964,listed,,,wikipedia-enum
nbr-top-ten,1964,Séance on a Wet Afternoon,1964,listed,,,wikipedia-enum
nbr-top-ten,1965,The Eleanor Roosevelt Story,1965,listed,,,wikipedia-enum
nbr-top-ten,1965,The Agony and the Ecstasy,1965,listed,,,wikipedia-enum
nbr-top-ten,1965,Doctor Zhivago,1965,listed,,,wikipedia-enum
nbr-top-ten,1965,Ship of Fools,1965,listed,,,wikipedia-enum
nbr-top-ten,1965,The Spy Who Came in from the Cold,1965,listed,,,wikipedia-enum
nbr-top-ten,1965,Darling,1965,listed,,,wikipedia-enum
nbr-top-ten,1965,The Greatest Story Ever Told,1965,listed,,,wikipedia-enum
nbr-top-ten,1965,A Thousand Clowns,1965,listed,,,wikipedia-enum
nbr-top-ten,1965,The Train,1965,listed,,,wikipedia-enum
nbr-top-ten,1965,The Sound of Music,1965,listed,,,wikipedia-enum
nbr-top-ten,1966,A Man for All Seasons,1966,listed,,,wikipedia-enum
nbr-top-ten,1966,Born Free,1966,listed,,,wikipedia-enum
nbr-top-ten,1966,Alfie,1966,listed,,,wikipedia-enum
nbr-top-ten,1966,Who's Afraid of Virginia Woolf?,1966,listed,,,wikipedia-enum
nbr-top-ten,1966,The Bible: In the Beginning...,1966,listed,,,wikipedia-enum
nbr-top-ten,1966,Georgy Girl,1966,listed,,,wikipedia-enum
nbr-top-ten,1966,"John F. Kennedy: Years of Lightning, Day of Drums",1966,listed,,,wikipedia-enum
nbr-top-ten,1966,It Happened Here,1966,listed,,,wikipedia-enum
nbr-top-ten,1966,"The Russians Are Coming, the Russians Are Coming",1966,listed,,,wikipedia-enum
nbr-top-ten,1966,Shakespeare Wallah,1966,listed,,,wikipedia-enum
nbr-top-ten,1967,Far from the Madding Crowd,1967,listed,,,wikipedia-enum
nbr-top-ten,1967,The Whisperers,1967,listed,,,wikipedia-enum
nbr-top-ten,1967,Ulysses,1967,listed,,,wikipedia-enum
nbr-top-ten,1967,In Cold Blood,1967,listed,,,wikipedia-enum
nbr-top-ten,1967,The Family Way,1967,listed,,,wikipedia-enum
nbr-top-ten,1967,The Taming of the Shrew,1967,listed,,,wikipedia-enum
nbr-top-ten,1967,Doctor Dolittle,1967,listed,,,wikipedia-enum
nbr-top-ten,1967,The Graduate,1967,listed,,,wikipedia-enum
nbr-top-ten,1967,The Comedians,1967,listed,,,wikipedia-enum
nbr-top-ten,1967,Accident,1967,listed,,,wikipedia-enum
nbr-top-ten,1968,The Shoes of the Fisherman,1968,listed,,,wikipedia-enum
nbr-top-ten,1968,Romeo and Juliet,1968,listed,,,wikipedia-enum
nbr-top-ten,1968,Yellow Submarine,1968,listed,,,wikipedia-enum
nbr-top-ten,1968,Charly,1968,listed,,,wikipedia-enum
nbr-top-ten,1968,"Rachel, Rachel",1968,listed,,,wikipedia-enum
nbr-top-ten,1968,The Subject Was Roses,1968,listed,,,wikipedia-enum
nbr-top-ten,1968,The Lion in Winter,1968,listed,,,wikipedia-enum
nbr-top-ten,1968,Planet of the Apes,1968,listed,,,wikipedia-enum
nbr-top-ten,1968,Oliver!,1968,listed,,,wikipedia-enum
nbr-top-ten,1968,2001: A Space Odyssey,1968,listed,,,wikipedia-enum
nbr-top-ten,1970,Patton,1970,listed,,,wikipedia-enum
nbr-top-ten,1970,Kes,1970,listed,,,wikipedia-enum
nbr-top-ten,1970,Women in Love,1970,listed,,,wikipedia-enum
nbr-top-ten,1970,Five Easy Pieces,1970,listed,,,wikipedia-enum
nbr-top-ten,1970,Ryan's Daughter,1970,listed,,,wikipedia-enum
nbr-top-ten,1970,I Never Sang for My Father,1970,listed,,,wikipedia-enum
nbr-top-ten,1970,Diary of a Mad Housewife,1970,listed,,,wikipedia-enum
nbr-top-ten,1970,Love Story,1970,listed,,,wikipedia-enum
nbr-top-ten,1970,The Virgin and the Gypsy,1970,listed,,,wikipedia-enum
nbr-top-ten,1970,Tora! Tora! Tora!,1970,listed,,,wikipedia-enum
nbr-top-ten,1971,Macbeth,1971,listed,,,wikipedia-enum
nbr-top-ten,1971,The Boy Friend,1971,listed,,,wikipedia-enum
nbr-top-ten,1971,One Day in the Life of Ivan Denisovich,1971,listed,,,wikipedia-enum
nbr-top-ten,1971,The French Connection,1971,listed,,,wikipedia-enum
nbr-top-ten,1971,The Last Picture Show,1971,listed,,,wikipedia-enum
nbr-top-ten,1971,Nicholas and Alexandra,1971,listed,,,wikipedia-enum
nbr-top-ten,1971,The Go-Between,1971,listed,,,wikipedia-enum
nbr-top-ten,1971,King Lear,1971,listed,,,wikipedia-enum
nbr-top-ten,1971,The Tales of Beatrix Potter,1971,listed,,,wikipedia-enum
nbr-top-ten,1971,Death in Venice,1971,listed,,,wikipedia-enum
nbr-top-ten,1972,Cabaret,1972,listed,,,wikipedia-enum
nbr-top-ten,1972,Man of La Mancha,1972,listed,,,wikipedia-enum
nbr-top-ten,1972,The Godfather,1972,listed,,,wikipedia-enum
nbr-top-ten,1972,Sounder,1972,listed,,,wikipedia-enum
nbr-top-ten,1972,1776,1972,listed,,,wikipedia-enum
nbr-top-ten,1972,The Effect of Gamma Rays on Man-in-the-Moon Marigolds,1972,listed,,,wikipedia-enum
nbr-top-ten,1972,Deliverance,1972,listed,,,wikipedia-enum
nbr-top-ten,1972,The Ruling Class,1972,listed,,,wikipedia-enum
nbr-top-ten,1972,The Candidate,1972,listed,,,wikipedia-enum
nbr-top-ten,1972,Frenzy,1972,listed,,,wikipedia-enum
nbr-top-ten,1973,The Sting,1973,listed,,,wikipedia-enum
nbr-top-ten,1973,Paper Moon,1973,listed,,,wikipedia-enum
nbr-top-ten,1973,Bang the Drum Slowly,1973,listed,,,wikipedia-enum
nbr-top-ten,1973,Serpico,1973,listed,,,wikipedia-enum
nbr-top-ten,1973,O Lucky Man!,1973,listed,,,wikipedia-enum
nbr-top-ten,1973,The Last American Hero,1973,listed,,,wikipedia-enum
nbr-top-ten,1973,The Hireling,1973,listed,,,wikipedia-enum
nbr-top-ten,1973,The Day of the Dolphin,1973,listed,,,wikipedia-enum
nbr-top-ten,1973,The Way We Were,1973,listed,,,wikipedia-enum
nbr-top-ten,1973,The Homecoming,1973,listed,,,wikipedia-enum
nbr-top-ten,1974,The Conversation,1974,listed,,,wikipedia-enum
nbr-top-ten,1974,Murder on the Orient Express,1974,listed,,,wikipedia-enum
nbr-top-ten,1974,Chinatown,1974,listed,,,wikipedia-enum
nbr-top-ten,1974,The Last Detail,1974,listed,,,wikipedia-enum
nbr-top-ten,1974,Harry and Tonto,1974,listed,,,wikipedia-enum
nbr-top-ten,1974,A Woman Under the Influence,1974,listed,,,wikipedia-enum
nbr-top-ten,1974,Thieves Like Us,1974,listed,,,wikipedia-enum
nbr-top-ten,1974,Lenny,1974,listed,,,wikipedia-enum
nbr-top-ten,1974,Daisy Miller,1974,listed,,,wikipedia-enum
nbr-top-ten,1974,The Three Musketeers,1973,listed,,,wikipedia-enum
nbr-top-ten,1975,Nashville,1975,listed,,,wikipedia-enum
nbr-top-ten,1975,Barry Lyndon,1975,listed,,,wikipedia-enum
nbr-top-ten,1975,Conduct Unbecoming,1975,listed,,,wikipedia-enum
nbr-top-ten,1975,One Flew Over the Cuckoo's Nest,1975,listed,,,wikipedia-enum
nbr-top-ten,1975,Lies My Father Told Me,1975,listed,,,wikipedia-enum
nbr-top-ten,1975,Dog Day Afternoon,1975,listed,,,wikipedia-enum
nbr-top-ten,1975,The Day of the Locust,1975,listed,,,wikipedia-enum
nbr-top-ten,1975,The Passenger,1975,listed,,,wikipedia-enum
nbr-top-ten,1975,Hearts of the West,1975,listed,,,wikipedia-enum
nbr-top-ten,1975,"Farewell, My Lovely",1975,listed,,,wikipedia-enum
nbr-top-ten,1975,Alice Doesn't Live Here Anymore,1975,listed,,,wikipedia-enum
nbr-top-ten,1976,All the President's Men,1976,listed,,,wikipedia-enum
nbr-top-ten,1976,Network,1976,listed,,,wikipedia-enum
nbr-top-ten,1976,Rocky,1976,listed,,,wikipedia-enum
nbr-top-ten,1976,The Last Tycoon,1976,listed,,,wikipedia-enum
nbr-top-ten,1976,The Seven-Per-Cent Solution,1976,listed,,,wikipedia-enum
nbr-top-ten,1976,The Front,1976,listed,,,wikipedia-enum
nbr-top-ten,1976,The Shootist,1976,listed,,,wikipedia-enum
nbr-top-ten,1976,Family Plot,1976,listed,,,wikipedia-enum
nbr-top-ten,1976,Silent Movie,1976,listed,,,wikipedia-enum
nbr-top-ten,1976,Obsession,1976,listed,,,wikipedia-enum
nbr-top-ten,1977,The Turning Point,1977,listed,,,wikipedia-enum
nbr-top-ten,1977,Annie Hall,1977,listed,,,wikipedia-enum
nbr-top-ten,1977,Julia,1977,listed,,,wikipedia-enum
nbr-top-ten,1977,Star Wars,1977,listed,,,wikipedia-enum
nbr-top-ten,1977,Close Encounters of the Third Kind,1977,listed,,,wikipedia-enum
nbr-top-ten,1977,The Late Show,1977,listed,,,wikipedia-enum
nbr-top-ten,1977,Saturday Night Fever,1977,listed,,,wikipedia-enum
nbr-top-ten,1977,Equus,1977,listed,,,wikipedia-enum
nbr-top-ten,1977,The Picture Show Man,1977,listed,,,wikipedia-enum
nbr-top-ten,1977,"Harlan County, USA",1977,listed,,,wikipedia-enum
nbr-top-ten,1978,Days of Heaven,1978,listed,,,wikipedia-enum
nbr-top-ten,1978,Coming Home,1978,listed,,,wikipedia-enum
nbr-top-ten,1978,Interiors,1978,listed,,,wikipedia-enum
nbr-top-ten,1978,Superman,1978,listed,,,wikipedia-enum
nbr-top-ten,1978,Movie Movie,1978,listed,,,wikipedia-enum
nbr-top-ten,1978,Midnight Express,1978,listed,,,wikipedia-enum
nbr-top-ten,1978,An Unmarried Woman,1978,listed,,,wikipedia-enum
nbr-top-ten,1978,Pretty Baby,1978,listed,,,wikipedia-enum
nbr-top-ten,1978,Girlfriends,1978,listed,,,wikipedia-enum
nbr-top-ten,1978,Comes a Horseman,1978,listed,,,wikipedia-enum
nbr-top-ten,1980,Ordinary People,1980,listed,,,wikipedia-enum
nbr-top-ten,1980,Raging Bull,1980,listed,,,wikipedia-enum
nbr-top-ten,1980,Coal Miner's Daughter,1980,listed,,,wikipedia-enum
nbr-top-ten,1980,Tess,1979,listed,,,wikipedia-enum
nbr-top-ten,1980,Melvin and Howard,1980,listed,,,wikipedia-enum
nbr-top-ten,1980,The Great Santini,1980,listed,,,wikipedia-enum
nbr-top-ten,1980,The Elephant Man,1980,listed,,,wikipedia-enum
nbr-top-ten,1980,The Stunt Man,1980,listed,,,wikipedia-enum
nbr-top-ten,1980,My Bodyguard,1980,listed,,,wikipedia-enum
nbr-top-ten,1980,Resurrection,1980,listed,,,wikipedia-enum
nbr-top-ten,1981,Chariots of Fire,1981,listed,,,wikipedia-enum
nbr-top-ten,1981,Reds,1981,listed,,,wikipedia-enum
nbr-top-ten,1981,Atlantic City,1980,listed,,,wikipedia-enum
nbr-top-ten,1981,Stevie,1978,listed,,,wikipedia-enum
nbr-top-ten,1981,Gallipoli,1981,listed,,,wikipedia-enum
nbr-top-ten,1981,On Golden Pond,1981,listed,,,wikipedia-enum
nbr-top-ten,1981,Prince of the City,1981,listed,,,wikipedia-enum
nbr-top-ten,1981,Raiders of the Lost Ark,1981,listed,,,wikipedia-enum
nbr-top-ten,1981,Heartland,1979,listed,,,wikipedia-enum
nbr-top-ten,1981,Ticket to Heaven,1981,listed,,,wikipedia-enum
nbr-top-ten,1981,Breaker Morant,1981,listed,,,wikipedia-enum
nbr-top-ten,1982,Gandhi,1982,listed,,,wikipedia-enum
nbr-top-ten,1982,The Verdict,1982,listed,,,wikipedia-enum
nbr-top-ten,1982,Sophie's Choice,1982,listed,,,wikipedia-enum
nbr-top-ten,1982,An Officer and a Gentleman,1982,listed,,,wikipedia-enum
nbr-top-ten,1982,Missing,1982,listed,,,wikipedia-enum
nbr-top-ten,1982,E.T. the Extra-Terrestrial,1982,listed,,,wikipedia-enum
nbr-top-ten,1982,The World According to Garp,1982,listed,,,wikipedia-enum
nbr-top-ten,1982,Tootsie,1982,listed,,,wikipedia-enum
nbr-top-ten,1982,Moonlighting,1982,listed,,,wikipedia-enum
nbr-top-ten,1982,The Chosen,1981,listed,,,wikipedia-enum
nbr-top-ten,1983,Betrayal,1983,listed,,,wikipedia-enum
nbr-top-ten,1983,Terms of Endearment,1983,listed,,,wikipedia-enum
nbr-top-ten,1983,Educating Rita,1983,listed,,,wikipedia-enum
nbr-top-ten,1983,Tender Mercies,1983,listed,,,wikipedia-enum
nbr-top-ten,1983,The Dresser,1983,listed,,,wikipedia-enum
nbr-top-ten,1983,The Right Stuff,1983,listed,,,wikipedia-enum
nbr-top-ten,1983,Testament,1983,listed,,,wikipedia-enum
nbr-top-ten,1983,Local Hero,1983,listed,,,wikipedia-enum
nbr-top-ten,1983,The Big Chill,1983,listed,,,wikipedia-enum
nbr-top-ten,1983,Cross Creek,1983,listed,,,wikipedia-enum
nbr-top-ten,1983,Yentl,1983,listed,,,wikipedia-enum
nbr-top-ten,1984,A Passage to India,1984,listed,,,wikipedia-enum
nbr-top-ten,1984,"Paris, Texas",1984,listed,,,wikipedia-enum
nbr-top-ten,1984,The Killing Fields,1984,listed,,,wikipedia-enum
nbr-top-ten,1984,Places in the Heart,1984,listed,,,wikipedia-enum
nbr-top-ten,1984,Mass Appeal,1984,listed,,,wikipedia-enum
nbr-top-ten,1984,Country,1984,listed,,,wikipedia-enum
nbr-top-ten,1984,A Soldier's Story,1984,listed,,,wikipedia-enum
nbr-top-ten,1984,Birdy,1984,listed,,,wikipedia-enum
nbr-top-ten,1984,"Careful, He Might Hear You",1984,listed,,,wikipedia-enum
nbr-top-ten,1984,Under the Volcano,1984,listed,,,wikipedia-enum
nbr-top-ten,1985,The Color Purple,1985,listed,,,wikipedia-enum
nbr-top-ten,1985,Out of Africa,1985,listed,,,wikipedia-enum
nbr-top-ten,1985,The Trip to Bountiful,1985,listed,,,wikipedia-enum
nbr-top-ten,1985,Witness,1985,listed,,,wikipedia-enum
nbr-top-ten,1985,Kiss of the Spider Woman,1985,listed,,,wikipedia-enum
nbr-top-ten,1985,Prizzi's Honor,1985,listed,,,wikipedia-enum
nbr-top-ten,1985,Back to the Future,1985,listed,,,wikipedia-enum
nbr-top-ten,1985,The Shooting Party,1985,listed,,,wikipedia-enum
nbr-top-ten,1985,Blood Simple,1985,listed,,,wikipedia-enum
nbr-top-ten,1985,Dreamchild,1985,listed,,,wikipedia-enum
nbr-top-ten,1986,A Room with a View,1985,listed,,,wikipedia-enum
nbr-top-ten,1986,Hannah and Her Sisters,1986,listed,,,wikipedia-enum
nbr-top-ten,1986,My Beautiful Laundrette,1986,listed,,,wikipedia-enum
nbr-top-ten,1986,The Fly,1986,listed,,,wikipedia-enum
nbr-top-ten,1986,Stand By Me,1986,listed,,,wikipedia-enum
nbr-top-ten,1986,The Color of Money,1986,listed,,,wikipedia-enum
nbr-top-ten,1986,Children of a Lesser God,1986,listed,,,wikipedia-enum
nbr-top-ten,1986,Round Midnight,1986,listed,,,wikipedia-enum
nbr-top-ten,1986,Peggy Sue Got Married,1986,listed,,,wikipedia-enum
nbr-top-ten,1986,The Mission,1986,listed,,,wikipedia-enum
nbr-top-ten,1987,Empire of the Sun,1987,listed,,,wikipedia-enum
nbr-top-ten,1987,The Last Emperor,1987,listed,,,wikipedia-enum
nbr-top-ten,1987,Broadcast News,1987,listed,,,wikipedia-enum
nbr-top-ten,1987,The Untouchables,1987,listed,,,wikipedia-enum
nbr-top-ten,1987,Gaby: A True Story,1987,listed,,,wikipedia-enum
nbr-top-ten,1987,Cry Freedom,1987,listed,,,wikipedia-enum
nbr-top-ten,1987,Fatal Attraction,1987,listed,,,wikipedia-enum
nbr-top-ten,1987,Hope and Glory,1987,listed,,,wikipedia-enum
nbr-top-ten,1987,Wall Street,1987,listed,,,wikipedia-enum
nbr-top-ten,1987,Full Metal Jacket,1987,listed,,,wikipedia-enum
nbr-top-ten,1988,Mississippi Burning,1988,listed,,,wikipedia-enum
nbr-top-ten,1988,Dangerous Liaisons,1988,listed,,,wikipedia-enum
nbr-top-ten,1988,The Accused,1988,listed,,,wikipedia-enum
nbr-top-ten,1988,The Unbearable Lightness of Being,1988,listed,,,wikipedia-enum
nbr-top-ten,1988,The Last Temptation of Christ,1988,listed,,,wikipedia-enum
nbr-top-ten,1988,Tucker: The Man and His Dream,1988,listed,,,wikipedia-enum
nbr-top-ten,1988,Big,1988,listed,,,wikipedia-enum
nbr-top-ten,1988,Running on Empty,1988,listed,,,wikipedia-enum
nbr-top-ten,1988,Gorillas in the Mist,1988,listed,,,wikipedia-enum
nbr-top-ten,1988,Midnight Run,1988,listed,,,wikipedia-enum
nbr-top-ten,1990,Dances with Wolves,1990,listed,,,wikipedia-enum
nbr-top-ten,1990,Hamlet,1990,listed,,,wikipedia-enum
nbr-top-ten,1990,Goodfellas,1990,listed,,,wikipedia-enum
nbr-top-ten,1990,Awakenings,1990,listed,,,wikipedia-enum
nbr-top-ten,1990,Reversal of Fortune,1990,listed,,,wikipedia-enum
nbr-top-ten,1990,Miller's Crossing,1990,listed,,,wikipedia-enum
nbr-top-ten,1990,Metropolitan,1990,listed,,,wikipedia-enum
nbr-top-ten,1990,Mr. & Mrs. Bridge,1990,listed,,,wikipedia-enum
nbr-top-ten,1990,Avalon,1990,listed,,,wikipedia-enum
nbr-top-ten,1990,The Grifters,1990,listed,,,wikipedia-enum
nbr-top-ten,1991,The Silence of the Lambs,1991,listed,,,wikipedia-enum
nbr-top-ten,1991,Bugsy,1991,listed,,,wikipedia-enum
nbr-top-ten,1991,Grand Canyon,1991,listed,,,wikipedia-enum
nbr-top-ten,1991,Thelma & Louise,1991,listed,,,wikipedia-enum
nbr-top-ten,1991,Homicide,1991,listed,,,wikipedia-enum
nbr-top-ten,1991,Dead Again,1991,listed,,,wikipedia-enum
nbr-top-ten,1991,Boyz n the Hood,1991,listed,,,wikipedia-enum
nbr-top-ten,1991,Rambling Rose,1991,listed,,,wikipedia-enum
nbr-top-ten,1991,Frankie and Johnny,1991,listed,,,wikipedia-enum
nbr-top-ten,1991,Jungle Fever,1991,listed,,,wikipedia-enum
nbr-top-ten,1992,Howards End,1992,listed,,,wikipedia-enum
nbr-top-ten,1992,The Crying Game,1992,listed,,,wikipedia-enum
nbr-top-ten,1992,Glengarry Glen Ross,1992,listed,,,wikipedia-enum
nbr-top-ten,1992,A Few Good Men,1992,listed,,,wikipedia-enum
nbr-top-ten,1992,The Player,1992,listed,,,wikipedia-enum
nbr-top-ten,1992,Unforgiven,1992,listed,,,wikipedia-enum
nbr-top-ten,1992,One False Move,1992,listed,,,wikipedia-enum
nbr-top-ten,1992,Peter's Friends,1992,listed,,,wikipedia-enum
nbr-top-ten,1992,Bob Roberts,1992,listed,,,wikipedia-enum
nbr-top-ten,1992,Malcolm X,1992,listed,,,wikipedia-enum
nbr-top-ten,1993,Schindler's List,1993,listed,,,wikipedia-enum
nbr-top-ten,1993,The Age of Innocence,1993,listed,,,wikipedia-enum
nbr-top-ten,1993,The Remains of the Day,1993,listed,,,wikipedia-enum
nbr-top-ten,1993,The Piano,1993,listed,,,wikipedia-enum
nbr-top-ten,1993,Shadowlands,1993,listed,,,wikipedia-enum
nbr-top-ten,1993,In the Name of the Father,1993,listed,,,wikipedia-enum
nbr-top-ten,1993,Philadelphia,1993,listed,,,wikipedia-enum
nbr-top-ten,1993,Much Ado About Nothing,1993,listed,,,wikipedia-enum
nbr-top-ten,1993,Short Cuts,1993,listed,,,wikipedia-enum
nbr-top-ten,1993,The Joy Luck Club,1993,listed,,,wikipedia-enum
nbr-top-ten,1994,Forrest Gump,1994,listed,,,wikipedia-enum
nbr-top-ten,1994,Pulp Fiction,1994,listed,,,wikipedia-enum
nbr-top-ten,1994,Quiz Show,1994,listed,,,wikipedia-enum
nbr-top-ten,1994,Four Weddings and a Funeral,1994,listed,,,wikipedia-enum
nbr-top-ten,1994,Bullets over Broadway,1994,listed,,,wikipedia-enum
nbr-top-ten,1994,Ed Wood,1994,listed,,,wikipedia-enum
nbr-top-ten,1994,The Shawshank Redemption,1994,listed,,,wikipedia-enum
nbr-top-ten,1994,Nobody's Fool,1994,listed,,,wikipedia-enum
nbr-top-ten,1994,The Madness of King George,1994,listed,,,wikipedia-enum
nbr-top-ten,1994,Tom & Viv,1994,listed,,,wikipedia-enum
nbr-top-ten,1994,Heavenly Creatures,1994,listed,,,wikipedia-enum
nbr-top-ten,1995,Sense and Sensibility,1995,listed,,,wikipedia-enum
nbr-top-ten,1995,Apollo 13,1995,listed,,,wikipedia-enum
nbr-top-ten,1995,Carrington,1995,listed,,,wikipedia-enum
nbr-top-ten,1995,Leaving Las Vegas,1995,listed,,,wikipedia-enum
nbr-top-ten,1995,The American President,1995,listed,,,wikipedia-enum
nbr-top-ten,1995,Mighty Aphrodite,1995,listed,,,wikipedia-enum
nbr-top-ten,1995,Smoke,1995,listed,,,wikipedia-enum
nbr-top-ten,1995,Persuasion,1995,listed,,,wikipedia-enum
nbr-top-ten,1995,Braveheart,1995,listed,,,wikipedia-enum
nbr-top-ten,1995,The Usual Suspects,1995,listed,,,wikipedia-enum
nbr-top-ten,1996,Shine,1996,listed,,,wikipedia-enum
nbr-top-ten,1996,The English Patient,1996,listed,,,wikipedia-enum
nbr-top-ten,1996,Fargo,1996,listed,,,wikipedia-enum
nbr-top-ten,1996,Secrets & Lies,1996,listed,,,wikipedia-enum
nbr-top-ten,1996,Everyone Says I Love You,1996,listed,,,wikipedia-enum
nbr-top-ten,1996,Evita,1996,listed,,,wikipedia-enum
nbr-top-ten,1996,Sling Blade,1996,listed,,,wikipedia-enum
nbr-top-ten,1996,Trainspotting,1996,listed,,,wikipedia-enum
nbr-top-ten,1996,Breaking the Waves,1996,listed,,,wikipedia-enum
nbr-top-ten,1996,Jerry Maguire,1996,listed,,,wikipedia-enum
nbr-top-ten,1997,L.A. Confidential,1997,listed,,,wikipedia-enum
nbr-top-ten,1997,As Good as It Gets,1997,listed,,,wikipedia-enum
nbr-top-ten,1997,The Wings of the Dove,1997,listed,,,wikipedia-enum
nbr-top-ten,1997,Good Will Hunting,1997,listed,,,wikipedia-enum
nbr-top-ten,1997,Titanic,1997,listed,,,wikipedia-enum
nbr-top-ten,1997,The Sweet Hereafter,1997,listed,,,wikipedia-enum
nbr-top-ten,1997,Boogie Nights,1997,listed,,,wikipedia-enum
nbr-top-ten,1997,The Full Monty,1997,listed,,,wikipedia-enum
nbr-top-ten,1997,The Rainmaker,1997,listed,,,wikipedia-enum
nbr-top-ten,1997,Jackie Brown,1997,listed,,,wikipedia-enum
nbr-top-ten,1998,Gods and Monsters,1998,listed,,,wikipedia-enum
nbr-top-ten,1998,Saving Private Ryan,1998,listed,,,wikipedia-enum
nbr-top-ten,1998,Elizabeth,1998,listed,,,wikipedia-enum
nbr-top-ten,1998,Happiness,1998,listed,,,wikipedia-enum
nbr-top-ten,1998,Shakespeare in Love,1998,listed,,,wikipedia-enum
nbr-top-ten,1998,The Butcher Boy,1997,listed,,,wikipedia-enum
nbr-top-ten,1998,Lolita,1997,listed,,,wikipedia-enum
nbr-top-ten,1998,The Thin Red Line,1998,listed,,,wikipedia-enum
nbr-top-ten,1998,A Simple Plan,1998,listed,,,wikipedia-enum
nbr-top-ten,1998,Dancing at Lughnasa,1998,listed,,,wikipedia-enum
nbr-top-ten,2000,Quills,2000,listed,,,wikipedia-enum
nbr-top-ten,2000,Traffic,2000,listed,,,wikipedia-enum
nbr-top-ten,2000,Croupier,2000,listed,,,wikipedia-enum
nbr-top-ten,2000,You Can Count on Me,2000,listed,,,wikipedia-enum
nbr-top-ten,2000,Billy Elliot,2000,listed,,,wikipedia-enum
nbr-top-ten,2000,Before Night Falls,2000,listed,,,wikipedia-enum
nbr-top-ten,2000,Gladiator,2000,listed,,,wikipedia-enum
nbr-top-ten,2000,Wonder Boys,2000,listed,,,wikipedia-enum
nbr-top-ten,2000,Sunshine,1999,listed,,,wikipedia-enum
nbr-top-ten,2000,Dancer in the Dark,2000,listed,,,wikipedia-enum
nbr-top-ten,2001,Moulin Rouge!,2001,listed,,,wikipedia-enum
nbr-top-ten,2001,In the Bedroom,2001,listed,,,wikipedia-enum
nbr-top-ten,2001,Ocean's Eleven,2001,listed,,,wikipedia-enum
nbr-top-ten,2001,Memento,2001,listed,,,wikipedia-enum
nbr-top-ten,2001,Monster's Ball,2001,listed,,,wikipedia-enum
nbr-top-ten,2001,Black Hawk Down,2001,listed,,,wikipedia-enum
nbr-top-ten,2001,The Man Who Wasn't There,2001,listed,,,wikipedia-enum
nbr-top-ten,2001,A.I. Artificial Intelligence,2001,listed,,,wikipedia-enum
nbr-top-ten,2001,The Pledge,2001,listed,,,wikipedia-enum
nbr-top-ten,2001,Mulholland Drive,2001,listed,,,wikipedia-enum
nbr-top-ten,2002,The Hours,2002,listed,,,wikipedia-enum
nbr-top-ten,2002,Adaptation,2002,listed,,,wikipedia-enum
nbr-top-ten,2002,Chicago,2002,listed,,,wikipedia-enum
nbr-top-ten,2002,Gangs of New York,2002,listed,,,wikipedia-enum
nbr-top-ten,2002,The Quiet American,2002,listed,,,wikipedia-enum
nbr-top-ten,2002,Rabbit-Proof Fence,2002,listed,,,wikipedia-enum
nbr-top-ten,2002,The Pianist,2002,listed,,,wikipedia-enum
nbr-top-ten,2002,Far from Heaven,2002,listed,,,wikipedia-enum
nbr-top-ten,2002,Thirteen Conversations About One Thing,2002,listed,,,wikipedia-enum
nbr-top-ten,2002,Frida,2002,listed,,,wikipedia-enum
nbr-top-ten,2003,Mystic River,2003,listed,,,wikipedia-enum
nbr-top-ten,2003,The Last Samurai,2003,listed,,,wikipedia-enum
nbr-top-ten,2003,The Station Agent,2003,listed,,,wikipedia-enum
nbr-top-ten,2003,21 Grams,2003,listed,,,wikipedia-enum
nbr-top-ten,2003,House of Sand and Fog,2003,listed,,,wikipedia-enum
nbr-top-ten,2003,Lost in Translation,2003,listed,,,wikipedia-enum
nbr-top-ten,2003,Cold Mountain,2003,listed,,,wikipedia-enum
nbr-top-ten,2003,In America,2003,listed,,,wikipedia-enum
nbr-top-ten,2003,Seabiscuit,2003,listed,,,wikipedia-enum
nbr-top-ten,2003,Master and Commander: The Far Side of the World,2003,listed,,,wikipedia-enum
nbr-top-ten,2004,Finding Neverland,2004,listed,,,wikipedia-enum
nbr-top-ten,2004,The Aviator,2004,listed,,,wikipedia-enum
nbr-top-ten,2004,Closer,2004,listed,,,wikipedia-enum
nbr-top-ten,2004,Million Dollar Baby,2004,listed,,,wikipedia-enum
nbr-top-ten,2004,Sideways,2004,listed,,,wikipedia-enum
nbr-top-ten,2004,Kinsey,2004,listed,,,wikipedia-enum
nbr-top-ten,2004,Vera Drake,2004,listed,,,wikipedia-enum
nbr-top-ten,2004,Ray,2004,listed,,,wikipedia-enum
nbr-top-ten,2004,Collateral,2004,listed,,,wikipedia-enum
nbr-top-ten,2004,Hotel Rwanda,2004,listed,,,wikipedia-enum
nbr-top-ten,2005,"Good Night, and Good Luck",2005,listed,,,wikipedia-enum
nbr-top-ten,2005,Brokeback Mountain,2005,listed,,,wikipedia-enum
nbr-top-ten,2005,Capote,2005,listed,,,wikipedia-enum
nbr-top-ten,2005,Crash,2004,listed,,,wikipedia-enum
nbr-top-ten,2005,A History of Violence,2005,listed,,,wikipedia-enum
nbr-top-ten,2005,Match Point,2005,listed,,,wikipedia-enum
nbr-top-ten,2005,Memoirs of a Geisha,2005,listed,,,wikipedia-enum
nbr-top-ten,2005,Munich,2005,listed,,,wikipedia-enum
nbr-top-ten,2005,Syriana,2005,listed,,,wikipedia-enum
nbr-top-ten,2005,Walk the Line,2005,listed,,,wikipedia-enum
nbr-top-ten,2006,Letters from Iwo Jima,2006,listed,,,wikipedia-enum
nbr-top-ten,2006,Babel,2006,listed,,,wikipedia-enum
nbr-top-ten,2006,Blood Diamond,2006,listed,,,wikipedia-enum
nbr-top-ten,2006,The Departed,2006,listed,,,wikipedia-enum
nbr-top-ten,2006,The Devil Wears Prada,2006,listed,,,wikipedia-enum
nbr-top-ten,2006,Flags of Our Fathers,2006,listed,,,wikipedia-enum
nbr-top-ten,2006,The History Boys,2006,listed,,,wikipedia-enum
nbr-top-ten,2006,Little Miss Sunshine,2006,listed,,,wikipedia-enum
nbr-top-ten,2006,Notes on a Scandal,2006,listed,,,wikipedia-enum
nbr-top-ten,2006,The Painted Veil,2006,listed,,,wikipedia-enum
nbr-top-ten,2007,No Country for Old Men,2007,listed,,,wikipedia-enum
nbr-top-ten,2007,The Assassination of Jesse James by the Coward Robert Ford,2007,listed,,,wikipedia-enum
nbr-top-ten,2007,The Bourne Ultimatum,2007,listed,,,wikipedia-enum
nbr-top-ten,2007,The Bucket List,2007,listed,,,wikipedia-enum
nbr-top-ten,2007,Into the Wild,2007,listed,,,wikipedia-enum
nbr-top-ten,2007,Juno,2007,listed,,,wikipedia-enum
nbr-top-ten,2007,The Kite Runner,2007,listed,,,wikipedia-enum
nbr-top-ten,2007,Lars and the Real Girl,2007,listed,,,wikipedia-enum
nbr-top-ten,2007,Michael Clayton,2007,listed,,,wikipedia-enum
nbr-top-ten,2007,Sweeney Todd: The Demon Barber of Fleet Street,2007,listed,,,wikipedia-enum
nbr-top-ten,2008,Slumdog Millionaire,2008,listed,,,wikipedia-enum
nbr-top-ten,2008,Burn After Reading,2008,listed,,,wikipedia-enum
nbr-top-ten,2008,Changeling,2008,listed,,,wikipedia-enum
nbr-top-ten,2008,The Curious Case of Benjamin Button,2008,listed,,,wikipedia-enum
nbr-top-ten,2008,The Dark Knight,2008,listed,,,wikipedia-enum
nbr-top-ten,2008,Defiance,2008,listed,,,wikipedia-enum
nbr-top-ten,2008,Frost/Nixon,2008,listed,,,wikipedia-enum
nbr-top-ten,2008,Gran Torino,2008,listed,,,wikipedia-enum
nbr-top-ten,2008,Milk,2008,listed,,,wikipedia-enum
nbr-top-ten,2008,WALL-E,2008,listed,,,wikipedia-enum
nbr-top-ten,2008,The Wrestler,2008,listed,,,wikipedia-enum
nbr-top-ten,2010,The Social Network,2010,listed,,,wikipedia-enum
nbr-top-ten,2010,Another Year,2010,listed,,,wikipedia-enum
nbr-top-ten,2010,The Fighter,2010,listed,,,wikipedia-enum
nbr-top-ten,2010,Hereafter,2010,listed,,,wikipedia-enum
nbr-top-ten,2010,Inception,2010,listed,,,wikipedia-enum
nbr-top-ten,2010,The King's Speech,2010,listed,,,wikipedia-enum
nbr-top-ten,2010,Shutter Island,2010,listed,,,wikipedia-enum
nbr-top-ten,2010,The Town,2010,listed,,,wikipedia-enum
nbr-top-ten,2010,Toy Story 3,2010,listed,,,wikipedia-enum
nbr-top-ten,2010,True Grit,2010,listed,,,wikipedia-enum
nbr-top-ten,2010,Winter's Bone,2010,listed,,,wikipedia-enum
nbr-top-ten,2011,Hugo,2011,listed,,,wikipedia-enum
nbr-top-ten,2011,The Artist,2011,listed,,,wikipedia-enum
nbr-top-ten,2011,The Descendants,2011,listed,,,wikipedia-enum
nbr-top-ten,2011,Drive,2011,listed,,,wikipedia-enum
nbr-top-ten,2011,The Girl with the Dragon Tattoo,2011,listed,,,wikipedia-enum
nbr-top-ten,2011,Harry Potter and the Deathly Hallows – Part 2,2011,listed,,,wikipedia-enum
nbr-top-ten,2011,The Ides of March,2011,listed,,,wikipedia-enum
nbr-top-ten,2011,J. Edgar,2011,listed,,,wikipedia-enum
nbr-top-ten,2011,The Tree of Life,2011,listed,,,wikipedia-enum
nbr-top-ten,2011,War Horse,2011,listed,,,wikipedia-enum
nbr-top-ten,2012,Zero Dark Thirty,2012,listed,,,wikipedia-enum
nbr-top-ten,2012,Argo,2012,listed,,,wikipedia-enum
nbr-top-ten,2012,Beasts of the Southern Wild,2012,listed,,,wikipedia-enum
nbr-top-ten,2012,Django Unchained,2012,listed,,,wikipedia-enum
nbr-top-ten,2012,Les Misérables,2012,listed,,,wikipedia-enum
nbr-top-ten,2012,Lincoln,2012,listed,,,wikipedia-enum
nbr-top-ten,2012,Looper,2012,listed,,,wikipedia-enum
nbr-top-ten,2012,The Perks of Being a Wallflower,2012,listed,,,wikipedia-enum
nbr-top-ten,2012,Promised Land,2012,listed,,,wikipedia-enum
nbr-top-ten,2012,Silver Linings Playbook,2012,listed,,,wikipedia-enum
nbr-top-ten,2013,Her,2013,listed,,,wikipedia-enum
nbr-top-ten,2013,12 Years a Slave,2013,listed,,,wikipedia-enum
nbr-top-ten,2013,Fruitvale Station,2013,listed,,,wikipedia-enum
nbr-top-ten,2013,Gravity,2013,listed,,,wikipedia-enum
nbr-top-ten,2013,Inside Llewyn Davis,2013,listed,,,wikipedia-enum
nbr-top-ten,2013,Lone Survivor,2013,listed,,,wikipedia-enum
nbr-top-ten,2013,Nebraska,2013,listed,,,wikipedia-enum
nbr-top-ten,2013,Prisoners,2013,listed,,,wikipedia-enum
nbr-top-ten,2013,Saving Mr. Banks,2013,listed,,,wikipedia-enum
nbr-top-ten,2013,The Secret Life of Walter Mitty,2013,listed,,,wikipedia-enum
nbr-top-ten,2013,The Wolf of Wall Street,2013,listed,,,wikipedia-enum
nbr-top-ten,2014,A Most Violent Year,2014,listed,,,wikipedia-enum
nbr-top-ten,2014,American Sniper,2014,listed,,,wikipedia-enum
nbr-top-ten,2014,Birdman,2014,listed,,,wikipedia-enum
nbr-top-ten,2014,Boyhood,2014,listed,,,wikipedia-enum
nbr-top-ten,2014,Fury,2014,listed,,,wikipedia-enum
nbr-top-ten,2014,Gone Girl,2014,listed,,,wikipedia-enum
nbr-top-ten,2014,The Imitation Game,2014,listed,,,wikipedia-enum
nbr-top-ten,2014,Inherent Vice,2014,listed,,,wikipedia-enum
nbr-top-ten,2014,The LEGO Movie,2014,listed,,,wikipedia-enum
nbr-top-ten,2014,Nightcrawler,2014,listed,,,wikipedia-enum
nbr-top-ten,2014,Unbroken,2014,listed,,,wikipedia-enum
nbr-top-ten,2015,Mad Max: Fury Road,2015,listed,,,wikipedia-enum
nbr-top-ten,2015,Bridge of Spies,2015,listed,,,wikipedia-enum
nbr-top-ten,2015,Creed,2015,listed,,,wikipedia-enum
nbr-top-ten,2015,The Hateful Eight,2015,listed,,,wikipedia-enum
nbr-top-ten,2015,Inside Out,2015,listed,,,wikipedia-enum
nbr-top-ten,2015,The Martian,2015,listed,,,wikipedia-enum
nbr-top-ten,2015,Room,2015,listed,,,wikipedia-enum
nbr-top-ten,2015,Sicario,2015,listed,,,wikipedia-enum
nbr-top-ten,2015,Spotlight,2015,listed,,,wikipedia-enum
nbr-top-ten,2015,Straight Outta Compton,2015,listed,,,wikipedia-enum
nbr-top-ten,2016,Manchester by the Sea,2016,listed,,,wikipedia-enum
nbr-top-ten,2016,Arrival,2016,listed,,,wikipedia-enum
nbr-top-ten,2016,Hacksaw Ridge,2016,listed,,,wikipedia-enum
nbr-top-ten,2016,"Hail, Caesar!",2016,listed,,,wikipedia-enum
nbr-top-ten,2016,Hell or High Water,2016,listed,,,wikipedia-enum
nbr-top-ten,2016,Hidden Figures,2016,listed,,,wikipedia-enum
nbr-top-ten,2016,La La Land,2016,listed,,,wikipedia-enum
nbr-top-ten,2016,Moonlight,2016,listed,,,wikipedia-enum
nbr-top-ten,2016,Patriots Day,2016,listed,,,wikipedia-enum
nbr-top-ten,2016,Silence,2016,listed,,,wikipedia-enum
nbr-top-ten,2016,Sully,2016,listed,,,wikipedia-enum
nbr-top-ten,2017,The Post,2017,listed,,,wikipedia-enum
nbr-top-ten,2017,Baby Driver,2017,listed,,,wikipedia-enum
nbr-top-ten,2017,Call Me by Your Name,2017,listed,,,wikipedia-enum
nbr-top-ten,2017,The Disaster Artist,2017,listed,,,wikipedia-enum
nbr-top-ten,2017,Downsizing,2017,listed,,,wikipedia-enum
nbr-top-ten,2017,Dunkirk,2017,listed,,,wikipedia-enum
nbr-top-ten,2017,The Florida Project,2017,listed,,,wikipedia-enum
nbr-top-ten,2017,Get Out,2017,listed,,,wikipedia-enum
nbr-top-ten,2017,Lady Bird,2017,listed,,,wikipedia-enum
nbr-top-ten,2017,Logan,2017,listed,,,wikipedia-enum
nbr-top-ten,2017,Phantom Thread,2017,listed,,,wikipedia-enum
nbr-top-ten,2018,Green Book,2018,listed,,,wikipedia-enum
nbr-top-ten,2018,The Ballad of Buster Scruggs,2018,listed,,,wikipedia-enum
nbr-top-ten,2018,Black Panther,2018,listed,,,wikipedia-enum
nbr-top-ten,2018,Can You Ever Forgive Me?,2018,listed,,,wikipedia-enum
nbr-top-ten,2018,Eighth Grade,2018,listed,,,wikipedia-enum
nbr-top-ten,2018,First Reformed,2018,listed,,,wikipedia-enum
nbr-top-ten,2018,If Beale Street Could Talk,2018,listed,,,wikipedia-enum
nbr-top-ten,2018,Mary Poppins Returns,2018,listed,,,wikipedia-enum
nbr-top-ten,2018,A Quiet Place,2018,listed,,,wikipedia-enum
nbr-top-ten,2018,Roma,2018,listed,,,wikipedia-enum
nbr-top-ten,2018,A Star Is Born,2018,listed,,,wikipedia-enum
nbr-top-ten,2020,Da 5 Bloods,2020,listed,,,wikipedia-enum
nbr-top-ten,2020,First Cow,2020,listed,,,wikipedia-enum
nbr-top-ten,2020,The Forty-Year-Old Version,2020,listed,,,wikipedia-enum
nbr-top-ten,2020,Judas and the Black Messiah,2020,listed,,,wikipedia-enum
nbr-top-ten,2020,The Midnight Sky,2020,listed,,,wikipedia-enum
nbr-top-ten,2020,Minari,2020,listed,,,wikipedia-enum
nbr-top-ten,2020,News of the World,2020,listed,,,wikipedia-enum
nbr-top-ten,2020,Nomadland,2020,listed,,,wikipedia-enum
nbr-top-ten,2020,Promising Young Woman,2020,listed,,,wikipedia-enum
nbr-top-ten,2020,Soul,2020,listed,,,wikipedia-enum
nbr-top-ten,2020,Sound of Metal,2020,listed,,,wikipedia-enum
nbr-top-ten,2021,Licorice Pizza,2021,listed,,,wikipedia-enum
nbr-top-ten,2021,Belfast,2021,listed,,,wikipedia-enum
nbr-top-ten,2021,Don't Look Up,2021,listed,,,wikipedia-enum
nbr-top-ten,2021,Dune,2021,listed,,,wikipedia-enum
nbr-top-ten,2021,King Richard,2021,listed,,,wikipedia-enum
nbr-top-ten,2021,The Last Duel,2021,listed,,,wikipedia-enum
nbr-top-ten,2021,Nightmare Alley,2021,listed,,,wikipedia-enum
nbr-top-ten,2021,Red Rocket,2021,listed,,,wikipedia-enum
nbr-top-ten,2021,The Tragedy of Macbeth,2021,listed,,,wikipedia-enum
nbr-top-ten,2021,West Side Story,2021,listed,,,wikipedia-enum
nbr-top-ten,2022,Top Gun: Maverick,2022,listed,,,wikipedia-enum
nbr-top-ten,2022,Aftersun,2022,listed,,,wikipedia-enum
nbr-top-ten,2022,Avatar: The Way of Water,2022,listed,,,wikipedia-enum
nbr-top-ten,2022,The Banshees of Inisherin,2022,listed,,,wikipedia-enum
nbr-top-ten,2022,Everything Everywhere All at Once,2022,listed,,,wikipedia-enum
nbr-top-ten,2022,The Fabelmans,2022,listed,,,wikipedia-enum
nbr-top-ten,2022,Glass Onion: A Knives Out Mystery,2022,listed,,,wikipedia-enum
nbr-top-ten,2022,RRR,2022,listed,,,wikipedia-enum
nbr-top-ten,2022,Till,2022,listed,,,wikipedia-enum
nbr-top-ten,2022,The Woman King,2022,listed,,,wikipedia-enum
nbr-top-ten,2022,Women Talking,2022,listed,,,wikipedia-enum
nbr-top-ten,2023,Killers of the Flower Moon,2023,listed,,,wikipedia-enum
nbr-top-ten,2023,Barbie,2023,listed,,,wikipedia-enum
nbr-top-ten,2023,The Boy and the Heron,2023,listed,,,wikipedia-enum
nbr-top-ten,2023,Ferrari,2023,listed,,,wikipedia-enum
nbr-top-ten,2023,The Holdovers,2023,listed,,,wikipedia-enum
nbr-top-ten,2023,The Iron Claw,2023,listed,,,wikipedia-enum
nbr-top-ten,2023,Maestro,2023,listed,,,wikipedia-enum
nbr-top-ten,2023,Oppenheimer,2023,listed,,,wikipedia-enum
nbr-top-ten,2023,Past Lives,2023,listed,,,wikipedia-enum
nbr-top-ten,2023,Poor Things,2023,listed,,,wikipedia-enum
nbr-top-ten,2024,Wicked,2024,listed,,,wikipedia-enum
nbr-top-ten,2024,Anora,2024,listed,,,wikipedia-enum
nbr-top-ten,2024,Babygirl,2024,listed,,,wikipedia-enum
nbr-top-ten,2024,A Complete Unknown,2024,listed,,,wikipedia-enum
nbr-top-ten,2024,Conclave,2024,listed,,,wikipedia-enum
nbr-top-ten,2024,Furiosa: A Mad Max Saga,2024,listed,,,wikipedia-enum
nbr-top-ten,2024,Gladiator II,2024,listed,,,wikipedia-enum
nbr-top-ten,2024,Juror #2,2024,listed,,,wikipedia-enum
nbr-top-ten,2024,Queer,2024,listed,,,wikipedia-enum
nbr-top-ten,2024,A Real Pain,2024,listed,,,wikipedia-enum
nbr-top-ten,2024,Sing Sing,2023,listed,,,wikipedia-enum
national-film-registry,1991,2001: A Space Odyssey,1968,listed,,,wikipedia-enum
national-film-registry,2012,3:10 to Yuma,1957,listed,,,wikipedia-enum
national-film-registry,2017,4 Little Girls,1997,listed,,,wikipedia-enum
national-film-registry,2008,The 7th Voyage of Sinbad,1958,listed,,,wikipedia-enum
national-film-registry,2007,12 Angry Men,1957,listed,,,wikipedia-enum
national-film-registry,2023,12 Years a Slave,2013,listed,,,wikipedia-enum
national-film-registry,2014,13 Lakes,2004,listed,,,wikipedia-enum
national-film-registry,2023,20 Feet from Stardom,2013,listed,,,wikipedia-enum
national-film-registry,2016,"20,000 Leagues Under the Sea",1916,listed,,,wikipedia-enum
national-film-registry,1998,42nd Street,1933,listed,,,wikipedia-enum
national-film-registry,2001,Abbott and Costello Meet Frankenstein,1948,listed,,,wikipedia-enum
national-film-registry,2017,Ace in the Hole,1951,listed,,,wikipedia-enum
national-film-registry,1992,Adam's Rib,1949,listed,,,wikipedia-enum
national-film-registry,1995,The Adventures of Robin Hood,1938,listed,,,wikipedia-enum
national-film-registry,1994,The African Queen,1951,listed,,,wikipedia-enum
national-film-registry,2010,Airplane!,1980,listed,,,wikipedia-enum
national-film-registry,2023,Alambrista!,1977,listed,,,wikipedia-enum
national-film-registry,2002,Alien,1979,listed,,,wikipedia-enum
national-film-registry,1990,All About Eve,1950,listed,,,wikipedia-enum
national-film-registry,2002,All My Babies,1953,listed,,,wikipedia-enum
national-film-registry,1990,All Quiet on the Western Front,1930,listed,,,wikipedia-enum
national-film-registry,1995,All That Heaven Allows,1955,listed,,,wikipedia-enum
national-film-registry,2001,All That Jazz,1979,listed,,,wikipedia-enum
national-film-registry,2001,All the King's Men,1949,listed,,,wikipedia-enum
national-film-registry,2010,All the President's Men,1976,listed,,,wikipedia-enum
national-film-registry,2011,Allures,1961,listed,,,wikipedia-enum
national-film-registry,2019,Amadeus,1984,listed,,,wikipedia-enum
national-film-registry,2001,America America,1963,listed,,,wikipedia-enum
national-film-registry,1995,American Graffiti,1973,listed,,,wikipedia-enum
national-film-registry,1993,An American in Paris,1951,listed,,,wikipedia-enum
national-film-registry,2024,American Me,1992,listed,,,wikipedia-enum
national-film-registry,2012,Anatomy of a Murder,1959,listed,,,wikipedia-enum
national-film-registry,2024,Angels with Dirty Faces,1938,listed,,,wikipedia-enum
national-film-registry,2024,Annabelle Serpentine Dance,1895,listed,,,wikipedia-enum
national-film-registry,1992,Annie Hall,1977,listed,,,wikipedia-enum
national-film-registry,2003,Antonia: A Portrait of the Woman,1974,listed,,,wikipedia-enum
national-film-registry,1994,The Apartment,1960,listed,,,wikipedia-enum
national-film-registry,2000,Apocalypse Now,1979,listed,,,wikipedia-enum
national-film-registry,2023,Apollo 13,1995,listed,,,wikipedia-enum
national-film-registry,2006,Applause,1929,listed,,,wikipedia-enum
national-film-registry,2008,The Asphalt Jungle,1950,listed,,,wikipedia-enum
national-film-registry,2003,Atlantic City,1980,listed,,,wikipedia-enum
national-film-registry,2016,The Atomic Cafe,1982,listed,,,wikipedia-enum
national-film-registry,2022,Attica,1974,listed,,,wikipedia-enum
national-film-registry,2012,The Augustas,1930,listed,,,wikipedia-enum
national-film-registry,1996,The Awful Truth,1937,listed,,,wikipedia-enum
national-film-registry,2005,Baby Face,1933,listed,,,wikipedia-enum
national-film-registry,2007,Back to the Future,1985,listed,,,wikipedia-enum
national-film-registry,2002,The Bad and the Beautiful,1952,listed,,,wikipedia-enum
national-film-registry,2018,Bad Day at Black Rock,1955,listed,,,wikipedia-enum
national-film-registry,1993,Badlands,1973,listed,,,wikipedia-enum
national-film-registry,2016,Ball of Fire,1941,listed,,,wikipedia-enum
national-film-registry,2022,The Ballad of Gregorio Cortez,1982,listed,,,wikipedia-enum
national-film-registry,2011,Bambi,1942,listed,,,wikipedia-enum
national-film-registry,2023,Bamboozled,2000,listed,,,wikipedia-enum
national-film-registry,1995,The Band Wagon,1953,listed,,,wikipedia-enum
national-film-registry,1992,The Bank Dick,1940,listed,,,wikipedia-enum
national-film-registry,2010,The Bargain,1914,listed,,,wikipedia-enum
national-film-registry,1991,The Battle of San Pietro,1945,listed,,,wikipedia-enum
national-film-registry,2020,The Battle of the Century,1927,listed,,,wikipedia-enum
national-film-registry,2016,The Beau Brummels,1928,listed,,,wikipedia-enum
national-film-registry,2002,Beauty and the Beast,1991,listed,,,wikipedia-enum
national-film-registry,2019,Becky Sharp,1935,listed,,,wikipedia-enum
national-film-registry,2019,Before Stonewall,1984,listed,,,wikipedia-enum
national-film-registry,2025,Before Sunrise,1995,listed,,,wikipedia-enum
national-film-registry,2022,Behind Every Good Man,1967,listed,,,wikipedia-enum
national-film-registry,2015,Being There,1979,listed,,,wikipedia-enum
national-film-registry,1997,Ben-Hur: A Tale of the Christ,1925,listed,,,wikipedia-enum
national-film-registry,2004,Ben-Hur,1959,listed,,,wikipedia-enum
national-film-registry,2014,Bert Williams: Lime Kiln Club Field Day,1913,listed,,,wikipedia-enum
national-film-registry,1989,The Best Years of Our Lives,1946,listed,,,wikipedia-enum
national-film-registry,2022,Betty Tells Her Story,1972,listed,,,wikipedia-enum
national-film-registry,2024,Beverly Hills Cop,1984,listed,,,wikipedia-enum
national-film-registry,1992,Big Business,1929,listed,,,wikipedia-enum
national-film-registry,2025,The Big Chill,1983,listed,,,wikipedia-enum
national-film-registry,2011,The Big Heat,1953,listed,,,wikipedia-enum
national-film-registry,2014,The Big Lebowski,1998,listed,,,wikipedia-enum
national-film-registry,1992,The Big Parade,1925,listed,,,wikipedia-enum
national-film-registry,1997,The Big Sleep,1946,listed,,,wikipedia-enum
national-film-registry,2006,The Big Trail,1930,listed,,,wikipedia-enum
national-film-registry,2016,The Birds,1963,listed,,,wikipedia-enum
national-film-registry,1992,The Birth of a Nation,1915,listed,,,wikipedia-enum
national-film-registry,2015,Black and Tan,1929,listed,,,wikipedia-enum
national-film-registry,1993,The Black Pirate,1926,listed,,,wikipedia-enum
national-film-registry,2002,The Black Stallion,1979,listed,,,wikipedia-enum
national-film-registry,2016,Blackboard Jungle,1955,listed,,,wikipedia-enum
national-film-registry,1995,Blacksmith Scene,1893,listed,,,wikipedia-enum
national-film-registry,1993,Blade Runner,1982,listed,,,wikipedia-enum
national-film-registry,2006,Blazing Saddles,1974,listed,,,wikipedia-enum
national-film-registry,2013,Bless Their Little Hearts,1984,listed,,,wikipedia-enum
national-film-registry,1991,The Blood of Jesus,1941,listed,,,wikipedia-enum
national-film-registry,2004,The Blue Bird,1918,listed,,,wikipedia-enum
national-film-registry,2020,The Blues Brothers,1980,listed,,,wikipedia-enum
national-film-registry,2019,Body and Soul,1925,listed,,,wikipedia-enum
national-film-registry,2023,Bohulano Family Film Collection,1950,listed,,,wikipedia-enum
national-film-registry,1992,Bonnie and Clyde,1967,listed,,,wikipedia-enum
national-film-registry,2012,Born Yesterday,1950,listed,,,wikipedia-enum
national-film-registry,2017,Boulevard Nights,1979,listed,,,wikipedia-enum
national-film-registry,2019,Boys Don't Cry,1999,listed,,,wikipedia-enum
national-film-registry,2002,Boyz n the Hood,1991,listed,,,wikipedia-enum
national-film-registry,2013,Brandy in the Wilderness,1969,listed,,,wikipedia-enum
national-film-registry,2020,Bread,1918,listed,,,wikipedia-enum
national-film-registry,2012,Breakfast at Tiffany's,1961,listed,,,wikipedia-enum
national-film-registry,2016,The Breakfast Club,1985,listed,,,wikipedia-enum
national-film-registry,1998,Bride of Frankenstein,1935,listed,,,wikipedia-enum
national-film-registry,1997,The Bridge on the River Kwai,1957,listed,,,wikipedia-enum
national-film-registry,1990,Bringing Up Baby,1938,listed,,,wikipedia-enum
national-film-registry,2018,Broadcast News,1987,listed,,,wikipedia-enum
national-film-registry,2018,Brokeback Mountain,2005,listed,,,wikipedia-enum
national-film-registry,1996,Broken Blossoms,1919,listed,,,wikipedia-enum
national-film-registry,2004,A Bronx Morning,1931,listed,,,wikipedia-enum
national-film-registry,2025,Brooklyn Bridge,1981,listed,,,wikipedia-enum
national-film-registry,2020,Buena Vista Social Club,1999,listed,,,wikipedia-enum
national-film-registry,2005,The Buffalo Creek Flood: An Act of Man,1975,listed,,,wikipedia-enum
national-film-registry,2007,Bullitt,1968,listed,,,wikipedia-enum
national-film-registry,2022,Bush Mama,1979,listed,,,wikipedia-enum
national-film-registry,2003,Butch Cassidy and the Sundance Kid,1969,listed,,,wikipedia-enum
national-film-registry,2022,Cab Calloway's home movies,1948,listed,,,wikipedia-enum
national-film-registry,1995,Cabaret,1972,listed,,,wikipedia-enum
national-film-registry,2020,Cabin in the Sky,1943,listed,,,wikipedia-enum
national-film-registry,2005,The Cameraman,1928,listed,,,wikipedia-enum
national-film-registry,1992,Carmen Jones,1954,listed,,,wikipedia-enum
national-film-registry,2022,Carrie,1976,listed,,,wikipedia-enum
national-film-registry,1989,Casablanca,1942,listed,,,wikipedia-enum
national-film-registry,1992,Castro Street,1966,listed,,,wikipedia-enum
national-film-registry,1993,Cat People,1942,listed,,,wikipedia-enum
national-film-registry,1995,Chan Is Missing,1982,listed,,,wikipedia-enum
national-film-registry,2022,Charade,1963,listed,,,wikipedia-enum
national-film-registry,1993,The Cheat,1915,listed,,,wikipedia-enum
national-film-registry,2003,The Chechahcos,1924,listed,,,wikipedia-enum
national-film-registry,2024,Chelsea Girls,1966,listed,,,wikipedia-enum
national-film-registry,2021,Chicana,1979,listed,,,wikipedia-enum
national-film-registry,1991,Chinatown,1974,listed,,,wikipedia-enum
national-film-registry,2012,A Christmas Story,1983,listed,,,wikipedia-enum
national-film-registry,1993,Chulas Fronteras,1976,listed,,,wikipedia-enum
national-film-registry,2013,Cicero March,1966,listed,,,wikipedia-enum
national-film-registry,2018,Cinderella,1950,listed,,,wikipedia-enum
national-film-registry,1989,Citizen Kane,1941,listed,,,wikipedia-enum
national-film-registry,1998,The City,1939,listed,,,wikipedia-enum
national-film-registry,1991,City Lights,1931,listed,,,wikipedia-enum
national-film-registry,1999,Civilization,1916,listed,,,wikipedia-enum
national-film-registry,2004,The Clash of the Wolves,1925,listed,,,wikipedia-enum
national-film-registry,2019,Clerks,1994,listed,,,wikipedia-enum
national-film-registry,2020,A Clockwork Orange,1971,listed,,,wikipedia-enum
national-film-registry,2007,Close Encounters of the Third Kind,1977,listed,,,wikipedia-enum
national-film-registry,2025,Clueless,1995,listed,,,wikipedia-enum
national-film-registry,2019,Coal Miner's Daughter,1980,listed,,,wikipedia-enum
national-film-registry,2001,Cologne: From the Diary of Ray and Esther,1939,listed,,,wikipedia-enum
national-film-registry,2005,"Commandment Keeper Church, Beaufort South Carolina, May 1940",1940,listed,,,wikipedia-enum
national-film-registry,2024,Common Threads: Stories from the Quilt,1989,listed,,,wikipedia-enum
national-film-registry,2024,Compensation,1999,listed,,,wikipedia-enum
national-film-registry,2011,A Computer Animated Hand,1972,listed,,,wikipedia-enum
national-film-registry,1995,The Conversation,1974,listed,,,wikipedia-enum
national-film-registry,2005,Cool Hand Luke,1967,listed,,,wikipedia-enum
national-film-registry,2021,Cooley High,1975,listed,,,wikipedia-enum
national-film-registry,1994,The Cool World,1963,listed,,,wikipedia-enum
national-film-registry,1997,Cops,1922,listed,,,wikipedia-enum
national-film-registry,2012,The Corbett–Fitzsimmons Fight,1897,listed,,,wikipedia-enum
national-film-registry,1994,A Corner in Wheat,1909,listed,,,wikipedia-enum
national-film-registry,2004,The Court Jester,1956,listed,,,wikipedia-enum
national-film-registry,2011,Crisis: Behind a Presidential Commitment,1963,listed,,,wikipedia-enum
national-film-registry,1989,The Crowd,1928,listed,,,wikipedia-enum
national-film-registry,2023,Cruisin' J-Town,1975,listed,,,wikipedia-enum
national-film-registry,2011,The Cry of the Children,1912,listed,,,wikipedia-enum
national-film-registry,2010,The Cry of Jazz,1959,listed,,,wikipedia-enum
national-film-registry,2011,A Cure for Pokeritis,1912,listed,,,wikipedia-enum
national-film-registry,2006,The Curse of Quon Gwon,1916,listed,,,wikipedia-enum
national-film-registry,2022,Cyrano de Bergerac,1950,listed,,,wikipedia-enum
national-film-registry,1997,Czechoslovakia 1968,1969,listed,,,wikipedia-enum
national-film-registry,2004,D.O.A.,1950,listed,,,wikipedia-enum
national-film-registry,2007,"Dance, Girl, Dance",1940,listed,,,wikipedia-enum
national-film-registry,2007,Dances With Wolves,1990,listed,,,wikipedia-enum
national-film-registry,2020,The Dark Knight,2008,listed,,,wikipedia-enum
national-film-registry,2013,Daughter of Dawn,1920,listed,,,wikipedia-enum
national-film-registry,2006,Daughter of Shanghai,1937,listed,,,wikipedia-enum
national-film-registry,2004,Daughters of the Dust,1991,listed,,,wikipedia-enum
national-film-registry,1991,David Holzman's Diary,1967,listed,,,wikipedia-enum
national-film-registry,1995,The Day the Earth Stood Still,1951,listed,,,wikipedia-enum
national-film-registry,2007,Days of Heaven,1978,listed,,,wikipedia-enum
national-film-registry,2018,Days of Wine and Roses,1962,listed,,,wikipedia-enum
national-film-registry,1998,Dead Birds,1964,listed,,,wikipedia-enum
national-film-registry,2013,Decasia,2002,listed,,,wikipedia-enum
national-film-registry,2016,The Decline of Western Civilization,1981,listed,,,wikipedia-enum
national-film-registry,1996,The Deer Hunter,1978,listed,,,wikipedia-enum
national-film-registry,2008,Deliverance,1972,listed,,,wikipedia-enum
national-film-registry,2002,Demolishing and Building Up the Star Theatre,1901,listed,,,wikipedia-enum
national-film-registry,2023,Desperately Seeking Susan,1985,listed,,,wikipedia-enum
national-film-registry,1996,Destry Rides Again,1939,listed,,,wikipedia-enum
national-film-registry,1992,Detour,1945,listed,,,wikipedia-enum
national-film-registry,2020,The Devil Never Sleeps,1994,listed,,,wikipedia-enum
national-film-registry,2003,The Dickson Experimental Sound Film,1894,listed,,,wikipedia-enum
national-film-registry,2017,Die Hard,1988,listed,,,wikipedia-enum
national-film-registry,2023,Dinner at Eight,1933,listed,,,wikipedia-enum
national-film-registry,2024,Dirty Dancing,1987,listed,,,wikipedia-enum
national-film-registry,2012,Dirty Harry,1971,listed,,,wikipedia-enum
national-film-registry,2008,Disneyland Dream,1956,listed,,,wikipedia-enum
national-film-registry,2018,Dixon-Wanamaker Expedition to Crow Agency,1908,listed,,,wikipedia-enum
national-film-registry,1999,Do the Right Thing,1989,listed,,,wikipedia-enum
national-film-registry,1999,The Docks of New York,1928,listed,,,wikipedia-enum
national-film-registry,1990,Dodsworth,1936,listed,,,wikipedia-enum
national-film-registry,2009,Dog Day Afternoon,1975,listed,,,wikipedia-enum
national-film-registry,1992,Dog Star Man,1961,listed,,,wikipedia-enum
national-film-registry,1998,Dont Look Back,1967,listed,,,wikipedia-enum
national-film-registry,1992,Double Indemnity,1944,listed,,,wikipedia-enum
national-film-registry,2014,Down Argentine Way,1940,listed,,,wikipedia-enum
national-film-registry,1989,Dr. Strangelove or: How I Learned to Stop Worrying and Love the Bomb,1964,listed,,,wikipedia-enum
national-film-registry,2000,Dracula,1931,listed,,,wikipedia-enum
national-film-registry,2015,Dracula (Spanish version),1931,listed,,,wikipedia-enum
national-film-registry,2014,The Dragon Painter,1919,listed,,,wikipedia-enum
national-film-registry,2015,Dream of a Rarebit Fiend,1906,listed,,,wikipedia-enum
national-film-registry,2006,Drums of Winter,1988,listed,,,wikipedia-enum
national-film-registry,1999,Duck Amuck,1953,listed,,,wikipedia-enum
national-film-registry,2004,Duck and Cover,1951,listed,,,wikipedia-enum
national-film-registry,1990,Duck Soup,1933,listed,,,wikipedia-enum
national-film-registry,2017,Dumbo,1941,listed,,,wikipedia-enum
national-film-registry,1994,E.T. the Extra-Terrestrial,1982,listed,,,wikipedia-enum
national-film-registry,2015,"Eadweard Muybridge, Zoopraxographer",1975,listed,,,wikipedia-enum
national-film-registry,2006,Early Abstractions,1939,listed,,,wikipedia-enum
national-film-registry,2016,East of Eden,1955,listed,,,wikipedia-enum
national-film-registry,1998,Easy Rider,1969,listed,,,wikipedia-enum
national-film-registry,1993,Eaux d'Artifice,1953,listed,,,wikipedia-enum
national-film-registry,2023,Edge of the City,1957,listed,,,wikipedia-enum
national-film-registry,2015,Edison Kinetographic Record of a Sneeze,1894,listed,,,wikipedia-enum
national-film-registry,2011,El Mariachi,1992,listed,,,wikipedia-enum
national-film-registry,1995,El Norte,1983,listed,,,wikipedia-enum
national-film-registry,2010,Electronic Labyrinth: THX 1138 4EB,1967,listed,,,wikipedia-enum
national-film-registry,2013,Ella Cinders,1926,listed,,,wikipedia-enum
national-film-registry,2019,Emigrants Landing at Ellis Island,1903,listed,,,wikipedia-enum
national-film-registry,1999,The Emperor Jones,1933,listed,,,wikipedia-enum
national-film-registry,2004,Empire,1964,listed,,,wikipedia-enum
national-film-registry,2010,The Empire Strikes Back,1980,listed,,,wikipedia-enum
national-film-registry,2019,Employees' Entrance,1933,listed,,,wikipedia-enum
national-film-registry,2002,The Endless Summer,1966,listed,,,wikipedia-enum
national-film-registry,2004,Enter the Dragon,1973,listed,,,wikipedia-enum
national-film-registry,2004,Eraserhead,1977,listed,,,wikipedia-enum
national-film-registry,2018,Eve's Bayou,1997,listed,,,wikipedia-enum
national-film-registry,2021,Evergreen,1965,listed,,,wikipedia-enum
national-film-registry,2001,The Evidence of the Film,1913,listed,,,wikipedia-enum
national-film-registry,2009,The Exiles,1961,listed,,,wikipedia-enum
national-film-registry,2010,The Exorcist,1973,listed,,,wikipedia-enum
national-film-registry,1994,The Exploits of Elaine,1914,listed,,,wikipedia-enum
national-film-registry,2008,A Face in the Crowd,1957,listed,,,wikipedia-enum
national-film-registry,2011,Faces,1968,listed,,,wikipedia-enum
national-film-registry,2011,Fake Fruit Factory,1986,listed,,,wikipedia-enum
national-film-registry,2000,The Fall of the House of Usher,1928,listed,,,wikipedia-enum
national-film-registry,2023,Fame,1980,listed,,,wikipedia-enum
national-film-registry,1990,Fantasia,1940,listed,,,wikipedia-enum
national-film-registry,2006,Fargo,1996,listed,,,wikipedia-enum
national-film-registry,2005,Fast Times at Ridgemont High,1982,listed,,,wikipedia-enum
national-film-registry,1995,Fatty's Tintype Tangle,1915,listed,,,wikipedia-enum
national-film-registry,2014,Felicia,1965,listed,,,wikipedia-enum
national-film-registry,2014,Ferris Bueller's Day Off,1986,listed,,,wikipedia-enum
national-film-registry,2017,Field of Dreams,1989,listed,,,wikipedia-enum
national-film-registry,2003,Film Portrait,1972,listed,,,wikipedia-enum
national-film-registry,2000,Five Easy Pieces,1970,listed,,,wikipedia-enum
national-film-registry,1996,Flash Gordon,1936,listed,,,wikipedia-enum
national-film-registry,2006,Flesh and the Devil,1927,listed,,,wikipedia-enum
national-film-registry,1996,The Forgotten Frontier,1931,listed,,,wikipedia-enum
national-film-registry,2021,Flowers and Trees,1932,listed,,,wikipedia-enum
national-film-registry,2008,Flower Drum Song,1961,listed,,,wikipedia-enum
national-film-registry,2021,The Flying Ace,1926,listed,,,wikipedia-enum
national-film-registry,2019,The Fog of War,2003,listed,,,wikipedia-enum
national-film-registry,2015,A Fool There Was,1915,listed,,,wikipedia-enum
national-film-registry,2008,Foolish Wives,1922,listed,,,wikipedia-enum
national-film-registry,1992,Footlight Parade,1933,listed,,,wikipedia-enum
national-film-registry,2013,Forbidden Planet,1956,listed,,,wikipedia-enum
national-film-registry,1994,Force of Evil,1948,listed,,,wikipedia-enum
national-film-registry,2011,Forrest Gump,1994,listed,,,wikipedia-enum
national-film-registry,1995,The Four Horsemen of the Apocalypse,1921,listed,,,wikipedia-enum
national-film-registry,2003,Fox Movietone News: Jenkins Orphanage Band,1928,listed,,,wikipedia-enum
national-film-registry,1996,Frank Film,1973,listed,,,wikipedia-enum
national-film-registry,1991,Frankenstein,1931,listed,,,wikipedia-enum
national-film-registry,1994,Freaks,1932,listed,,,wikipedia-enum
national-film-registry,2008,Free Radicals,1979,listed,,,wikipedia-enum
national-film-registry,2020,Freedom Riders,2010,listed,,,wikipedia-enum
national-film-registry,2005,The French Connection,1971,listed,,,wikipedia-enum
national-film-registry,1990,The Freshman,1925,listed,,,wikipedia-enum
national-film-registry,2025,Frida,2002,listed,,,wikipedia-enum
national-film-registry,2002,From Here to Eternity,1953,listed,,,wikipedia-enum
national-film-registry,2002,From Stump to Ship,1930,listed,,,wikipedia-enum
national-film-registry,1998,From the Manger to the Cross,1912,listed,,,wikipedia-enum
national-film-registry,2010,The Front Page,1931,listed,,,wikipedia-enum
national-film-registry,2017,Fuentes Family Home Movies Collection,1920,listed,,,wikipedia-enum
national-film-registry,2002,Fuji,1974,listed,,,wikipedia-enum
national-film-registry,2016,Funny Girl,1968,listed,,,wikipedia-enum
national-film-registry,1995,Fury,1936,listed,,,wikipedia-enum
national-film-registry,2014,The Gang's All Here,1943,listed,,,wikipedia-enum
national-film-registry,2024,Ganja & Hess,1973,listed,,,wikipedia-enum
national-film-registry,2004,Garlic Is as Good as Ten Mothers,1980,listed,,,wikipedia-enum
national-film-registry,2019,Gaslight,1944,listed,,,wikipedia-enum
national-film-registry,1989,The General,1926,listed,,,wikipedia-enum
national-film-registry,2017,Gentleman's Agreement,1947,listed,,,wikipedia-enum
national-film-registry,2008,George Stevens' World War II footage,1943,listed,,,wikipedia-enum
national-film-registry,2019,George Washington Carver at Tuskegee Institute,1937,listed,,,wikipedia-enum
national-film-registry,1995,Gerald McBoing-Boing,1950,listed,,,wikipedia-enum
national-film-registry,1991,Gertie the Dinosaur,1914,listed,,,wikipedia-enum
national-film-registry,2015,Ghostbusters,1984,listed,,,wikipedia-enum
national-film-registry,2005,Giant,1956,listed,,,wikipedia-enum
national-film-registry,1991,Gigi,1958,listed,,,wikipedia-enum
national-film-registry,2013,Gilda,1946,listed,,,wikipedia-enum
national-film-registry,2018,The Girl Without a Soul,1917,listed,,,wikipedia-enum
national-film-registry,2019,Girlfriends,1978,listed,,,wikipedia-enum
national-film-registry,2007,Glimpse of the Garden,1957,listed,,,wikipedia-enum
national-film-registry,2025,Glory,1989,listed,,,wikipedia-enum
national-film-registry,1990,The Godfather,1972,listed,,,wikipedia-enum
national-film-registry,1993,The Godfather Part II,1974,listed,,,wikipedia-enum
national-film-registry,2004,Going My Way,1944,listed,,,wikipedia-enum
national-film-registry,2003,Gold Diggers of 1933,1933,listed,,,wikipedia-enum
national-film-registry,1992,The Gold Rush,1925,listed,,,wikipedia-enum
national-film-registry,1989,Gone with the Wind,1939,listed,,,wikipedia-enum
national-film-registry,2000,Goodfellas,1990,listed,,,wikipedia-enum
national-film-registry,2017,The Goonies,1985,listed,,,wikipedia-enum
national-film-registry,1996,The Graduate,1967,listed,,,wikipedia-enum
national-film-registry,2025,The Grand Budapest Hotel,2014,listed,,,wikipedia-enum
national-film-registry,2007,Grand Hotel,1932,listed,,,wikipedia-enum
national-film-registry,1989,The Grapes of Wrath,1940,listed,,,wikipedia-enum
national-film-registry,1997,Grass,1925,listed,,,wikipedia-enum
national-film-registry,2020,Grease,1978,listed,,,wikipedia-enum
national-film-registry,1997,The Great Dictator,1940,listed,,,wikipedia-enum
national-film-registry,1990,The Great Train Robbery,1903,listed,,,wikipedia-enum
national-film-registry,1991,Greed,1924,listed,,,wikipedia-enum
national-film-registry,2010,Grey Gardens,1975,listed,,,wikipedia-enum
national-film-registry,2020,The Ground,1993,listed,,,wikipedia-enum
national-film-registry,2006,Groundhog Day,1993,listed,,,wikipedia-enum
national-film-registry,2011,Growing Up Female,1971,listed,,,wikipedia-enum
national-film-registry,2017,Guess Who's Coming to Dinner,1967,listed,,,wikipedia-enum
national-film-registry,1998,Gun Crazy,1950,listed,,,wikipedia-enum
national-film-registry,1999,Gunga Din,1939,listed,,,wikipedia-enum
national-film-registry,2005,H2O,1929,listed,,,wikipedia-enum
national-film-registry,2015,Hail the Conquering Hero,1944,listed,,,wikipedia-enum
national-film-registry,2022,Hairspray,1988,listed,,,wikipedia-enum
national-film-registry,2018,Hair Piece: A Film for Nappyheaded People,1984,listed,,,wikipedia-enum
national-film-registry,2008,Hallelujah,1929,listed,,,wikipedia-enum
national-film-registry,2006,Halloween,1978,listed,,,wikipedia-enum
national-film-registry,2005,Hands Up!,1926,listed,,,wikipedia-enum
national-film-registry,1990,"Harlan County, USA",1976,listed,,,wikipedia-enum
national-film-registry,1997,Harold and Maude,1971,listed,,,wikipedia-enum
national-film-registry,2017,He Who Gets Slapped,1924,listed,,,wikipedia-enum
national-film-registry,1996,The Heiress,1949,listed,,,wikipedia-enum
national-film-registry,1994,Hell's Hinges,1916,listed,,,wikipedia-enum
national-film-registry,2021,Hell-Bound Train,1930,listed,,,wikipedia-enum
national-film-registry,2009,Heroes All,1920,listed,,,wikipedia-enum
national-film-registry,2011,Hester Street,1975,listed,,,wikipedia-enum
national-film-registry,1989,High Noon,1952,listed,,,wikipedia-enum
national-film-registry,1991,High School,1968,listed,,,wikipedia-enum
national-film-registry,2025,High Society,1956,listed,,,wikipedia-enum
national-film-registry,1997,Hindenburg disaster newsreel footage,1937,listed,,,wikipedia-enum
national-film-registry,1993,His Girl Friday,1940,listed,,,wikipedia-enum
national-film-registry,1998,The Hitch-Hiker,1953,listed,,,wikipedia-enum
national-film-registry,2013,The Hole,1962,listed,,,wikipedia-enum
national-film-registry,2023,Home Alone,1990,listed,,,wikipedia-enum
national-film-registry,2005,Hoop Dreams,1994,listed,,,wikipedia-enum
national-film-registry,2001,Hoosiers,1986,listed,,,wikipedia-enum
national-film-registry,1994,Hospital,1970,listed,,,wikipedia-enum
national-film-registry,1995,The Hospital,1971,listed,,,wikipedia-enum
national-film-registry,2009,Hot Dogs for Gauguin,1972,listed,,,wikipedia-enum
national-film-registry,2025,The Hours,2002,listed,,,wikipedia-enum
national-film-registry,2012,Hours for Jerome: Parts 1 and 2,1980,listed,,,wikipedia-enum
national-film-registry,2007,The House I Live In,1945,listed,,,wikipedia-enum
national-film-registry,2001,The House in the Middle,1954,listed,,,wikipedia-enum
national-film-registry,2005,House of Usher,1960,listed,,,wikipedia-enum
national-film-registry,2014,House of Wax,1953,listed,,,wikipedia-enum
national-film-registry,2022,House Party,1990,listed,,,wikipedia-enum
national-film-registry,1990,How Green Was My Valley,1941,listed,,,wikipedia-enum
national-film-registry,1997,How the West Was Won,1962,listed,,,wikipedia-enum
national-film-registry,2018,Hud,1963,listed,,,wikipedia-enum
national-film-registry,2015,Humoresque,1920,listed,,,wikipedia-enum
national-film-registry,2003,The Hunters,1957,listed,,,wikipedia-enum
national-film-registry,2020,The Hurt Locker,2008,listed,,,wikipedia-enum
national-film-registry,1997,The Hustler,1961,listed,,,wikipedia-enum
national-film-registry,1991,I Am a Fugitive from a Chain Gang,1932,listed,,,wikipedia-enum
national-film-registry,2010,I Am Joaquin,1969,listed,,,wikipedia-enum
national-film-registry,2019,I Am Somebody,1970,listed,,,wikipedia-enum
national-film-registry,2011,"I, An Actress",1977,listed,,,wikipedia-enum
national-film-registry,2020,Illusions,1982,listed,,,wikipedia-enum
national-film-registry,2005,Imitation of Life,1934,listed,,,wikipedia-enum
national-film-registry,2015,Imitation of Life,1959,listed,,,wikipedia-enum
national-film-registry,1998,The Immigrant,1917,listed,,,wikipedia-enum
national-film-registry,2007,In a Lonely Place,1950,listed,,,wikipedia-enum
national-film-registry,2008,In Cold Blood,1967,listed,,,wikipedia-enum
national-film-registry,2002,In the Heat of the Night,1967,listed,,,wikipedia-enum
national-film-registry,1999,In the Land of the Head Hunters,1914,listed,,,wikipedia-enum
national-film-registry,2006,In the Street,1948,listed,,,wikipedia-enum
national-film-registry,2025,Inception,2010,listed,,,wikipedia-enum
national-film-registry,2009,The Incredible Shrinking Man,1957,listed,,,wikipedia-enum
national-film-registry,2025,The Incredibles,2004,listed,,,wikipedia-enum
national-film-registry,2018,The Informer,1935,listed,,,wikipedia-enum
national-film-registry,2015,The Inner World of Aphasia,1968,listed,,,wikipedia-enum
national-film-registry,2017,"Interior New York Subway, 14th Street to 42nd Street",1905,listed,,,wikipedia-enum
national-film-registry,2014,Into the Arms of Strangers: Stories of the Kindertransport,2000,listed,,,wikipedia-enum
national-film-registry,1989,Intolerance,1916,listed,,,wikipedia-enum
national-film-registry,2024,Invaders from Mars,1953,listed,,,wikipedia-enum
national-film-registry,1994,Invasion of the Body Snatchers,1956,listed,,,wikipedia-enum
national-film-registry,2008,The Invisible Man,1933,listed,,,wikipedia-enum
national-film-registry,2011,The Iron Horse,1924,listed,,,wikipedia-enum
national-film-registry,2022,Iron Man,2008,listed,,,wikipedia-enum
national-film-registry,2001,It,1927,listed,,,wikipedia-enum
national-film-registry,1993,It Happened One Night,1934,listed,,,wikipedia-enum
national-film-registry,2010,It's a Gift,1934,listed,,,wikipedia-enum
national-film-registry,1990,It's a Wonderful Life,1946,listed,,,wikipedia-enum
national-film-registry,1991,The Italian,1915,listed,,,wikipedia-enum
national-film-registry,2022,"Itam Hakim, Hopiit",1984,listed,,,wikipedia-enum
national-film-registry,2004,Jailhouse Rock,1957,listed,,,wikipedia-enum
national-film-registry,2001,Jam Session,1942,listed,,,wikipedia-enum
national-film-registry,1995,Jammin' the Blues,1944,listed,,,wikipedia-enum
national-film-registry,2001,Jaws,1975,listed,,,wikipedia-enum
national-film-registry,1999,Jazz on a Summer's Day,1959,listed,,,wikipedia-enum
national-film-registry,1996,The Jazz Singer,1927,listed,,,wikipedia-enum
national-film-registry,2005,Jeffries-Johnson World's Championship Boxing Contest,1910,listed,,,wikipedia-enum
national-film-registry,2009,Jezebel,1938,listed,,,wikipedia-enum
national-film-registry,2015,John Henry and the Inky-Poo,1946,listed,,,wikipedia-enum
national-film-registry,2008,Johnny Guitar,1954,listed,,,wikipedia-enum
national-film-registry,2020,The Joy Luck Club,1993,listed,,,wikipedia-enum
national-film-registry,2021,Jubilo,1919,listed,,,wikipedia-enum
national-film-registry,2013,Judgment at Nuremberg,1961,listed,,,wikipedia-enum
national-film-registry,2009,The Jungle,1967,listed,,,wikipedia-enum
national-film-registry,2018,Jurassic Park,1993,listed,,,wikipedia-enum
national-film-registry,2004,"Kannapolis, N.C.",1941,listed,,,wikipedia-enum
national-film-registry,2025,The Karate Kid,1984,listed,,,wikipedia-enum
national-film-registry,2011,The Kid,1921,listed,,,wikipedia-enum
national-film-registry,2020,Kid Auto Races at Venice,1914,listed,,,wikipedia-enum
national-film-registry,2012,The Kidnappers Foil,1930,listed,,,wikipedia-enum
national-film-registry,1990,Killer of Sheep,1978,listed,,,wikipedia-enum
national-film-registry,2008,The Killers,1946,listed,,,wikipedia-enum
national-film-registry,1999,King: A Filmed Record... Montgomery to Memphis,1970,listed,,,wikipedia-enum
national-film-registry,1991,King Kong,1933,listed,,,wikipedia-enum
national-film-registry,2013,King of Jazz,1930,listed,,,wikipedia-enum
national-film-registry,1999,The Kiss,1896,listed,,,wikipedia-enum
national-film-registry,1999,Kiss Me Deadly,1955,listed,,,wikipedia-enum
national-film-registry,1997,"Knute Rockne, All American",1940,listed,,,wikipedia-enum
national-film-registry,2024,Koko's Earth Control,1928,listed,,,wikipedia-enum
national-film-registry,2000,Koyaanisqatsi,1982,listed,,,wikipedia-enum
national-film-registry,2015,L.A. Confidential,1997,listed,,,wikipedia-enum
national-film-registry,2017,La Bamba,1987,listed,,,wikipedia-enum
national-film-registry,2025,The Lady,1925,listed,,,wikipedia-enum
national-film-registry,2023,Lady and the Tramp,1955,listed,,,wikipedia-enum
national-film-registry,1994,The Lady Eve,1941,listed,,,wikipedia-enum
national-film-registry,2018,The Lady from Shanghai,1947,listed,,,wikipedia-enum
national-film-registry,2004,Lady Helen's Escapade,1909,listed,,,wikipedia-enum
national-film-registry,2002,Lady Windermere's Fan,1925,listed,,,wikipedia-enum
national-film-registry,1999,Lambchops,1929,listed,,,wikipedia-enum
national-film-registry,2000,The Land Beyond the Sunset,1912,listed,,,wikipedia-enum
national-film-registry,1993,Lassie Come Home,1943,listed,,,wikipedia-enum
national-film-registry,2006,The Last Command,1928,listed,,,wikipedia-enum
national-film-registry,1995,The Last of the Mohicans,1920,listed,,,wikipedia-enum
national-film-registry,1998,The Last Picture Show,1971,listed,,,wikipedia-enum
national-film-registry,2019,The Last Waltz,1978,listed,,,wikipedia-enum
national-film-registry,1999,Laura,1944,listed,,,wikipedia-enum
national-film-registry,1991,Lawrence of Arabia,1962,listed,,,wikipedia-enum
national-film-registry,2009,The Lead Shoes,1949,listed,,,wikipedia-enum
national-film-registry,2012,A League of Their Own,1992,listed,,,wikipedia-enum
national-film-registry,1989,The Learning Tree,1969,listed,,,wikipedia-enum
national-film-registry,2018,Leave Her to Heaven,1945,listed,,,wikipedia-enum
national-film-registry,2010,Let There Be Light,1946,listed,,,wikipedia-enum
national-film-registry,2000,Let's All Go to the Lobby,1957,listed,,,wikipedia-enum
national-film-registry,1992,Letter from an Unknown Woman,1948,listed,,,wikipedia-enum
national-film-registry,1997,The Life and Death of 9413: a Hollywood Extra,1928,listed,,,wikipedia-enum
national-film-registry,1996,The Life and Times of Rosie the Riveter,1980,listed,,,wikipedia-enum
national-film-registry,2016,Life of an American Fireman,1903,listed,,,wikipedia-enum
national-film-registry,2000,The Life of Emile Zola,1937,listed,,,wikipedia-enum
national-film-registry,2023,The Lighted Field,1987,listed,,,wikipedia-enum
national-film-registry,2020,Lilies of the Field,1963,listed,,,wikipedia-enum
national-film-registry,2016,The Lion King,1994,listed,,,wikipedia-enum
national-film-registry,2014,Little Big Man,1970,listed,,,wikipedia-enum
national-film-registry,2000,Little Caesar,1931,listed,,,wikipedia-enum
national-film-registry,1997,Little Fugitive,1953,listed,,,wikipedia-enum
national-film-registry,2022,The Little Mermaid,1989,listed,,,wikipedia-enum
national-film-registry,1998,Little Miss Marker,1934,listed,,,wikipedia-enum
national-film-registry,2009,Little Nemo,1911,listed,,,wikipedia-enum
national-film-registry,2017,Lives of Performers,1972,listed,,,wikipedia-enum
national-film-registry,2000,The Living Desert,1953,listed,,,wikipedia-enum
national-film-registry,2010,Lonesome,1928,listed,,,wikipedia-enum
national-film-registry,2021,The Long Goodbye,1973,listed,,,wikipedia-enum
national-film-registry,2021,The Lord of the Rings: The Fellowship of the Ring,2001,listed,,,wikipedia-enum
national-film-registry,2020,Losing Ground,1982,listed,,,wikipedia-enum
national-film-registry,2016,Lost Horizon,1937,listed,,,wikipedia-enum
national-film-registry,2011,The Lost Weekend,1945,listed,,,wikipedia-enum
national-film-registry,1998,The Lost World,1925,listed,,,wikipedia-enum
national-film-registry,1994,Louisiana Story,1948,listed,,,wikipedia-enum
national-film-registry,2023,Love & Basketball,2000,listed,,,wikipedia-enum
national-film-registry,2000,Love Finds Andy Hardy,1938,listed,,,wikipedia-enum
national-film-registry,1990,Love Me Tonight,1932,listed,,,wikipedia-enum
national-film-registry,2025,The Loving Story,2011,listed,,,wikipedia-enum
national-film-registry,2013,The Lunch Date,1990,listed,,,wikipedia-enum
national-film-registry,2014,Luxo Jr.,1986,listed,,,wikipedia-enum
national-film-registry,1996,M*A*S*H,1970,listed,,,wikipedia-enum
national-film-registry,2009,Mabel's Blunder,1914,listed,,,wikipedia-enum
national-film-registry,1993,Magical Maestro,1952,listed,,,wikipedia-enum
national-film-registry,1991,The Magnificent Ambersons,1942,listed,,,wikipedia-enum
national-film-registry,2013,The Magnificent Seven,1960,listed,,,wikipedia-enum
national-film-registry,2025,The Maid of McMillan,1916,listed,,,wikipedia-enum
national-film-registry,2010,Make Way for Tomorrow,1937,listed,,,wikipedia-enum
national-film-registry,2010,Malcolm X,1992,listed,,,wikipedia-enum
national-film-registry,1989,The Maltese Falcon,1941,listed,,,wikipedia-enum
national-film-registry,2007,The Man Who Shot Liberty Valance,1962,listed,,,wikipedia-enum
national-film-registry,2020,The Man with the Golden Arm,1955,listed,,,wikipedia-enum
national-film-registry,1994,The Manchurian Candidate,1962,listed,,,wikipedia-enum
national-film-registry,1995,Manhatta,1921,listed,,,wikipedia-enum
national-film-registry,2001,Manhattan,1979,listed,,,wikipedia-enum
national-film-registry,2022,Manzanar,1971,listed,,,wikipedia-enum
national-film-registry,2022,Mardi Gras Carnival,1898,listed,,,wikipedia-enum
national-film-registry,2008,The March,1964,listed,,,wikipedia-enum
national-film-registry,1993,The March of Time: Inside Nazi Germany,1938,listed,,,wikipedia-enum
national-film-registry,2001,Marian Anderson: The Lincoln Memorial Concert,1939,listed,,,wikipedia-enum
national-film-registry,2015,The Mark of Zorro,1920,listed,,,wikipedia-enum
national-film-registry,2009,The Mark of Zorro,1940,listed,,,wikipedia-enum
national-film-registry,2013,Martha Graham dance films,1931,listed,,,wikipedia-enum
national-film-registry,1994,Marty,1955,listed,,,wikipedia-enum
national-film-registry,2013,Mary Poppins,1964,listed,,,wikipedia-enum
national-film-registry,1999,Master Hands,1936,listed,,,wikipedia-enum
national-film-registry,2023,Matewan,1987,listed,,,wikipedia-enum
national-film-registry,2003,Matrimony's Speed Limit,1913,listed,,,wikipedia-enum
national-film-registry,2012,The Matrix,1999,listed,,,wikipedia-enum
national-film-registry,2020,Mauna Kea: Temple Under Siege,2006,listed,,,wikipedia-enum
national-film-registry,2023,Maya Lin: A Strong Clear Vision,1994,listed,,,wikipedia-enum
national-film-registry,2010,McCabe & Mrs. Miller,1971,listed,,,wikipedia-enum
national-film-registry,1997,Mean Streets,1973,listed,,,wikipedia-enum
national-film-registry,2003,Medium Cool,1969,listed,,,wikipedia-enum
national-film-registry,1994,Meet Me in St. Louis,1944,listed,,,wikipedia-enum
national-film-registry,2002,Melody Ranch,1940,listed,,,wikipedia-enum
national-film-registry,2017,Memento,2000,listed,,,wikipedia-enum
national-film-registry,2001,Memphis Belle,1944,listed,,,wikipedia-enum
national-film-registry,2013,Men and Dust,1940,listed,,,wikipedia-enum
national-film-registry,1990,Meshes of the Afternoon,1943,listed,,,wikipedia-enum
national-film-registry,2009,Michael Jackson's Thriller,1983,listed,,,wikipedia-enum
national-film-registry,2012,The Middleton Family at the New York World's Fair,1939,listed,,,wikipedia-enum
national-film-registry,2013,Midnight,1939,listed,,,wikipedia-enum
national-film-registry,1994,Midnight Cowboy,1969,listed,,,wikipedia-enum
national-film-registry,2007,Mighty Like a Moose,1926,listed,,,wikipedia-enum
national-film-registry,1996,Mildred Pierce,1945,listed,,,wikipedia-enum
national-film-registry,2022,Mingus,1968,listed,,,wikipedia-enum
national-film-registry,2001,The Miracle of Morgan's Creek,1944,listed,,,wikipedia-enum
national-film-registry,2005,Miracle on 34th Street,1947,listed,,,wikipedia-enum
national-film-registry,2024,The Miracle Worker,1962,listed,,,wikipedia-enum
national-film-registry,2001,Miss Lulu Bett,1921,listed,,,wikipedia-enum
national-film-registry,1989,Modern Times,1936,listed,,,wikipedia-enum
national-film-registry,1998,Modesta,1956,listed,,,wikipedia-enum
national-film-registry,2005,Mom and Dad,1945,listed,,,wikipedia-enum
national-film-registry,2018,Monterey Pop,1968,listed,,,wikipedia-enum
national-film-registry,2014,Moon Breath Beat,1980,listed,,,wikipedia-enum
national-film-registry,1992,Morocco,1930,listed,,,wikipedia-enum
national-film-registry,1997,Motion Painting No. 1,1947,listed,,,wikipedia-enum
national-film-registry,1994,A Movie,1958,listed,,,wikipedia-enum
national-film-registry,2023,A Movie Trip Through Filmland,1921,listed,,,wikipedia-enum
national-film-registry,1989,Mr. Smith Goes to Washington,1939,listed,,,wikipedia-enum
national-film-registry,2009,Mrs. Miniver,1942,listed,,,wikipedia-enum
national-film-registry,2000,Multiple SIDosis,1970,listed,,,wikipedia-enum
national-film-registry,2009,The Muppet Movie,1979,listed,,,wikipedia-enum
national-film-registry,2021,The Murder of Fred Hampton,1971,listed,,,wikipedia-enum
national-film-registry,1997,The Music Box,1932,listed,,,wikipedia-enum
national-film-registry,2005,The Music Man,1962,listed,,,wikipedia-enum
national-film-registry,2016,The Musketeers of Pig Alley,1912,listed,,,wikipedia-enum
national-film-registry,1991,My Darling Clementine,1946,listed,,,wikipedia-enum
national-film-registry,2018,My Fair Lady,1964,listed,,,wikipedia-enum
national-film-registry,2024,My Family,1995,listed,,,wikipedia-enum
national-film-registry,1999,My Man Godfrey,1936,listed,,,wikipedia-enum
national-film-registry,2019,My Name Is Oona,1969,listed,,,wikipedia-enum
national-film-registry,2024,My Own Private Idaho,1991,listed,,,wikipedia-enum
national-film-registry,2007,The Naked City,1948,listed,,,wikipedia-enum
national-film-registry,1997,The Naked Spur,1953,listed,,,wikipedia-enum
national-film-registry,1989,Nanook of the North,1922,listed,,,wikipedia-enum
national-film-registry,1992,Nashville,1975,listed,,,wikipedia-enum
national-film-registry,2001,National Lampoon's Animal House,1978,listed,,,wikipedia-enum
national-film-registry,2003,National Velvet,1944,listed,,,wikipedia-enum
national-film-registry,2003,Naughty Marietta,1935,listed,,,wikipedia-enum
national-film-registry,2002,Navajo Film Themselves,1966,listed,,,wikipedia-enum
national-film-registry,2018,The Navigator,1924,listed,,,wikipedia-enum
national-film-registry,2011,The Negro Soldier,1944,listed,,,wikipedia-enum
national-film-registry,2000,Network,1976,listed,,,wikipedia-enum
national-film-registry,2019,A New Leaf,1971,listed,,,wikipedia-enum
national-film-registry,2010,Newark Athlete,1891,listed,,,wikipedia-enum
national-film-registry,2011,Nicholas Brothers' home movies,1930,listed,,,wikipedia-enum
national-film-registry,1993,A Night at the Opera,1935,listed,,,wikipedia-enum
national-film-registry,1992,The Night of the Hunter,1955,listed,,,wikipedia-enum
national-film-registry,1999,Night of the Living Dead,1968,listed,,,wikipedia-enum
national-film-registry,2021,A Nightmare on Elm Street,1984,listed,,,wikipedia-enum
national-film-registry,2023,The Nightmare Before Christmas,1993,listed,,,wikipedia-enum
national-film-registry,1990,Ninotchka,1939,listed,,,wikipedia-enum
national-film-registry,2024,No Country for Old Men,2007,listed,,,wikipedia-enum
national-film-registry,2008,No Lies,1973,listed,,,wikipedia-enum
national-film-registry,2011,Norma Rae,1979,listed,,,wikipedia-enum
national-film-registry,1995,North by Northwest,1959,listed,,,wikipedia-enum
national-film-registry,2003,(nostalgia),1971,listed,,,wikipedia-enum
national-film-registry,2013,Notes on the Port of St. Francis,1951,listed,,,wikipedia-enum
national-film-registry,1993,Nothing but a Man,1964,listed,,,wikipedia-enum
national-film-registry,2006,Notorious,1946,listed,,,wikipedia-enum
national-film-registry,2007,"Now, Voyager",1942,listed,,,wikipedia-enum
national-film-registry,2004,The Nutty Professor,1963,listed,,,wikipedia-enum
national-film-registry,2025,The Oath of the Sword,1914,listed,,,wikipedia-enum
national-film-registry,2004,OffOn,1968,listed,,,wikipedia-enum
national-film-registry,2007,Oklahoma!,1955,listed,,,wikipedia-enum
national-film-registry,2015,The Old Mill,1937,listed,,,wikipedia-enum
national-film-registry,2019,Old Yeller,1957,listed,,,wikipedia-enum
national-film-registry,2008,On the Bowery,1957,listed,,,wikipedia-enum
national-film-registry,2018,On the Town,1949,listed,,,wikipedia-enum
national-film-registry,1989,On the Waterfront,1954,listed,,,wikipedia-enum
national-film-registry,2009,Once Upon a Time in the West,1968,listed,,,wikipedia-enum
national-film-registry,2018,One-Eyed Jacks,1961,listed,,,wikipedia-enum
national-film-registry,1993,One Flew Over the Cuckoo's Nest,1975,listed,,,wikipedia-enum
national-film-registry,2003,One Froggy Evening,1955,listed,,,wikipedia-enum
national-film-registry,2012,One Survivor Remembers,1995,listed,,,wikipedia-enum
national-film-registry,2008,One Week,1920,listed,,,wikipedia-enum
national-film-registry,2017,Only Angels Have Wings,1939,listed,,,wikipedia-enum
national-film-registry,2015,Our Daily Bread,1934,listed,,,wikipedia-enum
national-film-registry,2007,Our Day,1938,listed,,,wikipedia-enum
national-film-registry,2010,Our Lady of the Sphere,1972,listed,,,wikipedia-enum
national-film-registry,1991,Out of the Past,1947,listed,,,wikipedia-enum
national-film-registry,1996,The Outlaw Josey Wales,1976,listed,,,wikipedia-enum
national-film-registry,2020,Outrage,1950,listed,,,wikipedia-enum
national-film-registry,1998,The Ox-Bow Incident,1943,listed,,,wikipedia-enum
national-film-registry,2012,Parable,1964,listed,,,wikipedia-enum
national-film-registry,2022,Pariah,2011,listed,,,wikipedia-enum
national-film-registry,2016,Paris Is Burning,1990,listed,,,wikipedia-enum
national-film-registry,1998,Pass the Gravy,1928,listed,,,wikipedia-enum
national-film-registry,2023,Passing Through,1977,listed,,,wikipedia-enum
national-film-registry,1992,Paths of Glory,1957,listed,,,wikipedia-enum
national-film-registry,2003,Patton,1970,listed,,,wikipedia-enum
national-film-registry,2008,The Pawnbroker,1964,listed,,,wikipedia-enum
national-film-registry,2002,The Pearl,1947,listed,,,wikipedia-enum
national-film-registry,2007,Peege,1973,listed,,,wikipedia-enum
national-film-registry,2008,The Perils of Pauline,1914,listed,,,wikipedia-enum
national-film-registry,2000,Peter Pan,1924,listed,,,wikipedia-enum
national-film-registry,1998,The Phantom of the Opera,1925,listed,,,wikipedia-enum
national-film-registry,2019,The Phenix City Story,1955,listed,,,wikipedia-enum
national-film-registry,2025,Philadelphia,1993,listed,,,wikipedia-enum
national-film-registry,1995,The Philadelphia Story,1940,listed,,,wikipedia-enum
national-film-registry,2018,Pickup on South Street,1953,listed,,,wikipedia-enum
national-film-registry,2009,Pillow Talk,1959,listed,,,wikipedia-enum
national-film-registry,2021,Pink Flamingos,1972,listed,,,wikipedia-enum
national-film-registry,2010,The Pink Panther,1963,listed,,,wikipedia-enum
national-film-registry,1994,Pinocchio,1940,listed,,,wikipedia-enum
national-film-registry,1991,A Place in the Sun,1951,listed,,,wikipedia-enum
national-film-registry,2001,Planet of the Apes,1968,listed,,,wikipedia-enum
national-film-registry,2019,Platoon,1986,listed,,,wikipedia-enum
national-film-registry,2014,"Please, Don't Bury Me Alive!",1976,listed,,,wikipedia-enum
national-film-registry,1999,The Plow That Broke the Plains,1936,listed,,,wikipedia-enum
national-film-registry,2016,Point Blank,1967,listed,,,wikipedia-enum
national-film-registry,1993,Point of Order,1964,listed,,,wikipedia-enum
national-film-registry,1991,The Poor Little Rich Girl,1917,listed,,,wikipedia-enum
national-film-registry,2004,Popeye the Sailor Meets Sindbad the Sailor,1936,listed,,,wikipedia-enum
national-film-registry,2011,Porgy and Bess,1959,listed,,,wikipedia-enum
national-film-registry,2000,Porky in Wackyland,1938,listed,,,wikipedia-enum
national-film-registry,2015,Portrait of Jason,1967,listed,,,wikipedia-enum
national-film-registry,2014,The Power and the Glory,1933,listed,,,wikipedia-enum
national-film-registry,2005,The Power of the Press,1928,listed,,,wikipedia-enum
national-film-registry,1998,Powers of Ten,1977,listed,,,wikipedia-enum
national-film-registry,2024,Powwow Highway,1989,listed,,,wikipedia-enum
national-film-registry,2009,Precious Images,1986,listed,,,wikipedia-enum
national-film-registry,2010,Preservation of the Sign Language,1913,listed,,,wikipedia-enum
national-film-registry,2000,President McKinley Inauguration Footage,1901,listed,,,wikipedia-enum
national-film-registry,2024,The Pride of the Yankees,1942,listed,,,wikipedia-enum
national-film-registry,1990,Primary,1960,listed,,,wikipedia-enum
national-film-registry,2016,The Princess Bride,1987,listed,,,wikipedia-enum
national-film-registry,2003,"Princess Nicotine; or, The Smoke Fairy",1909,listed,,,wikipedia-enum
national-film-registry,1991,The Prisoner of Zenda,1937,listed,,,wikipedia-enum
national-film-registry,1996,The Producers,1967,listed,,,wikipedia-enum
national-film-registry,1992,Psycho,1960,listed,,,wikipedia-enum
national-film-registry,1998,The Public Enemy,1931,listed,,,wikipedia-enum
national-film-registry,1996,Pull My Daisy,1959,listed,,,wikipedia-enum
national-film-registry,2013,Pulp Fiction,1994,listed,,,wikipedia-enum
national-film-registry,2002,Punch Drunks,1934,listed,,,wikipedia-enum
national-film-registry,2004,Pups Is Pups,1930,listed,,,wikipedia-enum
national-film-registry,2019,Purple Rain,1984,listed,,,wikipedia-enum
national-film-registry,2016,Putney Swope,1969,listed,,,wikipedia-enum
national-film-registry,2009,Quasi at the Quackadero,1975,listed,,,wikipedia-enum
national-film-registry,2023,Queen of Diamonds,1991,listed,,,wikipedia-enum
national-film-registry,2013,The Quiet Man,1952,listed,,,wikipedia-enum
national-film-registry,1990,Raging Bull,1980,listed,,,wikipedia-enum
national-film-registry,1999,Raiders of the Lost Ark,1981,listed,,,wikipedia-enum
national-film-registry,2005,A Raisin in the Sun,1961,listed,,,wikipedia-enum
national-film-registry,2019,Real Women Have Curves,2002,listed,,,wikipedia-enum
national-film-registry,1997,Rear Window,1954,listed,,,wikipedia-enum
national-film-registry,2018,Rebecca,1940,listed,,,wikipedia-enum
national-film-registry,1990,Rebel Without a Cause,1955,listed,,,wikipedia-enum
national-film-registry,2009,The Red Book,1994,listed,,,wikipedia-enum
national-film-registry,2006,Red Dust,1932,listed,,,wikipedia-enum
national-film-registry,1990,Red River,1948,listed,,,wikipedia-enum
national-film-registry,2000,Regeneration,1915,listed,,,wikipedia-enum
national-film-registry,2006,Reminiscences of a Journey to Lithuania,1971,listed,,,wikipedia-enum
national-film-registry,1997,Republic Steel Strike Riot Newsreel Footage,1937,listed,,,wikipedia-enum
national-film-registry,2021,Requiem-29,1970,listed,,,wikipedia-enum
national-film-registry,2021,Return of the Jedi,1983,listed,,,wikipedia-enum
national-film-registry,1997,Return of the Secaucus 7,1980,listed,,,wikipedia-enum
national-film-registry,2009,The Revenge of Pancho Villa,1930,listed,,,wikipedia-enum
national-film-registry,2016,Reverend Solomon Sir Jones films,1924,listed,,,wikipedia-enum
national-film-registry,2021,Richard Pryor: Live in Concert,1979,listed,,,wikipedia-enum
national-film-registry,1992,Ride the High Country,1962,listed,,,wikipedia-enum
national-film-registry,2013,The Right Stuff,1983,listed,,,wikipedia-enum
national-film-registry,2021,Ringling Brothers Parade Film,1902,listed,,,wikipedia-enum
national-film-registry,2014,Rio Bravo,1959,listed,,,wikipedia-enum
national-film-registry,1995,Rip Van Winkle,1903,listed,,,wikipedia-enum
national-film-registry,1990,The River,1938,listed,,,wikipedia-enum
national-film-registry,1996,Road to Morocco,1942,listed,,,wikipedia-enum
national-film-registry,2006,Rocky,1976,listed,,,wikipedia-enum
national-film-registry,2005,The Rocky Horror Picture Show,1975,listed,,,wikipedia-enum
national-film-registry,2013,Roger & Me,1989,listed,,,wikipedia-enum
national-film-registry,1999,Roman Holiday,1953,listed,,,wikipedia-enum
national-film-registry,2001,Rose Hobart,1936,listed,,,wikipedia-enum
national-film-registry,2014,Rosemary's Baby,1968,listed,,,wikipedia-enum
national-film-registry,2014,Ruggles of Red Gap,1935,listed,,,wikipedia-enum
national-film-registry,2016,Rushmore,1998,listed,,,wikipedia-enum
national-film-registry,2002,Sabrina,1954,listed,,,wikipedia-enum
national-film-registry,1994,Safety Last!,1923,listed,,,wikipedia-enum
national-film-registry,1992,Salesman,1969,listed,,,wikipedia-enum
national-film-registry,2000,Salomé,1923,listed,,,wikipedia-enum
national-film-registry,1992,Salt of the Earth,1954,listed,,,wikipedia-enum
national-film-registry,2012,Samsara: Death and Rebirth in Cambodia,1989,listed,,,wikipedia-enum
national-film-registry,2005,"San Francisco Earthquake & Fire: April 18, 1906",1906,listed,,,wikipedia-enum
national-film-registry,2010,Saturday Night Fever,1977,listed,,,wikipedia-enum
national-film-registry,2014,Saving Private Ryan,1998,listed,,,wikipedia-enum
national-film-registry,2025,"Say Amen, Somebody",1982,listed,,,wikipedia-enum
national-film-registry,1994,Scarface,1932,listed,,,wikipedia-enum
national-film-registry,2004,Schindler's List,1993,listed,,,wikipedia-enum
national-film-registry,2022,Scorpio Rising,1964,listed,,,wikipedia-enum
national-film-registry,2009,Scratch and Crow,1995,listed,,,wikipedia-enum
national-film-registry,1989,The Searchers,1956,listed,,,wikipedia-enum
national-film-registry,2015,Seconds,1966,listed,,,wikipedia-enum
national-film-registry,2021,Selena,1997,listed,,,wikipedia-enum
national-film-registry,2001,Serene Velocity,1970,listed,,,wikipedia-enum
national-film-registry,2008,Sergeant York,1941,listed,,,wikipedia-enum
national-film-registry,2004,Seven Brides for Seven Brothers,1954,listed,,,wikipedia-enum
national-film-registry,1995,Seventh Heaven,1927,listed,,,wikipedia-enum
national-film-registry,2006,"Sex, Lies, and Videotape",1989,listed,,,wikipedia-enum
national-film-registry,2007,The Sex Life of the Polyp,1928,listed,,,wikipedia-enum
national-film-registry,1991,Shadow of a Doubt,1943,listed,,,wikipedia-enum
national-film-registry,1993,Shadows,1959,listed,,,wikipedia-enum
national-film-registry,2000,Shaft,1971,listed,,,wikipedia-enum
national-film-registry,1993,Shane,1953,listed,,,wikipedia-enum
national-film-registry,2015,The Shawshank Redemption,1994,listed,,,wikipedia-enum
national-film-registry,1996,She Done Him Wrong,1933,listed,,,wikipedia-enum
national-film-registry,2019,She's Gotta Have It,1986,listed,,,wikipedia-enum
national-film-registry,1991,Sherlock Jr.,1924,listed,,,wikipedia-enum
national-film-registry,2000,Sherman's March,1986,listed,,,wikipedia-enum
national-film-registry,2018,The Shining,1980,listed,,,wikipedia-enum
national-film-registry,1996,Shock Corridor,1963,listed,,,wikipedia-enum
national-film-registry,2014,Shoes,1916,listed,,,wikipedia-enum
national-film-registry,1999,The Shop Around the Corner,1940,listed,,,wikipedia-enum
national-film-registry,1996,Show Boat,1936,listed,,,wikipedia-enum
national-film-registry,2003,Show People,1928,listed,,,wikipedia-enum
national-film-registry,2020,Shrek,2001,listed,,,wikipedia-enum
national-film-registry,2006,Siege,1940,listed,,,wikipedia-enum
national-film-registry,2011,The Silence of the Lambs,1991,listed,,,wikipedia-enum
national-film-registry,1989,Singin' in the Rain,1952,listed,,,wikipedia-enum
national-film-registry,2015,Sink or Swim,1990,listed,,,wikipedia-enum
national-film-registry,2017,The Sinking of the Lusitania,1918,listed,,,wikipedia-enum
national-film-registry,1998,Sky High,1922,listed,,,wikipedia-enum
national-film-registry,2012,Slacker,1990,listed,,,wikipedia-enum
national-film-registry,2019,Sleeping Beauty,1959,listed,,,wikipedia-enum
national-film-registry,2018,Smoke Signals,1998,listed,,,wikipedia-enum
national-film-registry,1994,Snow White,1933,listed,,,wikipedia-enum
national-film-registry,1989,Snow White and the Seven Dwarfs,1937,listed,,,wikipedia-enum
national-film-registry,2008,So's Your Old Man,1926,listed,,,wikipedia-enum
national-film-registry,2024,The Social Network,2010,listed,,,wikipedia-enum
national-film-registry,1989,Some Like It Hot,1959,listed,,,wikipedia-enum
national-film-registry,2018,Something Good – Negro Kiss,1898,listed,,,wikipedia-enum
national-film-registry,2003,The Son of the Sheik,1926,listed,,,wikipedia-enum
national-film-registry,2012,Sons of the Desert,1933,listed,,,wikipedia-enum
national-film-registry,2001,The Sound of Music,1965,listed,,,wikipedia-enum
national-film-registry,2021,Sounder,1972,listed,,,wikipedia-enum
national-film-registry,2025,Sparrows,1926,listed,,,wikipedia-enum
national-film-registry,2017,Spartacus,1960,listed,,,wikipedia-enum
national-film-registry,2012,The Spook Who Sat by the Door,1973,listed,,,wikipedia-enum
national-film-registry,2024,Spy Kids,2001,listed,,,wikipedia-enum
national-film-registry,2006,St. Louis Blues,1929,listed,,,wikipedia-enum
national-film-registry,1995,Stagecoach,1939,listed,,,wikipedia-enum
national-film-registry,2011,Stand and Deliver,1988,listed,,,wikipedia-enum
national-film-registry,2000,A Star Is Born,1954,listed,,,wikipedia-enum
national-film-registry,2024,Star Trek II: The Wrath of Khan,1982,listed,,,wikipedia-enum
national-film-registry,1989,Star Wars,1977,listed,,,wikipedia-enum
national-film-registry,2009,Stark Love,1927,listed,,,wikipedia-enum
national-film-registry,2014,State Fair,1933,listed,,,wikipedia-enum
national-film-registry,2016,"Steamboat Bill, Jr.",1928,listed,,,wikipedia-enum
national-film-registry,1998,Steamboat Willie,1928,listed,,,wikipedia-enum
national-film-registry,2005,The Sting,1973,listed,,,wikipedia-enum
national-film-registry,2021,Stop Making Sense,1984,listed,,,wikipedia-enum
national-film-registry,2001,Stormy Weather,1943,listed,,,wikipedia-enum
national-film-registry,2009,The Story of G.I. Joe,1945,listed,,,wikipedia-enum
national-film-registry,2015,The Story of Menstruation,1946,listed,,,wikipedia-enum
national-film-registry,2002,Stranger Than Paradise,1984,listed,,,wikipedia-enum
national-film-registry,2021,Strangers on a Train,1951,listed,,,wikipedia-enum
national-film-registry,1999,A Streetcar Named Desire,1951,listed,,,wikipedia-enum
national-film-registry,2007,The Strong Man,1926,listed,,,wikipedia-enum
national-film-registry,2009,A Study in Reds,1932,listed,,,wikipedia-enum
national-film-registry,2010,Study of a River,1997,listed,,,wikipedia-enum
national-film-registry,1990,Sullivan's Travels,1941,listed,,,wikipedia-enum
national-film-registry,1989,Sunrise,1927,listed,,,wikipedia-enum
national-film-registry,1989,Sunset Boulevard,1950,listed,,,wikipedia-enum
national-film-registry,2022,Super Fly,1972,listed,,,wikipedia-enum
national-film-registry,2017,Superman,1978,listed,,,wikipedia-enum
national-film-registry,2020,Suspense,1913,listed,,,wikipedia-enum
national-film-registry,2016,"Suzanne, Suzanne",1982,listed,,,wikipedia-enum
national-film-registry,1993,Sweet Smell of Success,1957,listed,,,wikipedia-enum
national-film-registry,2020,Sweet Sweetback's Baadasssss Song,1971,listed,,,wikipedia-enum
national-film-registry,2004,Swing Time,1936,listed,,,wikipedia-enum
national-film-registry,2015,Symbiopsychotaxiplasm: Take One,1968,listed,,,wikipedia-enum
national-film-registry,2006,The T.A.M.I. Show,1964,listed,,,wikipedia-enum
national-film-registry,1994,Tabu: A Story of the South Seas,1931,listed,,,wikipedia-enum
national-film-registry,1998,Tacoma Narrows Bridge Collapse,1940,listed,,,wikipedia-enum
national-film-registry,2000,The Tall T,1957,listed,,,wikipedia-enum
national-film-registry,2010,Tarantella,1940,listed,,,wikipedia-enum
national-film-registry,2003,Tarzan and His Mate,1934,listed,,,wikipedia-enum
national-film-registry,1994,Taxi Driver,1976,listed,,,wikipedia-enum
national-film-registry,2001,The Tell-Tale Heart,1953,listed,,,wikipedia-enum
national-film-registry,1999,The Ten Commandments,1956,listed,,,wikipedia-enum
national-film-registry,2025,Ten Nights in a Barroom,1926,listed,,,wikipedia-enum
national-film-registry,2008,The Terminator,1984,listed,,,wikipedia-enum
national-film-registry,2023,Terminator 2: Judgment Day,1991,listed,,,wikipedia-enum
national-film-registry,2006,Tess of the Storm Country,1914,listed,,,wikipedia-enum
national-film-registry,1991,Tevya,1939,listed,,,wikipedia-enum
national-film-registry,2024,The Texas Chain Saw Massacre,1974,listed,,,wikipedia-enum
national-film-registry,2016,Thelma & Louise,1991,listed,,,wikipedia-enum
national-film-registry,2017,"Thelonious Monk: Straight, No Chaser",1988,listed,,,wikipedia-enum
national-film-registry,2002,Theodore Case Sound Test: Gus Visser and His Singing Duck,1925,listed,,,wikipedia-enum
national-film-registry,2004,There It Is,1928,listed,,,wikipedia-enum
national-film-registry,2012,They Call It Pro Football,1967,listed,,,wikipedia-enum
national-film-registry,1996,The Thief of Bagdad,1924,listed,,,wikipedia-enum
national-film-registry,2001,The Thin Blue Line,1988,listed,,,wikipedia-enum
national-film-registry,1997,The Thin Man,1934,listed,,,wikipedia-enum
national-film-registry,2025,The Thing,1982,listed,,,wikipedia-enum
national-film-registry,2001,The Thing from Another World,1951,listed,,,wikipedia-enum
national-film-registry,2006,Think of Me First as a Person,1960,listed,,,wikipedia-enum
national-film-registry,2002,This Is Cinerama,1952,listed,,,wikipedia-enum
national-film-registry,2002,This Is Spinal Tap,1984,listed,,,wikipedia-enum
national-film-registry,2007,Three Little Pigs,1933,listed,,,wikipedia-enum
national-film-registry,2017,Time and Dreams,1976,listed,,,wikipedia-enum
national-film-registry,2005,A Time for Burning,1966,listed,,,wikipedia-enum
national-film-registry,2006,A Time Out of War,1954,listed,,,wikipedia-enum
national-film-registry,2012,The Times of Harvey Milk,1984,listed,,,wikipedia-enum
national-film-registry,2003,Tin Toy,1988,listed,,,wikipedia-enum
national-film-registry,2017,Titanic,1997,listed,,,wikipedia-enum
national-film-registry,2022,Titicut Follies,1967,listed,,,wikipedia-enum
national-film-registry,1996,To Be or Not to Be,1942,listed,,,wikipedia-enum
national-film-registry,1995,To Fly!,1976,listed,,,wikipedia-enum
national-film-registry,1995,To Kill a Mockingbird,1962,listed,,,wikipedia-enum
national-film-registry,2017,To Sleep with Anger,1990,listed,,,wikipedia-enum
national-film-registry,2007,Tol'able David,1921,listed,,,wikipedia-enum
national-film-registry,2007,"Tom, Tom, the Piper's Son",1969,listed,,,wikipedia-enum
national-film-registry,2022,Tongues Untied,1989,listed,,,wikipedia-enum
national-film-registry,1998,Tootsie,1982,listed,,,wikipedia-enum
national-film-registry,2015,Top Gun,1986,listed,,,wikipedia-enum
national-film-registry,1990,Top Hat,1935,listed,,,wikipedia-enum
national-film-registry,1996,Topaz,1943,listed,,,wikipedia-enum
national-film-registry,1993,Touch of Evil,1958,listed,,,wikipedia-enum
national-film-registry,2005,Toy Story,1995,listed,,,wikipedia-enum
national-film-registry,2006,Traffic in Souls,1913,listed,,,wikipedia-enum
national-film-registry,2025,The Tramp and the Dog,1896,listed,,,wikipedia-enum
national-film-registry,1999,Trance and Dance in Bali,1936,listed,,,wikipedia-enum
national-film-registry,1990,The Treasure of the Sierra Madre,1948,listed,,,wikipedia-enum
national-film-registry,2010,A Tree Grows in Brooklyn,1945,listed,,,wikipedia-enum
national-film-registry,2010,A Trip Down Market Street,1906,listed,,,wikipedia-enum
national-film-registry,1991,Trouble in Paradise,1932,listed,,,wikipedia-enum
national-film-registry,2025,The Truman Show,1998,listed,,,wikipedia-enum
national-film-registry,1997,Tulips Shall Grow,1942,listed,,,wikipedia-enum
national-film-registry,1998,Twelve O'Clock High,1949,listed,,,wikipedia-enum
national-film-registry,2011,Twentieth Century,1934,listed,,,wikipedia-enum
national-film-registry,2012,Two-Color Kodachrome Test Shots No. III,1922,listed,,,wikipedia-enum
national-film-registry,2012,Two-Lane Blacktop,1971,listed,,,wikipedia-enum
national-film-registry,2012,Uncle Tom's Cabin,1914,listed,,,wikipedia-enum
national-film-registry,2009,Under Western Stars,1938,listed,,,wikipedia-enum
national-film-registry,2004,Unforgiven,1992,listed,,,wikipedia-enum
national-film-registry,2022,Union Maids,1976,listed,,,wikipedia-enum
national-film-registry,2014,Unmasked,1917,listed,,,wikipedia-enum
national-film-registry,2024,Up in Smoke,1978,listed,,,wikipedia-enum
national-film-registry,2024,Uptown Saturday Night,1974,listed,,,wikipedia-enum
national-film-registry,2014,V-E +1,1945,listed,,,wikipedia-enum
national-film-registry,1996,Verbena Tragica,1939,listed,,,wikipedia-enum
national-film-registry,1989,Vertigo,1958,listed,,,wikipedia-enum
national-film-registry,2013,A Virtuous Vamp,1919,listed,,,wikipedia-enum
national-film-registry,2016,A Walk in the Sun,1945,listed,,,wikipedia-enum
national-film-registry,2021,WALL-E,2008,listed,,,wikipedia-enum
national-film-registry,2017,Wanda,1970,listed,,,wikipedia-enum
national-film-registry,2011,The War of the Worlds,1953,listed,,,wikipedia-enum
national-film-registry,2008,Water and Power,1989,listed,,,wikipedia-enum
national-film-registry,2021,The Watermelon Woman,1996,listed,,,wikipedia-enum
national-film-registry,2020,Wattstax,1973,listed,,,wikipedia-enum
national-film-registry,2014,The Way of Peace,1947,listed,,,wikipedia-enum
national-film-registry,2023,The Wedding Banquet,1993,listed,,,wikipedia-enum
national-film-registry,2003,The Wedding March,1928,listed,,,wikipedia-enum
national-film-registry,2023,We're Alive,1974,listed,,,wikipedia-enum
national-film-registry,1997,West Side Story,1961,listed,,,wikipedia-enum
national-film-registry,1998,"Westinghouse Works, 1904",1904,listed,,,wikipedia-enum
national-film-registry,2021,What Ever Happened to Baby Jane?,1962,listed,,,wikipedia-enum
national-film-registry,1992,"What's Opera, Doc?",1957,listed,,,wikipedia-enum
national-film-registry,2022,When Harry Met Sally...,1989,listed,,,wikipedia-enum
national-film-registry,1993,Where Are My Children?,1916,listed,,,wikipedia-enum
national-film-registry,2008,White Fawn's Devotion,1910,listed,,,wikipedia-enum
national-film-registry,2025,White Christmas,1954,listed,,,wikipedia-enum
national-film-registry,2003,White Heat,1949,listed,,,wikipedia-enum
national-film-registry,2016,Who Framed Roger Rabbit,1988,listed,,,wikipedia-enum
national-film-registry,2021,Who Killed Vincent Chin?,1987,listed,,,wikipedia-enum
national-film-registry,2013,Who's Afraid of Virginia Woolf?,1966,listed,,,wikipedia-enum
national-film-registry,2002,Why Man Creates,1968,listed,,,wikipedia-enum
national-film-registry,2000,Why We Fight,1943,listed,,,wikipedia-enum
national-film-registry,2002,Wild and Woolly,1917,listed,,,wikipedia-enum
national-film-registry,2013,Wild Boys of the Road,1933,listed,,,wikipedia-enum
national-film-registry,1999,The Wild Bunch,1969,listed,,,wikipedia-enum
national-film-registry,2002,Wild River,1960,listed,,,wikipedia-enum
national-film-registry,2024,Will,1981,listed,,,wikipedia-enum
national-film-registry,2000,Will Success Spoil Rock Hunter?,1957,listed,,,wikipedia-enum
national-film-registry,2014,Willy Wonka & the Chocolate Factory,1971,listed,,,wikipedia-enum
national-film-registry,2015,Winchester '73,1950,listed,,,wikipedia-enum
national-film-registry,1993,The Wind,1928,listed,,,wikipedia-enum
national-film-registry,1997,Wings,1927,listed,,,wikipedia-enum
national-film-registry,2012,The Wishing Ring: An Idyll of Old England,1914,listed,,,wikipedia-enum
national-film-registry,2020,With Car and Camera Around the World,1929,listed,,,wikipedia-enum
national-film-registry,2017,With the Abraham Lincoln Brigade in Spain,1937,listed,,,wikipedia-enum
national-film-registry,1992,Within Our Gates,1920,listed,,,wikipedia-enum
national-film-registry,1989,The Wizard of Oz,1939,listed,,,wikipedia-enum
national-film-registry,2021,The Wobblies,1979,listed,,,wikipedia-enum
national-film-registry,1999,Woman of the Year,1942,listed,,,wikipedia-enum
national-film-registry,1990,A Woman Under the Influence,1974,listed,,,wikipedia-enum
national-film-registry,2007,The Women,1939,listed,,,wikipedia-enum
national-film-registry,1996,Woodstock,1970,listed,,,wikipedia-enum
national-film-registry,2022,Word Is Out: Stories of Some of Our Lives,1977,listed,,,wikipedia-enum
national-film-registry,2025,The Wrecking Crew,2008,listed,,,wikipedia-enum
national-film-registry,2007,Wuthering Heights,1939,listed,,,wikipedia-enum
national-film-registry,1993,Yankee Doodle Dandy,1942,listed,,,wikipedia-enum
national-film-registry,2003,Young Frankenstein,1974,listed,,,wikipedia-enum
national-film-registry,2003,Young Mr. Lincoln,1939,listed,,,wikipedia-enum
national-film-registry,1994,Zapruder film,1963,listed,,,wikipedia-enum
national-film-registry,2019,Zoot Suit,1981,listed,,,wikipedia-enum
national-film-registry,2024,Zora Lathan student films,1975,listed,,,wikipedia-enum
national-film-registry,2018,Hearts and Minds,1974,listed,,,wikipedia-enum
national-film-registry,2023,Helen Keller in Her Story,1954,listed,,,wikipedia-enum
national-film-registry,2005,The Making of an American,1920,listed,,,wikipedia-enum
wga-best-original-screenplay,1969,Butch Cassidy and the Sundance Kid,1969,won,,,wikipedia-enum
wga-best-original-screenplay,1969,Bob & Carol & Ted & Alice,1969,won,,,wikipedia-enum
wga-best-original-screenplay,1970,Patton,1970,won,,,wikipedia-enum
wga-best-original-screenplay,1970,The Out-of-Towners,1970,won,,,wikipedia-enum
wga-best-original-screenplay,1971,Sunday Bloody Sunday,1971,won,,,wikipedia-enum
wga-best-original-screenplay,1971,The Hospital,1971,won,,,wikipedia-enum
wga-best-original-screenplay,1972,The Candidate,1972,won,,,wikipedia-enum
wga-best-original-screenplay,1972,"What's Up, Doc?",1972,won,,,wikipedia-enum
wga-best-original-screenplay,1973,Save the Tiger,1973,won,,,wikipedia-enum
wga-best-original-screenplay,1973,A Touch of Class,1973,won,,,wikipedia-enum
wga-best-original-screenplay,1974,Chinatown,1974,won,,,wikipedia-enum
wga-best-original-screenplay,1974,Blazing Saddles,1974,won,,,wikipedia-enum
wga-best-original-screenplay,1975,Dog Day Afternoon,1975,won,,,wikipedia-enum
wga-best-original-screenplay,1975,Shampoo,1975,won,,,wikipedia-enum
wga-best-original-screenplay,1976,Network,1976,won,,,wikipedia-enum
wga-best-original-screenplay,1976,The Bad News Bears,1976,won,,,wikipedia-enum
wga-best-original-screenplay,1977,The Turning Point,1977,won,,,wikipedia-enum
wga-best-original-screenplay,1977,Annie Hall,1977,won,,,wikipedia-enum
wga-best-original-screenplay,1978,Coming Home,1978,won,,,wikipedia-enum
wga-best-original-screenplay,1978,Movie Movie,1978,won,,,wikipedia-enum
wga-best-original-screenplay,1979,The China Syndrome,1979,won,,,wikipedia-enum
wga-best-original-screenplay,1979,Breaking Away,1979,won,,,wikipedia-enum
wga-best-original-screenplay,1980,Melvin and Howard,1980,won,,,wikipedia-enum
wga-best-original-screenplay,1980,Private Benjamin,1980,won,,,wikipedia-enum
wga-best-original-screenplay,1981,Reds,1981,won,,,wikipedia-enum
wga-best-original-screenplay,1981,Arthur,1981,won,,,wikipedia-enum
wga-best-original-screenplay,1982,E.T. the Extra-Terrestrial,1982,won,,,wikipedia-enum
wga-best-original-screenplay,1982,Tootsie,1982,won,,,wikipedia-enum
wga-best-original-screenplay,1983,Tender Mercies,1983,won,,,wikipedia-enum
wga-best-original-screenplay,1983,The Big Chill,1983,won,,,wikipedia-enum
wga-best-original-screenplay,1984,Broadway Danny Rose,1984,won,,,wikipedia-enum
wga-best-original-screenplay,1985,Witness,1985,won,,,wikipedia-enum
wga-best-original-screenplay,1986,Hannah and Her Sisters,1986,won,,,wikipedia-enum
wga-best-original-screenplay,1987,Moonstruck,1987,won,,,wikipedia-enum
wga-best-original-screenplay,1988,Bull Durham,1988,won,,,wikipedia-enum
wga-best-original-screenplay,1989,Crimes and Misdemeanors,1989,won,,,wikipedia-enum
wga-best-original-screenplay,1990,Avalon,1990,won,,,wikipedia-enum
wga-best-original-screenplay,1991,Thelma & Louise,1991,won,,,wikipedia-enum
wga-best-original-screenplay,1992,The Crying Game,1992,won,,,wikipedia-enum
wga-best-original-screenplay,1993,The Piano,1993,won,,,wikipedia-enum
wga-best-original-screenplay,1994,Four Weddings and a Funeral,1994,won,,,wikipedia-enum
wga-best-original-screenplay,1995,Braveheart,1995,won,,,wikipedia-enum
wga-best-original-screenplay,1996,Fargo,1996,won,,,wikipedia-enum
wga-best-original-screenplay,1997,As Good as It Gets,1997,won,,,wikipedia-enum
wga-best-original-screenplay,1998,Shakespeare in Love,1998,won,,,wikipedia-enum
wga-best-original-screenplay,1999,American Beauty,1999,won,,,wikipedia-enum
wga-best-original-screenplay,2000,You Can Count on Me,2000,won,,,wikipedia-enum
wga-best-original-screenplay,2001,Gosford Park,2001,won,,,wikipedia-enum
wga-best-original-screenplay,2002,Bowling for Columbine,2002,won,,,wikipedia-enum
wga-best-original-screenplay,2003,Lost in Translation,2003,won,,,wikipedia-enum
wga-best-original-screenplay,2004,Eternal Sunshine of the Spotless Mind,2004,won,,,wikipedia-enum
wga-best-original-screenplay,2005,Crash,2005,won,,,wikipedia-enum
wga-best-original-screenplay,2006,Little Miss Sunshine,2006,won,,,wikipedia-enum
wga-best-original-screenplay,2007,Juno,2007,won,,,wikipedia-enum
wga-best-original-screenplay,2008,Milk,2008,won,,,wikipedia-enum
wga-best-original-screenplay,2009,The Hurt Locker,2009,won,,,wikipedia-enum
wga-best-original-screenplay,2010,Inception,2010,won,,,wikipedia-enum
wga-best-original-screenplay,2011,Midnight in Paris,2011,won,,,wikipedia-enum
wga-best-original-screenplay,2012,Zero Dark Thirty,2012,won,,,wikipedia-enum
wga-best-original-screenplay,2013,Her,2013,won,,,wikipedia-enum
wga-best-original-screenplay,2014,The Grand Budapest Hotel,2014,won,,,wikipedia-enum
wga-best-original-screenplay,2015,Spotlight,2015,won,,,wikipedia-enum
wga-best-original-screenplay,2016,Moonlight,2016,won,,,wikipedia-enum
wga-best-original-screenplay,2017,Get Out,2017,won,,,wikipedia-enum
wga-best-original-screenplay,2018,Eighth Grade,2018,won,,,wikipedia-enum
wga-best-original-screenplay,2019,Parasite,2019,won,,,wikipedia-enum
wga-best-original-screenplay,2020,Promising Young Woman,2020,won,,,wikipedia-enum
wga-best-original-screenplay,2021,Don't Look Up,2021,won,,,wikipedia-enum
wga-best-original-screenplay,2022,Everything Everywhere All at Once,2022,won,,,wikipedia-enum
wga-best-original-screenplay,2023,The Holdovers,2023,won,,,wikipedia-enum
wga-best-original-screenplay,2024,Anora,2024,won,,,wikipedia-enum
wga-best-original-screenplay,2025,Sinners,2025,won,,,wikipedia-enum
wga-best-adapted-screenplay,1969,Midnight Cowboy,1969,won,,,wikipedia-enum
wga-best-adapted-screenplay,1969,"Goodbye, Columbus",1969,won,,,wikipedia-enum
wga-best-adapted-screenplay,1970,I Never Sang for My Father,1970,won,,,wikipedia-enum
wga-best-adapted-screenplay,1970,M*A*S*H,1970,won,,,wikipedia-enum
wga-best-adapted-screenplay,1971,The French Connection,1971,won,,,wikipedia-enum
wga-best-adapted-screenplay,1971,Kotch,1971,won,,,wikipedia-enum
wga-best-adapted-screenplay,1972,The Godfather,1972,won,,,wikipedia-enum
wga-best-adapted-screenplay,1972,Cabaret,1972,won,,,wikipedia-enum
wga-best-adapted-screenplay,1973,Serpico,1973,won,,,wikipedia-enum
wga-best-adapted-screenplay,1973,Paper Moon,1973,won,,,wikipedia-enum
wga-best-adapted-screenplay,1974,The Godfather Part II,1974,won,,,wikipedia-enum
wga-best-adapted-screenplay,1974,The Apprenticeship of Duddy Kravitz,1974,won,,,wikipedia-enum
wga-best-adapted-screenplay,1975,One Flew Over the Cuckoo's Nest,1975,won,,,wikipedia-enum
wga-best-adapted-screenplay,1975,The Sunshine Boys,1975,won,,,wikipedia-enum
wga-best-adapted-screenplay,1976,All the President's Men,1976,won,,,wikipedia-enum
wga-best-adapted-screenplay,1976,The Pink Panther Strikes Again,1976,won,,,wikipedia-enum
wga-best-adapted-screenplay,1977,Julia,1977,won,,,wikipedia-enum
wga-best-adapted-screenplay,1977,"Oh, God!",1977,won,,,wikipedia-enum
wga-best-adapted-screenplay,1978,Midnight Express,1978,won,,,wikipedia-enum
wga-best-adapted-screenplay,1978,Heaven Can Wait,1978,won,,,wikipedia-enum
wga-best-adapted-screenplay,1979,Kramer vs. Kramer,1979,won,,,wikipedia-enum
wga-best-adapted-screenplay,1979,Being There,1979,won,,,wikipedia-enum
wga-best-adapted-screenplay,1980,Ordinary People,1980,won,,,wikipedia-enum
wga-best-adapted-screenplay,1981,On Golden Pond,1981,won,,,wikipedia-enum
wga-best-adapted-screenplay,1982,Missing,1982,won,,,wikipedia-enum
wga-best-adapted-screenplay,1983,"Reuben, Reuben",1983,won,,,wikipedia-enum
wga-best-adapted-screenplay,1984,The Killing Fields,1984,won,,,wikipedia-enum
wga-best-adapted-screenplay,1985,Prizzi's Honor,1985,won,,,wikipedia-enum
wga-best-adapted-screenplay,1986,A Room with a View,1986,won,,,wikipedia-enum
wga-best-adapted-screenplay,1987,Roxanne,1987,won,,,wikipedia-enum
wga-best-adapted-screenplay,1988,Dangerous Liaisons,1988,won,,,wikipedia-enum
wga-best-adapted-screenplay,1989,Driving Miss Daisy,1989,won,,,wikipedia-enum
wga-best-adapted-screenplay,1990,Dances with Wolves,1990,won,,,wikipedia-enum
wga-best-adapted-screenplay,1991,The Silence of the Lambs,1991,won,,,wikipedia-enum
wga-best-adapted-screenplay,1992,The Player,1992,won,,,wikipedia-enum
wga-best-adapted-screenplay,1993,Schindler's List,1993,won,,,wikipedia-enum
wga-best-adapted-screenplay,1994,Forrest Gump,1994,won,,,wikipedia-enum
wga-best-adapted-screenplay,1995,Sense and Sensibility,1995,won,,,wikipedia-enum
wga-best-adapted-screenplay,1996,Sling Blade,1996,won,,,wikipedia-enum
wga-best-adapted-screenplay,1997,L.A. Confidential,1997,won,,,wikipedia-enum
wga-best-adapted-screenplay,1998,Out of Sight,1998,won,,,wikipedia-enum
wga-best-adapted-screenplay,1999,Election,1999,won,,,wikipedia-enum
wga-best-adapted-screenplay,2000,Traffic,2000,won,,,wikipedia-enum
wga-best-adapted-screenplay,2001,A Beautiful Mind,2001,won,,,wikipedia-enum
wga-best-adapted-screenplay,2002,The Hours,2002,won,,,wikipedia-enum
wga-best-adapted-screenplay,2003,American Splendor,2003,won,,,wikipedia-enum
wga-best-adapted-screenplay,2004,Sideways,2004,won,,,wikipedia-enum
wga-best-adapted-screenplay,2005,Brokeback Mountain,2005,won,,,wikipedia-enum
wga-best-adapted-screenplay,2006,The Departed,2006,won,,,wikipedia-enum
wga-best-adapted-screenplay,2007,No Country for Old Men,2007,won,,,wikipedia-enum
wga-best-adapted-screenplay,2008,Slumdog Millionaire,2008,won,,,wikipedia-enum
wga-best-adapted-screenplay,2009,Up in the Air,2009,won,,,wikipedia-enum
wga-best-adapted-screenplay,2010,The Social Network,2010,won,,,wikipedia-enum
wga-best-adapted-screenplay,2011,The Descendants,2011,won,,,wikipedia-enum
wga-best-adapted-screenplay,2012,Argo,2012,won,,,wikipedia-enum
wga-best-adapted-screenplay,2013,Captain Phillips,2013,won,,,wikipedia-enum
wga-best-adapted-screenplay,2014,The Imitation Game,2014,won,,,wikipedia-enum
wga-best-adapted-screenplay,2015,The Big Short,2015,won,,,wikipedia-enum
wga-best-adapted-screenplay,2016,Arrival,2016,won,,,wikipedia-enum
wga-best-adapted-screenplay,2017,Call Me by Your Name,2017,won,,,wikipedia-enum
wga-best-adapted-screenplay,2018,Can You Ever Forgive Me?,2018,won,,,wikipedia-enum
wga-best-adapted-screenplay,2019,Jojo Rabbit,2019,won,,,wikipedia-enum
wga-best-adapted-screenplay,2020,Borat Subsequent Moviefilm,2020,won,,,wikipedia-enum
wga-best-adapted-screenplay,2021,CODA,2021,won,,,wikipedia-enum
wga-best-adapted-screenplay,2022,Women Talking,2022,won,,,wikipedia-enum
wga-best-adapted-screenplay,2023,American Fiction,2023,won,,,wikipedia-enum
wga-best-adapted-screenplay,2024,Nickel Boys,2024,won,,,wikipedia-enum
wga-best-adapted-screenplay,2025,Bugonia,2025,won,,,wikipedia-enum
wga-101-screenplays,2006,Casablanca,1942,listed,1,,wikipedia-enum
wga-101-screenplays,2006,The Godfather,1972,listed,2,,wikipedia-enum
wga-101-screenplays,2006,Chinatown,1974,listed,3,,wikipedia-enum
wga-101-screenplays,2006,Citizen Kane,1941,listed,4,,wikipedia-enum
wga-101-screenplays,2006,All About Eve,1950,listed,5,,wikipedia-enum
wga-101-screenplays,2006,Annie Hall,1977,listed,6,,wikipedia-enum
wga-101-screenplays,2006,Sunset Boulevard,1950,listed,7,,wikipedia-enum
wga-101-screenplays,2006,Network,1976,listed,8,,wikipedia-enum
wga-101-screenplays,2006,Some Like It Hot,1959,listed,9,,wikipedia-enum
wga-101-screenplays,2006,The Godfather Part II,1974,listed,10,,wikipedia-enum
wga-101-screenplays,2006,Butch Cassidy and the Sundance Kid,1969,listed,11,,wikipedia-enum
wga-101-screenplays,2006,Dr. Strangelove,1964,listed,12,,wikipedia-enum
wga-101-screenplays,2006,The Graduate,1967,listed,13,,wikipedia-enum
wga-101-screenplays,2006,Lawrence of Arabia,1962,listed,14,,wikipedia-enum
wga-101-screenplays,2006,The Apartment,1960,listed,15,,wikipedia-enum
wga-101-screenplays,2006,Pulp Fiction,1994,listed,16,,wikipedia-enum
wga-101-screenplays,2006,Tootsie,1982,listed,17,,wikipedia-enum
wga-101-screenplays,2006,On the Waterfront,1954,listed,18,,wikipedia-enum
wga-101-screenplays,2006,To Kill a Mockingbird,1962,listed,19,,wikipedia-enum
wga-101-screenplays,2006,It's a Wonderful Life,1946,listed,20,,wikipedia-enum
wga-101-screenplays,2006,North by Northwest,1959,listed,21,,wikipedia-enum
wga-101-screenplays,2006,The Shawshank Redemption,1994,listed,22,,wikipedia-enum
wga-101-screenplays,2006,Gone with the Wind,1939,listed,23,,wikipedia-enum
wga-101-screenplays,2006,Eternal Sunshine of the Spotless Mind,2004,listed,24,,wikipedia-enum
wga-101-screenplays,2006,The Wizard of Oz,1939,listed,25,,wikipedia-enum
wga-101-screenplays,2006,Double Indemnity,1944,listed,26,,wikipedia-enum
wga-101-screenplays,2006,Groundhog Day,1993,listed,27,,wikipedia-enum
wga-101-screenplays,2006,Shakespeare in Love,1998,listed,28,,wikipedia-enum
wga-101-screenplays,2006,Sullivan's Travels,1941,listed,29,,wikipedia-enum
wga-101-screenplays,2006,Unforgiven,1992,listed,30,,wikipedia-enum
wga-101-screenplays,2006,His Girl Friday,1940,listed,31,,wikipedia-enum
wga-101-screenplays,2006,Fargo,1996,listed,32,,wikipedia-enum
wga-101-screenplays,2006,The Third Man,1949,listed,33,,wikipedia-enum
wga-101-screenplays,2006,Sweet Smell of Success,1957,listed,34,,wikipedia-enum
wga-101-screenplays,2006,The Usual Suspects,1995,listed,35,,wikipedia-enum
wga-101-screenplays,2006,Midnight Cowboy,1969,listed,36,,wikipedia-enum
wga-101-screenplays,2006,The Philadelphia Story,1940,listed,37,,wikipedia-enum
wga-101-screenplays,2006,American Beauty,1999,listed,38,,wikipedia-enum
wga-101-screenplays,2006,The Sting,1973,listed,39,,wikipedia-enum
wga-101-screenplays,2006,When Harry Met Sally...,1989,listed,40,,wikipedia-enum
wga-101-screenplays,2006,Goodfellas,1990,listed,41,,wikipedia-enum
wga-101-screenplays,2006,Raiders of the Lost Ark,1981,listed,42,,wikipedia-enum
wga-101-screenplays,2006,Taxi Driver,1976,listed,43,,wikipedia-enum
wga-101-screenplays,2006,The Best Years of Our Lives,1946,listed,44,,wikipedia-enum
wga-101-screenplays,2006,One Flew Over the Cuckoo's Nest,1975,listed,45,,wikipedia-enum
wga-101-screenplays,2006,The Treasure of the Sierra Madre,1948,listed,46,,wikipedia-enum
wga-101-screenplays,2006,The Maltese Falcon,1941,listed,47,,wikipedia-enum
wga-101-screenplays,2006,The Bridge on the River Kwai,1957,listed,48,,wikipedia-enum
wga-101-screenplays,2006,Schindler's List,1993,listed,49,,wikipedia-enum
wga-101-screenplays,2006,The Sixth Sense,1999,listed,50,,wikipedia-enum
wga-101-screenplays,2006,Broadcast News,1987,listed,51,,wikipedia-enum
wga-101-screenplays,2006,The Lady Eve,1941,listed,52,,wikipedia-enum
wga-101-screenplays,2006,All the President's Men,1976,listed,53,,wikipedia-enum
wga-101-screenplays,2006,Manhattan,1979,listed,54,,wikipedia-enum
wga-101-screenplays,2006,Apocalypse Now,1979,listed,55,,wikipedia-enum
wga-101-screenplays,2006,Back to the Future,1985,listed,56,,wikipedia-enum
wga-101-screenplays,2006,Crimes and Misdemeanors,1989,listed,57,,wikipedia-enum
wga-101-screenplays,2006,Ordinary People,1980,listed,58,,wikipedia-enum
wga-101-screenplays,2006,It Happened One Night,1934,listed,59,,wikipedia-enum
wga-101-screenplays,2006,L.A. Confidential,1997,listed,60,,wikipedia-enum
wga-101-screenplays,2006,The Silence of the Lambs,1991,listed,61,,wikipedia-enum
wga-101-screenplays,2006,Moonstruck,1987,listed,62,,wikipedia-enum
wga-101-screenplays,2006,Jaws,1975,listed,63,,wikipedia-enum
wga-101-screenplays,2006,Terms of Endearment,1983,listed,64,,wikipedia-enum
wga-101-screenplays,2006,Singin' in the Rain,1952,listed,65,,wikipedia-enum
wga-101-screenplays,2006,Jerry Maguire,1996,listed,66,,wikipedia-enum
wga-101-screenplays,2006,E.T. the Extra-Terrestrial,1982,listed,67,,wikipedia-enum
wga-101-screenplays,2006,Star Wars,1977,listed,68,,wikipedia-enum
wga-101-screenplays,2006,Dog Day Afternoon,1975,listed,69,,wikipedia-enum
wga-101-screenplays,2006,The African Queen,1951,listed,70,,wikipedia-enum
wga-101-screenplays,2006,The Lion in Winter,1968,listed,71,,wikipedia-enum
wga-101-screenplays,2006,Thelma & Louise,1991,listed,72,,wikipedia-enum
wga-101-screenplays,2006,Amadeus,1984,listed,73,,wikipedia-enum
wga-101-screenplays,2006,Being John Malkovich,1999,listed,74,,wikipedia-enum
wga-101-screenplays,2006,High Noon,1952,listed,75,,wikipedia-enum
wga-101-screenplays,2006,Raging Bull,1980,listed,76,,wikipedia-enum
wga-101-screenplays,2006,Adaptation,2002,listed,77,,wikipedia-enum
wga-101-screenplays,2006,Rocky,1976,listed,78,,wikipedia-enum
wga-101-screenplays,2006,The Producers,1967,listed,79,,wikipedia-enum
wga-101-screenplays,2006,Witness,1985,listed,80,,wikipedia-enum
wga-101-screenplays,2006,Being There,1979,listed,81,,wikipedia-enum
wga-101-screenplays,2006,Cool Hand Luke,1967,listed,82,,wikipedia-enum
wga-101-screenplays,2006,Rear Window,1954,listed,83,,wikipedia-enum
wga-101-screenplays,2006,The Princess Bride,1987,listed,84,,wikipedia-enum
wga-101-screenplays,2006,Grand Illusion,1937,listed,85,,wikipedia-enum
wga-101-screenplays,2006,Harold and Maude,1971,listed,86,,wikipedia-enum
wga-101-screenplays,2006,8½,1963,listed,87,,wikipedia-enum
wga-101-screenplays,2006,Field of Dreams,1989,listed,88,,wikipedia-enum
wga-101-screenplays,2006,Forrest Gump,1994,listed,89,,wikipedia-enum
wga-101-screenplays,2006,Sideways,2004,listed,90,,wikipedia-enum
wga-101-screenplays,2006,The Verdict,1982,listed,91,,wikipedia-enum
wga-101-screenplays,2006,Psycho,1960,listed,92,,wikipedia-enum
wga-101-screenplays,2006,Do the Right Thing,1989,listed,93,,wikipedia-enum
wga-101-screenplays,2006,Patton,1970,listed,94,,wikipedia-enum
wga-101-screenplays,2006,Hannah and Her Sisters,1986,listed,95,,wikipedia-enum
wga-101-screenplays,2006,The Hustler,1961,listed,96,,wikipedia-enum
wga-101-screenplays,2006,The Searchers,1956,listed,97,,wikipedia-enum
wga-101-screenplays,2006,The Grapes of Wrath,1940,listed,98,,wikipedia-enum
wga-101-screenplays,2006,The Wild Bunch,1969,listed,99,,wikipedia-enum
wga-101-screenplays,2006,Memento,2000,listed,100,,wikipedia-enum
wga-101-screenplays,2006,Notorious,1946,listed,101,,wikipedia-enum
