UCN_id,UCN_Name,Definition,,,
UCN_id_0168,Existential Dread,"This is not fear of a specific object, but a profound, atmospheric anxiety that arises from the raw confrontation with the givens of existence: freedom, finitude, and meaninglessness. The narrative is the story of a soul's vertigo. The protagonist is haunted by the sheer, terrifying weight of being, a consciousness aware of its own radical contingency in a silent universe. It is the story of the quiet, background hum of horror that underpins all of modern life.",,,
UCN_id_0224,Horror (Existential),"This theme explores horror not as an external monster, but as the internal, philosophical shattering that occurs when the fundamental order of one's world is revealed to be a lie. It is the horror of radical uncertainty. The narrative is a journey into a state where the laws of reality, identity, and meaning have dissolved. It is the story of a mind confronting the terrifying possibility that there is no solid ground beneath its feet, only the infinite, indifferent abyss.",,,
UCN_id_0029,Apocalypse (Personal/Global),"The apocalypse is the theme of a total, irreversible, and world-ending rupture. On a global scale, it is the spectacle of civilization's collapse. But more profoundly, on a personal scale, it is the internal cataclysm—the death of a core belief, the end of a defining love—that is experienced with the same devastating finality. The narrative is not about the end, but about the terrifying, raw, and often strangely beautiful dawn of the world after the end, the story of what we become when everything we were has been burned away.",,,
UCN_id_0031,The Archive,"The Archive is the theme of the past as a vast, contested, and often treacherous labyrinth. The narrative is a story about the politics of memory. It follows a character's descent into the archive—a library, a database, a box of old letters—in search of a single truth, only to discover that the archive is not a neutral repository of facts, but a battleground of competing narratives, deliberate erasures, and powerful, haunting ghosts. It suggests the past is a story that is never settled.",,,
UCN_id_0396,Redemption,"Redemption is the theme of the agonizing, often impossible, and deeply human quest to restore a shattered soul. The narrative is a story of a moral debt. It follows a character who, burdened by a profound transgression, undertakes a grueling journey not just for forgiveness, but for a form of spiritual rebirth. It is a story that asks a terrifying question: Can a person ever truly come back from the abyss, or is the act of striving for redemption the only form of grace that is left?",,,
UCN_id_0032,Artifice vs. Authenticity,"This is the theme of the fundamental, often agonizing, war between the ""performed self"" and the ""true self."" The narrative is a story of a mask. It follows a character who is a prisoner of their own artifice, their life a carefully constructed performance. The story's drama comes from the eruption of a raw, authentic impulse that threatens to shatter this fragile façade. It is a profound meditation on a central modern anxiety: In a world of surfaces, is there an authentic self left to be true to?",,,
UCN_id_0497,Tyranny,"Tyranny is the theme of power that is not just oppressive, but absolute, arbitrary, and soul-destroying. The narrative is a story of a world without appeal. It is a system where the law is merely the whim of the tyrant, and the individual has been reduced to a mere object of that whim. It is a story about the profound, metaphysical horror of a reality where there is no higher principle to appeal to, no escape, and no hope, only the suffocating, omnipresent weight of a single, monstrous will.",,,
UCN_id_0461,The Sublime,"The Sublime is the theme of the terrifying, awesome, and soul-shattering encounter with a power that is infinitely greater than the self. The narrative is a story of a moment of cognitive collapse. Confronted with the vastness of nature, the terror of the cosmos, or a work of art of terrible beauty, the protagonist's rational mind is overwhelmed. It is a theme about the paradoxical experience of being simultaneously annihilated and exalted, the moment we feel our own insignificance and, in that same instant, touch the infinite.",,,
UCN_id_0483,Threshold,"The Threshold is the theme of the single, charged, and irreversible line that separates one world from another. The narrative is a story of a point of no return. It can be a physical doorway, a geographical border, or a single, fateful decision. The theme's power lies in its finality. To cross the threshold is to enter a new reality with new rules, a world from which the old self can never return. It is the story of the single step that changes everything.",,,
UCN_id_0493,Treachery,"Treachery is the theme of a betrayal so profound that it retroactively annihilates the past. The narrative is a story of a world built on a lie. It is not about a broken promise, but the horrifying discovery that the very foundation of a sacred trust—a marriage, a friendship, a nation—was a deception from the start. It is a story about the violence of a truth that turns a shared history into a private fiction, and a beloved person into a monstrous stranger.",,,
UCN_id_0069,The Carnivalesque (The Grotesque),"The Carnivalesque is the theme of the sacred, joyous, and revolutionary act of turning the world upside down. The narrative is a story of a temporary utopia. It is a world where hierarchies are inverted, the fool becomes king, the body is celebrated in all its grotesque glory, and the sacred is gleefully profaned. It is a theme, in the spirit of Bakhtin, that understands that the deepest critique of power is not a solemn argument, but the liberating, anarchic, and world-creating power of laughter.",,,
UCN_id_0350,Order,"Order is investigated as a powerful, necessary, and often terrifyingly violent human impulse. The narrative is a story about the war against chaos. It can be the story of a character's desperate attempt to impose a rigid, rational order onto a messy life, or a society's brutal effort to enforce order on a rebellious population. It is a theme that explores the profound, often tragic, paradox of the human condition: that we cannot live without order, but the relentless pursuit of perfect order can create the most inhuman kind of prison.",,,
UCN_id_0299,Maturation,"Maturation is the theme of the difficult, often painful, and profoundly un-dramatic process of becoming an adult. The narrative is not a story of a single coming-of-age moment, but of the slow, grinding acceptance of limitation, ambiguity, and responsibility. It is the story of the death of a thousand small dreams. The theme suggests that true adulthood is not an achievement, but a form of courageous resignation, the quiet, melancholic, and deeply human process of making peace with a world that will never conform to our desires.",,,
UCN_id_0086,Coming of Age,"This theme is about the specific, often traumatic, moment when the magical, self-centered world of childhood is shattered by the intrusion of adult reality. The narrative is a story of a fall from grace. It is the story of the first encounter with mortality, with profound betrayal, or with the terrifying knowledge that the world is not a safe place. It is a lament for a state of innocence that, once lost, can never be regained, a story about the scar that is left by the first, brutal lesson of experience.",,,
UCN_id_0503,Urban Alienation,"This is the theme of a profound, distinctly modern form of loneliness that is born in the midst of a crowd. The narrative is a story of a soul adrift in the metropolis. It follows a character who is surrounded by millions of other people, yet is profoundly, terrifyingly alone. It is a story about the paradox of the city: a space of infinite possibility and crushing anonymity, a world where the sheer density of human life has made authentic human connection seem impossible.",,,
UCN_id_0078,Class Conflict/Warfare,"This is a theme that frames reality itself as a brutal, relentless, and often invisible war between socioeconomic classes. The narrative is an anatomy of this war. It is not just about rich versus poor, but about the profound, systemic violence of a world where one class's comfort and security is built directly upon the exploitation and suffering of another. It is a story that makes the invisible battle lines visible, suggesting that every personal drama is secretly a skirmish in a much larger, historical war.",,,
UCN_id_0088,Communication Breakdown,"This is the theme of the tragic, often silent, chasm that opens up between two consciousnesses. The narrative is a story not about what is said, but about the vast, heavy, and consequential weight of what is not. It is the story of the shared glance that is misinterpreted, the crucial word that is left unspoken. The theme suggests that the natural state between two selves is a profound and terrifying isolation, and that language is a fragile, often failing, bridge built over that abyss.",,,
UCN_id_0314,Miscommunication,"This theme explores the profoundly tragic, and often darkly comedic, idea that we are all fundamentally trapped inside our own subjective realities, and that perfect communication is an illusion. The narrative is the story of a signal that is always, in some way, corrupted. It is not just about misunderstanding words, but about the impossibility of ever truly transmitting the rich, complex, and private world of one mind into another. It is the story of humanity as a collection of beautiful, broken radios, all broadcasting on a slightly different frequency.",,,
UCN_id_0321,Moral Compromise,"This is the theme of the slow, insidious, and often tragically necessary erosion of a soul. The narrative is not a story of a single, dramatic fall from grace, but of a series of small, ""practical,"" and seemingly justifiable compromises that, taken together, constitute a profound betrayal of the self. It is a story about the quiet violence of a world that does not allow for purity, a meditation on the tragic, human truth that in order to survive, we must often kill the best parts of ourselves, one small piece at a time.",,,
UCN_id_0096,Consumerism,"Consumerism is investigated not as an economic activity, but as a modern, and deeply pathological, form of identity creation. The narrative is a story of a soul that has been hollowed out and can only be filled with objects. It follows a character whose entire sense of self, meaning, and happiness is dependent on the next purchase. It is a story about the profound spiritual emptiness of a world that promises fulfillment through things, a quiet horror story of a life lived in a state of perpetual, manufactured, and unquenchable thirst.",,,
UCN_id_0097,Contagion,"Contagion is the theme of the terrifying, invisible, and exponential spread of a destructive force through a system. This can be a literal virus, but more profoundly, it can be a contagious idea, a collective hysteria, or a moral panic. The narrative is a story about the terrifying fragility of order. It follows the unstoppable logic of the contagion as it dissolves social bonds and turns a community against itself. It is a theme about the horrifying speed with which reason can be overwhelmed by a primal, irrational force.",,,
UCN_id_0141,Domination,"Domination is the theme of a power that seeks not just to control, but to utterly negate the will and subjectivity of another. The narrative is the story of a relationship of absolute asymmetry. It is not a conflict between two wills, but the process of one will slowly and systematically extinguishing another. It is a chilling exploration of the psychology of both the dominator and the dominated, a story about the terrifying, often intimate, and soul-destroying art of turning a person into a thing.",,,
UCN_id_0098,Control and Domination,"This is the theme of the modern, often bureaucratic and seemingly rational, system of power that achieves total domination through the quiet, pervasive logic of control. The narrative is the story of an invisible cage. It is not about a single tyrant, but about a system of rules, procedures, and surveillance that is designed to manage and predict every aspect of human life. It is the story of a domination so total and so quiet that it is no longer even perceived as domination, but simply as ""the way things are.""",,,
UCN_id_0317,Mob Mentality,"This is the theme of the terrifying, alchemical transformation that occurs when individuals dissolve into the single, primitive, and often violent consciousness of a mob. The narrative is a story of a psychic contagion. It follows the birth of a collective beast. The theme explores the terrifying pleasure of this dissolution of the self, the abdication of individual responsibility, and the ease with which a group of civilized human beings can regress into a state of pure, murderous, and self-righteous rage.",,,
UCN_id_0107,Cult Dynamics,"This is the theme of the powerful, seductive, and often terrifying social microcosm of the cult. The narrative is a story of a manufactured reality. It is an exploration of the deep human yearning for certainty, for community, and for a charismatic leader that the cult so expertly exploits. It is a story about the slow, methodical process of psychological colonization, the dismantling of a self, and the terrifying, often beautiful, logic of a world that has a simple answer for everything.",,,
UCN_id_0111,Cynicism,"Cynicism is explored not as a form of intelligence, but as a profound and tragic form of intellectual cowardice. The narrative is the story of a soul that has taken refuge in the safety of disbelief. The cynic's defining trait is the refusal to be vulnerable, the pre-emptive rejection of all sincerity, hope, and belief in order to avoid the pain of disappointment. It is the story of a self-imposed prison, a profound meditation on the terrible spiritual cost of a life that has armored itself against the very possibility of grace.",,,
UCN_id_0428,Self-Destruction,"This is the theme of the terrifying, often mysterious, and deeply human impulse to annihilate the self. The narrative is a story of a soul at war with its own existence. It moves beyond simple self-harm to explore the complex, often unconscious, ways a character can meticulously arrange the circumstances of their own ruin. It is the story of the death drive made manifest, a chilling exploration of the secret, powerful part of us that does not want to be saved, but yearns for the profound, silent peace of oblivion.",,,
UCN_id_0052,Blindness (Willful),"This is the theme of the powerful, conscious, and often desperate act of choosing not to see a truth that is in plain sight. The narrative is a story of a carefully constructed ignorance. It follows a character who invests immense psychic energy into not-knowing something, because the knowledge would shatter their world or their sense of self. It is a story about the profound, often tragic, human capacity to edit reality, a meditation on the fact that the most powerful prisons are the ones we build for ourselves, and lock from the inside.",,,
UCN_id_0529,Work,"Work is investigated not as a job, but as the central, defining, and often soul-crushing activity of modern life. The narrative can be a story of alienated labor, where work is a meaningless and repetitive hell. Or it can be a story about the modern cult of ""workism,"" where one's job has become a substitute for religion, community, and the very source of one's identity. It is a theme that asks a profound, unsettling question: If we are what we do, what are we when the work is gone?",,,
UCN_id_0135,Dissociation,"This is the theme of the profound, often terrifying, psychic act of splitting off from reality as a defense against an unbearable trauma. The narrative is the story of a mind that has gone elsewhere. It follows a character who experiences their own life from a distance, as if they are watching a movie. It is a story about the ghost in the machine of the self, a chilling exploration of the mind's terrifying power to protect itself by becoming a stranger to its own experience.",,,
UCN_id_0355,Parable,"A parable is a narrative that functions as a profound, elegant trap for the intellect. On the surface, it is a simple story, but its true purpose is to bypass our rational defenses and deliver a deeper, often unsettling, moral or metaphysical truth directly into our soul. The narrative is a vessel, a Trojan horse, whose true meaning is not in the story itself, but in the silent, world-altering revelation that it leaves in its wake.",,,
UCN_id_0155,Emptiness (The Void),"Emptiness is the theme of the terrifying, lucid, and perhaps ultimate truth of a universe stripped of all meaning, purpose, and value. The narrative is a story of this profound absence. It is not about loss, but about the chilling realization that there was nothing to lose in the first place. It is a confrontation with the fundamental, silent indifference of existence, a state of being where the soul finds itself utterly, terrifyingly alone in an infinite, empty room.",,,
UCN_id_0519,The Void,"The Void is investigated not as a passive emptiness, but as an active, hungry, and gravitational force that threatens to pull all meaning into itself. The narrative is the story of a battle against this metaphysical black hole. It follows a character who stands at the edge of this abyss, a place where all narratives collapse and all values dissolve. It is a theme about the terrifying allure of nothingness, the seductive whisper that suggests surrender is the only logical response to a meaningless cosmos.",,,
UCN_id_0181,Fate,"Fate is the theme of a universe that is not a story, but a script that has already been written. The narrative follows a character who struggles with heroic, passionate, and ultimately futile defiance against their pre-ordained destiny. It is a story told in the shadow of its own ending. It explores the profound, tragic irony of a consciousness that believes it is free, but whose every choice is merely another step along a path that was laid out for it since the beginning of time.",,,
UCN_id_0164,Ethical Dilemma (Impossible Choice),"An ethical dilemma is the theme of the soul on a rack. The narrative places a character in a situation of absolute, agonizing moral impossibility, where there are no good options, only different species of damnation. It is not a test of character, but a breaking of it. The theme explores the profound, tragic truth that sometimes the most ethical act is not to choose, but to recognize that the situation itself is a monstrous trap, and that any choice at all is a form of profound violation.",,,
UCN_id_0132,Disenchantment,"Disenchantment is the theme of the slow, quiet, and profoundly melancholic death of magic in the world. The narrative, in the spirit of Weber, is the story of a reality that has been stripped of its gods, its mysteries, and its soul by the cold, sterile logic of reason and bureaucracy. It follows a character who is a ghost in this disenchanted world, a soul that yearns for a sense of the sacred in a universe that has been rendered into a mere collection of predictable, manageable things.",,,
UCN_id_0134,Displacement,"Displacement is the theme of a profound and radical ""un-homing."" It is the story of a character who has been psychically or physically uprooted from their native soil. The narrative explores the deep, disorienting trauma of this condition—a state of being a stranger everywhere, of living in a world where your memories have no corresponding landscape, and your very identity has been rendered a foreign language. It is the story of a soul that has lost its coordinates.",,,
UCN_id_0353,Outsiderhood,"This is the theme of a life lived at a perpetual, critical distance from the warm, blinding embrace of the collective. The narrative is the story of a gaze from the margins. The outsider is not a victim, but a seer, whose exclusion grants them a painful but piercingly clear vision of the hypocrisies, illusions, and hidden violence of the ""normal"" world. It is a story about the profound, tragic, and sometimes heroic loneliness of the one who cannot, or will not, belong.",,,
UCN_id_0127,Deviance,"Deviance is the theme of the beautiful, monstrous, and often courageous act of refusing to be normal. The narrative is the story of a character whose very existence is a form of rebellion against a society's rigid codes of being. It is a story that champions the ""deviant""—the queer, the mad, the heretic—as a necessary, life-affirming force, a crack in the monolithic wall of conformity through which a different, and perhaps truer, form of reality can shine through.",,,
UCN_id_0405,Resistance,"Resistance is the theme of the small, often quiet, and profoundly human ""no"" in the face of an overwhelming power. The narrative is not a story of grand revolution, but of the molecular, everyday acts of defiance that keep the human spirit alive under oppression. It is the story of the whispered joke, the remembered poem, the shared glance of understanding. It suggests that the most powerful rebellion is not the one that overthrows a system, but the one that refuses to let that system extinguish one's own inner, inviolable truth.",,,
UCN_id_0491,Transition,"Transition is the theme of the terrifying, disorienting, and profoundly creative chaos of the ""in-between."" The narrative is a story that takes place on a bridge. It follows a character, a relationship, or a society that is in the very process of becoming something else, a state where the old rules are dead and the new ones have not yet been born. It is a theme about the profound vulnerability and the radical potentiality of a life lived in a state of pure, terrifying, and beautiful becoming.",,,
UCN_id_0322,Morality,"Morality is investigated not as a fixed set of rules, but as a difficult, bloody, and deeply personal battleground within the human soul. The narrative is a story of this internal war. It follows a character who is a walking, breathing contradiction, a battlefield between their highest aspirations and their darkest impulses. It is a theme that rejects simple notions of good and evil, suggesting that the truly human drama is not the choice between them, but the agonizing, endless, and irresolvable conflict that rages within.",,,
UCN_id_0071,Catharsis,"Catharsis is the theme of the terrifying, beautiful, and necessary act of emotional and spiritual purging. The narrative is a story that functions like a controlled explosion. It meticulously builds an unbearable tension of pity and fear, only to release it in a single, shattering, and ultimately cleansing moment of profound emotional truth. It is a story about the paradoxical, almost surgical, power of tragedy to heal a soul by first breaking it open.",conceptual definition (in English),UCN 이름 한국어 번역 (영어 병기),한국어 번역
UCN_id_0348,Ontology,"Ontology is the theme of cinema as a philosophical investigation into the very nature of being. The narrative is a story that asks the most fundamental question: ""What is real?"". It can be a story that blurs the line between dream and reality, or between the human and the artificial. It is a form of speculative cinema that uses its own artificial nature to probe the deepest, most unsettling questions about the structure of existence itself, suggesting that ""reality"" may be the most powerful fiction of all.",,,
UCN_id_0104,Crisis,"Crisis is the theme of the moment when a world, a life, or an identity shatters. The narrative is the story of an earthquake. It is the moment when the hidden, structural contradictions of a system or a self suddenly erupt, making the old way of being impossible. The theme explores the terror and the profound, terrifying potentiality of this moment of collapse. It is the story of a ground that has become an abyss, a moment of absolute danger that is also the only possible moment of genuine, radical change.",,,
UCN_id_0146,Dysfunction,"Dysfunction is the theme of a system that is not just broken, but is organized around its own brokenness. The narrative is the story of a sick organism—a family, a relationship, a society—that has learned to treat its own pathology as normal. It is a story about the terrifying, often darkly comedic, logic of a world gone wrong, a closed loop where every attempt to ""fix"" the problem only reinforces the underlying sickness. It is the story of a prison where the inmates have become the architects.",,,
UCN_id_0361,Patriarchy,"Patriarchy is investigated as a vast, ancient, and often invisible symbolic and social order that structures reality through the logic of the Father. The narrative is a story that makes this invisible architecture visible. It is not just about male dominance, but about a world built on principles of hierarchy, law, competition, and the repression of the feminine. It is the story of a ghost that haunts our very language, our institutions, and our souls, a system so total that even those who rebel against it are often unknowingly playing by its rules.",,,
UCN_id_0064,Burnout,"Burnout is the theme of the defining spiritual sickness of the neoliberal age. It is the story of a soul that has been completely consumed by the relentless demand to be productive, positive, and perpetually self-optimizing. The narrative is a story of a quiet, internal collapse. It is not a dramatic explosion, but the slow, silent exhaustion of a self that has been tricked into becoming its own slave driver. It is the tragedy of a freedom that has revealed itself to be the most efficient form of exploitation.",,,
UCN_id_0176,The Family Meal (Ritual/Conflict),"The Family Meal is the theme of the dinner table as a theatrical stage for the most primal and violent of human dramas. The narrative is a story that uses this ritual of communion as a pressure cooker. It is the space where years of unspoken resentments, secret desires, and brutal power struggles are played out in the coded language of passed salt and shared glances. It is a story that understands that the most savage battlefields are not in war, but are laid out on the quiet, familiar geography of the family dinner table.",,,
UCN_id_0158,Erasure (Historical/Personal),"Erasure is the theme of the profound, often political, and terrifying violence of being made to disappear. The narrative is a story about a ghost being made. It can be the story of a person being erased from a photograph, a history being wiped from the books, or a culture being systematically annihilated. It is a story about the ultimate form of power: not just the power to kill, but the power to make it so that someone or something never existed at all.",,,
UCN_id_0193,The Frontier Myth,"The Frontier Myth is the theme of a foundational, and often deeply violent and hypocritical, national fantasy. The narrative is a deconstruction of this myth. It is the story of a ""virgin land"" that was never virgin, and a heroic act of ""civilizing"" that was actually an act of brutal conquest. It is a story about the profound self-deception that lies at the heart of a nation's identity, a powerful exploration of the ghosts and the lies that are hidden just beneath the triumphant, sunlit landscapes of our official history.",,,
UCN_id_0061,The Burden of Care,"This is the theme of the quiet, invisible, and often soul-crushing weight of being responsible for another's life. The narrative is a story told from the perspective of the caregiver. It explores the profound, often taboo, ambivalence of this role—the simultaneous experience of deep love and suffocating resentment. It is a story about the slow erasure of the self that can occur in the act of caring, a meditation on the immense, often unacknowledged, human cost of empathy.",,,
UCN_id_0202,Genius (The Burden of),"Genius is explored not as a gift, but as a monstrous, alienating, and profoundly lonely form of exile. The narrative is the story of a consciousness that is fundamentally out of sync with the world. The genius is a person who sees too much, too clearly, a prophet whose vision severs them from the warm, comforting illusions of common humanity. Their story is a tragedy of perception, a meditation on the terrifying, inhuman isolation that is the price of a truly singular vision.",,,
UCN_id_0205,The Ghost (Spectrality),"The Ghost is the theme of the past that refuses to die. The narrative is not a story about supernatural beings, but about the profound, often terrifying, persistence of history, trauma, and memory in the present. The ""ghost"" is the unerasable trace of a past violence or a lost love that continues to haunt and shape the world of the living. It is a theme that suggests that the most terrifying houses are not haunted by spirits, but by the indestructible residue of what has been.",,,
UCN_id_0213,The Haunting,"The Haunting is the theme of a present that has been colonized by the past. The narrative is a story of a psychic invasion. It follows a character whose reality is being slowly and systematically warped by an unresolved event or a repressed memory. The haunting is not an external force, but an internal one, the eruption of a ghost from within the protagonist's own psyche. It is a story about the terrifying, active, and often destructive power of a past that will not stay dead.",,,
UCN_id_0368,Pleasure,"Pleasure is investigated not as simple happiness, but as a profound, often dangerous, and deeply philosophical force. The narrative can explore the transcendent, life-affirming power of pure, unconflicted pleasure. Or, more darkly, it can be a story about pleasure as a form of transgression, a dizzying, self-destructive pursuit that exists at the very limits of pain and reason. It is a story about the terrifying, beautiful, and fundamentally amoral energy that drives all of life.",,,
UCN_id_0215,Hegemony (Invisible Ideology),"Hegemony is the theme of a power so total that it has become invisible, masquerading as ""common sense"" or ""the natural order of things."" The narrative is a story of a fish trying to see the water it swims in. It is an exploration of an invisible prison, a system of control that works not by force, but by shaping the very limits of what we can think and desire. It is a story about the immense, almost impossible, difficulty of waking up from a dream that you did not know you were having.",,,
UCN_id_0160,Eruption of the Past,"This is the theme of a present that is violently ambushed by a past that was thought to be dead and buried. The narrative is a story of a temporal earthquake. It is not about memory, but about the past returning as an active, often monstrous, and world-shattering force. It is the story of the repressed secret that is suddenly revealed, the forgotten crime that comes back to demand justice. It suggests that the past is a predator, and the present is its hunting ground.",,,
UCN_id_0329,Nature vs. Culture,"This is the theme of the fundamental, eternal, and often violent war between the primal, amoral, and cyclical logic of Nature and the artificial, rule-bound, and linear logic of human Culture. The narrative is a story of a battle for territory. It can be the story of a civilized character's horrifying descent into their own ""natural"" savagery, or the story of a pristine landscape being brutally conquered by the machinery of ""culture."" It is the story of the tragic, inescapable conflict that defines the very essence of the human condition.",,,
UCN_id_0053,Blurred Realities (Fiction/Reality),"This is the theme of the terrifying, vertiginous collapse of the boundary between the ""real"" world and the world of fiction, dream, or simulation. The narrative is a story of profound ontological confusion. It follows a character who can no longer distinguish between what is happening and what is being imagined or represented. It is the story of a mind, or a culture, that has lost its anchor, a chilling exploration of the postmodern condition where the map has not just preceded the territory, but has completely erased it.",,,
UCN_id_0186,Fluid Identity,"This is the theme of the self as a perpetual, restless, and often terrifying process of becoming. The narrative rejects the very idea of a stable, core identity. It follows a character who is a shapeshifter, their sense of self constantly dissolving and re-forming in response to new experiences, relationships, and performances. It is a story about the profound, dizzying freedom and the terrifying groundlessness of a life lived without the anchor of a fixed ""I.""",,,
UCN_id_0068,Captivity (Entrapment),"This theme is about the profound, often invisible, and soul-crushing experience of being trapped. The narrative explores a state of radical unfreedom, which can be a literal prison, a suffocating relationship, a dead-end job, or the prison of one's own mind. It is a story about the slow, quiet, and terrifying death of the human spirit in a world without exits, a meditation on the desperate, often tragic, ways in which a soul struggles against the bars of its own cage.",,,
UCN_id_0180,Fatalism,"Fatalism is the theme of a universe that is not just deterministic, but actively hostile to the idea of human freedom. The narrative is a story of a game that has been rigged from the start. It follows a character who comes to the lucid, terrifying, and often strangely liberating realization that their choices do not matter and that their fate is sealed. It is a story about the quiet dignity, or the profound despair, that comes from accepting one's own absolute powerlessness in the face of an implacable destiny.",,,
UCN_id_0201,Generational Trauma,"This is the theme of the past as a ghost that lives in the blood. The narrative is a story of an inherited wound, a trauma that has been passed down, often unconsciously, from one generation to the next. It follows a character who is haunted by a pain that is not their own, their life secretly shaped by the unresolved grief and silent suffering of their ancestors. It is a story about the terrifying, invisible chains that bind us to the past, and the immense, difficult work of breaking them.",,,
UCN_id_0217,Heredity,"Heredity is the theme of the terrifying, inescapable, and often tragic power of the biological script. The narrative is a story of a character who is a prisoner of their own genes. It explores the conflict between a character's desire for self-creation and the unchangeable, inherited legacy of their own body and mind. It is a story about the profound, often humbling, question of how much of ""us"" is truly our own, and how much is a ghost from a deep, evolutionary past that we can never escape.",,,
UCN_id_0101,Corruption of Innocence,"This theme is about the tragic, violent moment of contact between the sacred space of childhood innocence and the profane, complex, and often predatory adult world. The narrative is a story of a wound. It is not about a gradual coming of age, but about a specific, shattering event that poisons the well of memory and forces a child to acquire a terrible, premature knowledge. It is a lament for a paradise that was not simply lost, but was actively invaded and destroyed.",,,
UCN_id_0458,Subjectivity,"This is the theme of the profound, unbridgeable, and ultimately sacred mystery of the individual consciousness. The narrative is a story that attempts the impossible: to represent the rich, chaotic, and unique inner world of a single ""I."" It is a story about the profound loneliness and the absolute freedom of being a subject in a world of objects. It is a theme that champions the irreducible, often contradictory, and beautifully messy truth of what it feels like to be a self.",,,
UCN_id_0143,Dramatic Irony,"Dramatic irony is the theme of a narrative universe that is fundamentally cruel and all-knowing. It is the story of a character who is a blind actor on a stage, the only person in the theater who does not know the true meaning of their own actions or the terrible fate that awaits them. The narrative uses this gap in knowledge between the audience and the character to create a profound sense of pity, terror, and fatalism. It is the story of a god's-eye view of a human tragedy.",,,
UCN_id_0281,Loneliness,"Loneliness is explored not as a lack of company, but as a profound, metaphysical state of being severed from a meaningful connection to the world. The narrative is a story of a soul in a vacuum. It follows a character who is haunted by a silence that no amount of noise can fill. It is a story about the terrifying, fundamental separateness of human consciousness, and the deep, often desperate, human ache for a single moment of genuine, unmediated communion with another.",,,
UCN_id_0272,The Labyrinthine,"This is the theme of a reality that is not just complex, but is a deliberately confusing, and often malevolent, architectural trap. The narrative is a story of a mind lost in a maze. The labyrinth can be a physical space, a bureaucratic system, or the character's own obsessive, circular thoughts. It is a story about the terror of a world without an exit, a profound and claustrophobic exploration of a consciousness that can no longer find the thread that leads back to a simple, coherent reality.",,,
UCN_id_0062,The Burden of Legacy,"This is the theme of the past as a heavy, often crushing, inheritance that the present is forced to carry. The narrative is a story of a ghost on one's back. It follows a character whose life is defined not by their own choices, but by the weight of their family's name, their nation's history, or the impossible standards of a heroic predecessor. It is a story about the profound, often tragic, difficulty of becoming an individual in a world that has already decided who you are supposed to be.",,,
UCN_id_0282,Longing,"Longing is explored as a profound and persistent state of existential ache for something that is absent, lost, or perhaps never existed at all. It is more than desire; it is a deep, melancholic yearning that shapes a character's entire being. The narrative is suffused with this feeling of ""sehnsucht"" or nostalgia for an unknown home. The theme suggests that this unquenchable longing is a fundamental part of the human condition, a beautiful and painful reminder that we are incomplete beings, perpetually searching for a missing part of our souls.",,,
UCN_id_0531,Yearning,"Yearning is the theme of a desire so deep, so powerful, and so focused that it becomes a form of spiritual gravity, pulling a character's entire world into its orbit. It is more active and more urgent than longing. The narrative is a story of a soul in a state of profound, almost violent, forward motion towards a single object of desire. It is a theme about the terrifying, beautiful, and world-creating power of a want that is so absolute it becomes the very engine of one's being.",,,
UCN_id_0419,Salvation,"Salvation is the theme of a radical, often miraculous, deliverance from a state of damnation. It is the story of a soul being pulled back from the abyss. The narrative explores the nature of this deliverance: Is it an act of external grace, a profound internal transformation, or the redemptive power of another's love? It is a theme about the possibility of a second chance, the profound human yearning for a new beginning, and the terrifying, beautiful mystery of what it takes to save a soul.",,,
UCN_id_0293,Masculinity (Toxic),"This theme investigates toxic masculinity not as a form of strength, but as a fragile, brittle, and deeply pathological performance demanded by a patriarchal culture. The narrative is an autopsy of this pathology. It is a story about a masculinity defined by the repression of emotion, the terror of vulnerability, and the assertion of a violent, hollow dominance. It is the tragedy of a soul that has been forced to amputate its own humanity in order to perform the role of a ""real man.""",,,
UCN_id_0122,Descent into Madness,"This is the theme of a mind's terrifying, often systematic, and irreversible unraveling. The narrative is a subjective journey into the abyss. It follows a character's perception as the familiar structures of reality, logic, and the self begin to dissolve, replaced by a new, terrifying, and internally coherent psychotic logic. It is a story that forces us to inhabit the experience of madness from the inside, a chilling exploration of the terrifying fragility of the sane mind.",,,
UCN_id_0087,Commodification,"Commodification is the theme of the terrifying, insidious, and profoundly alienating process by which everything—an idea, an emotion, a human being—is transformed into an object to be bought and sold. The narrative is the story of a world that has lost its soul to the market. It is a story about the quiet, metaphysical violence of a logic that strips all things of their intrinsic worth and replaces it with a market price. It is the story of a world where nothing is sacred, and everything is for sale.",,,
UCN_id_0294,The Mask (Persona),"This theme explores the Mask not as a deception, but as a fundamental, necessary, and often tragic condition of social life. The narrative, in the spirit of Jung, is the story of the ""persona""—the public face we create to navigate the world. The story's drama comes from the conflict between this necessary mask and the authentic self that lies beneath, or, more terrifyingly, from the discovery that after a lifetime of performance, the mask is all that is left.",,,
UCN_id_0302,Melancholia,"Melancholia is explored not as a sadness for something that has been lost, but as a profound, unshakable, and often strangely lucid grief for a loss that the subject cannot name. The narrative, in the spirit of Freud, is the story of a shadow that has fallen upon the ego. It is a story of a soul in a state of perpetual, internal mourning. The theme suggests that melancholy is a form of terrible wisdom, a soul that is haunted not by a specific ghost, but by the very structure of loss itself.",,,
UCN_id_0063,The Burden of Memory,"This is the theme of the past as an active, often tyrannical, and inescapable presence. The narrative is a story of a mind that cannot forget. It follows a character who is a prisoner of their own memories, their present reality constantly invaded and overwritten by the ghosts of what has been. It is a story about the terrible, crushing weight of a past that is not over, a profound meditation on the terrifying possibility that we are not the masters of our memories, but their slaves.",,,
UCN_id_0400,Remembrance,"Remembrance is the theme of the conscious, often ritualized, and deeply political act of ""not forgetting."" It is not the passive state of memory, but the active work of keeping a past alive in the face of a present that wants to erase it. The narrative is a story of a struggle over history. It follows a character or a community that insists on remembering a trauma or an injustice. It is a theme about the profound ethical duty we have to the dead, and the power of remembrance as a form of resistance.",,,
UCN_id_0502,Unreliability (Narrative/Memory),"This is the theme of a world where the very act of storytelling is revealed to be a beautiful, necessary, and fundamentally treacherous act. The narrative is a story that cannot be trusted. It follows a narrator whose version of events is slowly revealed to be a distortion, a lie, or a delusion. It is a theme that implicates the audience in the act of interpretation, a profound meta-narrative about the terrifying, seductive power of a good story to create a reality that is more powerful than the truth.",,,
UCN_id_0055,The Body Transformed (Metamorphosis),"This is the theme of the terrifying and often ecstatic rupture of the stable, familiar self through the radical transformation of the body. The narrative is a story of becoming other. It is not just about a change in appearance, but a profound ontological shift. It is a story that explores the deep, terrifying, and sometimes liberating truth that our identity is not an immaterial soul, but is fundamentally, and fragilely, anchored in the flesh that can be warped, mutated, or reborn.",,,
UCN_id_0325,Mutation,"Mutation is the theme of a terrifying, random, and often monstrous deviation from the known biological script. The narrative is a story of nature's horrifying creativity. It is not about transformation into something known, but the eruption of something radically, terrifyingly new. It is a story about the terror of the body's hidden potential, a profound horror that comes from the realization that the stable form of the human is a fragile, temporary accident in a universe of infinite, and often monstrous, possibility.",,,
UCN_id_0490,Transformation,"Transformation is the theme of the deep, often difficult, and fundamentally irreversible process of becoming something other than what one was. The narrative is a story of a soul's alchemy. Unlike metamorphosis, which can be monstrous, transformation is a journey towards a new, often more authentic, state of being. It is the story of the difficult, painful, and beautiful work of shedding an old skin, a profound meditation on the human capacity for genuine, radical, and life-affirming change.",,,
UCN_id_0318,Modernity,"Modernity is the theme of a world, and a consciousness, that has been irrevocably fractured by the forces of industrialization, urbanization, rationalization, and the ""death of God."" The narrative is a story of this new, disorienting condition. It is a story characterized by anxiety, alienation, a loss of faith in grand narratives, and a profound, often terrifying, sense of being unmoored from the certainties of the past. It is the story of what it feels like to be us, now.",,,
UCN_id_0182,Fear of Death (Mortality),"This is the theme of the great, secret, and often terrifying engine that drives all of human culture. The narrative, in the spirit of Ernest Becker, is a story about the denial of death. It reveals how our desperate quest for heroism, for legacy, for romantic love, is a frantic, and ultimately doomed, attempt to deny the fundamental, terrifying truth that we are mortal animals who are destined to die and decay. It is a story about the profound, tragic, and beautiful lies we build to protect ourselves from an unbearable truth.",,,
UCN_id_0489,Transience,"This is the theme of the beautiful, melancholic, and deeply Buddhist truth that everything is impermanent. The narrative is a story that celebrates this constant state of flux. It is not a tragedy of loss, but a meditation on the poignant beauty of the fleeting moment—the cherry blossom, the brief connection, the passing glance. It is a story that finds a profound sense of peace and a deeper appreciation for life in the radical acceptance that nothing, not even the self, is meant to last.",,,
UCN_id_0487,Transcendence,"Transcendence is the theme of the human spirit's profound, often desperate, and sometimes terrifying yearning to go beyond the limits of ordinary reality. The narrative is the story of a vertical movement. It is the quest for a higher state of being, a connection with the divine, a moment of ecstatic escape from the prison of the self and the flesh. It is a story about the beautiful, dangerous, and perhaps illusory dream that is wired into the very core of our being: the dream of becoming more than merely human.",,,
UCN_id_0335,Nomadism,"This is the theme of a life lived in a state of perpetual, radical motion. The narrative is the story of a consciousness that has no center, no home, and no fixed identity. The nomad is not a traveler on a journey to somewhere; their journey is their home. It is a story that explores the profound freedom and the terrifying alienation of a life lived without roots, a critique of our sedentary world that champions a different, more fluid, and perhaps more authentic way of being in the world.",,,
UCN_id_0433,Sentimentality,"Sentimentality is investigated as a profound, often toxic, and deeply inauthentic form of emotion. The narrative is a critique of this emotional kitsch. It follows a character who experiences the world not through genuine feeling, but through a series of pre-packaged, second-hand, and socially approved sentimental reactions. It is a story about the terrifying possibility of a soul that has lost its ability to feel for itself, and can now only experience a hollow, clichéd echo of what emotion is supposed to be.",,,
UCN_id_0184,Fetishization (Objectification),"Fetishization is the theme of a desire that has been displaced from a whole person onto a single, fragmented object or body part. The narrative is a story of a gaze that cuts up the world. It is not about simple appreciation, but about a profound, often anxious, and deeply symbolic over-investment in a part that stands in for a terrifying, unmanageable whole. It is the story of a consciousness that can only love the world by first breaking it into safe, manageable pieces.",,,
UCN_id_0033,Artistic Obsession,"This is the theme of the artist's consuming, often monstrous, and sacredly profane relationship with their own work. The narrative is a story of a divine madness. It follows a creator who is possessed by their vision, sacrificing their relationships, their health, and their very humanity on the altar of their art. It is a story about the terrifying, inhuman demands of the creative act, a profound meditation on the terrifying possibility that to create something truly beautiful, one must first be destroyed by it.",,,
UCN_id_0346,The Oedipal Struggle,"This is the theme of the foundational, tragic, and inescapable psychic drama that structures all family life. The narrative is the story of a triangular war. It is the story of the child's unconscious battle for love and recognition, fought in the shadow of the law, desire, and the terrifying, all-powerful figures of the parents. It is a theme that suggests that the grandest tragedies of history and literature are merely echoes of this first, secret, and bloody battle that is waged in the nursery.",,,
UCN_id_0349,Oppression,"Oppression is investigated not as a single act of violence, but as a vast, systemic, and often invisible architecture of power that systematically limits the possibilities of a group of people. The narrative is a story of a cage without bars. It makes this invisible system visible, revealing the subtle, everyday ways in which power is enforced through institutions, language, and the very structure of reality itself. It is the story of a struggle not just against a person, but against the very air one breathes.",,,
UCN_id_0352,Otherness,"Otherness is the theme of the profound, irreducible, and often terrifying mystery of the other person. The narrative is a story about the chasm that separates two consciousnesses. It is not about misunderstanding, but about the fundamental impossibility of ever truly knowing another's inner world. It is a story that explores the terrifying, beautiful, and sacred distance that exists between two selves, suggesting that all true relationship is a fragile, courageous bridge built over an infinite abyss.",,,
UCN_id_0530,Xenophobia,"Xenophobia is the theme of the primal, irrational, and often violent fear and hatred of the stranger. The narrative is the story of a tribe defining itself by what it is not. It explores the terrifying, paranoid logic of the xenophobe, a worldview that sees the ""other"" not as a person, but as a contaminant, a threat to the purity and integrity of the in-group. It is the story of a fear that becomes a monster, a profound meditation on the dark, tribal foundations of human community.",,,
UCN_id_0054,The Body in Pain,"The Body in Pain is the theme of the absolute, world-destroying, and fundamentally isolating reality of physical suffering. The narrative, in the spirit of Elaine Scarry, is the story of a consciousness being unmade by pain. It explores how intense pain destroys language, shatters the self, and reduces the entire universe to the brutal, searing reality of the suffering body. It is a story about the most private and incommunicable of all human experiences, a confrontation with the raw, terrifying fact of our own mortal flesh.",,,
UCN_id_0198,The Gaze (Panoptic/Surveillance),"This is the theme of a modern, insidious form of power that operates not by force, but through the chilling, omnipresent possibility of being watched. The narrative, in the spirit of Foucault, is the story of a prison where the inmates are their own guards. It follows a character who has so deeply internalized the gaze of an unseen authority that they constantly police their own thoughts and behaviors. It is a story about the terrifying efficiency of a power that has become a ghost in our own minds.",,,
UCN_id_0505,Validation,"Validation is explored as the deep, primal, and often desperate human need to have one's own existence and worth reflected back by another. The narrative is a story of this profound hunger. It follows a character whose entire sense of self is a fragile construction, utterly dependent on the approval and recognition of others. It is a story about the terrible, precarious condition of a life lived for the gaze of the other, a chilling exploration of a soul that does not believe it exists unless it is seen.",,,
UCN_id_0407,Return of the Repressed,"This is the psychoanalytic theme of the terrifying, inevitable, and often violent return of that which has been pushed into the unconscious. The narrative is a ghost story of the psyche. It follows a character or a society that is suddenly confronted by the disguised return of a repressed desire, trauma, or truth. It is a story that suggests that there are no successful exorcisms in the mind, and that the past we try to bury is simply gathering strength in the dark, waiting to return.",,,
UCN_id_0507,Vengeance,"Vengeance is investigated as a seemingly simple and satisfying impulse that is revealed to be a complex, all-consuming, and spiritually empty quest. The narrative follows a character who dedicates their life to avenging a wrong. But the theme suggests that the act of vengeance does not heal a wound, it merely deepens it. It is a story about becoming the monster one hunts, a tragedy of a soul who, in the process of seeking justice, ends up destroying itself.",,,
UCN_id_0177,The Family Secret,"The Family Secret is the theme of the past as a toxic, radioactive substance that is actively, and often violently, buried beneath the surface of a family's life. The narrative is a story of a ticking bomb. It is about the immense, exhausting energy required to maintain this secret, and the catastrophic, world-shattering consequences that are unleashed when it finally explodes. It suggests that the family is not a sanctuary, but a crime scene, and that the past is a debt that will always, eventually, be paid.",,,
UCN_id_0426,Secrecy,"Secrecy is explored as a powerful, corrosive, and active agent in a narrative. It is not a passive piece of information, but a living entity that demands to be kept, warps relationships, and poisons the present with the weight of an unspoken past. The story is a tense drama of concealment and the constant threat of revelation. It is a theme about the immense, exhausting labor of hiding the truth, suggesting that a secret is a form of psychic radiation that slowly sickens everyone it touches.",,,
UCN_id_0118,Defense Mechanism,"This is the theme of the brilliant, tragic, and often deeply creative ways in which the human psyche defends itself against unbearable truths. The narrative is an anatomy of a lie the soul tells itself. It can be the story of a character whose humor is a shield, whose cynicism is an armor, or whose denial is a fortress. It is a story about the profound, often heroic, ingenuity of the self in its desperate attempt to survive, suggesting that our deepest pathologies are often the shadow of our greatest strengths.",,,
UCN_id_0212,The Haptic (Sensory Experience),"The haptic is the theme of a reality that is known not through sight or intellect, but through the primal, intimate, and often brutal language of touch. The narrative is a story told through the skin. The film's texture is as important as its text. It is a story that champions a different, more embodied form of knowledge, a rebellion against the tyranny of the visual. It suggests that the deepest truths are not seen, but are felt in the grain of wood, the shock of cold, and the terrifying, beautiful weight of another's body.",,,
UCN_id_0432,Sensoriality,"This is a theme where the narrative prioritizes the raw, pre-linguistic, and visceral experience of the senses over plot and psychology. The film becomes an exercise in pure cinema, an attempt to directly translate physical sensation—the heat of the sun, the texture of fabric, the shock of cold water—into a visual and auditory language. It is a story about what it feels like to be a body in the world, suggesting that the most profound truths are not thought, but are felt directly on the skin.",,,
UCN_id_0434,Servitude,"Servitude is the theme of a life that is not one's own. The narrative is the story of a will that has been completely subjugated to the will of another. It explores the profound, often tragic, and deeply complex psychology of this condition—the hidden forms of resistance, the strange, intimate bonds with the master, and the terrifying, soul-crushing loss of self that comes from a life lived entirely in the service of another's desires.",,,
UCN_id_0439,Sickness,"Sickness is a theme that uses a physical illness as a profound, terrifying, and often brutally clarifying metaphysical event. The narrative is the story of a body at war with itself. The illness is not a mere plot point, but a crucible that strips away all social illusions and forces a raw, unmediated confrontation with mortality, the fragility of the self, and the fundamental, often monstrous, indifference of the biological machine we inhabit.",,,
UCN_id_0145,Duration (Aesthetics of/Slow Cinema),"This is the theme of time itself as a palpable, weighty, and profoundly meaningful substance. The narrative is a rebellion against the frantic pace of modern life, a form of cinema that forces the audience to experience the passage of time. It is a story told in long, meditative takes, where ""nothing"" happens, but everything is felt. It is a profound, often difficult, aesthetic that suggests that the deepest truths of our existence are not found in moments of action, but in the slow, quiet, and often unbearable weight of duration itself.",,,
UCN_id_0459,Subjugation,"This is the theme of the slow, systematic, and often intimate process of turning a free subject into a slave. The narrative is an anatomy of this psychic murder. It is not about a single act of conquest, but about the architecture of power—the rituals of humiliation, the control of knowledge, the internalization of the master's gaze—that slowly and inexorably extinguishes a person's will to be free.",,,
UCN_id_0144,Dream Logic (Oneiric),"This is the theme of a reality that operates not by the laws of physics, but by the associative, symbolic, and often terrifying logic of the unconscious mind. The narrative is a story told in the language of dreams. Events are connected by desire, fear, and metaphor, not by cause and effect. It is a form of cinema that seeks to bypass the rational mind entirely, suggesting that the deepest truths of our existence are not logical, but are profoundly, beautifully, and terrifyingly oneiric.",,,
UCN_id_0256,Intimacy (Toxic),"This is the theme of a closeness that has become a poison. The narrative is the story of a sanctuary that has revealed itself to be a cage. It explores a bond of intimacy that is not nurturing, but is a form of mutual destruction, a closed system of control, manipulation, and co-dependence. It is the terrifying story of a love that does not liberate, but annihilates, suggesting that the most dangerous prisons are the ones we build with the person we love the most.",,,
UCN_id_0123,Desire (Forbidden),"This is the theme of a desire that derives its terrible, electrifying power precisely from the fact that it is forbidden. The narrative is a story of a sacred boundary. It is not about the object of desire, but about the intoxicating, often self-destructive, thrill of transgression itself. It suggests that the Law does not exist to repress desire, but to create it, and that the ultimate human temptation is not for a specific pleasure, but for the terrifying, god-like freedom of the ""thou shalt not.""",,,
UCN_id_0336,Non-Linearity,"This is a theme that uses a fractured, non-linear narrative structure as a profound philosophical statement about the nature of time and consciousness. The narrative is a story that rejects the illusion of a simple, chronological past, present, and future. It suggests that our lives are not a straight line, but a chaotic, fragmented collage of memories, traumas, and dreams that are all happening, in some sense, at once. It is the story of a mind, and a world, that has come unstuck in time.",,,
UCN_id_0478,Temporality (Disruption),"This is the theme of a profound, often violent, rupture in the very fabric of how time is experienced. The narrative is a story of a clock that has been shattered. It can be a world where time accelerates into a blur, stops completely, or runs backwards. It is a story about the terrifying loss of one of the fundamental anchors of our reality, a profound meditation on the fact that our sanity and our very sense of self are built on a fragile, shared illusion that tomorrow will follow today.",,,
UCN_id_0390,Rage,"Rage is explored not as simple anger, but as a sublime, terrifying, and often world-shattering force of pure, annihilating energy. The narrative is the story of a dam breaking. It follows a character, often one who has been long-suffering and silent, who is finally possessed by a rage so total that it becomes a form of righteous, cleansing fire. It is a theme about the terrifying, and sometimes necessary, beauty of absolute destruction, the moment when a soul decides that the only possible response to an unjust world is to burn it all down.",,,
UCN_id_0056,Border Crossing,"This is the theme of the potent, irreversible, and profoundly transformative act of crossing a line. The narrative is a story of a single step that changes a soul. The ""border"" can be a national frontier, a moral line in the sand, or the threshold of a forbidden knowledge. The theme is about the terrifying, exhilarating truth that we are defined by our boundaries, and that the act of violating them is not just a change of location, but a form of death and rebirth.",,,
UCN_id_0233,The Ideological Apparatus,"This theme, drawing from Althusser, is about the ""soft,"" invisible, and profoundly powerful institutions that shape who we are: the family, the school, the church, the media. The narrative is a story of a soul being manufactured. It reveals how these ideological ""apparatuses"" produce us as subjects, instilling in us the values and beliefs of the ruling order not through force, but through stories, rituals, and love. It is the story of a prison with no walls, the story of how we are taught to desire our own submission.",,,
UCN_id_0234,Idolization (The Object as Idol),"This is the theme of the profound, often tragic, and deeply human act of projecting a divine perfection onto a flawed and finite object. The narrative is the story of a hunger for God in a world without one. It follows a character who elevates a person, an idea, or an object into an idol, the absolute center of their meaning. It is the story of a worship that is secretly a form of self-annihilation, and the terrifying, world-shattering void that is left when the idol inevitably reveals its feet of clay.",,,
UCN_id_0308,Memory (Traumatic),"Traumatic memory is the theme of a past that is not a story, but a raw, unintegrated, and perpetually present wound. The narrative is a story of a psychic haunting. It is not about a character who remembers a trauma, but about a character who is forced, against their will, to endlessly relive it. The traumatic memory is a ghost in the machine of the mind, a terrifying, timeless fragment of ""then"" that violently and repeatedly shatters the fragile peace of ""now.""",,,
UCN_id_0221,Home (The Unhomely),"This theme explores the terrifying, uncanny moment when the most familiar and supposedly safest of all places—the home—suddenly reveals itself to be strange, alien, and deeply threatening. The narrative, in the spirit of Freud's ""Unheimliche,"" is a story of a sanctuary that has become a tomb. It is the horror of the familiar turning against us, suggesting that the most terrifying monsters are not the ones that break in from the outside, but the ones that were secretly living with us all along.",,,
UCN_id_0501,The Unhomely (Domestic Unrest),"This is the theme of the home as a quiet, simmering, and often invisible battlefield. The narrative is a story of a domestic cold war. It moves beyond the uncanny to explore the specific, often brutal, power dynamics, unspoken resentments, and psychological violence that can turn the family home into a space of profound and terrifying unrest. It is the story of a prison whose walls are built of love and obligation, and whose wardens are the people you are supposed to trust the most.",,,
UCN_id_0508,Victimhood,"Victimhood is explored not as an event, but as a powerful, seductive, and often deeply pathological identity. The narrative is a story that critically examines the soul that has chosen to define itself by its wounds. It can be a story about the moral authority that comes from victimhood, but more often, it is a tragedy of a self that has become so attached to its own suffering that it is no longer capable of imagining a future beyond it. It is the story of a prison built of grievance.",,,
UCN_id_0161,Eruption of Violence,"This is the theme of a world's fragile, civilized surface being suddenly and catastrophically shattered by the eruption of a primal, repressed violence. The narrative is the story of a volcano. It is not about the violence itself, but about the terrifying, shocking speed with which a seemingly stable reality can descend into a state of brutal, chaotic savagery. It is a story about the beast that was always sleeping just beneath the floorboards.",,,
UCN_id_0510,Violence (Eruption of),"This theme focuses on the explosive moment when the accumulated pressure of a repressed conflict or a structural injustice finally bursts forth into an act of raw, often world-changing violence. The narrative is a story of a breaking point. It is not about the nature of violence, but about its terrifying, often necessary, genesis. It is the story of the dam that can no longer hold back the water, a profound meditation on the fact that the most terrifying explosions are often preceded by the longest, quietest, and most unbearable silences.",,,
UCN_id_0518,Vision,"Vision is the theme of the rare, dangerous, and often deeply isolating gift of seeing what others cannot. The narrative is a story of a burdened sight. It is not about simple perception, but a form of prophetic, artistic, or mad clarity that reveals a deeper, often terrifying, truth about the world. It is the story of the prophet in a world of the blind, a theme that explores the profound, tragic loneliness of the one who is cursed with the ability to truly see.",,,
UCN_id_0344,Observation,"Observation is explored as a profound, often tragic, and deeply alienated state of being. The narrative is a story told from behind a pane of glass. It follows a character who is a pure spectator, a ghost at the feast of life, who sees everything with a perfect, cold clarity but can participate in nothing. It is a theme about the terrifying, seductive power of the detached gaze, a story about the profound loneliness and the quiet, spiritual death that comes from a life lived as an eye without a body.",,,
UCN_id_0247,Influence,"Influence is the theme of the invisible, often unconscious, and profoundly powerful forces that shape who we are. The narrative is a story that deconstructs the myth of the autonomous individual. It follows a character only to reveal that their desires, their beliefs, and their very personality are the product of a thousand hidden influences—their parents, their culture, their history. It is a story that asks a terrifying question: If we are nothing more than the sum of our influences, is there a ""me"" left at all?",,,
UCN_id_0227,Hybridity,"Hybridity is the theme of a new, often volatile, and profoundly creative identity that is born from the violent or loving collision of two different worlds. The narrative is a story of the ""in-between."" It follows a character who is a living borderland, a being who is not one thing or the other, but is a new, third thing. It is a story that celebrates the messy, contradictory, and often painful beauty of a self that is forged in the crucible of mixture, suggesting that the future does not belong to the pure, but to the hybrid.",,,
UCN_id_0364,Persecution,"Persecution is the theme of a systematic, often irrational, and soul-destroying form of violence directed at an individual or group. The narrative is a story of a world that has become a hunting ground. It is not just about the violence of the persecutors, but about the profound, paranoid, and claustrophobic reality of the persecuted, a life lived in a state of constant, terrifying vigilance. It is a story about the absolute horror of being an enemy of the state, or a stranger in your own land.",,,
UCN_id_0521,Waiting,"Waiting is explored not as a passive pause, but as a profound, active, and often agonizing state of existential suspension. The narrative is a story that takes place entirely in the space between things. It is about the unbearable tension of the ""not yet."" The theme suggests that our lives are defined not by the events themselves, but by these strange, charged, and often terrifying periods of waiting, a form of temporal purgatory where the soul is stretched to its absolute limit.",,,
UCN_id_0312,Mimesis,"Mimesis is the theme of the profound, often unconscious, and fundamentally dangerous human impulse to imitate. The narrative, in the spirit of Girard, is a story that reveals that our desires are not our own, but are borrowed from others, a process that inevitably leads to rivalry and violence. It is a story about the terrifying, herd-like nature of human consciousness, suggesting that civilization is not a product of reason, but a fragile truce in a permanent, mimetic war of all against all.",,,
UCN_id_0244,Inequality,"Inequality is investigated not as a social problem, but as a form of profound, structural, and often invisible metaphysical violence. The narrative is a story of two different worlds that occupy the same space. It explores the terrifying, unbridgeable chasm in reality itself that is created by a radical inequality of power, wealth, and possibility. It is a story about the quiet, soul-destroying violence of a world where some lives are simply, and systemically, worth more than others.",,,
UCN_id_0255,Intimacy (Barriers to),"This is the theme of a world that is starving for intimacy in an age of infinite connection. The narrative is a story of invisible walls. It follows a character's desperate but failed attempts to forge a genuine, vulnerable connection. The barriers are not external, but internal and systemic—the fear of vulnerability, the performance of the self on social media, the commodification of relationships. It is the tragedy of a soul that has forgotten how to be truly naked in the presence of another.",,,
UCN_id_0290,Marginalization,"This is the theme of the slow, quiet, and often brutally systematic process of being pushed to the edges of the story. The narrative is a story told from the margins. It follows a character whose voice, whose experience, and whose very existence is deemed irrelevant by the dominant center of power. It is a story about the profound, often invisible, violence of being rendered a footnote in a world that is not written for you, and the immense, quiet courage it takes to insist on being a part of the narrative.",,,
UCN_id_0220,Historical Trauma,"This is the theme of a past that is not a memory, but a wound that has been passed down through generations. The narrative is a story of a collective haunting. It explores how a great, unresolved historical injustice—a genocide, a war, an act of slavery—continues to secretly shape the present, manifesting as a kind of psychic radiation that sickens the souls of those born long after the event. It is the story of a ghost that haunts not a house, but an entire people.",,,
UCN_id_0276,Legacy of Violence,"This is the theme of violence as a terrible, self-perpetuating inheritance. The narrative is the story of a poisoned bloodline. It follows a character who is trying to escape a cyclical, generational pattern of abuse and violence, only to find that the very logic of that violence lives inside them. It is a tragic, deterministic story about the terrifying possibility that we are doomed to become the very monsters we are trying to escape, a meditation on the deep, dark grammar of violence that is passed from father to son.",,,
UCN_id_0229,Hypocrisy,"Hypocrisy is investigated not as a simple character flaw, but as the fundamental, tragic, and often invisible organizing principle of all civilized life. The narrative is an anatomy of the chasm between what is said and what is done. It is the story of a world where our noblest ideals are the very masks that conceal our most brutal realities. It is a theme that suggests that hypocrisy is not the exception, but the rule, the necessary, soul-crushing lie that allows society itself to function.",,,
UCN_id_0468,Suspension of Law,"This theme explores the terrifying political moment when the normal rule of law is suspended in the name of an ""emergency."" The narrative, in the spirit of Agamben, is a story about the creation of a gray zone where the state has the power to act with absolute, unchecked violence. It is a story about the fragility of rights and the ease with which a civilized society can slide into tyranny, suggesting that the ""state of exception"" is not the exception, but is slowly becoming the new, permanent norm.",,,
UCN_id_0384,The Psychological Landscape,"This theme is a profound cinematic technique where the external world of the film becomes a direct, symbolic manifestation of the protagonist's inner, psychological state. The narrative's landscape is the character's mind. A barren desert reflects a spiritual emptiness; a dense, suffocating forest mirrors a state of confusion. It is the story of the soul made visible, a theme that rejects psychological exposition in favor of showing us, in a powerful, visual language, what it feels like to be a particular consciousness.",,,
UCN_id_0252,Institutional Failure,"This is the theme of a system that is not just flawed, but is fundamentally, and often intentionally, designed to fail the very people it is supposed to serve. The narrative is an autopsy of a broken institution—a justice system that creates injustice, a school that stifles learning, a healthcare system that creates sickness. It is a story about the tragic, often absurd, gap between a system's stated purpose and its actual function, a powerful critique of a world where the machine itself has become the monster.",,,
UCN_id_0363,Performativity,"This is the theme of a reality that is not found, but is actively created through our repeated, stylized, and often unconscious actions and utterances. The narrative, in the spirit of Butler, is a story that deconstructs the ""natural."" It reveals how our deepest sense of self—our gender, our identity, our desires—is not an inner essence, but a performance that has solidified into a seemingly natural truth. It is a story about the profound, often invisible, theatricality of all human life.",,,
UCN_id_0239,Impotence,"Impotence is the theme of the soul-crushing, often deeply shameful, experience of being utterly without power in a world that demands action. The narrative is the story of a will that has been broken. It follows a character who is trapped in a state of absolute helplessness, unable to affect their own fate or protect the ones they love. It is a story about the profound, quiet horror of being a spectator to one's own tragedy, a meditation on the absolute zero of human agency.",,,
UCN_id_0243,Indoctrination,"This is the theme of the systematic, often violent, and profoundly intimate process of replacing a person's soul with a doctrine. The narrative is the story of a psychic colonization. It is not about teaching, but about the breaking and remaking of a mind. It follows a character's journey through this process, revealing how an ideology can become a person's entire reality, a cage so total that they no longer even know they are a prisoner, but have become a willing and passionate guardian of their own cell.",,,
UCN_id_0420,Sanctuary,"Sanctuary is the theme of the desperate, often fragile, and profoundly sacred human need for a place of absolute safety in a hostile world. The narrative is the story of a search for this impossible space. The sanctuary can be a physical place, a human relationship, or an inner state of grace. It is a story about the profound, beautiful, and often tragic fragility of our havens, suggesting that in a fallen world, every sanctuary is a temporary illusion, destined to be breached by the violence that lies just outside its walls.",,,
UCN_id_0441,Simulacra and Simulation,"Drawing from Baudrillard, this is the theme of a world where the very distinction between the real and the copy has not just blurred, but has ceased to exist. The narrative is a story that takes place ""in the desert of the real,"" a world of simulacra—copies without an original. It is a story of a consciousness that has been so saturated with images and simulations that it can no longer access a ""real world."" It is the ultimate horror story of the postmodern condition: the map is not just the territory, it is all that is left.",,,
UCN_id_0311,Migration,"Migration is the theme of a profound, world-changing, and often traumatic movement between worlds. The narrative is a story of a soul in transit. It explores the deep, existential condition of the migrant—the ghost of a lost home, the disorienting reality of a new one, and the difficult, often painful, birth of a new, hybrid self in the space between. It is a story about the profound, beautiful, and often tragic truth that the great journeys of our time are not of exploration, but of displacement.",,,
UCN_id_0527,Witnessing (Impotent),"This is the theme of the specific, modern torment of being able to see all the world's injustices (through media) while being completely powerless to affect them. The narrative follows a character who is drowning in a sea of information about suffering. It is a story about the paralysis and moral fatigue that comes from this condition of ""knowing everything and doing nothing."" It explores the profound despair of a conscience that has been made global, but whose agency remains local and limited.",,,
UCN_id_0409,Reversal,"Reversal is the theme of the sudden, shocking, and often cruelly ironic inversion of a narrative's fundamental power dynamic. The narrative is a story that is built like a trap. It is the story of the hunter becoming the hunted, the master becoming the slave, the victor becoming the vanquished. It is a theme that suggests that all order is a fragile, temporary illusion, and that a single, fateful turn of the wheel can shatter a world and reveal the terrifying, chaotic truth that lies just beneath its surface.",,,
UCN_id_0332,Neoliberalism,"Neoliberalism is the theme of a world where the soul itself has become the final frontier for the market. The narrative is a story of a new, insidious form of power that governs not through prohibition, but through the seductive whisper of ""freedom,"" ""flexibility,"" and ""self-improvement."" It is the story of the exhausted, anxious, and self-exploiting ""entrepreneur of the self,"" a chilling exploration of a system where we have all become the passionate, willing, and deeply unfree managers of our own subjugation.",,,
UCN_id_0369,Political Allegory,"A political allegory is a narrative where the personal drama on screen is a secret, coded, and powerful map of a larger political reality. The narrative is a story with two faces. It is a story about a family that is secretly a story about a nation, a love triangle that is secretly a story about a class war. It is a form of cinematic guerilla warfare, a story that uses the seemingly innocent language of personal drama to smuggle a dangerous, subversive, and explosive political truth past the censors of the mind and the state.",,,
UCN_id_0367,Placelessness,"This is the theme of a profound, and distinctly modern, form of existential homelessness. The narrative is a story that takes place in a world of ""non-places""—airports, highways, hotel rooms—spaces that have no history, no identity, and no soul. It follows a character who is a ghost in their own journey, a consciousness that is in a state of perpetual, placeless transit. It is the story of the terrible freedom and the profound, quiet despair of a life lived in a world where you could be anywhere, and are therefore nowhere at all.",,,
UCN_id_0421,Satire,"Satire is the theme of a laughter that is not a form of joy, but a profoundly moral, and often deeply angry, weapon. The narrative is a story that uses exaggeration, irony, and grotesque humor to expose the monstrous absurdity of a corrupt reality. It is not about making us laugh, but about forcing us to see. It is a story told with a scalpel, a form of intellectual and moral warfare that suggests that in a world of lies, sometimes the only truth that is left is a scream of savage, diagnostic laughter.",,,
UCN_id_0481,Theatricality,"This is the theme of a world, and a self, that is fundamentally constituted by performance. The narrative is a story that is constantly aware that it is on a stage. It explores the profound, often tragic, gap between the role and the actor, the mask and the face. It is a story that suggests that ""authenticity"" is a myth, and that all of life—our love, our grief, our very identity—is a series of carefully or unconsciously staged performances for an audience that is, ultimately, ourselves.",,,
UCN_id_0381,Propaganda,"Propaganda is the theme of the terrifying, industrial-scale manufacturing of reality itself. The narrative is a story about the machinery of truth-making. It is not about simple lies, but about the creation of a total, immersive, and often seductive narrative that is designed not to inform, but to control belief and behavior. It is a story about the terrifying vulnerability of the human mind to repetition, emotional manipulation, and the seductive comfort of a world without ambiguity.",,,
UCN_id_0513,Violence (Ritualistic),"This is the theme of a form of violence that is not chaotic, but is a sacred, meaningful, and often community-binding ritual. The narrative is a story about a sacred murder. It can be the story of a human sacrifice, a religious war, or the execution of a scapegoat. The theme explores the terrifying, paradoxical logic by which a community can use a structured, collective act of violence to purify itself, restore order, and affirm its most deeply held beliefs.",,,
UCN_id_0533,Zealotry,"Zealotry is the theme of a faith that has become a monstrous, inhuman, and all-consuming fire. The narrative is a story of a soul that has been possessed by a divine certainty. It follows a character whose belief is so absolute that it has burned away all doubt, all compassion, and all human decency, turning them into a pure, terrifying instrument of God's will. It is a story about the fine, terrifying line between sainthood and psychosis, and the monstrous violence that can be born from a love that has become absolute.",,,
UCN_id_0048,Belief (Crisis of Faith),"A 'Crisis of Faith' narrative charts the seismic upheaval that occurs when a character’s foundational belief system—whether in God, in humanity, in justice, or in a loved one—collapses. This is the story of the void that follows. The external plot is driven by the character's desperate search for a new anchor in a meaningless cosmos, or their struggle to function without one. It is a deeply internal journey that explores the architecture of meaning-making itself, questioning whether life is tenable without a grand narrative to believe in.",,,
UCN_id_0147,Dystopia,"A dystopian narrative is not a prediction of the future, but a satirical and cautionary critique of the present. It takes a current social, political, or technological trend and extrapolates it to its most terrifying logical conclusion. The story explores a world of total control, where humanity has been crushed in the name of a supposed utopia (e.g., stability, equality, efficiency). It serves as a dark mirror, forcing the audience to recognize the dystopian seeds already planted in our own society.",,,
UCN_id_0242,Individuation,"A Jungian theme about the difficult, lifelong process of becoming a psychologically whole and ""individual"" self. The narrative is a journey of psychic integration. It follows a character's struggle to differentiate themselves from the collective unconscious, to confront their shadow, and to unite the conscious and unconscious parts of their personality. It is the story of the birth of a soul.",,,
UCN_id_0001,Abandonment,"A narrative centered on abandonment explores the primal wound of being left behind, severed from a source of love, protection, or meaning. It is not merely about loneliness, but about the radical decentering of the self that occurs when one's existence is proven to be conditional. The protagonist must navigate a world that is fundamentally indifferent, wrestling with a core belief that they are unworthy of being held. This journey is a painful confrontation with the void, forcing the creation of a new, self-authored identity in the wreckage of foundational relationships.",,,
UCN_id_0038,Authority (Crisis of),"A narrative founded on the 'Crisis of Authority' explores the moment when the foundational pillars of a system—be it governmental, familial, or spiritual—are revealed to be hollow, corrupt, or simply absent. This is not mere rebellion, but a deeper existential vertigo that follows the realization that the rules were arbitrary and the protectors powerless. The protagonist is cast adrift, forced to navigate a world without a moral compass, compelled to forge their own principles from the wreckage of their former beliefs. This crisis forces a confrontation with the terrifying freedom of self-determination.",,,
UCN_id_0018,Ambiguity,"A narrative of ambiguity deliberately refuses to provide clear answers, forcing the audience to inhabit a state of uncertainty. Are the ghosts real or imagined? Is the protagonist a hero or a villain? The story's power lies not in its resolution, but in its sustained tension between multiple, often contradictory, interpretations. By withholding certainty, the filmmaker mirrors the moral and epistemological complexity of life itself, suggesting that the most profound truths are not found in easy answers, but in the uncomfortable act of questioning.",,,
UCN_id_0095,Conspiracy,"A narrative of conspiracy explores a world where the apparent randomness of events is an illusion, masking the secret machinations of a hidden power. The theme taps into a deep-seated paranoia, following a protagonist who uncovers a terrible truth that re-contextualizes all of reality. The story is a descent into a labyrinth of signs, symbols, and lies, where the protagonist's sanity is tested against a hidden order. It questions the very nature of truth, blurring the line between revelatory insight and paranoid delusion.",,,
UCN_id_0232,Identity Crisis,"A state of profound existential disorientation where a character's foundational sense of self has collapsed. The narrative is a journey into the void of the question, ""Who am I?"". The story explores the terror of this unmooring, but also the radical freedom that comes when one is no longer bound by a fixed identity, the terrifying and exhilarating moment where a new self can be born.",,,
UCN_id_0254,Intersectionality,"A theme that explores the complex, overlapping, and often contradictory nature of identity and oppression. The narrative follows a character who does not inhabit a single category, but exists at the intersection of multiple identities (e.g., race, gender, class, sexuality). It is a story that rejects simplistic narratives of victimhood or privilege, instead revealing a world where a person can be simultaneously oppressed in one context and privileged in another. It is a theme about the messy, complex, and deeply personal reality of how power truly operates.",,,
UCN_id_0250,Injury (Moral),"A wound not to the body, but to the soul. It is the theme of a transgression, committed or witnessed, that violates a character's fundamental sense of moral order so profoundly that they can never be the same. The narrative is the story of the long, painful, and often invisible aftermath of this moral injury. It is a story about a conscience that has been shattered, and the difficult, perhaps impossible, quest to find a way to live in a world that no longer makes moral sense.",,,
UCN_id_0007,Addiction,"Addiction is framed not as a moral failing but as a desperate, pathological search for transcendence or oblivion in a spiritually barren world. The narrative explores the object of addiction—be it a substance, a person, or an idea—as a false god that demands total sacrifice. It is a story of narrowing worlds, where the self is systematically dismantled and all relationships are corrupted in service of the ritual. The central conflict lies in the tension between the desire for annihilation and the faint, persistent echo of a self that wants to be reclaimed.",,,
UCN_id_0012,Aging,"Aging is portrayed not as a gentle decline, but as a confrontation with the body's betrayal and the encroaching presence of death. The narrative explores the tension between the inner, subjective self, which feels timeless, and the external reality of physical decay and social irrelevance. It is a story about memory, regret, and the desperate, often poignant, struggle to find meaning and dignity in the final act of life, as the world one knew slowly fades or becomes unrecognizable.",,,
UCN_id_0021,Amnesia (Collective/Personal),"Amnesia is used as a powerful device to explore the relationship between memory and identity. On a personal level, the protagonist without a past is a blank slate, forced to construct a self from scratch, raising questions of whether we are defined by our history or our present actions. Collectively, it becomes a societal allegory, where a nation or community willfully forgets its historical traumas and sins. The narrative tension arises from the slow, terrifying return of the repressed, suggesting that what is forgotten does not disappear, but gathers power in the dark.",,,
UCN_id_0016,Allegory,"An allegorical narrative operates on two simultaneous levels: the literal story of the characters and their actions, and a symbolic story that speaks to larger philosophical, political, or moral truths. It uses the specific to illuminate the universal. The filmmaker crafts a world where every element is imbued with secondary meaning, creating a powerful resonance that transcends the plot. The story becomes a vessel for a profound argument about the human condition, inviting the audience to decode its layers and confront its underlying message.",,,
UCN_id_0041,Awakening,"An Awakening is the narrative fulcrum where a character’s perception of reality is irrevocably shattered. It is not a gradual learning process, but a sudden, often violent, collision with a truth that dismantles their entire worldview. This event acts as a point of no return, forcing the protagonist from a state of comfortable ignorance into a new, terrifying, and profound state of awareness. The story then becomes about navigating the consequences of this newfound sight—the alienation from those still ""asleep"" and the burden of knowing the world is not what it seems.",,,
UCN_id_0157,Epiphany,"An epiphany is portrayed not as a gentle realization, but as a sudden, violent, and world-altering flash of insight that re-orders the protagonist's entire reality. It is a moment where the chaotic pieces of a life suddenly click into a new, terrifying, and undeniable pattern. The narrative often treats this moment as a point of no return. The epiphany is a burden as much as a gift, forcing the character to act upon a truth that cannot be unseen, often setting them on a difficult and lonely new path.",,,
UCN_id_0023,Anomie,"Anomie is the state of societal breakdown where collective norms, values, and moral guidance have eroded, leaving individuals adrift without a sense of belonging or purpose. A narrative of anomie depicts a world of social disintegration, where people are disconnected from each other and from any shared sense of reality. The protagonist navigates this landscape of atomized isolation, searching for connection in a society that no longer provides a coherent framework for meaning. It is the story of loneliness on a mass scale.",,,
UCN_id_0035,Aspiration,"Aspiration is the theme of the beautiful, powerful, and often tragic human impulse to strive for a higher, better, or more complete version of the self. The narrative follows a character who is possessed by a powerful aspiration—to become a great artist, a saint, a different kind of person. It is a story that explores the immense nobility of this upward striving, but also its inherent tragedy: that the object of our aspiration is a perpetually receding horizon, and that the state of ""becoming"" is a permanent and often painful human condition.",,,
UCN_id_0037,Atonement,"Atonement is the narrative of a character burdened by a past transgression who embarks on a difficult, often impossible, quest for redemption. This is not simply about seeking forgiveness, but about an active, painful process of trying to restore a moral balance to the universe. The journey forces the protagonist to confront the full consequences of their actions and to sacrifice something essential to themselves. The core question is whether atonement is truly possible, or if the attempt itself is the only form of grace one can hope for.",,,
UCN_id_0050,Betrayal,"Betrayal is more than a simple broken promise; it is the poisoning of the past. A true narrative of betrayal reveals that the foundations of a key relationship were built on a lie, retroactively corrupting all shared memories and cherished moments. The dramatic power comes from this temporal violence—the past is no longer a safe haven but a landscape of deception. This forces the protagonist into a radical re-evaluation of their identity, which was defined by the now-shattered trust. The ensuing journey is often one of vengeance, paranoia, or a painful quest to learn how to trust again in a world where truth is unstable.",,,
UCN_id_0040,Automation,"Beyond the spectacle of robots or artificial intelligence, this theme delves into the existential dread of obsolescence. Automation represents the hollowing out of human purpose as skill, judgment, and even creativity are rendered redundant by self-operating systems. The narrative core is the quiet horror of a world where human agency is no longer required. It poses the fundamental question: when our labor and our decisions are outsourced to machines, what essential quality defines our humanity? Is it our capacity for love, our flaws, or merely our status as ghosts in a machine of our own making?",,,
UCN_id_0057,Borderlands (Hybrid Spaces),"Borderlands are the theme of the rich, volatile, and creative spaces where cultures, identities, and realities meet and interpenetrate. The narrative is set in these liminal, hybrid zones—a border town, a diasporic community, the mind of a bilingual person. It is a story that rejects purity and celebrates the messy, often contradictory, but ultimately fertile reality of cultural mixing. It suggests that the most interesting and vital forms of life are born not in the center of a culture, but in the tense, creative friction of its edges.",,,
UCN_id_0065,Bystanding,"Bystanding is the theme of the profound moral and psychological consequences of choosing to be a passive witness to injustice. The narrative follows a character who sees something wrong and does nothing. It is a story about the corrosive power of inaction, an exploration of the rationalizations, the cowardice, and the subtle self-deceptions that allow a person to abdicate their moral responsibility. It suggests that in the face of evil, neutrality is a fiction, and the bystander is always, secretly, an accomplice.",,,
UCN_id_0066,Camp Sensibility,"Camp is a theme about a celebratory, theatrical, and deeply ironic appreciation for the ""failed seriousness"" of artifice and excess. It is a sensibility that finds beauty in what is ""so bad it's good."" The narrative is a performance of taste, a joyful rebellion against the solemnity and naturalism of ""high culture."" It is a story told with a wink, a secret language of the marginalized that finds a strange, liberating power in the love of the artificial, the exaggerated, and the wonderfully tasteless.",,,
UCN_id_0067,Capitalist Realism,"Capitalist Realism is the theme of a world so saturated by the logic of capitalism that it has become impossible to even imagine a coherent alternative. The narrative explores a suffocating reality where it is ""easier to imagine the end of the world than the end of capitalism."" It is a story about the death of the future, a profound psychic resignation to a system that presents itself as the only possible reality. The theme captures the quiet, pervasive despair of a world where all dreams must fit within the logic of the market.",,,
UCN_id_0073,Chance (Contingency),"Chance is the theme of the universe as a cosmic lottery. It portrays a reality governed not by fate or reason, but by the amoral, indifferent, and absolute power of the accidental. The narrative is a meditation on the radical contingency of existence, showing how lives are irrevocably shaped by a single, random encounter, a missed connection, a stray bullet. It is a story that confronts our deep need for meaning with the terrifying and sometimes liberating possibility that there is no ""why.""",,,
UCN_id_0079,Claustrophobia,"Claustrophobia is the theme of the profound, primal terror of shrinking space. The narrative uses physical confinement to induce a state of extreme psychological pressure. It is a story that explores the horrifying relationship between the external environment and the internal state, where the walls closing in are a mirror for a mind collapsing in on itself. It is a meditation on the terror of having no escape, the absolute horror of a world without an exit.",,,
UCN_id_0081,Coercion,"Coercion is the theme of the subtle, often invisible, violence of a will being bent by another. It is not about overt force, but about the insidious power of psychological pressure, emotional blackmail, and the manipulation of circumstances. The narrative is a chilling story of a ""choice"" that is not a choice. It explores the gray area between persuasion and domination, revealing how a person's freedom can be annihilated without a single punch being thrown.",,,
UCN_id_0082,Coincidence,"Coincidence is explored as a crack in the fabric of a rational universe. The narrative is structured around a series of improbable but meaningful coincidences that suggest the existence of a hidden order, a secret sympathy between events that defies the laws of chance. It is a theme, in the spirit of Jungian synchronicity, that hints at a world that is more mysterious and interconnected than we believe. It is the story of the universe winking at the protagonist, a moment that can be either a sign of grace or a symptom of madness.",,,
UCN_id_0084,Collective Memory,"Collective Memory is the theme of the powerful, shared, and often highly fictionalized narrative that a group tells itself about its own past. The narrative is a story about the creation of this memory—through monuments, rituals, and official histories. It explores the conflict between this official ""collective memory"" and the messier, more contradictory ""counter-memories"" of individuals and marginalized groups. It is a story about the politics of remembering, revealing that the past is not a fixed territory, but a battlefield upon which the present wages its wars.",,,
UCN_id_0085,Colonial Legacy,"Colonial Legacy is the theme of the deep, persistent, and often invisible wounds that the historical trauma of colonialism leaves on the psyche of both the colonized and the colonizer. The narrative is a ghost story, where the present is haunted by the unresolved power dynamics, the fractured identities, and the cultural shame of the past. It is a story about an inheritance of violence, a meditation on how the sins of the empire continue to secretly structure the realities of generations born long after its fall.",,,
UCN_id_0091,Compulsion,"Compulsion is the theme of a character driven by an inner, irrational, and irresistible urge to perform a specific action, often against their own conscious will or self-interest. The narrative is the story of a psychological haunting. It is not about desire, but about a terrifying internal command. The theme explores the horror of a self that is no longer in control, a will that has been hijacked by a mysterious, repetitive, and often self-destructive inner necessity.",,,
UCN_id_0093,Confinement,"Confinement is the theme of a world shrinking to the size of a single room, a single body, or a single, obsessive idea. The narrative explores the profound psychological effects of radical limitation. In this compressed space, time distorts, the imagination becomes a savage and beautiful landscape, and the relationship between the self and its immediate environment becomes terrifyingly intense. It is a story about the human spirit under the microscope, a meditation on how the soul behaves when all external movement is rendered impossible.",,,
UCN_id_0099,Corporeal Transgression (Body Horror),"Corporeal Transgression is the theme of the horrifying violation of the body's natural boundaries. It is not about violence from the outside, but the monstrous eruption from within. The narrative explores the terror of the body becoming alien to itself—through mutation, hybridity, or the grotesque merging of flesh and machine. It is a story that taps into a primal, philosophical fear: that the integrity of our physical self is a fragile illusion, and that the border between ""me"" and ""monstrous it"" is terrifyingly permeable.",,,
UCN_id_0100,Corruption,"Corruption is portrayed not merely as bribery or illegal acts, but as a slow, creeping decay of a person's, or a system's, moral core. The narrative charts the process by which innocence is tainted, ideals are compromised, and the line between right and wrong becomes irrevocably blurred. The story is a tragedy of entropy, showing how even the most noble intentions can be eroded by cynicism, greed, and the seductive logic of power. It suggests that corruption is not an event, but a process of becoming.",,,
UCN_id_0113,Decadence,"Decadence is a theme that charts the decline of a society, a culture, or an individual through a prism of exquisite decay. It is characterized by an over-refinement of aesthetics, a perverse obsession with artifice, a surrender to sensual indulgence, and a profound weariness with life. A narrative of decadence captures the beautiful, poisoned flower that blooms on the verge of collapse, suggesting that the moment of greatest beauty is often inseparable from the moment of deepest moral and spiritual rot.",,,
UCN_id_0116,Decolonization,"Decolonization is the theme of the difficult, violent, and psychologically profound process of a people freeing themselves from the mental and cultural chains of a colonial power. It is more than a political revolution; it is a narrative of psychic de-programming. The story follows the struggle to reclaim a lost history, to find a voice that is not a mere echo of the colonizer's, and to forge a new, authentic identity from the fragments of a shattered culture.",,,
UCN_id_0117,Defamiliarization (Estrangement),"Defamiliarization is a powerful artistic technique that becomes a theme in itself. The narrative takes a familiar, everyday object, experience, or social ritual and presents it in such a strange, new, and often alienating way that we are forced to see it for the first time. It is the story of ""making the familiar strange."" The theme is a rebellion against the automatic, deadening nature of habit, an attempt to use the language of cinema to shock us out of our perceptual slumber and make the world new again.",,,
UCN_id_0119,Dehumanization,"Dehumanization is the process by which a person or group is stripped of their humanity, re-framing them as objects, animals, or statistics. This is a theme about the psychic mechanics of atrocity. The narrative shows how dehumanizing language and ideology make violence not only possible, but permissible and even necessary. It forces the audience to confront the ease with which we can deny the humanity of others in order to justify our own actions, revealing this process as the necessary first step towards all forms of systemic cruelty.",,,
UCN_id_0120,Delay,"Delay is the theme of the agonizing, often meaning-filled, space between an action and its consequence, or a question and its answer. The narrative is a story of profound suspense and anticipation, a meditation on the nature of waiting. It is the story of the letter that has not yet arrived, the verdict that has not been read, the catastrophe that is always imminent but never occurs. The theme suggests that the most intense and defining moments of our lives are not moments of action, but these excruciating periods of suspended time.",,,
UCN_id_0126,Determinism,"Determinism is a philosophical theme that builds a narrative world governed by an unbreakable chain of cause and effect, where free will is an illusion. The protagonist's choices and actions are shown to be the inevitable results of their past, their environment, their biology, or a larger cosmic plan. The story functions as a terrifying intellectual trap, forcing the audience to question the very foundations of morality and responsibility. If no one is truly free to choose, can anyone truly be praised or blamed?",,,
UCN_id_0128,Diaspora,"Diaspora is the theme of a collective, traumatic displacement, the story of a people who have been scattered from their homeland and now live as a network of memory and longing across the globe. The narrative is not about individual exile, but about a shared state of being untethered. It explores the complex, often contradictory, experience of the diaspora: the struggle to preserve a culture in a foreign land, the dream of return, and the slow, often painful, birth of a new, hybrid identity.",,,
UCN_id_0131,Disconnection,"Disconnection is the theme of the modern soul's defining malady. It is the story of a character who is ""connected"" to everything via technology, but is profoundly severed from authentic connection with themselves, with others, and with the natural world. The narrative captures the quiet, cold ache of this state—a life lived through screens, a world of superficial interactions, a profound sense of being a ghost in the global machine. It is the tragedy of a world with infinite bandwidth and zero intimacy.",,,
UCN_id_0136,Dissonance,"Dissonance is the theme of the painful, grinding friction between two contradictory beliefs, values, or realities that a character is forced to hold simultaneously. The narrative is a story of profound internal conflict and psychological discomfort. It is the story of the soldier who must believe in both peace and his duty to kill, or the lover who feels both love and hate for the same person. It is a theme about the shattering of a simple, unified worldview and the difficult, often maddening, task of living within the contradiction.",,,
UCN_id_0138,Distortion,"Distortion is the theme of a reality that is fundamentally warped, as if seen through a flawed lens. The narrative aestheticizes this distortion, using visual and sonic techniques (unusual camera angles, unsettling sound design) to create a world that feels ""off."" The story can be a character's descent into a distorted psychological state, or it can suggest that reality itself is inherently distorted. It is a theme that attacks our faith in perception, suggesting that what we call ""reality"" is a fragile and easily twisted consensus.",,,
UCN_id_0108,The Culture Industry,"Drawing from Adorno and Horkheimer, this theme is a critique of a society where art has been replaced by the ""culture industry."" The narrative explores a world where cultural products (films, music, art) are no longer forms of genuine expression, but are mass-produced, standardized commodities designed to create passive, predictable, and easily controlled consumers. It is a story about the death of art and the birth of ""content,"" a quiet dystopia where our very dreams and desires are manufactured for us on an assembly line.",,,
UCN_id_0077,The Chronotope (Time-Space),"Drawing from Bakhtin, the Chronotope is the theme of the unique, intrinsic fusion of time and space that defines a specific narrative world. The narrative's very ""time-space"" becomes a character and a philosophical argument. It could be the ""adventurous time"" of the open road, or the stagnant, cyclical ""idyll time"" of a small town. It is a story that understands that in cinema, time is never just time and space is never just space; they are a single, indivisible, and deeply meaningful dimension of existence.",,,
UCN_id_0228,Hyperreality (Simulacra),"Drawing from Baudrillard, this theme explores a postmodern condition where the distinction between reality and the simulation of reality has collapsed. The narrative takes place in a world saturated with media, images, and models that are more ""real"" than the reality they supposedly represent. Characters live their lives through these simulations, unable to access an authentic ""real world."" It is a theme of profound disorientation, questioning whether we have lost reality or if reality was only ever a simulation to begin with.",,,
UCN_id_0211,Habitus,"Drawing from Bourdieu, Habitus is the theme of the deep, unconscious, and embodied system of dispositions, tastes, and behaviors that are ingrained in us by our social class. The narrative is a story of our invisible prisons. It reveals how our very way of walking, talking, and feeling is not ""natural,"" but is a product of our social conditioning. It is a theme of subtle determinism, showing how class is not just about money, but is a script that is written onto our very bodies.",,,
UCN_id_0470,Symbolic Violence (Invisible Domination),"Drawing from Bourdieu, this is the theme of a quiet, invisible, and often gentle form of violence that is enacted through language, culture, and taste. It is the violence of misrecognition, where the arbitrary values of the dominant class are imposed as the ""natural"" and legitimate standard for all. The narrative is a story about the subtle, soul-crushing violence of being made to feel inferior, tasteless, or illegitimate. It is the story of a domination so profound that it is not even recognized as violence by its victims.",,,
UCN_id_0515,Violence (Symbolic),"Drawing from Bourdieu, this is the theme of a quiet, invisible, and often gentle form of violence that is enacted through language, culture, and taste. It is the violence of misrecognition, where the arbitrary values of the dominant class are imposed as the ""natural"" and legitimate standard for all. The narrative is a story about the subtle, soul-crushing violence of being made to feel inferior, tasteless, or illegitimate. It is the story of a domination so profound that it is not even recognized as violence by its victims.",,,
UCN_id_0385,Psychopolitics,"Drawing from Byung-Chul Han, this is the theme of a new, insidious form of power in the neoliberal age. It is not a power that oppresses, but one that seduces. The narrative is a story of a system that controls us not by saying ""you must,"" but by whispering ""you can."" It explores the burnout, depression, and self-exploitation that arise from a world where we are no longer disciplined by an external authority, but have become the exhausted, anxious entrepreneurs of our own lives.",,,
UCN_id_0449,The Spectacle,"Drawing from Debord, this theme explores a modern condition where authentic social life has been replaced by its representation. ""All that was once directly lived has moved away into a representation."" The narrative portrays a world of passive consumers of images, a reality mediated by screens, where politics is theater and experience is a commodity. It is a story about the profound alienation of living in the ""society of the spectacle,"" where we are no longer actors in our own lives, but merely spectators of them.",,,
UCN_id_0411,The Rhizomatic,"Drawing from Deleuze and Guattari, the Rhizome is the theme of a reality that is a non-hierarchical, acentered, and perpetually expanding network of connections. The narrative rejects linear plots and causal chains, instead embracing a structure of chaotic, unexpected linkages. It is a story told like a map, not a tracing. It is a profound rebellion against the ""arborescent,"" tree-like structures of power and knowledge, suggesting that the world is an infinite, interconnected mess, and that any line we draw through it is a beautiful, arbitrary fiction.",,,
UCN_id_0214,Hauntology (Lost Futures),"Drawing from Derrida, Hauntology is the theme of a present that is haunted not by the past, but by the ghosts of ""lost futures."" The narrative takes place in a world where the future that was once promised (by politics, by technology, by art) has failed to arrive, leaving us in a state of melancholic, static repetition. It is the story of living in the ruins of the future, a profound meditation on a culture that can no longer imagine anything new, and is therefore condemned to endlessly remix the ghosts of what might have been.",,,
UCN_id_0351,Orientalism,"Drawing from Edward Said, this is the theme of the West's construction of the ""Orient"" as a fantasized, exotic, and often threatening ""Other."" The narrative is a critique of this gaze. It deconstructs a story that seems to be about another culture, only to reveal that it is actually a projection of the West's own repressed desires, fears, and colonial anxieties. It is a theme about the profound, often invisible, violence of representation, and the struggle to see another culture on its own terms.",,,
UCN_id_0218,Heterotopia (Spaces of Otherness),"Drawing from Foucault, a Heterotopia is a real, physical space that exists ""outside of all other places,"" operating by its own strange rules and logic. The narrative is set within one of these spaces of otherness—a motel, a ship at sea, a psychiatric hospital, a cemetery. It is a story that explores a world within the world, a charged, liminal zone where the normal order of society is suspended, allowing for different, often unsettling, forms of life and relationship to emerge.",,,
UCN_id_0051,Biopower (Control of Life),"Drawing from Foucault, Biopower is a theme about a distinctly modern form of power that operates not by threatening death (sovereign power), but by managing, optimizing, and administering life itself. The narrative explores a world where populations are controlled through public health, statistics, and the regulation of bodies and sexuality. It is a story about a subtle but totalizing form of control, a power that ""makes live and lets die,"" revealing how the very act of caring for a population can become the ultimate instrument of its subjugation.",,,
UCN_id_0129,The Disciplinary Society,"Drawing from Foucault, this is a theme about a modern form of power that operates not through spectacle and punishment, but through the constant, quiet, and pervasive disciplining of bodies and souls. The narrative explores a world of institutions—schools, prisons, hospitals, factories—that function to create docile, productive, and ""normal"" subjects. It is a story about a subtle, insidious form of power that doesn't need to say ""no,"" because it has already shaped who we are and what we desire.",,,
UCN_id_0401,Repetition Compulsion,"Drawing from Freud, this is the theme of the unconscious, self-destructive, and often mysterious drive to repeat a past trauma. The narrative is a story of a character trapped in a tragic loop. They find themselves compulsively re-creating the very conditions of a past pain, not because they enjoy it, but because the psyche is desperately trying, and failing, to master it. It is a theme about the haunting power of the past to become a script that we are doomed to endlessly re-enact.",,,
UCN_id_0112,The Death Drive (Thanatos),"Drawing from Freudian psychoanalysis, this theme explores the existence of a primal, instinctual drive within humanity that pushes towards self-destruction, dissolution, and a return to the inorganic state. It is the counterforce to Eros (the life drive). A narrative centered on this theme follows a character inexplicably drawn to ruin, sabotage, and the dismantling of their own life. It is a chilling exploration of the unconscious desire for oblivion that works against our conscious will to live.",,,
UCN_id_0422,The Scapegoat Mechanism,"Drawing from Girard, this is the theme of the foundational, unconscious social mechanism wherein a community, plagued by internal mimetic conflict, restores unity by collectively and violently projecting its sins onto a single, arbitrary victim. The narrative is an anatomy of this ritual murder. It is a story about the profound, terrifying blindness of a crowd that does not know what it is doing, a critique of all human culture that suggests our peace is secretly built upon the corpse of an innocent.",,,
UCN_id_0316,Misrecognition,"Drawing from Hegel and Lacan, Misrecognition is the theme of the fundamental, tragic, and necessary act of failing to see oneself or the world clearly. The narrative is a story of a profound misunderstanding. It follows a character who builds their entire identity on a false premise—a misreading of their own motives, or their place in the world. It is a theme that suggests that the human condition is not a journey towards truth, but a series of necessary illusions and misrecognitions that allow us to function.",,,
UCN_id_0296,Master-Slave Dialectic,"Drawing from Hegel, this is the theme of the profound, tragic, and inescapable interdependence between the Master and the Slave. The narrative is a story of a paradoxical power dynamic. The Master's very identity is dependent on the recognition of the Slave, while the Slave, through their labor and transformation of the world, achieves a form of self-consciousness that the idle Master can never attain. It is a story about the secret weakness of the powerful and the hidden power of the subjugated.",,,
UCN_id_0370,The Poor Image (Digital Decay),"Drawing from Hito Steyerl, this is the theme of the aesthetic and political reality of the low-resolution, pirated, and endlessly circulated digital image. The narrative embraces this ""poor image,"" not as a degraded copy, but as a symbol of speed, accessibility, and resistance. It is a story told through the visual language of the internet—the glitch, the pixelation, the artifact. It is a theme about the death of the pristine, high-resolution original and the birth of a new, democratic, and often chaotic visual culture.",,,
UCN_id_0199,Gender Performativity,"Drawing from Judith Butler, this theme deconstructs gender as a series of stylized, repetitive, and often unconscious performances rather than an expression of an inner essence. The narrative is a story about the tyranny of the script. It follows a character's struggle with, or rebellion against, the social script they are expected to perform. It suggests that gender is not something we are, but something we do, a fragile and often contradictory performance that we are all, in some way, forced to enact.",,,
UCN_id_0436,The Shadow Archetype,"Drawing from Jungian psychology, the Shadow is the theme of the repressed, unconscious, and often monstrous ""other half"" of our personality. It is everything we refuse to acknowledge about ourselves. The narrative is a story of a protagonist being confronted by their own shadow—often in the form of a doppelgänger, an enemy, or a sudden, shocking eruption of their own dark impulses. The theme suggests that true psychological wholeness can only be achieved by the difficult and terrifying work of confronting and integrating this shadow self.",,,
UCN_id_0265,Jouissance (Painful Pleasure),"Drawing from Lacan, Jouissance is the theme of a terrifying, excessive, and painful form of pleasure that exists beyond the pleasure principle. It is not about happiness, but about a shattering, self-annihilating ecstasy found at the limits of pain and transgression. The narrative follows a character's pursuit of this jouissance, a desire for an intensity so extreme that it threatens to destroy them. It is the story of a pleasure that is inseparable from death.",,,
UCN_id_0274,Lack,"Drawing from Lacan, Lack is the theme of the fundamental, constitutive emptiness that lies at the very core of the human subject. The narrative is not about a character who has lost something, but about a character who is defined by a primordial, structural lack. All of their desires are revealed to be a desperate, and ultimately futile, attempt to fill this un-fillable void. It is a pessimistic but profound story about the human condition itself, suggesting we are beings defined not by what we have, but by the hole in the center of our being.",,,
UCN_id_0236,The Imaginary,"Drawing from Lacan, this is the theme of the pre-linguistic, primal realm of images, identifications, and the illusion of wholeness. The narrative is a story that takes place in this psychic space. It can be a story of a character trapped in a narcissistic, imaginary relationship with their own mirror image, or a journey back to this foundational, often terrifying, realm before the self was fractured by language and the Law.",,,
UCN_id_0165,Ethical Encounter (The Face),"Drawing from Levinas, this theme is about the profound, world-altering ethical demand that is made upon us in the face-to-face encounter with another human being. The narrative is built around this single, pivotal moment. The ""face"" of the Other, in its vulnerability, issues a silent, absolute commandment: ""Thou shalt not kill."" It is a story that reframes all of ethics not as a system of abstract rules, but as this single, concrete, and inescapable responsibility that is born in the moment we truly see another person.",,,
UCN_id_0397,Reification (People as Things),"Drawing from Lukács, this is the theme of a world where the logic of the commodity has so thoroughly penetrated society that human beings and their relationships have themselves become ""things."" The narrative is a story of this profound objectification. It follows characters who interact with each other not as souls, but as objects with certain functions and values. It is a story about the quiet, metaphysical horror of a world where the living has become indistinguishable from the dead.",,,
UCN_id_0337,The Non-Place (Transience),"Drawing from Marc Augé, this is the theme of the generic, anonymous, and transient spaces of supermodernity—airports, highways, hotel rooms, shopping malls. The narrative is set in these ""non-places,"" spaces that are defined by their very lack of history, identity, or relationship. It is a story about a distinctly modern form of loneliness, the profound alienation of a life lived in a state of perpetual transit, a world where every place is interchangeable and no place is home.",,,
UCN_id_0347,One-Dimensionality,"Drawing from Marcuse, this is the theme of a society that has successfully absorbed all forms of opposition and critique into the smooth, functioning surface of the status quo. The narrative is a story of a world without negation. There is no rebellion, no authentic art, no alternative way of being; there is only the system. It is a quiet, comfortable dystopia where the very capacity to imagine a different world has been eradicated, a story about the spiritual death that comes from a total lack of a critical ""second dimension.""",,,
UCN_id_0372,Postmemory,"Drawing from Marianne Hirsch, Postmemory is the theme of the profound, often traumatic, relationship that a later generation has with the memories of their ancestors. The narrative follows a character who is haunted by a past they did not personally experience, but which has been transmitted to them so powerfully that it feels like their own memory. It is a story about the inheritance of trauma, the way the ghosts of a previous generation's suffering can come to shape the very identity of the next.",,,
UCN_id_0175,False Consciousness,"Drawing from Marxism, this theme is about the powerful, insidious process by which a person from an oppressed class unknowingly adopts the worldview and values of their oppressors, believing it to be their own. The narrative is a story of a character who is a prisoner but does not know it. They actively participate in and defend the very system that subjugates them. It is a story about the ultimate victory of ideology, a chilling exploration of a mind that has been so thoroughly colonized that it can no longer recognize the bars of its own cage.",,,
UCN_id_0392,Rationalization (The Iron Cage),"Drawing from Max Weber, this is the theme of a world that has been completely conquered by the logic of rational efficiency, calculation, and control. The narrative is a story of a disenchanted world, a cold, sterile, and perfectly ordered ""iron cage."" It follows a character who is a prisoner of this system, their life stripped of all mystery, spontaneity, and spirit. It is a story about the quiet, bureaucratic horror of a world that works perfectly, but is no longer worth living in.",,,
UCN_id_0305,Memory (Involuntary),"Drawing from Proust, this is the theme of the past erupting, unbidden and with overwhelming force, into the present through a chance sensory encounter. The narrative is a story of a temporal earthquake. A taste, a smell, a sound, bypasses the conscious mind and resurrects a lost world with a hallucinatory intensity. It is a theme about the profound, mysterious power of the senses to hold the keys to our past, suggesting that our deepest memories are not things we recall, but things that ambush us.",,,
UCN_id_0124,Desire (Mimetic),"Drawing from René Girard, this theme explores the profound, and often violent, truth that our desires are not our own. We do not want things in themselves; we want them because other people want them. The narrative is a story of this mimetic, or imitative, desire, which inevitably leads to rivalry, conflict, and scapegoating. It is a pessimistic theory of human relations, suggesting that at the heart of our social world is not authentic individual desire, but a chaotic and destructive game of envy and imitation.",,,
UCN_id_0457,The Subaltern (The Silenced),"Drawing from Spivak, the Subaltern is the theme of the one who cannot speak, because the very structures of power and language have no category for their experience. The narrative is a story about an impossible testimony. It follows a character whose truth is so radically outside the dominant discourse that it is rendered as silence or madness. It is a profound, political, and tragic theme about the ultimate violence of a system that not only oppresses people, but erases the very possibility of them telling their own story.",,,
UCN_id_0326,Mythic Violence,"Drawing from Walter Benjamin, this is the theme of a form of violence that is not about enforcing the law, but about founding a new one. It is the revolutionary, world-creating violence that shatters an old order. The narrative is a story of a moment of profound, bloody creation. It is the violence of the rebellion, the assassination, the coup. It is a theme that explores the terrifying, amoral, and perhaps necessary relationship between violence and the very possibility of a new beginning.",,,
UCN_id_0512,Violence (Mythic),"Drawing from Walter Benjamin, this is the theme of a form of violence that is not about enforcing the law, but about founding a new one. It is the revolutionary, world-creating violence that shatters an old order. The narrative is a story of a moment of profound, bloody creation. It is the violence of the rebellion, the assassination, the coup. It is a theme that explores the terrifying, amoral, and perhaps necessary relationship between violence and the very possibility of a new beginning.",,,
UCN_id_0280,Liquid Modernity,"Drawing from Zygmunt Bauman, this is the theme of living in a ""liquid"" modern world where all solid, stable structures—jobs, relationships, identities, beliefs—have melted away. The narrative follows a character adrift in this world of constant flux and uncertainty. It is a story about the terrifying, exhausting freedom of a life without anchors, a world where one must be perpetually reinventing oneself just to stay afloat. It is the story of a self that is as fluid and disposable as the consumer goods that surround it.",,,
UCN_id_0047,Being-towards-Death,"Drawn from existential philosophy, this is the profound recognition that human existence is defined by its finitude. The narrative does not treat death as a mere plot device, but as the fundamental horizon that gives all moments their meaning and urgency. A character who truly confronts their 'being-towards-death' is liberated from trivial anxieties and social pressures. They are awakened to the radical freedom of living authentically, as every choice becomes weighed against the absolute certainty of their end. This is not a morbid theme, but a vital one about how to live once one accepts the necessity of dying.",,,
UCN_id_0013,Alienated Labor,"Drawn from Marxist thought, this theme examines the spiritual and psychological damage inflicted by work that is devoid of meaning, creativity, or connection to the final product. The protagonist is a cog in a machine, their life-force exchanged for a wage, their days spent performing repetitive tasks that estrange them from their own humanity. The narrative is a critique of a system that reduces individuals to economic units, exploring the quiet despair and simmering rage of a soul that knows it was made for more than this.",,,
UCN_id_0163,Eternal Recurrence,"Drawn from Nietzsche, this is a terrifying philosophical thought experiment treated as a narrative reality. The protagonist is forced to confront the idea that their life, with every joy and every agony, will be repeated an infinite number of times, exactly the same way. This theme is the ultimate test of one's affirmation of life. The central question becomes: Can you live a life so meaningful and authentic that you would not merely endure its eternal repetition, but actively will it?",,,
UCN_id_0148,Ecstasy,"Ecstasy is a theme that explores moments of transcendent, overwhelming experience that obliterate the rational, everyday self. It is a state of being ""outside oneself."" This can be spiritual (mystical union), physical (sexual release, dance), or even violent. The narrative treats ecstasy as a dangerous and powerful force—a glimpse of the divine or the primal that can be liberating, but can also lead to madness and self-destruction. It is the story of the human search for moments that make us forget we are merely mortal.",,,
UCN_id_0149,Ego Death,"Ego Death is the theme of the terrifying and ecstatic dissolution of the individual self. It is the story of a consciousness pushed, through mystical experience, trauma, or psychedelics, beyond the narrow confines of its own identity. The narrative is a journey into an undifferentiated oneness with the cosmos. It is a theme that explores the ultimate human paradox: that the thing we fear most—the annihilation of the ""I""—may be the very gateway to a more profound and transcendent form of existence.",,,
UCN_id_0156,Entropy,"Entropy is the narrative embodiment of the second law of thermodynamics: the inevitable, universal tendency of all systems to move from order to chaos. The story uses this cosmic principle as its driving force. Relationships decay, societies crumble, memories fade, not because of a specific villain, but because it is the fundamental nature of the universe. It is a theme of profound, impersonal tragedy, a meditation on the losing battle that all life wages against the relentless tide of dissolution.",,,
UCN_id_0159,Eroticism,"Eroticism is explored, in the spirit of Bataille, not as simple sexuality, but as the terrifying and sacred experience of confronting the continuity of life in the face of our own individual discontinuity (death). The narrative portrays eroticism as a form of transgression, a violent and ecstatic shattering of the boundaries of the self. It is a theme about the profound, frightening link between sexuality, spirituality, and mortality, suggesting that the erotic is the moment we touch the sacred horror of life itself.",,,
UCN_id_0162,Escapism,"Escapism is the theme of the desperate, often addictive, flight from an unbearable reality into the sanctuary of a fantasy world. The narrative follows a character who seeks refuge in movies, books, video games, or their own imagination. It is a story that explores both the necessity and the profound danger of this flight. The theme suggests that while escapism can be a vital survival mechanism, it can also become a gilded cage, a beautiful dream that slowly consumes the dreamer's ability to live in the real world.",,,
UCN_id_0166,Exceptionalism,"Exceptionalism is the theme of the dangerous, self-serving belief that one is exempt from the rules, moralities, and fates that apply to ordinary people. The narrative follows a character or a nation that believes in its own unique, divinely sanctioned specialness. It is a story about the profound blindness of this worldview, a form of hubris that justifies hypocrisy, cruelty, and a catastrophic inability to see oneself clearly. It is the tragedy of a self that believes it is the center of the universe.",,,
UCN_id_0167,Exile,"Exile is portrayed as a state of profound and perpetual homelessness. It is not merely being away from one's country, but the condition of being severed from the roots of one's identity, language, and memory. The narrative of the exile is one of haunting nostalgia, a fractured sense of self, and the struggle to exist in a liminal space, belonging fully neither to the lost homeland nor the new one. It is a story about living with a wound that never heals.",,,
UCN_id_0014,Alienation (Existential),"Existential alienation is the fundamental sense of estrangement from the universe itself. The protagonist feels like a stranger in existence, disconnected from the world, from others, and ultimately from their own self. This is not social anxiety, but a deeper, metaphysical dislocation; a consciousness aware of its own arbitrary and isolated nature in a silent cosmos. The narrative follows this profound loneliness, a search not for belonging, but for a moment of authentic connection that might briefly bridge the void.",,,
UCN_id_0044,Banality of Evil,"Expanding on the idea of Banal Enforcement, the Banality of Evil is the philosophical concept that great evil is not necessarily committed by fanatics or sadists, but by ordinary people who simply accept the premises of their state and participate in monstrosity without critical reflection. A narrative exploring this theme dissects the social and psychological pressures that allow normal individuals to become agents of terror. It is a chilling examination of thoughtlessness as a prerequisite for inhumanity, forcing the audience to question their own capacity for complicity.",,,
UCN_id_0169,Exploitation,"Exploitation is the theme of one person or group systematically extracting labor, resources, or life-force from another for their own gain. The narrative moves beyond simple injustice to reveal the insidious mechanics of exploitation—how it is rationalized, institutionalized, and often rendered invisible. It is a story about power imbalance, charting the slow-burning rage of the exploited and the moral rot of the exploiter, who must dehumanize their victim in order to live with themselves.",,,
UCN_id_0246,Infidelity,"Explores infidelity not just as a betrayal of a partner, but as a catastrophic betrayal of a shared past. The act of infidelity retroactively poisons all the shared memories, turning a history of intimacy into a history of lies. The narrative is a story about the shattering of a world. It grapples with the vertiginous, disorienting aftermath, where the protagonist is forced to confront the terrifying possibility that the person they knew best was a stranger, and their life together was a fiction.",,,
UCN_id_0174,Faith,"Faith is investigated as a radical, often irrational, act of will in the face of an indifferent or absurd universe. It is not about adherence to dogma, but about the existential leap required to believe in something—God, love, humanity—without proof. The narrative often places a character's faith under extreme pressure, testing its resilience against tragedy and doubt. It explores the profound power of faith to provide meaning and solace, while also acknowledging its potential to become a dangerous and blinding certainty.",,,
UCN_id_0178,Fantasy,"Fantasy is explored not as a genre of escapism, but as a fundamental, powerful, and often dangerous architecture of the human psyche. The narrative is a story about the very act of fantasizing. It follows a character whose inner, fantasy world is more real, more intense, and more important than their external reality. It is a theme that explores the profound human need for a narrative that makes life meaningful, but also the terrifying danger of becoming so lost in that narrative that one loses the ability to live in the world as it is.",,,
UCN_id_0179,Fascism,"Fascism is investigated not just as a historical political system, but as a recurring, seductive, and terrifying psychological temptation. The narrative is an anatomy of this temptation. It explores the deep human desires that fascism exploits: the yearning for a strong leader, the desire for a simple, unifying myth, the ecstatic pleasure of dissolving the individual self into a powerful collective, and the violent need for a scapegoat to purge. It is a story about the dark, irrational, and eternally present undercurrent in the river of civilization.",,,
UCN_id_0185,Fidelity,"Fidelity is investigated as a difficult, existential choice made daily, rather than a static state of being. The narrative focuses on the immense pressure placed on fidelity by time, change, and the existence of infinite other possibilities. It is the story of the conscious, often grueling, work of remaining true—to a partner, an ideal, or a promise made long ago. It questions whether perfect fidelity is humanly possible, suggesting that its true measure lies not in the absence of temptation, but in the constant, courageous act of choosing it again and again.",,,
UCN_id_0187,Folklore,"Folklore is the theme of the deep, ancient, and often irrational wisdom that persists in the stories, rituals, and superstitions of a people, existing in opposition to official, rational history. The narrative is a story of a hidden river of knowledge. It follows a character who discovers that these ""old wives' tales"" hold a truth that is more profound and powerful than any scientific fact. It is a theme that champions the primal, mythic consciousness that slumbers just beneath the surface of our modern, disenchanted world.",,,
UCN_id_0188,Forgetting,"Forgetting is portrayed not as a passive lapse of memory, but as an active, violent, and often necessary act of psychic self-preservation. The narrative shows a character or a society engaged in the grueling work of suppressing a trauma or a historical crime. This active forgetting is revealed to be a fragile process, requiring constant vigilance to keep the repressed memory from erupting into the present. The theme suggests that what we willfully forget does not die, but becomes a ghost that shapes our reality in ways we cannot control.",,,
UCN_id_0189,Forgiveness,"Forgiveness is investigated as a seemingly impossible and perhaps illogical act. It is not about condoning or forgetting a transgression, but about the radical, unilateral decision by the wronged to sever the chains of resentment that bind them to their perpetrator. The narrative treats forgiveness as a profound act of self-liberation, a choice to stop allowing a past injury to define one's present and future. It is a theme that explores the terrifying, god-like power required to absorb a debt that can never be repaid.",,,
UCN_id_0191,Fragmentation (Identity/Time/Space),"Fragmentation is the theme of a reality, an identity, or a story that has been shattered into disconnected pieces. The narrative's very form is fragmented, using non-linear timelines, disjointed scenes, and fractured perspectives to mirror a broken world or a shattered psyche. It is a story told in shards, a portrait of a consciousness that can no longer assemble its experience into a coherent, meaningful whole. It is the definitive aesthetic of trauma and the modern condition itself.",,,
UCN_id_0194,Futility,"Futility is the theme of profound and crushing meaninglessness. It is the character's core realization that their actions, struggles, and passions have no ultimate impact or significance in a vast, indifferent universe or against an unchangeable, oppressive system. The narrative is a quiet tragedy of effort. It explores the deep existential despair that arises from this knowledge, posing the difficult question: How does one continue to live once one has accepted the absolute futility of one's own existence?",,,
UCN_id_0195,Gaslighting (Psychological Manipulation),"Gaslighting is the theme of a terrifying and insidious form of psychological violence, the act of deliberately manipulating someone into doubting their own sanity. The narrative is a subjective horror story, told from the perspective of the victim. It follows their slow, agonizing descent into a state of profound confusion and self-doubt, where the very ground of their reality is systematically destroyed. It is a story about the ultimate form of abuse: the colonization of another person's mind.",,,
UCN_id_0203,Gentrification,"Gentrification is the theme of a slow, quiet, and often brutally polite form of urban warfare. The narrative is a story of displacement and erasure, told from the perspective of a community being ""improved"" out of existence. It is a story about the violence of aesthetics, where the arrival of art galleries and artisanal coffee shops is the harbinger of a cultural and economic invasion. It explores the profound, often unspoken, class and race conflicts that play out in the battle for the very soul of a neighborhood.",,,
UCN_id_0206,Globalization,"Globalization is portrayed as a vast, impersonal, and often violent force that erases local cultures, identities, and histories in favor of a homogenized, universal market. The narrative follows characters caught in the currents of this process—the displaced worker, the cosmopolitan elite, the keeper of a dying tradition. It is a story about the simultaneous connection and alienation of the modern world, a critique of a system that promises to bring us all together while stripping away everything that once made us unique.",,,
UCN_id_0207,Grace,"Grace is the theme of a sudden, unearned, and often inexplicable moment of beauty, forgiveness, or redemption in a world that is otherwise brutal and unjust. It is the story of the universe unexpectedly showing its mercy. The narrative does not explain this moment; it presents it as a mystery, a miracle. It is a theme that functions as a quiet counterpoint to tragedy and nihilism, the story of a small, incandescent crack of light that appears in the absolute darkness, suggesting the possibility of a love that is not of this world.",,,
UCN_id_0208,Grief,"Grief is explored as a form of temporary, necessary madness. It is a state of profound disorientation where the very laws of reality—time, space, causality—have been shattered by a catastrophic loss. The narrative is the story of a journey through a landscape that has become alien and hostile. It is not about ""moving on,"" but about the difficult, agonizing, and profoundly transformative work of learning to inhabit a world that is permanently haunted by a defining absence.",,,
UCN_id_0210,Guilt,"Guilt is portrayed as a profound existential state, an internal haunting by an un-atoned-for transgression. It is more than remorse; it is a fracture in the character's relationship with their own past. The narrative follows the ways in which this guilt shapes the present—through self-sabotage, neurotic repetitions, and a desperate search for punishment. It is a story about the impossibility of escaping the judgment of the self, suggesting that the past is a debt that relentlessly demands to be paid.",,,
UCN_id_0216,Helplessness,"Helplessness is the theme of the terrifying, soul-crushing experience of being utterly without agency. The narrative follows a character who is trapped in a situation where their choices do not matter and their actions have no effect. It is a story about the psychology of the pawn. The theme is a meditation on the absolute zero of the human will, the moment of profound, terrifying clarity when one realizes they are completely at the mercy of forces they cannot control, resist, or understand.",,,
UCN_id_0219,Hierarchy,"Hierarchy is investigated as the fundamental, often brutal, organizing principle of all social structures. The narrative functions as a vertical map, charting a character's position within a rigid system of dominance and submission—a corporation, a prison, a family. The story reveals how this vertical axis dictates every interaction, shaping personalities and defining destinies. It is a theme that explores the psychology of power, both for those at the top and, more terrifyingly, for those who internalize their own subjugation at the bottom.",,,
UCN_id_0222,Homelessness,"Homelessness is portrayed not just as a lack of shelter, but as a state of radical social and existential invisibility. To be homeless is to be erased from the social contract. The narrative follows a character who exists in the liminal spaces of a society that refuses to see them. It is a story that exposes the brutal indifference of a system built on property and belonging, and a profound meditation on what remains of a person when all the external markers of identity have been stripped away.",,,
UCN_id_0223,Hope,"Hope is critically investigated as the most powerful and perhaps most dangerous of human faculties. The narrative can explore hope as the noble, resilient force that allows us to endure the unbearable. But it can also be the story of ""cruel optimism,"" where hope for an impossible future becomes a toxic addiction that prevents us from living in the present. It is a theme that grapples with the profound ambiguity of hope, suggesting it is both the engine of our survival and the architect of our most beautiful and devastating prisons.",,,
UCN_id_0225,Hubris,"Hubris is the theme of tragic, self-blinding arrogance that inevitably precedes a fall. It is the story of a protagonist who, through success or genius, comes to believe they are exempt from the laws that govern gods and men. The narrative charts their ascent and the fatal flaw that grows with it. Hubris is not simple pride; it is a profound metaphysical error, a misreading of one's own place in the universe. The story functions as a grim, moral equation, where the height of the protagonist's pride directly determines the depth of their eventual destruction.",,,
UCN_id_0230,Hysteria,"Hysteria is explored not as a clinical diagnosis, but as the eruption of the repressed, irrational, and often feminine body into a rigid, patriarchal, and overly rational order. The ""hysterical"" character's body speaks a truth that the dominant language cannot or will not articulate. Their fits, symptoms, and madness are not a sign of personal failing, but a rebellion of the flesh against a suffocating system. The narrative treats hysteria as a form of desperate, embodied protest, the language of the powerless.",,,
UCN_id_0231,Idealism,"Idealism is portrayed not as a naive virtue, but as a powerful, world-shaping, and often tragically dangerous force. The narrative follows an idealist whose refusal to compromise with a corrupt reality leads to either martyrdom or monstrosity. It is a story about the terrifying, beautiful purity of an idea, and the human wreckage that can be created in the attempt to make the world conform to a perfect, inhuman vision.",,,
UCN_id_0235,Illusion,"Illusion is investigated as a fundamental, necessary, and often tragic human survival mechanism. The narrative follows a character who knowingly or unknowingly lives within a beautiful, comforting lie. The story's drama comes from the intrusion of a harsh reality that threatens this necessary illusion. It is a theme that asks a difficult question: Is a painful truth always better than a beautiful, life-sustaining lie?",,,
UCN_id_0238,Immobility,"Immobility is the theme of being physically, psychologically, or socially ""stuck."" The narrative creates a profound sense of stasis and claustrophobia, following a character trapped in a situation from which there is no apparent escape—a dead-end town, a paralyzed body, a repetitive and meaningless job. The story's drama is entirely internal, focusing on the character's struggle against this paralysis. It is a meditation on the human spirit's desperate need for movement, change, and the possibility of a future that is different from the present.",,,
UCN_id_0058,Boredom (Ennui),"In a cinematic context, boredom or ennui is not the absence of activity, but the crushing weight of a meaningless existence. It is a spiritual paralysis, a profound sense of detachment from a world that seems drained of all novelty and significance. The narrative captures the quiet desperation of a protagonist trapped in the suffocating comfort of routine, yearning for a rupture or a transcendent event that might make them feel something, anything, again. It is the existential dread of a life lived in grayscale.",,,
UCN_id_0248,Inheritance,"Inheritance is investigated not just as the transmission of wealth, but as the inescapable passing-down of traumas, neuroses, and unresolved conflicts from one generation to the next. The protagonist is haunted by a psychological or emotional inheritance they did not choose. The narrative is a form of psycho-genealogy, showing how the character is unknowingly re-enacting the dramas of their parents and grandparents. It is a theme of tragic determinism, the story of a ghost that lives in the blood.",,,
UCN_id_0261,Irrationality,"Irrationality is championed as a powerful, authentic, and often suppressed force in human life. It is a rebellion against a world that overvalues logic, reason, and order. The narrative follows a character who makes a decision or commits an act that is completely ""irrational"" from a logical standpoint, but is deeply true to an inner, instinctual necessity. It is a story that celebrates the explosive, creative, and sometimes terrifying power of the parts of ourselves that make no ""sense.""",,,
UCN_id_0262,Isolation,"Isolation is portrayed as a profound and painful severing of the connective tissue that makes us human. It is more than loneliness; it is the state of being outside the loop of shared meaning and experience. The narrative can explore a character's descent into the madness of solitary confinement, or the more subtle, modern isolation of a person surrounded by a crowd but connected to no one. It is a story about the terror of a world without witness, a silent scream in a vacuum.",,,
UCN_id_0263,Jealousy,"Jealousy is explored as a uniquely torturous state of mind, a toxic cocktail of love, hatred, suspicion, and wounded pride, all sparked by the threat of a rival. The narrative plunges into the paranoid, obsessive, and often hallucinatory reality of the jealous protagonist. It is a story about the terror of inadequacy and the violent desire for possession, revealing how the fear of losing someone can become a monstrous force that inevitably destroys the very love it seeks to preserve.",,,
UCN_id_0266,Judgment,"Judgment is the narrative moment of final, irreversible moral accounting. It is the point where a character is forced to confront the full weight of their past actions and be measured against a standard, whether it be divine, societal, or their own. The story is built around the tension leading up to this moment of reckoning. It is a theme that explores the profound human need for a moral order in the universe, and the terror of the possibility that there is no final judgment, only the endless echo of our own choices.",,,
UCN_id_0268,Juxtaposition,"Juxtaposition is a cinematic theme where meaning is created not by what is shown, but by the violent, often shocking, collision of two unrelated images or ideas. The narrative is built on the logic of the montage. The story's profoundest truths are revealed in the ""spark"" that is generated between two things placed side-by-side—the sacred and the profane, the beautiful and the grotesque. It is a theme about the power of cinematic language itself to create a new, often unsettling, form of reality.",,,
UCN_id_0270,Kitsch,"Kitsch is the theme of art that is sentimental, derivative, and emotionally manipulative. The narrative explores a world saturated with this ""beautiful lie."" It can be a critique of a culture that prefers the easy, comforting sentimentality of kitsch to the difficult, challenging truths of genuine art. Or, more complexly, it can find a strange, tragic beauty in kitsch itself—the story of a soul so damaged or naive that it can only express itself through these second-hand, inauthentic forms.",,,
UCN_id_0273,Labor,"Labor is investigated not just as work, but as the fundamental, often painful and alienated, metabolic process between humanity and the world. The narrative is a story about the immense, often invisible, expenditure of human life-force that is required to build and sustain civilization. It is a theme that focuses on the body in the act of labor—its exhaustion, its resilience, its slow decay. It is a story that asks a profound question: For whom, and for what, do we spend the finite energy of our lives?",,,
UCN_id_0278,Liberation,"Liberation is portrayed not as a simple act of escape, but as a difficult, often violent, and profound psychic transformation. It is the story of shedding a deeply internalized form of oppression—be it a political ideology, a religious dogma, a family role, or a psychological complex. True liberation, the theme suggests, is not achieved by breaking external chains, but by the far more difficult work of identifying and destroying the prison we have built within our own minds.",,,
UCN_id_0279,Liminality (In-Betweenness),"Liminality is the theme of the potent, disorienting, and transformative state of being ""in-between."" The narrative is set in a liminal space or time, a threshold where a character is no longer what they were, but not yet what they will become. It is a story that takes place in the waiting room of identity. It is a theme that understands that the most profound changes do not happen in moments of action, but in these strange, charged, and unsettling periods of suspension.",,,
UCN_id_0283,Loss,"Loss is portrayed as a fundamental, world-altering event that creates a permanent fissure in a character's reality. It is the story of the ""before"" and the ""after."" The narrative is not about ""getting over"" the loss, but about the difficult, lifelong process of learning to live in the world that has been irrevocably changed by the absence of a person, an ideal, or a part of oneself. The theme explores how loss becomes a new, defining center of gravity around which a life is rebuilt, often in a strange and unexpected new shape.",,,
UCN_id_0286,Loyalty,"Loyalty is investigated as a powerful, often irrational, and deeply consequential ethical commitment. The narrative places a character's loyalty—to a person, a family, a country, a code—in direct conflict with their reason, their self-interest, or another, competing loyalty. It is a story about the terrible choices that arise when these absolute commitments are tested. The theme explores the nobility and the potential blindness of loyalty, questioning whether it is a supreme virtue or a dangerous abdication of individual conscience.",,,
UCN_id_0287,Madness,"Madness is portrayed not as a medical condition, but as a rational, even necessary, response to an insane world. The narrative often blurs the line between the ""sane"" protagonist and the ""mad"" society they inhabit. It is a theme that questions the very definition of sanity, suggesting that it is often a matter of consensus, not objective truth. The ""mad"" character is often a visionary, a truth-teller whose perception cuts through the collective delusions of the so-called normal world.",,,
UCN_id_0288,Magical Realism,"Magical Realism is a narrative mode where the fantastical, the mythical, and the impossible erupt into an otherwise realistic, everyday world, and are treated by the characters as perfectly normal. The narrative is not a fantasy story, but a story about a reality that has a different, deeper, and more mysterious set of laws. It is a theme, often rooted in post-colonial cultures, that champions a worldview where the world of spirits, myths, and dreams is not separate from reality, but is an inextricable part of it.",,,
UCN_id_0291,Martyrdom,"Martyrdom is explored as a complex and often ambiguous act. Is it the ultimate expression of faith and principle, or is it a form of pathological self-destruction, a narcissistic desire to be remembered? The narrative focuses on the psychology of the would-be martyr, questioning their motives. It is a story that probes the unsettling line between supreme sacrifice and a profound death wish, suggesting that the act of dying for a cause can be both a source of immense power and a deeply troubling human impulse.",,,
UCN_id_0295,Masochism,"Masochism is the theme of the complex, often unconscious, desire to find pleasure in one's own pain, humiliation, or subjugation. The narrative is a story that explores the ""moral masochist""—a character who, driven by an unconscious guilt, constantly arranges their life to produce situations of failure and suffering. It is a profound, often tragic, psychological story about the paradoxical ways in which the human psyche seeks out pain in a desperate, distorted attempt to atone for a secret crime or find a perverse form of control.",,,
UCN_id_0303,Memento Mori,"Memento Mori is the theme of the constant, quiet, and often terrifying presence of death in the midst of life. The narrative is haunted by this awareness. It is the story of a character who lives with a profound understanding that their time is finite. This is not a morbid obsession, but a philosophical lens that imbues every action, every relationship, and every moment with a sacred, urgent, and beautiful weight. It is the story of how to live once you have accepted the skull beneath the skin.",,,
UCN_id_0310,Metamorphosis,"Metamorphosis is the theme of a profound, radical, and often monstrous transformation of being. It is not gradual change, but a terrifying and irreversible rupture in identity where a character becomes something fundamentally ""other."" The narrative explores the horror and sometimes the liberation of this process. It is a story that attacks the very notion of a stable self, suggesting that beneath the fragile surface of our humanity lurks the potential for a complete and horrifying ontological shift.",,,
UCN_id_0315,Misogyny,"Misogyny is investigated not as individual prejudice, but as a deep, structural, and often unconscious hatred and fear of the feminine that underpins a patriarchal culture. The narrative is a story that reveals this hidden architecture of hatred. It explores the subtle and overt ways in which this system seeks to control, silence, and punish women. It is a theme about the terrifying, irrational, and violent logic of a culture that is fundamentally at war with one half of its own population.",,,
UCN_id_0323,Mortality,"Mortality is the theme of the absolute, non-negotiable fact of death as the defining condition of human life. The narrative is a confrontation with this ultimate limit. The story is not about if one will die, but about how one chooses to live in the full, constant awareness of one's own finitude. It is a theme that posits death not as a tragedy, but as the very thing that gives life its urgency, its meaning, and its precious, terrifying beauty.",,,
UCN_id_0324,Mourning,"Mourning is explored as a deep, difficult, and necessary form of psychic labor. It is the story of the work of grieving. The narrative follows a character's journey through the painful process of slowly detaching their emotional energy from a lost loved one and reinvesting it in the world of the living. It is a theme that distinguishes mourning from melancholy, suggesting that while melancholy is a pathology, mourning is a courageous and transformative act of healing, the painful process of letting a ghost truly die.",,,
UCN_id_0327,Narcissism,"Narcissism is portrayed as a profound and tragic pathology of the self. It is the story of a character who is trapped inside the prison of their own ego, unable to perceive others as real, autonomous beings. They exist only as mirrors to reflect the narcissist's own fragile grandiosity. The narrative is a chilling exploration of a world without empathy, revealing the profound loneliness and terrifying inner emptiness that lies beneath the surface of a personality organized entirely around self-love.",,,
UCN_id_0330,Neglect,"Neglect is the theme of the quiet, invisible, and soul-destroying violence of absence. It is the story of a character who is being destroyed not by what is done to them, but by what is not done for them. The narrative is a story of a profound emotional and spiritual starvation. It is a theme that explores the terror of being unseen and uncared for, suggesting that the cruelest form of abuse is not a violent act, but the slow, silent death that comes from being treated as if you do not exist at all.",,,
UCN_id_0331,Negotiation,"Negotiation is the theme of life as a constant, difficult, and often fraught process of bargaining. The narrative is a story of the space between two wills. It can be a literal negotiation over a contract, or a more subtle, psychological negotiation in a relationship. The theme explores the complex dance of power, compromise, and deception that defines all human interaction. It is a story that suggests that reality itself is not a fixed thing, but a fragile, temporary truce that is perpetually being negotiated.",,,
UCN_id_0333,Nihilism,"Nihilism is the theme of the radical rejection of all values, beliefs, and attachments. It is the story of a character who has come to the conclusion that life is fundamentally meaningless and that all moral and social codes are arbitrary fictions. The narrative can explore this as a liberating philosophy that frees the character from all illusions. But more often, it is a tragedy of the void, following the character's descent into a state of profound apathy, destructive rage, or a soul-crushing inability to feel or care about anything.",,,
UCN_id_0334,Noise,"Noise is the theme of a world that has lost its signal. It is the story of a reality so saturated with meaningless information, chatter, and competing stimuli that it has become impossible to think, to feel, or to connect. The narrative's sound design is often a key element, creating a suffocating, chaotic soundscape. It is a story about the terror of a world without silence, a meditation on the profound psychic exhaustion that comes from living in a state of constant, inescapable sensory overload.",,,
UCN_id_0338,Normalcy,"Normalcy is investigated as a powerful, often violent, and deeply ideological fiction. The narrative deconstructs the very idea of a ""normal"" life, a ""normal"" family, or a ""normal"" mind. It reveals this concept not as a natural state, but as a rigid, exclusionary ideal that requires the constant policing and pathologizing of everything that deviates from it. It is a story about the tyranny of the average, and the profound, often hidden, violence that is required to maintain the illusion of a normal world.",,,
UCN_id_0343,Obscenity,"Obscenity is the theme of that which must not be seen, not because it is sexual, but because it is so brutally, primally true that it threatens to shatter our civilized illusions. The narrative is a story about the eruption of this obscene truth. It is the raw violence, the bodily decay, the naked, un-accommodated self that lies beneath all our social performances. The obscene is the terrifying ""real"" that our culture works tirelessly to conceal, and its sudden appearance is a moment of profound, world-shattering horror.",,,
UCN_id_0342,Obsession,"Obsession is portrayed as a form of psychic gravity, a single idea, image, or person that becomes a black hole, pulling all of a character's thoughts and energies into its orbit. The narrative charts this process of narrowing, as the protagonist's world shrinks until only the object of obsession remains. It is a story about the terrifying loss of perspective and free will, revealing how a focused desire, when taken to its extreme, becomes a monstrous and all-consuming form of madness.",,,
UCN_id_0354,Pain,"Pain, both physical and emotional, is explored as the most fundamental and undeniable of all realities. It is the raw, brute fact of existence that shatters all philosophies and ideologies. The narrative can be a meditation on the isolating nature of pain, its ability to destroy language and trap a person in the prison of their own suffering. It is a theme that forces a confrontation with the body, with vulnerability, and with the terrible, un-shareable truth of what it means to be a sentient being.",,,
UCN_id_0356,Paradox,"Paradox is the theme of a reality that is fundamentally built on irresolvable contradictions. The narrative is a story that embraces the impossible. It follows a character who must navigate a world where strength is found in weakness, freedom is found in submission, and to find oneself, one must first get lost. It is a theme that rejects the simple logic of ""either/or,"" suggesting that the deepest truths are not found in neat solutions, but in the difficult, mind-bending art of holding two opposite ideas at the same time.",,,
UCN_id_0357,Paranoia,"Paranoia is explored as a potentially lucid state of heightened perception. The narrative plunges the audience into the worldview of a paranoid protagonist, where every random event is part of a hidden, malevolent pattern. The theme deliberately blurs the line between delusion and genuine insight, asking the terrifying question: What if they're right? It is a story about the horror of a world where everything is connected, and nothing is a coincidence, suggesting that paranoia may be the only rational response to the hidden machinations of modern power.",,,
UCN_id_0358,Parody,"Parody is the theme of imitation as a form of critical, often comedic, attack. The narrative adopts the style and conventions of a specific genre or work, but exaggerates or twists them to expose their hidden absurdities, clichés, and ideological assumptions. It is a story told with a knowing smirk. It is a form of cinematic critique that uses the master's own tools to dismantle the master's house, revealing the ridiculousness that often lies at the heart of our most revered cultural forms.",,,
UCN_id_0365,Perversion,"Perversion is explored not as a moral failing, but as a radical, often creative, rebellion against the ""tyranny of the normal."" The narrative follows a character whose desires and pleasures deviate from the socially sanctioned script. It is a story that champions the ""perverse,"" suggesting that it is often a site of profound truth, a critique of a repressive society, and a necessary, life-affirming force that keeps the world from stagnating into a state of sterile, reproductive normality.",,,
UCN_id_0366,Pessimism,"Pessimism is the theme of a lucid, courageous, and unflinching gaze into the abyss of the human condition. The narrative is a story told without illusions. It is a worldview that acknowledges the fundamental truths of suffering, injustice, and mortality. This is not the story of despair, but of a profound, tragic, and often beautiful acceptance of the world as it is. It suggests that a deep and meaningful life is only possible once we have abandoned the childish fantasy that it is supposed to be easy or fair.",,,
UCN_id_0371,Posthumanism,"Posthumanism is the theme of a world after the death of ""Man."" It is a story that decenters the human, exploring a reality where the boundaries between human, animal, and machine have become blurred and irrelevant. The narrative can be a story of a new, hybrid consciousness, or a meditation on a world where humanity is no longer the dominant or most important form of life. It is a profound, often terrifying, and ultimately liberating philosophical shift beyond the limits of our own species.",,,
UCN_id_0376,Prejudice,"Prejudice is investigated not as a simple opinion, but as a deep psychological need to simplify a complex world by projecting a fixed, negative essence onto an entire group. The narrative is the story of a perceptual prison. It follows a character who is unable to see the individual in front of them, only the monstrous caricature created by their prejudice. It is a theme about the profound, often violent, blindness that comes from a terrified ego's need for a world of simple, unchanging categories.",,,
UCN_id_0378,Privilege,"Privilege is explored as a form of profound, often invisible, and powerfully structuring blindness. The narrative is a story told from within the bubble of privilege. It follows a character who moves through a world that has been secretly smoothed for them, utterly unaware of the struggles of others or the systemic advantages that define their own reality. The story's drama comes from the terrifying, disorienting moment when this bubble is punctured, and the character is forced to confront the unearned and often violent foundations of their own comfortable existence.",,,
UCN_id_0380,Projection,"Projection is the theme of the unconscious, often violent, act of refusing to see oneself clearly by attributing one's own unwanted feelings or qualities to another. The narrative is a story of a haunted gaze. It follows a character who sees their own secret shame, rage, or desire in everyone they meet. It is a story about the profound, tragic irony of the human psyche: that the very things we hate most in others are often the secret, unacknowledged truths about ourselves.",,,
UCN_id_0386,Punishment,"Punishment is investigated as a complex, often pathological, and deeply ambiguous social ritual. The narrative moves beyond simple justice to explore the hidden, often sadistic, pleasures that society takes in the punishment of the transgressor. It is a story that questions what we are truly doing when we punish. Is it about rehabilitation, or is it a cold, violent act of revenge, a way for the ""good"" people to feel pure by casting out and destroying the ""bad""?",,,
UCN_id_0393,Realism,"Realism is deconstructed not as a transparent window onto reality, but as a powerful, highly constructed, and often deeply ideological style of representation. The narrative is a story that is self-conscious of its own realism. It uses the conventions of ""realism"" (long takes, naturalistic acting, mundane details) to expose the artifice and assumptions that are hidden within our very idea of what is ""real."" It is a theme about the profound, often invisible, politics of the seemingly apolitical act of just ""showing things as they are.""",,,
UCN_id_0394,Rebellion,"Rebellion is the theme of the explosive, often violent, and world-shattering ""no."" It is a narrative about the conscious and collective act of rising up against an oppressive power. Unlike simple disobedience, rebellion is not a personal act, but a historical one; it is the attempt to not just break a rule, but to overturn the entire system that makes the rules. The theme explores the immense courage, terrifying violence, and often tragic, unforeseen consequences of the revolutionary act.",,,
UCN_id_0395,Reconciliation,"Reconciliation is the theme of the difficult, often seemingly impossible, act of restoring a broken bond. It is not about forgiveness, but about the grueling work of rebuilding trust and creating a new, shared reality after a profound rupture. The narrative is a fragile negotiation, a journey across a chasm of betrayal or misunderstanding. It is a story about the immense courage required to confront a painful past, and the faint, powerful hope that two separate worlds can once again become one.",,,
UCN_id_0402,Repression (Political/Psychological/Sexual),"Repression is the psychoanalytic theme of the powerful, unconscious act of pushing unacceptable desires, memories, or traumas out of conscious awareness. The narrative is a psychological detective story, following a character whose life is being secretly controlled by these repressed forces. Their neuroses, anxieties, and inexplicable actions are clues to the ghost in their psychic machine. The theme suggests that what we push down does not go away, but instead returns, disguised, to haunt and shape our lives.",,,
UCN_id_0403,Resentment,"Resentment is explored as a poisonous, self-perpetuating emotion, the feeling of impotent bitterness and grievance against a perceived injustice. The narrative follows a character who is consumed by this ""ressentiment."" They are unable to act and unable to forget, trapped in a loop of re-living a past wound. It is a story about the spiritual paralysis of a soul that defines itself by its grievances, a cautionary tale about how the refusal to let go of an injury can become a more destructive prison than the injury itself.",,,
UCN_id_0404,Resignation,"Resignation is the theme of the quiet, lucid, and often deeply tragic acceptance of a terrible fate. It is not despair, but a state of clarity beyond hope. The narrative follows a character who has stopped fighting, not out of weakness, but out of a profound and unshakable understanding of the impossibility of their situation. It is a story of a quiet, dignified surrender, a meditation on the strange, calm freedom that can be found in the moment one finally accepts that the game is lost.",,,
UCN_id_0406,Resurrection,"Resurrection is the theme of the impossible, miraculous, and often terrifying return from a state of absolute death. This can be a literal, physical resurrection, or a more symbolic one—the return of a ""dead"" hope, the rebirth of a soul. The narrative is a story that violates the most fundamental law of nature. It is a theme that explores the profound, world-shattering consequences of this violation, suggesting that the one who returns from the dead is never the same, and often brings back something of the abyss with them.",,,
UCN_id_0408,Revenge,"Revenge is investigated as a seemingly simple and satisfying impulse that is revealed to be a complex, all-consuming, and spiritually empty quest. The narrative follows a character who dedicates their life to avenging a wrong. But the theme suggests that the act of revenge does not heal a wound, it merely deepens it. It is a story about becoming the monster one hunts, a tragedy of a soul who, in the process of seeking justice, ends up destroying itself.",,,
UCN_id_0413,Rivalry,"Rivalry is investigated as a deeply pathological, and fundamentally mimetic, relationship. The narrative, in the spirit of Girard, is not a story of two opponents, but of two secret, obsessive imitators. The core of the theme is the terrifying discovery that the rivals do not fight because they are different, but because they have become monstrously the same, their identities dissolving into a single, violent obsession with the other. It is the story of a self that can only be defined by the destruction of its own mirror image.",,,
UCN_id_0417,Sacrifice,"Sacrifice is the theme of the terrifying, paradoxical, and often sacred act of destroying something of value in order to create or preserve a higher value. The narrative is a story of a horrifying transaction. It can be the sacrifice of an innocent to appease a god, or the sacrifice of one's own integrity to save a loved one. The theme explores the dark, foundational logic that seems to underpin reality: that life is born from death, and that the creation of any new world requires a profound, and often bloody, act of renunciation.",,,
UCN_id_0418,Sadism,"Sadism is investigated not as mere cruelty, but as the philosophical project of achieving a god-like sense of absolute freedom through the total negation of another's subjectivity. The narrative is a chilling exploration of the psychology of the torturer. It is a story about the perverse, intellectual pleasure that is derived from treating a living soul as a mere object, a thing to be controlled, broken, and observed. It is the theme of a freedom that can only be realized in the absolute unfreedom of another.",,,
UCN_id_0423,Scarcity,"Scarcity is investigated not as a natural state of lack, but as a powerfully artificial, and deeply political, ideology. The narrative is a critique of a system that manufactures scarcity in the midst of abundance in order to create competition, justify inequality, and maintain control. It is the story of a world where there is enough for everyone, but where the very structure of the system depends on the violent fiction that there is not.",,,
UCN_id_0424,Schizophrenia,"Schizophrenia is explored not in its clinical sense, but in the postmodern, philosophical sense (Deleuze & Guattari) as the experience of a reality that is no longer structured by stable codes, linear narratives, or a unified self. The narrative is a story that mirrors this ""schizophrenic"" flow. It is a fragmented, chaotic, and often exhilarating journey through a world of pure, decoded desire and collapsing meanings. It is a theme about the terrifying, and perhaps liberating, condition of a consciousness that has been shattered into a thousand pieces.",,,
UCN_id_0427,Seduction (As Weapon),"Seduction is investigated as the strategic, often cruel, and highly skilled deployment of desire as a weapon. The narrative is a story of psychological warfare. It is not about love, but about the cold conquest of another's will. It follows the seducer's meticulous performance of intimacy and vulnerability, all designed to disarm and dominate. It is a theme about the terrifying power of a desire that is not felt, but wielded.",,,
UCN_id_0429,Self-Discovery,"Self-discovery is deconstructed not as the act of finding a pre-existing, authentic self, but as the difficult, often painful, and ongoing process of creating a self through choices, trials, and the confrontation with the unknown parts of one's own psyche. The narrative is a journey not to a destination, but into a process. It suggests that the ""true self"" is a fiction, and that the only truth is the courageous, terrifying, and endless act of becoming.",,,
UCN_id_0430,Self-Preservation,"Self-preservation is the theme of the most primal, amoral, and powerful instinct. The narrative is a crucible that strips away all social and moral codes, forcing a character to confront the absolute, biological imperative to survive. It is a story about the terrifying, often inhuman, choices one is capable of when their own existence is at stake. It asks a profound question: What, if anything, is more important than one's own life?",,,
UCN_id_0431,Self-Sacrifice,"Self-sacrifice is critically examined as a complex act that can be either the ultimate expression of love or a profound form of self-hatred. The narrative questions the motives behind the sacrifice. Is the character's act a genuine gift to another, or is it a performative act of martyrdom, a way of asserting moral superiority, or a flight from the burdens of their own life? It is a theme that probes the unsettling ambiguity that can lie at the heart of our seemingly most noble actions.",,,
UCN_id_0435,Sexuality,"Sexuality is investigated as a chaotic, powerful, often disruptive, and fundamentally unruly force that transcends mere biology. The narrative explores sexuality as a primary site for the negotiation of identity, power, transgression, and the deepest, most unconscious truths of the self. It is a story that understands that our sexuality is not a simple appetite, but a complex, often dangerous, and profoundly revealing language in which we speak our most secret names.",,,
UCN_id_0437,Shame,"Shame is explored as a profoundly isolating and soul-destroying emotion. It is not guilt (I did a bad thing), but the core belief that ""I am a bad thing."" The narrative follows a character who is paralyzed by a deep, toxic shame. Their life is a constant, exhausting performance designed to hide their perceived worthlessness from the world. It is a story about the terror of exposure and the immense difficulty of self-acceptance, suggesting that shame is the most powerful prison of the self.",,,
UCN_id_0440,Silence (As Oppression/Substance),"Silence is explored not as an absence of sound, but as a potent substance, a powerful and active presence in a narrative. It can be the heavy, unbearable silence between two characters, filled with unspoken truths. Or it can be the violent, political silence imposed upon a people to erase their history. It is a profoundly cinematic theme, a story that understands that the most important things are often not what is said, but the shape, texture, and terrifying weight of what is not.",,,
UCN_id_0442,Sin,"Sin is investigated as a theological and existential concept of a fundamental rupture in a character's relationship with a divine or moral order. It is more than a simple wrongdoing; it is a state of being, a stain on the soul. The narrative is often a story of transgression, temptation, and the agonizing weight of a sin that cannot be undone. It is a theme that grapples with the idea of a cosmic moral law, the nature of human imperfection, and the desperate, often tragic, quest for grace.",,,
UCN_id_0443,Sisterhood,"Sisterhood is the theme of a powerful, often subversive, form of solidarity forged in the shared experience of patriarchal oppression. It is not a biological relation, but a political and existential one. The narrative is a story of a collective bond that offers a site of resistance, the creation of a powerful counter-narrative, and the profound, often life-saving, intimacy of being truly seen and understood by those who share your struggle.",,,
UCN_id_0444,Skepticism,"Skepticism is the theme of a rigorous, courageous, and often lonely philosophical stance of radical doubt. The narrative follows a character who refuses to accept any dogma, certainty, or received wisdom without question. Their journey is a difficult one, often leading to alienation and despair. But it is also a story that champions the intellectual and moral integrity of the questioner, suggesting that a difficult, uncomfortable truth is always superior to a beautiful and comforting lie.",,,
UCN_id_0015,Alienation (Social),"Social alienation is the condition of being an outsider within one's own society, disconnected from its values, norms, and rituals. The protagonist is unable or unwilling to participate in the ""game"" of social life, seeing its conventions as meaningless or fraudulent. This creates a painful friction, a constant sense of being out of sync with everyone else. The narrative explores the consequences of this disconnect: the sharp clarity of the observer, the ache of loneliness, and the revolutionary potential of one who is no longer bound by the collective illusion.",,,
UCN_id_0446,Solidarity,"Solidarity is the theme of the radical, difficult, and often dangerous political act of binding one's own fate to the fate of the oppressed. It is not empathy from a safe distance, but the conscious choice to say ""your struggle is my struggle."" The narrative is a story of this profound, world-changing ""we."" It explores the immense courage required to forge this bond across lines of privilege and difference, suggesting that solidarity is not a feeling, but the only form of love that can truly change the world.",,,
UCN_id_0447,Solitude,"Solitude is explored with a profound duality. It can be a state of peaceful, creative, and necessary retreat from the noise of the world, a space where the true self can be discovered. But it can also be a terrifying state of isolation that leads to madness and despair. The narrative often follows a character's journey into solitude, questioning whether it will be their salvation or their damnation. It is a theme that examines the fine line between a chosen, sacred aloneness and an imposed, soul-crushing loneliness.",,,
UCN_id_0448,Sovereignty,"Sovereignty is the theme of the absolute, indivisible, and often terrifying power over a domain—the right to decide on the exception, to suspend the law, to give life and to take it away. The narrative is a story of this ultimate authority. It can explore the psychology of the sovereign—their profound loneliness, their paranoia, their position as a god on earth. It is a theme about the terrifying, metaphysical nature of power itself, a force that is both the foundation of order and the source of its most monstrous violence.",,,
UCN_id_0451,Speculation,"Speculation is the theme of a world that has become unmoored from the real and now operates in the realm of pure, abstract, and often catastrophic potentiality. The narrative can be a story of financial speculation, where fortunes are made and lost on fictions. Or, more philosophically, it can be about a consciousness that has lost its grounding in the present and lives entirely in a future of infinite, and often terrifying, possibilities. It is the story of a world addicted to the ghost of what might be.",,,
UCN_id_0452,Spirituality,"Spirituality is explored as the individual, subjective, and often unorthodox quest for a connection with a transcendent dimension of reality. It is distinct from organized religion. The narrative follows a character's personal, often messy and contradictory, journey to find a sense of meaning and connection beyond the material world. It is a story about the universal human hunger for the sacred, a theme that validates the deeply personal and varied paths one can take in the search for God, or whatever name one gives to the mystery.",,,
UCN_id_0453,Stagnation,"Stagnation is the theme of a life, a relationship, or a society that has ceased to grow and has begun to decay from within. It is the story of a profound and terrifying stillness. The narrative captures the feeling of being trapped in a swamp, where any attempt at movement only pulls one deeper into the mire. It is a story about the horror of a future that promises only more of the same, a quiet tragedy of entropy where the opposite of life is not death, but a state of perpetual, unchanging repetition.",,,
UCN_id_0454,Stigma,"Stigma is the theme of the ""mark of the spoiled,"" the powerful, often invisible, social brand that reduces a person's entire identity to a single, discredited attribute. The narrative is the story of this psychic prison. It follows a character who is forced to navigate the world through the distorting lens of their stigma—of illness, of crime, of difference. It is a story about the profound, often brutal, violence of a society that needs to create categories of the ""unclean"" in order to define its own purity.",,,
UCN_id_0455,Stoicism,"Stoicism is explored not as a lack of feeling, but as a profound, disciplined, and often tragic spiritual practice of enduring the world as it is. The narrative follows a character who meets suffering, injustice, and the chaos of fate not with rage or despair, but with a quiet, unshakable, and almost inhuman resolve. It is a story about the immense, lonely strength of a soul that has chosen to find its freedom not in changing the world, but in mastering its own inner response to it.",,,
UCN_id_0460,Sublimation,"Sublimation is the psychoanalytic theme of the unconscious process of redirecting a raw, primal, and often forbidden impulse (like aggression or sexuality) into a socially acceptable and often creative form. The narrative is a story of psychic alchemy. It follows a character, often an artist or a scientist, whose great work is revealed to be the disguised, sublimated expression of a powerful and dangerous inner demon. It is a theme about the strange, beautiful, and often monstrous origins of civilization itself.",,,
UCN_id_0462,Succession,"Succession is the theme of the difficult, often violent, and profoundly consequential transfer of power from one generation to the next. The narrative is a story of a throne that cannot be empty. It explores the Oedipal struggle, the rivalry between siblings, and the immense, crushing weight of a legacy that must be either upheld or destroyed. It is a theme that suggests that the most fundamental and brutal of all human dramas is the relentless, cyclical, and often bloody changing of the guard.",,,
UCN_id_0463,Suffering,"Suffering is portrayed as a fundamental, inescapable, and potentially transformative dimension of human existence. The narrative does not treat suffering as a problem to be solved, but as a crucible. It is a story about what happens to a soul under the immense pressure of pain. The theme, in the spirit of Dostoyevsky, explores the terrible possibility that suffering is the necessary precondition for wisdom, empathy, and a profound understanding of what it means to be human.",,,
UCN_id_0465,Superstition,"Superstition is explored not as a foolish belief, but as a desperate, poetic, and deeply human attempt to find a secret logic and a sense of control in a chaotic and indifferent universe. The narrative follows a character whose life is governed by these private rituals and magical beliefs. It is a story that respects this impulse, suggesting that in a world without gods, we are all forced to become our own magicians, creating fragile, personal maps of meaning in the face of the overwhelming void.",,,
UCN_id_0466,Surrealism,"Surrealism is a narrative mode that seeks to liberate the mind by tapping into the logic of the unconscious. The story is a dream made manifest, a world where the bizarre, the shocking, and the irrational are the norm. It is not nonsense, but a different kind of sense. The theme uses these hallucinatory images and illogical events to bypass the rational mind and speak directly to the subconscious, revealing the hidden, often monstrous, truths that lie beneath the surface of our orderly reality.",,,
UCN_id_0467,Survival,"Survival is explored not as a triumphant, heroic act, but as a brutal, messy, and often morally compromising process. The narrative strips away civilization and forces a character to confront their most primal, animalistic will to live. It is a story about the terrible choices one must make when faced with the absolute limit of existence. The theme questions what remains of our ""humanity"" when all that matters is the next breath, suggesting that the survivor is often as haunted and damaged as the one who perished.",,,
UCN_id_0476,Temptation,"Temptation is the theme of the profound, often agonizing, battle between a character's will and a powerful, forbidden desire. The narrative is a high-stakes drama of the soul. It is not about simple indulgence, but about the confrontation with a desire that promises to grant a deep-seated wish (for knowledge, for power, for love) at the cost of violating a fundamental taboo or destroying the self. It is a story about the terrifying allure of the abyss.",,,
UCN_id_0477,Tension,"Tension is the theme of the unbearable, pregnant, and often silent space before the explosion. The narrative is a masterclass in suspense, a story that is all about the tightening of a knot. It is not about the conflict itself, but about the agonizing, almost unbearable, anticipation of its arrival. The theme explores the profound psychological power of the unresolved, suggesting that the most terrifying moments in life are not the moments of catastrophe, but the long, quiet seconds leading up to them.",,,
UCN_id_0479,Terror,"Terror is distinguished from horror. Horror is the confrontation with the monstrous, while terror is the profound, atmospheric, and often prolonged dread of its anticipated arrival. The narrative is a story of pure, agonizing suspense. The monster is kept off-screen. The theme explores the terrifying power of the human imagination to populate the darkness with fears far greater than any physical monster could ever be. It is the story of a mind turned into its own haunted house.",,,
UCN_id_0004,The Abject,"The Abject is that which has been violently expelled from the self in order to form an identity, yet forever haunts the borders of our being—the corpse, bodily fluids, the morally repulsive. A narrative exploring the Abject delves into the horror of the breakdown of boundaries between the self and this rejected other. It is a story of psychological and physical revulsion, where the protagonist is confronted by what they are not, only to realize it is an inescapable part of themselves. This theme forces a confrontation with the primordial filth and chaos upon which our clean, orderly sense of self is precariously built.",,,
UCN_id_0003,Absurdity (The Absurd Condition),"The Absurd is the confrontation between humanity's desperate search for meaning and the universe's silent, irrational indifference. A narrative of the Absurd does not seek answers but instead highlights this fundamental conflict. The protagonist lives in a world devoid of inherent logic or purpose, where their actions are futile, yet they must continue to act. The story finds its profound, often tragicomic, power in the character's rebellion against this meaninglessness—the choice to live, love, and struggle passionately in full awareness of the ultimate pointlessness of it all.",,,
UCN_id_0092,Confession,"The act of confession is portrayed as a dramatic crucible where the past violently erupts into the present. It is not merely the revealing of a secret, but a desperate, often destructive, attempt to re-order reality through language. The narrative explores the complex motives behind a confession—the desire for absolution, the need for punishment, the urge to wield the truth as a weapon. The story's focus is on the irreversible aftermath: the moment after the truth is spoken, when relationships are shattered and the world can never be put back together in the same way.",,,
UCN_id_0464,Suicide,"The act of suicide is explored as the ultimate, terrifying, and philosophically dense human act. It is the story of a character's journey to the absolute limit of despair. The narrative treats this final choice with profound seriousness, as Camus's ""one truly serious philosophical problem."" It is a theme that forces a confrontation with the nature of freedom, the meaning of suffering, and the ultimate question of whether a life, any life, is or is not worth living.",,,
UCN_id_0253,Instrumentalization,"The act of treating another human being not as an end in themselves, but as a mere tool or instrument for one's own purposes. The narrative is a story of profound dehumanization. It follows a character who is being used, their subjectivity and inner life completely disregarded. It is a critique of a worldview, often associated with capitalism and bureaucracy, that sees human beings not as souls, but as resources to be optimized, managed, and ultimately, discarded.",,,
UCN_id_0025,Anti-Climax,"The Anti-Climax is not a narrative failure, but a deliberate philosophical statement. It is the story that builds towards a momentous confrontation or revelation, only to have it fizzle out into a mundane, meaningless, or absurd non-event. It is a theme that uses the very structure of narrative to argue that life itself is anti-climactic. It suggests that our search for grand meaning and dramatic resolution is a childish fantasy, and that the universe is fundamentally indifferent to our need for a satisfying story.",,,
UCN_id_0045,The Barrier/Threshold,"The Barrier or Threshold is a narrative point of demarcation between the known and the unknown, the mundane and the magical, the old self and the new. Crossing it is an act of irrevocable commitment. It can be a physical place—a door, a bridge, a forest's edge—or a psychological decision from which there is no retreat. The power of this theme lies in its finality; once the threshold is crossed, the rules of the world change, the stakes are raised, and the protagonist is fundamentally and permanently transformed. The journey is not about whether they can go back, but about who they will become now that they can't.",,,
UCN_id_0070,The Catalyst (Inciting Force),"The Catalyst is the theme of the fateful, often seemingly small, event that shatters the protagonist's status quo and ignites the central conflict of the narrative. It is the intrusion of the unexpected. The narrative is a story of cause and effect, where this single inciting force is shown to be the starting point of an unstoppable chain reaction. The theme understands that great transformations do not begin with a grand decision, but with a single, destabilizing event that makes the old world impossible to inhabit any longer.",,,
UCN_id_0102,Creative Block,"The Creative Block is the theme of the artist's personal hell. It is the story of a terrifying, sterile silence in the mind of a creator, a state where inspiration has died and the wellspring of ideas has run dry. The narrative is a psychological horror story, a journey into the void of impotence. It explores the artist's identity as being so fundamentally tied to their ability to create that the loss of that ability is a form of living death, a confrontation with a profound and terrifying inner emptiness.",,,
UCN_id_0109,The Cyborg Condition,"The Cyborg is the theme of the blurring, and ultimate collapse, of the boundary between the human and the machine. The narrative is a story of a hybrid being, a consciousness that is no longer purely biological. It is a theme that explores the profound philosophical consequences of this fusion: What is a ""natural"" body? Where does the self end and the technology begin? It is a story that uses this figure to grapple with the future of human identity in an age of accelerating technological integration.",,,
UCN_id_0142,The Double (Doppelgänger),"The Doppelgänger is a theme of profound existential horror. The appearance of a character's exact double is not a mere plot device, but the terrifying manifestation of a repressed or shadow self. The double often acts out the protagonist's secret, forbidden desires. Their confrontation is a confrontation with the self one denies. It is a story that attacks the very notion of a unique, singular identity, suggesting that we are haunted by the lives we could have led and the people we are terrified we could become.",,,
UCN_id_0241,Impulse,"The explosive, pre-rational eruption of a raw desire into action. The narrative is the story of a moment that changes everything. It follows a character who, in a single, impulsive act, shatters their own life or the lives of others. It is a theme about the terrifying, animalistic power that lurks just beneath the surface of our civilized selves, the chaotic force that can undo a lifetime of careful planning in a single, unthinking instant.",,,
UCN_id_0209,The Grotesque,"The Grotesque is an aesthetic and narrative mode that deliberately fuses the horrifying with the comedic, the beautiful with the repulsive. It creates a world of unsettling hybridity, where the familiar is distorted into something monstrous and yet strangely laughable. The theme is used to disrupt our comfortable categories and expose a truth about the messy, contradictory, and often freakish nature of reality itself. It suggests that the line between the sacred and the profane, the tragic and the absurd, is terrifyingly thin.",,,
UCN_id_0264,The Journey,"The Journey is used as a fundamental metaphor for a process of internal transformation. The external, physical journey of the protagonist across a landscape is a direct mirror of their internal, psychological journey. Every obstacle on the road is a manifestation of an inner demon to be conquered; every landscape reflects a state of mind. The theme understands that the destination is often a MacGuffin; the true purpose of the journey is not to arrive, but to be irrevocably changed by the act of traveling.",,,
UCN_id_0313,The Mirror Image (Reflection/Distortion),"The Mirror Image is the theme of the terrifying, seductive, and often deceptive encounter with the self. The narrative is a story about the act of looking in a mirror. It explores the moment of recognition, but also the potential for misrecognition, the gap between the self we feel we are and the strange, alien image that looks back at us. It is a theme about the fragile, fragmented nature of identity, suggesting that the self is a reflection we are constantly trying, and failing, to fully grasp.",,,
UCN_id_0260,Irony (Ironic Reversal),"The narrative is built on a structure of cruel, cosmic irony, where the outcome of a character's actions is the tragic opposite of their intentions. It is the story of the quest for freedom that leads to a deeper enslavement, the act of love that leads to destruction, the search for truth that ends in a devastating lie. This is not a joke, but a profound and pessimistic worldview, suggesting that we are playthings of a universe that delights in mocking our aspirations.",,,
UCN_id_0197,The Gaze (Oppositional/Resistant),"The Oppositional Gaze is the theme of the powerful, defiant, and world-changing act of ""looking back."" The narrative follows a character from a marginalized group who refuses to be a passive object of the dominant gaze and instead asserts their own subjectivity by returning that look. It is a story about the reclamation of the power to see and to define. This act of looking back is a revolutionary act, a refusal of objectification that shatters the power dynamic and announces the birth of a new, resistant consciousness.",,,
UCN_id_0259,Invisibility (Social),"The profound, often soul-crushing experience of being alive but not seen by the society one inhabits. The narrative is told from the perspective of the invisible person—the elderly, the poor, the service worker. It is a story that functions as a powerful social critique, revealing the blind spots of a culture that only values certain kinds of lives. It is a meditation on what it means to be a ghost in one's own city, a person whose existence is a secret that is hidden in plain sight.",,,
UCN_id_0415,Ruin,"The Ruin is a theme about the profound, melancholic beauty of decay. The narrative treats the ruin not as a failure, but as a site where time becomes visible. It is a story that finds a strange, ghostly life in the persistence of the past within a decaying present. The ruin is a landscape where nature reclaims culture, and where the hubris of human creation is put into its proper, tragic perspective by the slow, inexorable power of entropy. It is the aesthetic of the beautiful corpse.",,,
UCN_id_0240,Impotent Witnessing,"The specific, modern torment of being able to see all the world's injustices (through media) while being completely powerless to affect them. The narrative follows a character who is drowning in a sea of information about suffering. It is a story about the paralysis and moral fatigue that comes from this condition of ""knowing everything and doing nothing."" It explores the profound despair of a conscience that has been made global, but whose agency remains local and limited.",,,
UCN_id_0237,Immigration,"The story of a profound and often traumatic act of self-translation. The narrative follows a character who must navigate the treacherous space between a lost homeland and a new, often hostile, one. It is a theme about the struggle to translate one's identity, one's memory, and one's very soul into a new language and a new culture. It is the story of a ghost who is trying to become a person again.",,,
UCN_id_0042,Awe (The Sublime),"The Sublime is an encounter with a power so immense—be it the vastness of nature, the terror of the cosmos, a divine entity, or a terrifying piece of art—that it overwhelms the human capacity for reason. This experience is a paradoxical blend of terror and ecstasy, shrinking the individual to a point of insignificance while simultaneously connecting them to something infinite. A narrative centered on the Sublime forces a character (and the audience) to confront the profound limits of their understanding and the beautiful horror of existence in the face of the incomprehensible.",,,
UCN_id_0472,Taboo,"The Taboo is the theme of the absolute, sacred, and often irrational prohibition that defines the limits of a culture. The narrative is a story of transgression, following a character who dares to violate this fundamental ""thou shalt not."" The theme explores the terrifying, often violent, power that is unleashed when a taboo is broken. It is a story about the dark, foundational rules that hold a society together, and the radical, world-shattering consequences for the individual who dares to cross the line.",,,
UCN_id_0258,Inversion,"The theme of a world turned upside down, where the established hierarchies of power, morality, or reality are suddenly and radically inverted. The narrative is a story of carnivalesque revolution. The fool becomes king, the sane are revealed to be mad, the servant becomes the master. It is a theme that uses this shocking reversal to deconstruct our taken-for-granted assumptions, suggesting that the ""natural"" order of things is a fragile and arbitrary construct that can be shattered in an instant.",,,
UCN_id_0360,Paternity,"The theme of paternity is the story of a profound existential and social anxiety: ""Am I the father?"". The narrative is a quest for certainty in the face of a fundamental biological uncertainty. It is a story about lineage, legitimacy, and the immense, often crushing, weight of the ""Name-of-the-Father."" It explores the terror of the usurper and the desperate need to secure a legacy, revealing how the very foundations of patriarchal order are built upon a fragile, and ultimately unprovable, claim.",,,
UCN_id_0251,Innocence (Loss of),"The tragic, violent collision between the sacred, unknowing world of childhood and the profane complexity of adult reality. The narrative is a story of a wound. It is not about a gradual coming of age, but about a specific, shattering event that poisons the well of memory and forces a child to acquire a terrible, premature knowledge. It is a lament for a paradise that was not simply lost, but was actively invaded and destroyed.",,,
UCN_id_0494,The Trickster Energy,"The Trickster is a powerful, amoral, and chaotic archetype who delights in disrupting order and subverting hierarchies. They are a boundary-crosser, a shapeshifter, a bringer of chaos who is neither good nor evil. A narrative driven by trickster energy is unpredictable, playful, and often darkly comedic. The Trickster functions as a necessary agent of change, a sacred fool whose anarchic actions shatter stagnant realities and clear the ground for something new to be born.",,,
UCN_id_0499,The Uncanny (Das Unheimliche),"The Uncanny, drawing from Freud, is the theme of the terrifying feeling that arises when something that should be familiar and homely suddenly becomes strange, alien, and threatening. It is not about something new and scary, but about the familiar turning against us. The narrative creates a sense of profound unease and dread. It is the story of the doll that seems to breathe, the house that feels like a tomb, the doppelgänger. It is the horror of discovering the monster was already inside the house.",,,
UCN_id_0257,Intrusion,"The violent, often terrifying, breach of a sacred, private space. The narrative can be a literal home invasion, or it can be a more subtle psychological intrusion—the act of gaslighting, the violation of a secret, the colonization of a mind. It is a story about the terror of a boundary being shattered, a profound exploration of our deep, primal need for a safe space, and the psychic chaos that ensues when that safety is proven to be an illusion.",,,
UCN_id_0526,The Wilderness,"The Wilderness is the theme of a primal, amoral, and often terrifyingly beautiful space that exists outside the laws and logic of human civilization. The narrative is a journey into this heart of darkness. It is a story about the stripping away of the civilized self and the confrontation with a reality that is fundamentally indifferent and hostile to human life. It is the story of nature as the ultimate ""other,"" a force that can be a source of profound spiritual revelation or a catalyst for a horrifying descent into savagery.",,,
UCN_id_0074,Chaos vs. Order,"This is a fundamental narrative conflict that pits the forces of stability, structure, and control against those of anarchy, entropy, and wild, untamable energy. It is not a simple good versus evil dichotomy. The story can explore the oppressive sterility of absolute order as well as the terrifying violence of pure chaos. The protagonist is often caught between these two poles, forced to navigate a path that acknowledges the human need for structure while recognizing that life, creativity, and change are born from the chaotic void.",,,
UCN_id_0133,Disintegration,"This is a narrative of entropy, charting the inexorable process of a system falling apart. It can be psychological (a personality fracturing into madness), social (a community dissolving into distrust), or physical (a body succumbing to disease). The theme's power lies in its focus on the terrifying, unstoppable momentum of decay. It is a story about the forces that pull things apart, a chilling reminder that order is a temporary state and the natural direction of the universe is towards chaos.",,,
UCN_id_0171,Externalization (Objective Correlative),"This is a powerful cinematic theme where a character's internal, subjective state is not explained, but is made manifest in the external world. The narrative uses the landscape, the weather, or a specific object as a direct, physical embodiment of an emotion. A decaying house mirrors a decaying mind; a raging storm reflects a raging soul. It is the story of the world as a mirror to the psyche, a profoundly cinematic technique that shows rather than tells, making the invisible, interior world visible and tangible.",,,
UCN_id_0388,Queer Temporality,"This is a theme about a radical rebellion against the tyranny of ""straight time""—the linear, reproductive timeline of birth, marriage, reproduction, and death. The narrative is a story that inhabits a different, ""queer"" temporality. It is a story that values the digression, the dead end, the moment of ecstatic, non-productive presence. It is a critique of a future-oriented culture, suggesting that a richer, more meaningful life can be found in the radical act of living outside the prescribed timeline.",,,
UCN_id_0307,Memory (Prosthetic/Borrowed),"This is a theme about a world where memory is no longer a personal, organic experience, but a technology, a commodity, or an inheritance. The narrative can be about a character who has been implanted with the memories of another, or a society that experiences its history through immersive simulations. It is a story that asks profound questions about identity: If your memories are not your own, who are you? It explores the terror and the strange pathos of a self that is built on second-hand experience.",,,
UCN_id_0277,Legitimacy,"This is a theme about the fragile, often violent, and purely symbolic nature of the right to rule. The narrative is a story of a crisis of legitimacy. It follows a character or a system whose claim to authority is revealed to be hollow, based not on divine right or popular will, but on a fiction that is no longer believed. It is a story about the terrifying moment when the emperor is revealed to have no clothes, and the chaotic, violent struggle for power that erupts in the void.",,,
UCN_id_0485,Tradition vs. Modernity,"This is a theme about the fundamental, often tragic, conflict between the gravitational pull of the past (Tradition) and the relentless, disruptive force of the future (Modernity). The narrative follows characters caught in this historical crux. Tradition offers meaning, identity, and belonging, but it can also be a suffocating prison. Modernity offers freedom and progress, but it can also lead to alienation and nihilism. It is the story of a world caught between a dying god and one that is not yet born.",,,
UCN_id_0285,Love (Transactional),"This is a theme that critically examines a world where the sacred, irrational bond of love has been replaced by the cold, rational logic of the market. The narrative follows a relationship that is based not on affection, but on a calculated exchange of assets—beauty for wealth, security for status. It is a story about the commodification of the human heart, a quiet tragedy of a world where intimacy has become just another form of business, and the soul is the final commodity to be traded.",,,
UCN_id_0328,National Allegory,"This is a theme where the personal story of the protagonist and their family is revealed to be a direct, symbolic allegory for the history, trauma, and political condition of their entire nation. The narrative operates on two levels simultaneously. The family's secrets are the nation's repressed histories; the individual's psychological crisis is the nation's political crisis. It is a form of storytelling, often found in post-colonial contexts, that insists that in a broken world, the personal is always, inescapably, political.",,,
UCN_id_0026,Anxiety (Existential Dread),"This is not the anxiety of everyday worries, but a deeper, free-floating dread that arises from the confrontation with existence itself—with freedom, meaninglessness, and death. The narrative treats anxiety not as a symptom to be cured, but as a fundamental, even necessary, part of the human condition. The protagonist is haunted by an unnamed terror, a sense of profound unease in the face of an indifferent universe. Their journey is not to escape this dread, but to learn to endure it and perhaps find, within it, an authentic way of being.",,,
UCN_id_0009,Affective Contagion,"This is the narrative exploration of how emotions—panic, rage, joy, paranoia—can spread through a crowd, a community, or a digital network like a virus, overriding individual reason. The story is not about a shared idea, but a shared feeling that becomes an autonomous force. It examines the terrifying power of collective sentiment to create mobs, spark revolutions, or forge mass delusions, forcing characters to navigate a world where the emotional atmosphere is a powerful, and often malevolent, actor in itself.",,,
UCN_id_0377,Primal Conflict,"This is the theme of a conflict stripped down to its most raw, archetypal, and inescapable essence. It is the story of light versus dark, order versus chaos, parent versus child, life versus death. The narrative transcends individual psychology to become a mythic, elemental drama. The characters are not people, but avatars for the timeless, fundamental forces that have structured human consciousness since the dawn of time.",,,
UCN_id_0183,Fear of Mediocrity,"This is the theme of a distinctly modern form of existential terror. The narrative follows a character who is not afraid of failure, but of being merely ""average."" Their life is a frantic, desperate struggle to be special, to be recognized, to leave a mark. It is a story about the tyranny of the ideal of greatness in a world that promises everyone can be a star. It explores the profound anxiety and spiritual sickness of a life organized around the terror of being ordinary.",,,
UCN_id_0456,Structural Violence,"This is the theme of a form of violence that is slow, invisible, and has no single perpetrator. It is the violence of the system itself—the poverty created by an economic policy, the lives shortened by a lack of healthcare. The narrative makes this invisible violence visible. It is a story about the suffering that cannot be blamed on a single villain, a powerful critique of a world where the most destructive forms of violence are built into the very architecture of our society.",,,
UCN_id_0514,Violence (Structural),"This is the theme of a form of violence that is slow, invisible, and has no single perpetrator. It is the violence of the system itself—the poverty created by an economic policy, the lives shortened by a lack of healthcare. The narrative makes this invisible violence visible. It is a story about the suffering that cannot be blamed on a single villain, a powerful critique of a world where the most destructive forms of violence are built into the very architecture of our society.",,,
UCN_id_0271,Knowledge (Forbidden/Hidden),"This is the theme of a knowledge that has been deliberately concealed because it is too powerful, too dangerous, or too disruptive to the established order. The narrative is a quest for this forbidden fruit. The protagonist is driven by a powerful Gnostic urge to know what they are not supposed to know. It is a story about the terrifying price of enlightenment, suggesting that some doors are closed for a reason, and that the act of opening them can lead to madness, destruction, or a truth that is impossible to live with.",,,
UCN_id_0292,Masculinity (Crisis of),"This is the theme of a masculinity that has lost its traditional moorings and is now adrift in a world that no longer seems to need or value its old codes of honor, strength, and stoicism. The narrative follows a male protagonist who is in a state of profound confusion and anxiety, a king without a kingdom. It is a story about the painful, often violent, and deeply confusing process of trying to forge a new masculine identity in a world where the old script has been thrown away.",,,
UCN_id_0474,Technological Isolation,"This is the theme of a profound and paradoxical modern loneliness. The narrative explores a world where technology has connected us more than ever before, but has also created new, more insidious forms of isolation. It is the story of a character who lives in a state of perpetual, disembodied ""connection,"" surrounded by screens but starved of genuine, physical human presence. It is the story of a soul trapped in the clean, cold, and silent prison of the network.",,,
UCN_id_0284,Love (Impossible),"This is the theme of a profound, world-altering love that is doomed from the start by an insurmountable external or internal barrier. The narrative is a tragedy of connection. It follows two people who are perfect for each other but are kept apart by family, by society, by fate, or by their own self-destructive natures. It is a story that explores the beautiful, agonizing purity of a love that can never be consummated, a love that exists most powerfully in the realm of the impossible.",,,
UCN_id_0340,Numbness (Waning of Affect),"This is the theme of a quiet, terrifying, and distinctly modern form of spiritual death. It is not about sadness, but about the inability to feel anything at all. The narrative is a story of the ""waning of affect,"" following a character who moves through a world that has been drained of all emotional color. It is the story of a soul that has been so overstimulated, traumatized, or commodified that it has shut down, a chilling exploration of the living death that is a life without feeling.",,,
UCN_id_0412,Ritual (Dysfunctional/Empty),"This is the theme of a ritual that has been hollowed out, its sacred meaning forgotten, leaving only the compulsive, empty shell of the performance. The narrative is a story of a ghost haunting a machine. It follows characters who go through the motions of a tradition—a family dinner, a religious service—but the actions no longer connect them to anything true. It is a story about the terrifying silence that fills the space where a god used to be, a meditation on the quiet horror of a world that has lost its soul but kept its liturgy.",,,
UCN_id_0309,Metafiction (Self-Reflexivity),"This is the theme of a story that is consciously aware that it is a story. The narrative breaks the fourth wall, comments on its own genre conventions, and reminds the audience that they are watching a constructed artifice. It is not a gimmick, but a profound philosophical move. It is a story about the very nature of storytelling, questioning the illusion of reality in fiction and suggesting that the most honest art is the art that admits it is a beautiful, necessary lie.",,,
UCN_id_0173,Failure (Systemic),"This is the theme of a system that is not just flawed, but is fundamentally, and often intentionally, designed to fail the very people it is supposed to serve. The narrative is an autopsy of a broken institution—a justice system that creates injustice, a school that stifles learning, a healthcare system that creates sickness. It is a story about the tragic, often absurd, gap between a system's stated purpose and its actual function, a powerful critique of a world where the machine itself has become the monster.",,,
UCN_id_0471,Systemic Failure,"This is the theme of a system that is not just flawed, but is fundamentally, and often intentionally, designed to fail the very people it is supposed to serve. The narrative is an autopsy of a broken institution—a justice system that creates injustice, a school that stifles learning, a healthcare system that creates sickness. It is a story about the tragic, often absurd, gap between a system's stated purpose and its actual function, a powerful critique of a world where the machine itself has become the monster.",,,
UCN_id_0387,Purity vs. Corruption,"This is the theme of a tragic, elemental, and often inevitable collision. The narrative is the story of a pure entity—an innocent character, a pristine landscape, an idealistic community—and its violent encounter with the messy, complex, and corrupting force of the world. It is a story that functions like a chemical reaction. The theme is a profound and pessimistic meditation on the impossibility of maintaining purity in a world that is, by its very nature, a force of compromise and decay.",,,
UCN_id_0301,Mediation (Technological),"This is the theme of a world where our primary experience of reality, of others, and of ourselves is no longer direct, but is mediated through a screen. The narrative is a story about the profound psychological and social consequences of this new condition. It explores the alienation of disembodied communication, the creation of curated online personas, and the slow atrophy of our ability to engage with the messy, unmediated reality of the physical world.",,,
UCN_id_0475,Technological Mediation,"This is the theme of a world where our primary experience of reality, of others, and of ourselves is no longer direct, but is mediated through a screen. The narrative is a story about the profound psychological and social consequences of this new condition. It explores the alienation of disembodied communication, the creation of curated online personas, and the slow atrophy of our ability to engage with the messy, unmediated reality of the physical world.",,,
UCN_id_0320,Moral Ambiguity,"This is the theme of a world where the line between good and evil is not just blurred, but has collapsed entirely. The narrative deliberately refuses to give the audience a clear moral compass. It follows a protagonist who is neither a hero nor a villain, but a complex, contradictory mixture of both. It is a story that forces the audience into a state of uncomfortable judgment, suggesting that the black-and-white morality of fairytales is a childish fiction, and that the real world exists entirely in the difficult, terrifying gray zone.",,,
UCN_id_0398,Religious Zealotry,"This is the theme of faith as a monstrous, all-consuming, and inhuman fire. The narrative follows a character who has been possessed by a divine certainty so absolute that it burns away all compassion, doubt, and human decency. It is a story about the terrifying, violent consequences of believing you are an instrument of God. It is a theme that explores the fine line between sainthood and psychosis, suggesting that the most profound faith can be indistinguishable from the most profound madness.",,,
UCN_id_0373,Poverty (Aesthetics of),"This is the theme of finding a profound, often brutal, and unsentimental form of beauty and truth in the condition of absolute poverty. The narrative's aesthetic is one of scarcity and raw materiality. It is a story that rejects the romanticization of poverty, instead focusing on the small, hard-won moments of grace, resilience, and humanity that can persist in the most unforgiving of circumstances. It is a search for the sacred in a world that has been stripped of everything but the bare essentials of life.",,,
UCN_id_0024,The Anthropocene (Ecological Crisis),"This is the theme of humanity's terrifying awakening to its own monstrous power. It is the story of a species that has become a geological force, a planetary disease. The narrative is a form of cosmic horror told from the inside, a slow-motion apocalypse where the monster we must confront is the reflection in the mirror. It grapples with the profound, paralyzing guilt of a consciousness that can comprehend the world it is destroying but cannot stop itself.",,,
UCN_id_0034,Artistic Struggle (Ego/Integrity),"This is the theme of the artist's agonizing internal war. The narrative dramatizes the conflict between the desire for worldly success, fame, and recognition (the Ego) and the difficult, often lonely, commitment to one's pure, uncompromised artistic vision (Integrity). It is a story about the soul of the artist put on trial, a battle against the seductive, corrupting forces of the market and the ego, where the price of victory might be obscurity, and the price of fame might be the death of the art itself.",,,
UCN_id_0027,Anxiety of Influence,"This is the theme of the artist's secret, Oedipal struggle against the ghosts of their great predecessors. The narrative follows a creator who is haunted by the masterpieces of the past, their own voice suffocated by the weight of tradition. Their creative act is not one of pure invention, but a desperate, often violent, battle to ""misread"" the past in order to clear a small space for their own originality. It is a story about the terror of being a latecomer, the fear that every great story has already been told.",,,
UCN_id_0425,Scopophilia (Voyeurism),"This is the theme of the deep, often pathological, pleasure derived from the act of looking at others as objects, particularly when they are unaware. The narrative is a story that implicates the audience in this act. It explores the power dynamics inherent in the gaze, the profound alienation of the voyeur who can only relate to the world from a safe distance, and the terrifying, often violent, moment when the object of the gaze looks back.",,,
UCN_id_0445,Social Climbing,"This is the theme of the desperate, often tragic, and deeply alienating project of erasing one's own origins and performing a new identity in order to ascend a rigid social hierarchy. The narrative is a story of a soul's transaction. It follows a character who pays for social mobility with their own authenticity, their past, and their relationships. It is a profound critique of class, revealing the quiet violence and the immense psychological cost of a world where who you are is less important than who you can pretend to be.",,,
UCN_id_0110,Cyclicality (History/Violence),"This is the theme of the eternal, often tragic, repetition of history, violence, and human folly. The narrative is structured as a loop or a spiral, revealing how the present is doomed to re-enact the unresolved traumas of the past. It is a deeply pessimistic view of history as a nightmare from which we can never truly awake. The theme suggests that there is no such thing as progress, only the endless, cyclical return of the same fundamental conflicts, played out by different characters in different costumes.",,,
UCN_id_0190,Found Kinship,"This is the theme of the family that is not given by blood, but is consciously and often desperately forged through shared experience, trauma, or belief. The narrative follows a group of misfits, orphans, or outcasts who create their own tribe in a world that has rejected them. It is a story that champions the radical idea that the bonds of choice can be more powerful and more authentic than the accidents of birth, a testament to the profound human need to create a ""home"" where none was given.",,,
UCN_id_0300,Meaning (Search for),"This is the theme of the fundamental, absurd, and heroic human quest to find a coherent meaning or purpose in a universe that offers none. The narrative follows a protagonist who is driven by this profound existential hunger. It is the story of a search. The theme suggests that meaning is not something to be found, like a hidden treasure, but something that must be created through acts of love, commitment, and rebellion against the indifferent silence of the cosmos.",,,
UCN_id_0094,Conformity vs. Rebellion,"This is the theme of the fundamental, eternal war between the gravitational pull of the collective and the explosive, centrifugal force of the individual will. The narrative is the story of a soul at a crossroads. Conformity offers safety, belonging, and the comfort of the known. Rebellion offers the terrifying, exhilarating, and lonely freedom of self-creation. The theme explores the immense courage and the tragic cost of both choices, suggesting that this is the primary, defining conflict of all human social life.",,,
UCN_id_0450,Spectrality,"This is the theme of the haunting of the present by that which is no longer, or not yet, here. It is a story about the profound influence of ghosts—of dead ideologies, of lost futures, of historical traumas. The narrative explores a reality where the line between the living and the dead, the present and the past, has become porous. It suggests, in the spirit of Derrida, that we are never truly ""present,"" but are always living in a time that is out of joint, shaped by the spectral forces we cannot see.",,,
UCN_id_0028,Anxiety of Status,"This is the theme of the modern, existential condition of defining one's self-worth through the fragile, ever-shifting, and merciless judgment of others. The narrative follows a character trapped on the treadmill of social comparison, their inner peace contingent on a precarious hierarchy of success and recognition. It is a story about the profound spiritual sickness of a life lived for the gaze of others, a quiet horror story where the ultimate damnation is not hell, but irrelevance.",,,
UCN_id_0103,Creative Destruction,"This is the theme of the paradoxical, often violent, and necessary relationship between creation and destruction. The narrative, in the spirit of Schumpeter or Bakunin, posits that for something new to be born, the old must be annihilated. It is a story that finds a terrifying, exhilarating beauty in the act of destruction. It suggests that progress is not a gentle evolution, but a series of revolutionary explosions, and that the artist, the innovator, and the revolutionary are all, fundamentally, agents of chaos.",,,
UCN_id_0389,Racialization,"This is the theme of the powerful, violent, and often invisible social process by which meanings, stereotypes, and hierarchies are inscribed onto human bodies, creating the fiction of ""race."" The narrative is a story that makes this process visible. It follows a character who is being ""racialized,"" forced to see themselves through the distorted lens of a racist gaze. It is a theme about the struggle to assert one's own humanity against a system that seeks to reduce you to a category.",,,
UCN_id_0150,Elite Hypocrisy,"This is the theme of the profound, often invisible, chasm between the public virtues espoused by a ruling class and their private, hidden vices. The narrative is a work of social X-ray, penetrating the polished façade of the elite to reveal the moral rot, secret cruelties, and cynical self-interest that lie beneath. It is a story not just about individual failings, but about a systemic hypocrisy where the very people who write the rules believe themselves to be exempt from them.",,,
UCN_id_0090,Complicit Survival,"This is the theme of the profound, tragic, and ethically gray condition of having to collaborate with an evil system in order to survive. The narrative follows a character who is not a hero or a villain, but a survivor. Their story is a meditation on the terrible moral compromises of life under oppression. They are both victim and, in some small, necessary way, accomplice. The theme explores the deep psychological wound of this complicity, a form of survival that costs the soul a piece of its own integrity.",,,
UCN_id_0345,Obsolescence of Agency,"This is the theme of the quiet, existential horror of becoming unnecessary. The narrative explores a world where human decision-making, skill, and judgment have been rendered obsolete by automated systems, predictive algorithms, or overwhelming bureaucratic forces. It is the story of a character who realizes they are a ghost in their own life, a passive spectator to a world that runs itself. It is a profound meditation on the meaning of human will in an age where that will is no longer required.",,,
UCN_id_0410,Revolution (Failed),"This is the theme of the specific, melancholic tragedy of a revolution that has been crushed, has betrayed its own ideals, or has simply fizzled out into a new, more cynical form of the old order. The narrative is a story of a promised dawn that never came. It follows the ghosts of the revolution—the disillusioned idealists, the forgotten martyrs, the cynical survivors. It is a meditation on the immense difficulty of creating a new world, and the profound, often crushing, weight of a future that failed to be born.",,,
UCN_id_0059,Bourgeois Anxiety/Hypocrisy,"This is the theme of the specific, often hidden, existential terror of the bourgeois class. The narrative follows characters who are trapped in a world of material comfort and social propriety, but are haunted by a profound sense of meaninglessness, boredom, and the fear that their orderly world is built on a fragile, violent foundation. It is the story of the quiet desperation behind the perfect façade, the sudden eruption of repressed, chaotic desires that threaten to shatter the calm surface of civilized life.",,,
UCN_id_0275,Late Capitalism Anxiety,"This is the theme of the specific, pervasive, and low-grade psychological terror of living in a world of precarious labor, crushing debt, and the relentless demand to be a flexible, self-branding, entrepreneurial subject. The narrative is a quiet horror story of the everyday. It follows a character who is haunted not by a monster, but by the constant, exhausting anxiety of simply trying to survive in a system that is fundamentally indifferent to their existence.",,,
UCN_id_0511,Violence (Intimate),"This is the theme of the specific, soul-destroying horror of violence that occurs within the sacred space of intimacy. The narrative is the story of the fist that comes from a hand you once held. It explores the profound, terrifying betrayal of violence that is inflicted by a lover, a parent, or a child. It suggests that the most damaging forms of violence are not the acts of strangers, but the quiet, hidden, and often psychologically complex cruelties that unfold behind the closed doors of the home.",,,
UCN_id_0524,Weaponization (Language/Aesthetics),"This is the theme of the terrifying modern reality where the most powerful weapons are no longer bombs, but words and images. The narrative is a story about the weaponization of discourse, aesthetics, and information. It can be about a political movement that uses propaganda to incite hatred, or an advertising campaign that uses beauty to sell a poison. It is a story about a new kind of warfare, a battle for the control of perception itself, where the mind is the ultimate territory to be conquered.",,,
UCN_id_0382,Prophecy (Self-Fulfilling),"This is the theme of the terrifying, ironic, and often tragic power of belief to create reality. The narrative is a story structured like a fatalistic trap. It follows a character whose actions, undertaken in a desperate attempt to avoid a prophecy, are the very things that bring it to pass. It is a story about the prison of foreknowledge, suggesting that the future is not something we discover, but something we unconsciously and inexorably build in the very act of trying to escape it.",,,
UCN_id_0304,Memory (False/Unreliable),"This is the theme of the terrifying, vertiginous discovery that our own memory, the very bedrock of our identity, is a fiction. The narrative is a psychological thriller of the self. It follows a character who realizes their most cherished memories are lies, implants, or distortions. It is a story that attacks the very notion of a stable past, suggesting that the self is a story we tell ourselves, and that this story can be edited, corrupted, or completely rewritten without our knowledge.",,,
UCN_id_0362,Performance (Life as Theatre),"This is the theme of the world as a stage, and all of life as a performance. The narrative is a story that constantly reminds us of this theatricality. It follows characters who are profoundly aware that they are playing a role, their gestures and words dictated by a social script. It is a theme that dissolves the distinction between the ""authentic self"" and the ""performed self,"" suggesting that there is no core identity beneath the mask, only an endless series of roles we are forced to, or choose to, enact.",,,
UCN_id_0083,Collective Guilt,"This narrative grapples with the burden of a historical crime or sin committed by a nation, a community, or a family to which the protagonist belongs. The story is not about individual culpability, but about the inherited stain that taints the present and haunts the collective psyche. The protagonist must wrestle with a guilt they did not personally earn but are inextricably a part of, forcing a confrontation with history and the difficult question of whether true atonement is possible for the sins of the father.",,,
UCN_id_0020,The American Dream (Critique),"This narrative interrogates the ""American Dream"" not as a promise of opportunity, but as a cruel and seductive myth that masks a system of inequality and spiritual bankruptcy. The protagonist chases the dream—of wealth, status, and happiness—only to find that the pursuit itself hollows them out, or that the finish line was always a mirage. The story is a tragedy of misplaced faith, exposing the lie at the heart of a national ethos and charting the devastating human cost of believing in a paradise that was never meant for you.",,,
UCN_id_0011,Agency of Objects (Material Agency),"This narrative perspective challenges human-centric storytelling by imbuing objects and the material world with their own form of agency or will. A house retains the memory of trauma, a weapon develops a thirst for violence, a landscape actively resists human intervention. The story explores a world where humans are not the sole actors, but are entangled with a vibrant, often inscrutable, material reality. It is a philosophical shift that decenters the human, revealing our profound co-dependence and conflict with the ""things"" we think we control.",,,
UCN_id_0005,Acceleration of Time,"This narrative theme examines the subjective experience of time speeding up, driven by technological advancement and the relentless demands of modern life. It explores the existential anxiety of a world without pause, where moments lose their texture and memory becomes a fragmented blur. The protagonist feels perpetually behind, their life a frantic race against a clock that moves ever faster. The story critiques a culture that values speed over depth, leaving individuals psychically breathless and alienated from the possibility of genuine presence.",,,
UCN_id_0080,Closure (Lack of),"This narrative theme intentionally subverts the audience's desire for a neat and tidy resolution. The story ends with ambiguity, unresolved conflicts, and unanswered questions, mirroring the untidy nature of life itself. The lack of closure is not a flaw, but a deliberate artistic choice that forces the viewer to continue grappling with the film's themes long after the credits roll. It suggests that some wounds never heal, some mysteries are never solved, and that the search for meaning is a process without a final destination.",,,
UCN_id_0375,Precariousness (Vulnerability),"This theme captures the defining condition of modern life under late capitalism: a state of constant, structural instability and vulnerability. The narrative is the story of a life without a safety net. It follows a character haunted by the quiet, pervasive terror of knowing that their job, their home, and their very existence are contingent and can be taken away at any moment. It is the story of the fragile self in an age of permanent precarity.",,,
UCN_id_0249,Initiation,"This theme centers on a formal or informal ritual that marks a character's transition from one state of being to another—from childhood to adulthood, from ignorance to knowledge, from outsider to insider. The initiation is often a brutal, painful, and psychologically transformative ordeal. The narrative explores the necessity of this symbolic death and rebirth, suggesting that a new identity cannot be achieved without the violent destruction of the old one.",,,
UCN_id_0019,Ambivalence (Inner Conflict),"This theme centers on the torment of a divided self, a character pulled in opposing directions by irreconcilable desires, duties, or beliefs. The narrative landscape is entirely internal, dramatizing the war within a single mind. The protagonist is their own antagonist. This is not simple indecision, but a profound and painful state of being where every possible choice feels like a betrayal of a fundamental part of the self. The story explores the paralyzing nature of this conflict and the immense act of will required to forge a single, unified path forward.",,,
UCN_id_0482,Therapy Culture,"This theme critically examines a culture where the language of therapy and psychological diagnosis has become the primary way of understanding the self and society. The narrative explores a world where all suffering is framed as a personal pathology to be ""fixed,"" rather than as a response to a sick society. It is a story about the privatization of misery, a subtle critique of a culture that encourages us to work on ourselves rather than to challenge the systems that are breaking us.",,,
UCN_id_0192,Freedom (The Illusion of),"This theme critically investigates the modern experience of ""freedom"" as a subtle and powerful form of control. The narrative follows a character who believes they are free because they can choose between a vast array of consumer goods, lifestyles, and identities. The story slowly reveals that these ""choices"" are pre-packaged, meaningless, and ultimately serve to reinforce the very system they believe they are rebelling against. It is the story of a cage with invisible bars, the quiet horror of a freedom that is just a more efficient form of servitude.",,,
UCN_id_0484,Time (Acceleration/Cyclical/Fragmented),"This theme deconstructs the conventional, linear experience of time. The narrative can explore the acceleration of time in the modern world, creating a sense of frantic anxiety. It can be built on a cyclical structure (Nietzschean recurrence), suggesting we are trapped in a repeating fate. Or it can be fragmented, mirroring a traumatized or disordered psyche. It is a story that uses the very form of cinematic time to make a profound philosophical argument about how we experience reality.",,,
UCN_id_0226,Humanism (Critique of),"This theme deconstructs the Enlightenment ideal of ""Man"" as the universal, rational center of the universe. The narrative reveals this figure not as a universal truth, but as a historically specific, and often violently exclusionary, construct (male, white, European). It is a story about the profound blindness of this worldview, a critique of a humanism that could only define its own humanity by systematically dehumanizing all others—animals, nature, women, and other cultures.",,,
UCN_id_0010,Agency (Loss/Lack of),"This theme delves into the existential horror of being a pawn in a game one does not understand, subject to forces beyond one's control. The protagonist is trapped within bureaucratic mazes, deterministic systems (social or cosmic), or the will of more powerful beings. Their struggle is not to win, but simply to make a single, meaningful choice that affirms their existence. The narrative questions the very nature of free will, exploring the quiet desperation of a consciousness that can perceive its own powerlessness.",,,
UCN_id_0269,Kafkaesque (Bureaucratic Nightmare),"This theme describes a nightmarish, surreal, and often darkly comedic reality where a character is trapped in a senselessly complex and oppressive bureaucratic system. The narrative is a story of profound disorientation and helplessness. The logic of the system is inscrutable, its authority is absolute and faceless, and the protagonist's attempts to navigate it only lead them deeper into the labyrinth. It is the story of the individual soul being crushed by the sheer, absurd weight of a system that has no reason.",,,
UCN_id_0008,Affective Capitalism,"This theme dissects a late-capitalist condition where emotions, relationships, and authentic experiences are themselves commodities to be packaged, marketed, and consumed. The narrative reveals a world where feelings are managed, optimized, and sold back to us as ""authentic lifestyles."" The protagonist struggles within a system where their deepest desires and anxieties are not their own, but are manufactured by forces seeking to profit from them. It is a subtle horror story about the corporate colonization of the soul.",,,
UCN_id_0469,Symbiosis,"This theme explores a relationship of profound, and often pathological, mutual dependence. The narrative follows two characters who are so deeply intertwined that the boundary between their individual selves has begun to dissolve. This can be portrayed as a beautiful form of unity, but more often it is a terrifying story of co-dependence and a loss of autonomy. It is a story about the horror of a relationship where two people cannot survive without each other, a cage for two built of a toxic, inescapable intimacy.",,,
UCN_id_0076,Childhood (Trauma),"This theme explores a traumatic childhood event not as a memory, but as the secret, invisible architect of the adult psyche. The narrative is a psychological ghost story, where the protagonist's present-day anxieties, relationships, and self-destructive patterns are revealed to be the haunting echoes of a single, foundational wound. It is a story of tragic determinism, suggesting that the child is not the father of the man, but the ghost that forever paces the rooms of the house he will become.",,,
UCN_id_0267,Justice (The Failure of),"This theme explores a world where the very mechanisms of justice—the courts, the laws, the social codes—are revealed to be either corrupt, impotent, or fundamentally unjust. The narrative is a tragedy of righteousness. It follows a character's desperate quest for justice in a system that is designed to deny it. It is a story about the profound, soul-crushing disillusionment that comes from discovering that the moral order one believed in was a lie, and the difficult, often violent, question of what one does next.",,,
UCN_id_0172,Failure (Contagion of),"This theme explores failure not as an individual event, but as a contagious psychological virus that can spread through a family, a group, or an entire community. The narrative is a story of a spreading stain. It follows how one person's despair or collapse can infect others, creating a shared culture of hopelessness and self-sabotage. It is a pessimistic story about the terrifying power of a negative worldview to become a self-fulfilling prophecy for everyone it touches.",,,
UCN_id_0297,Materialism,"This theme explores materialism not just as a consumerist attitude, but as a philosophical worldview that denies the existence of anything beyond the physical, measurable world. The narrative often follows a staunch materialist whose tidy, rational worldview is shattered by an encounter with an event that cannot be explained—a ghost, a miracle, a profound moment of love or grief. It is a story about the limits of a purely materialist understanding and the human psyche's persistent need for transcendence, mystery, and meaning.",,,
UCN_id_0339,Nostalgia (As Trap),"This theme explores nostalgia as a profound, seductive, and ultimately deadly form of temporal poison. The narrative follows a character who does not just remember the past, but actively seeks to live within it, refusing the painful reality of the present. It is the story of a ghost haunting their own life. The theme suggests that an idealized past is the most beautiful and inescapable of all prisons, a golden cage that slowly and gently suffocates the soul by protecting it from the difficult, necessary work of living in time.",,,
UCN_id_0030,Architecture of Control,"This theme explores physical space not as a neutral container, but as a deliberate and powerful instrument of social and psychological control. The narrative reveals how the design of a prison, a school, a city, or even a home is an architecture of power, designed to shape behavior, enforce hierarchies, and produce compliant subjects. It is a story about the invisible ways in which the walls around us are also walls within us.",,,
UCN_id_0383,Provincialism (The Small Town),"This theme explores provincialism not as a geographic location, but as a state of mind. It is the story of a worldview that is insular, suspicious of outsiders, and fiercely resistant to change or complexity. The narrative is a critique of this willed blindness. It follows a character who is a prisoner of this mindset, unable to imagine a world beyond the narrow, comforting, and often violently enforced boundaries of their own small tribe.",,,
UCN_id_0105,Cruelty (Aesthetics of),"This theme explores the disturbing, often seductive, formal beauty that can be found in acts of cruelty. The narrative aestheticizes violence, not to glorify it, but to force a confrontation with our own unsettling spectatorship. It is a story told with a cold, precise, and often beautiful visual style that stands in horrifying contrast to the brutality of its subject matter. It is a theme that questions the relationship between beauty and morality, suggesting that the most terrifying things can also be the most exquisitely rendered.",,,
UCN_id_0154,Empathy (Failure of),"This theme explores the failure of empathy not as a simple lack of compassion, but as a profound and terrifying inability to imagine the subjective reality of another person. The narrative centers on a character who is incapable of bridging this gap, seeing others only as objects for their use or obstacles to their goals. It is a story about the root of all cruelty and misunderstanding, suggesting that the most horrific acts are born from the simple, terrifying inability to believe that another person's pain is real.",,,
UCN_id_0319,The Monstrous-Feminine,"This theme explores the figure of the woman who is monstrous precisely because she embodies everything that a patriarchal order fears and represses: uncontrollable sexuality, the terrifying power of procreation, the abyss of the irrational. The narrative is often a horror story told from the male perspective, a story of profound castration anxiety. It is a theme about the terrifying power of a femininity that refuses to be tamed, a violent return of the repressed that threatens to devour the world of men.",,,
UCN_id_0140,Domestic Entrapment,"This theme explores the home not as a sanctuary, but as a gilded cage, a site of profound and often invisible imprisonment. The narrative is a gothic story of the everyday, revealing the quiet horror, simmering violence, and suffocating expectations that can be hidden behind the closed doors of a seemingly perfect family life. It is a story about the tyranny of the familiar, a critique of the domestic ideal that suggests the most terrifying prisons are the ones we are supposed to love.",,,
UCN_id_0139,The Divided Self,"This theme explores the internal fragmentation of the psyche, portraying a character who is at war with themselves. They are torn between conflicting desires, personas, or moralities (e.g., the respectable doctor and the depraved hedonist). The narrative dramatizes this internal battle, where the protagonist is their own worst enemy. It is a story about the struggle for psychic integration, the terrifying possibility that we are not one unified self, but a chaotic committee of warring factions trapped in a single body.",,,
UCN_id_0153,Emotional Labor,"This theme explores the invisible, unacknowledged, and often exhausting work of managing one's own and others' emotions to fulfill the demands of a job or a social role. The narrative is a story of a hidden performance. It follows a character who must constantly manufacture a smile, suppress their anger, or soothe a fragile ego. It is a critique of a service economy and a patriarchal society that disproportionately demands this draining, soul-killing labor from certain people, revealing it as a profound and uncompensated form of exploitation.",,,
UCN_id_0496,Truth (Crisis of),"This theme explores the postmodern condition of ""truth decay,"" a world where the very distinction between truth and falsehood has become unstable and contested. The narrative plunges into a disorienting reality of ""alternative facts,"" conspiracy theories, and weaponized disinformation. It is a story about the profound anxiety and paranoia of living in a world where you can no longer believe what you see or hear. It questions whether a shared reality is still possible, or if we are doomed to live in separate, warring fictions.",,,
UCN_id_0341,Objectification,"This theme explores the profound psychic violence of objectification, the act of reducing a sentient being with a rich inner life into a mere ""thing"" for use, consumption, or aesthetic pleasure. The narrative is often told from the perspective of the one being objectified, capturing the horror and alienation of being looked at but not seen. It is a story about the denial of subjectivity, a critique of a gaze that strips the soul away, leaving only a surface.",,,
UCN_id_0480,Testimony,"This theme explores the profound, difficult, and often dangerous act of bearing witness to an unspeakable truth. The narrative follows a character who must give testimony about a trauma, a crime, or a historical injustice. It is a story about the immense burden of being a survivor and the struggle to find a language for experiences that defy words. The theme suggests that testimony is not just a recounting of facts, but a courageous, world-changing ethical act that demands a listener who is willing to share the burden of knowing.",,,
UCN_id_0036,Assimilation,"This theme explores the profound, often violent, pressure to abandon one's cultural or individual identity to conform to a dominant group. The narrative charts the psychological cost of this process: the loss of self, the betrayal of one's origins, and the haunting sense of being a stranger to both one's old and new communities. It is a story of erasure, questioning whether the security of belonging is worth the price of self-annihilation, and dramatizes the quiet acts of resistance that keep the old identity alive in secret.",,,
UCN_id_0289,Manipulation,"This theme explores the subtle, often invisible, art of psychological manipulation. It is the story of a character whose primary weapon is language and an intuitive understanding of others' weaknesses. The narrative is a chilling chess game, following the manipulator as they skillfully plant doubts, exploit desires, and rewrite the reality of their victim. It is a theme about the terrifying fragility of the human mind and the ease with which our perception of the world can be hijacked by a more powerful will.",,,
UCN_id_0017,Alternate Realities/Timelines,"This theme explores the terrifying and seductive idea that reality is not fixed, but is one of many possible outcomes. The narrative fractures a single timeline, presenting ""what if"" scenarios that haunt the protagonist with the ghosts of lives unlived and choices unmade. It is a story about the tyranny of consequence and the deep human longing to undo the past. By collapsing the distinction between the real and the possible, it questions the very substance of identity: are we defined by the life we live, or by the infinite lives we could have lived?",,,
UCN_id_0072,Causality (Breakdown of),"This theme explores the terrifying collapse of rational cause and effect. The narrative plunges into a world where the fundamental laws of logic have dissolved, and events are connected not by reason, but by a dreamlike, associative, or malevolent logic. It is a story of profound cognitive vertigo, the horror of a universe that is not just random, but actively hostile to our understanding, where the very act of thinking becomes a form of madness.",,,
UCN_id_0137,Distorted Caregiving,"This theme explores the terrifying perversion of nurture. It is the story of a relationship of ""care"" that is secretly a form of control, abuse, or vampiric consumption. The narrative follows a character who is being ""cared for"" in a way that is slowly suffocating or destroying them. It is the story of the Munchausen-by-proxy mother, the controlling spouse, the cult leader. It is a profound horror story about the twisting of our most sacred bond, revealing how the language of love can be used to disguise the most monstrous forms of violence.",,,
UCN_id_0152,Emergency (State of Exception),"This theme explores the terrifying political moment when the normal rule of law is suspended in the name of an ""emergency."" The narrative, in the spirit of Agamben, is a story about the creation of a gray zone where the state has the power to act with absolute, unchecked violence. It is a story about the fragility of rights and the ease with which a civilized society can slide into tyranny, suggesting that the ""state of exception"" is not the exception, but is slowly becoming the new, permanent norm.",,,
UCN_id_0306,Memory (Persistence of),"This theme explores the tragic, often maddening, inability to forget. The narrative is the story of a character who is a prisoner of a perfect, indelible memory. Unlike nostalgia, this is not an idealized past, but a past that persists in the present with a terrifying, high-definition clarity. It is a story about the curse of total recall, suggesting that a crucial part of our humanity and our ability to move forward is the gentle, necessary mercy of forgetting.",,,
UCN_id_0114,Decay (Aesthetics of),"This theme finds a profound, melancholic beauty in the process of decay, ruin, and decomposition. The narrative aestheticizes the decrepit—a crumbling building, a fading photograph, a decaying body. It is not a morbid obsession, but a philosophical meditation on time, transience, and the poignant beauty of impermanence. It is a story that challenges our culture's fear of aging and decay, suggesting that there is a deep, quiet, and truthful form of beauty to be found in the way all things fall apart.",,,
UCN_id_0043,Banal Enforcement,"This theme finds terror not in monstrous villains, but in the unthinking functionary, the cheerful bureaucrat who is ""just doing their job."" Banal Enforcement is the mechanism by which atrocities are carried out with paperwork, polite smiles, and a chilling lack of malice. The narrative exposes the horror of systems that delegate cruelty to individuals who have abdicated their moral reasoning for the sake of procedure. It reveals that the most terrifying evil is the one that sees itself as mundane, necessary, and utterly ordinary.",,,
UCN_id_0245,Inevitability,"This theme imbues a narrative with a powerful, often tragic, sense of fatalism. The story is structured in such a way that the final outcome feels pre-ordained from the very first frame. The characters' struggles and choices, while heartfelt, are ultimately powerless against the crushing momentum of what is ""meant to be."" The feeling of inevitability creates a profound sense of pathos, a meditation on the human struggle against a destiny that has already been written.",,,
UCN_id_0002,Absent Authority,"This theme investigates a world where the structures of power and guidance—be it a parent, a government, or God—are not oppressive, but simply missing. This absence creates a vacuum where rules are undefined and morality is untethered. The narrative follows characters adrift in this terrifying freedom, forced to become their own lawgivers in a silent universe. It is a subtle horror story about the burden of total self-reliance and the quiet chaos that ensues when the throne of judgment is found to be empty.",,,
UCN_id_0039,Authority (Oppressive),"This theme investigates authority not as a failing concept, but as a crushing, omnipresent force that actively seeks to dismantle individuality for the sake of order. The narrative tension arises from the friction between the human spirit's desire for self-expression and a monolithic system (a state, a corporation, a social doctrine) that demands absolute conformity. Stories centered on oppressive authority explore the psychological cost of submission, the terrifying mechanics of control, and the incandescent, often tragic, acts of defiance that affirm one's humanity against overwhelming power.",,,
UCN_id_0121,Denial,"This theme investigates denial not as simple dishonesty, but as a powerful, unconscious defense mechanism that protects the psyche from a reality too painful to consciously accept. The narrative follows a character whose entire life is structured around avoiding a single, catastrophic truth. The story's tension builds as reality relentlessly intrudes, forcing cracks in the protagonist's carefully constructed fortress of denial. It is a drama about the immense energy required to not-know something, and the inevitable, often explosive, moment when knowledge can no longer be held back.",,,
UCN_id_0115,Deception,"This theme investigates the act of deception as a fundamental force in human relationships, moving beyond simple lies to explore the creation of entire false realities. The narrative can follow the intricate machinations of the deceiver or the dawning horror of the one being deceived. It examines the psychological toll of maintaining a lie and the vertiginous moment when the truth is revealed, shattering the foundations of trust and memory and forcing a re-evaluation of all that came before.",,,
UCN_id_0089,Complicity,"This theme investigates the subtle, creeping horror of becoming an accomplice to wrongdoing, not through active malice, but through silence, inaction, or the quiet enjoyment of its benefits. The narrative follows a character who gradually realizes their hands are not clean, that their comfort is built on the suffering of others. It is a story about the abdication of moral responsibility and the self-deception required to live with one's own complicity, posing the uncomfortable question: at what point does passive acceptance become active participation in evil?",,,
UCN_id_0125,Destiny,"This theme investigates the tension between individual free will and the idea of a predetermined, inescapable fate. The narrative is structured to reveal a pattern, a hidden script that governs the protagonist's life, making their choices feel both free and yet somehow inevitable. It is a story that feels like a Greek tragedy or a complex prophecy unfolding, posing the ultimate question: Are we the authors of our lives, or are we merely characters discovering the roles we were always fated to play?",,,
UCN_id_0525,Whiteness (The Invisible Norm),"This theme is a critical investigation of whiteness not as a race, but as a powerful, invisible, and often violent political and cultural norm that structures reality by presenting itself as the default, universal human experience. The narrative is a story that makes this invisible norm visible. It can be a story that explores the profound, often unacknowledged, psychological wages of whiteness, or the violent ways in which this norm is enforced upon those who do not conform.",,,
UCN_id_0516,Virtue Signaling,"This theme is a critique of a modern form of morality that is not about being good, but about being seen to be good. The narrative follows a character whose ethical life is a public performance, a carefully curated brand of righteousness designed to accumulate social capital. It is a story about the hollowing out of virtue, a cynical exploration of a world where the appearance of goodness has become more important than goodness itself, and where the most profound moral statement is a perfectly crafted tweet.",,,
UCN_id_0523,Waste,"This theme is a meditation on what is discarded, left over, and deemed worthless. The narrative can be set in a literal landscape of waste—a garbage dump, a junkyard—or it can be about wasted lives, wasted potential, wasted time. It is a story told from the perspective of the refuse. The theme functions as a powerful critique of a culture of consumption and disposability, finding a strange, melancholic beauty and a profound truth in the things and people that society has thrown away.",,,
UCN_id_0414,Romanticism (Critique of),"This theme is a powerful critique of the Romantic worldview, exposing its valorization of the individual ego, raw emotion, and the sublime as a potentially narcissistic, solipsistic, and politically naive philosophy. The narrative follows a ""Romantic"" hero, only to reveal that their passionate quest for self-realization is often a destructive force, blind to the realities and the suffering of others. It is the story of a beautiful ideal that curdles into a monstrous form of selfishness.",,,
UCN_id_0379,Progress (Myth of),"This theme is a powerful, often tragic, critique of the Enlightenment myth of linear, inevitable progress. The narrative deconstructs the idea that history is a story of constant improvement. It reveals the hidden violence, the forgotten victims, and the profound losses that are concealed by the triumphant narrative of progress. It is a pessimistic but clear-eyed story that suggests history is not an upward line, but a chaotic, cyclical, and often monstrous process where every step forward is paid for with a secret, bloody price.",,,
UCN_id_0391,The Rashomon Effect (Subjective Truth),"This theme is a profound epistemological crisis, the terrifying collapse of objective truth into a series of irreconcilable, subjective realities. The narrative presents a single, pivotal event from multiple, contradictory perspectives. It is a story that refuses to give the audience the comfort of a definitive ""what really happened."" It is a theme that suggests that the world is not a single, shared territory, but a collection of private, warring fictions, and that truth is not a thing to be found, but a battle to be won.",,,
UCN_id_0151,Embodiment (The Lived Body),"This theme is a rebellion against the idea of the mind as separate from the body. It explores the profound truth that we do not have a body, we are a body. The narrative focuses on the ""lived experience"" of the body—its pains, its pleasures, its relationship with the world. It is a story told through visceral sensation, suggesting that our deepest knowledge of reality comes not from abstract thought, but from the fragile, mortal, and intelligent flesh we inhabit.",,,
UCN_id_0509,Violence (Aestheticized),"This theme is about the deeply unsettling, and often seductive, act of rendering violence as formally beautiful. The narrative is a story that forces a confrontation with our own spectatorship. It uses slow motion, elegant choreography, and beautiful cinematography to frame acts of brutality. It is not a glorification, but a profound and disturbing question: Why do we find beauty in the spectacle of suffering? It is a theme about the terrifying, amoral power of the aesthetic itself.",,,
UCN_id_0075,Childhood (Corrupted Innocence),"This theme is about the tragic, violent moment of contact between the sacred space of childhood innocence and the profane, complex, and often predatory adult world. The narrative is a story of a wound. It is not about a gradual coming of age, but about a specific, shattering event that poisons the well of memory and forces a child to acquire a terrible, premature knowledge. It is a lament for a paradise that was not simply lost, but was actively invaded and destroyed.",,,
UCN_id_0170,Exposure,"This theme is about the violent, often shaming, act of being seen. It is the moment when a character's secret, vulnerability, or private self is unwillingly dragged into the public light. The narrative explores the terror of losing control over one's own story, of being defined by a single, exposed facet of oneself. It is a profoundly modern theme, grappling with a world of surveillance and social media where the boundary between the private and the public has collapsed, and everyone is vulnerable to the tyranny of the gaze.",,,
UCN_id_0399,Remediation,"This theme is about the way new media absorbs, reframes, and represents old media. The narrative is a story that is conscious of its own mediated nature. It can be a film about the internet that is structured like a webpage, or a story about television that is told through the aesthetic of a VHS tape. It is a theme about the ghosts in the machine of media, the story of how older ways of seeing never truly die, but continue to haunt the present in new, often strange and distorted, forms.",,,
UCN_id_0374,Power Dynamics,"This theme is the fundamental, omnipresent, and often invisible force that structures all human relationships. The narrative is an anatomy of power. It moves beyond simple notions of victim and perpetrator to reveal the subtle, fluid, and often unconscious ways in which power is negotiated, asserted, and subverted in every interaction—between lovers, family members, or coworkers. It is a story that suggests that every human encounter, no matter how intimate, is a political act.",,,
UCN_id_0006,Accountability,"This theme moves beyond simple blame to explore the profound, often terrifying, act of taking ownership of one's actions and their consequences in a world that encourages deflection. A narrative of accountability is the story of a character who stops running—from their past, their mistakes, or their complicity—and chooses to face the moral or existential debt they have accrued. It is a grueling journey towards integrity, questioning whether true redemption is possible or if the act of accounting for oneself is its own painful reward.",,,
UCN_id_0060,Bureaucracy,"This theme portrays bureaucracy not as an inefficient system, but as a malevolent, labyrinthine entity with a logic of its own, impervious to human reason or compassion. The narrative follows a protagonist trapped in a maze of paperwork, regulations, and faceless officials, where the process itself is the punishment. It is a story of absurdist horror, exposing a system that dehumanizes individuals by reducing them to case files and statistics, and demonstrating how Kafkaesque procedures can become a potent, soul-crushing form of modern-day tyranny.",,,
UCN_id_0200,Generational Conflict,"This theme portrays the conflict between generations as an inevitable, tragic, and fundamental engine of history. It is not a simple disagreement, but a clash of worldviews, where the older generation clings to a world they built and understand, while the younger generation sees that same world as a prison to be destroyed. The narrative explores the mixture of love and violence in this dynamic, suggesting that for the new to be born, the old must be symbolically, and sometimes literally, overthrown.",,,
UCN_id_0046,Becoming,"This theme reframes identity not as a static state of 'being', but as a dynamic, fluid, and often painful process of 'becoming'. It posits that the self is never finished, but is constantly in a state of formation and dissolution, shaped by choices, traumas, and relationships. A narrative of becoming focuses on the messy, contradictory journey of transformation. It challenges the idea of a core, essential self, suggesting instead that we are a perpetual work-in-progress, always shedding old skins and moving toward a future self that is not yet known.",,,
UCN_id_0022,The Animalistic (Non-Human Perspective),"This theme seeks to dismantle human arrogance by adopting a non-human, animalistic point of view. The narrative decenters human language, logic, and morality, instead prioritizing instinct, sensory experience, and the brutal, amoral cycles of nature. It forces the audience to see the world—and humanity itself—from the outside, as a strange, often destructive species. It is a radical act of empathy that questions our assumed superiority and reveals the primal, animal consciousness that still slumbers within our civilized selves.",,,
UCN_id_0298,Maternal Ambivalence,"This theme shatters the sacred myth of the all-loving mother. It is a story about the profound, often taboo, and deeply human ambivalence of motherhood—the simultaneous experience of overwhelming love and suffocating resentment, of fierce protection and the secret desire to escape. The narrative is a courageous exploration of the ""dark side"" of the maternal, giving voice to a complex psychological reality that is often silenced by cultural pressure to be a perfect, nurturing icon.",,,
UCN_id_0049,Belonging,"This theme taps into the primal human need to be part of a tribe, a family, a community. The narrative drive can stem from the desperate, often compromising, quest for acceptance by an outsider. Conversely, it can explore the suffocating, soul-crushing nature of a group that demands the sacrifice of individuality for the security of belonging. At its core, this theme examines the tension between identity and community, and the profound ache of loneliness that exists in the space between being an outcast and being subsumed.",,,
UCN_id_0438,Sibling Rivalry,"This theme uses the sibling relationship as a primal, intense, and inescapable crucible for the forging of identity. It is the story of a lifelong battle for love, recognition, and psychic territory fought against the person who is both most like you and most radically ""not you."" The narrative explores the complex, often toxic, brew of love, envy, resentment, and profound intimacy that defines this foundational rivalry, suggesting that we are forever haunted and shaped by the first mirror and first enemy we ever knew.",,,
UCN_id_0196,The Gaze (Male/Patriarchal),"This theme, central to feminist film theory, is about the powerful, objectifying gaze that frames the world and the female body from a masculine, heterosexual perspective. The narrative is a critique of this gaze. The film's very cinematography makes the audience aware of this act of looking, revealing how the camera itself can be a weapon of objectification. It is a story about the politics of seeing, and the struggle to find a way of looking that is not an act of possession.",,,
UCN_id_0500,The Unconscious Desire,"This theme, central to psychoanalysis, explores the powerful, hidden, and often forbidden desires that secretly govern our conscious lives. The narrative is a story of symptoms. The protagonist's strange behaviors, slips of the tongue, and seemingly irrational choices are revealed to be the disguised manifestations of a deep, unconscious wish. It is a theme that suggests we are strangers to ourselves, driven by a secret script written in a language our conscious minds cannot understand.",,,
UCN_id_0204,The Geopolitical Aesthetic,"This theme, drawing from Fredric Jameson, is about the difficult, often impossible, task of representing the vast, abstract, and invisible forces of the global capitalist system within a single narrative. The narrative is a conscious attempt to map this unmappable system. It uses conspiracy, paranoia, and fragmented, international settings to gesture towards the immense, interconnected web of power that secretly shapes our individual lives. It is the story of a world where the most important character—the System itself—can never truly appear on screen.",,,
UCN_id_0106,Cruel Optimism,"This theme, drawing from Lauren Berlant, is about the secret, toxic relationship we have with our own desires. It is the story of a character's persistent, self-destructive attachment to a dream that is not only unattainable, but is actively harmful. The narrative follows this ""cruel optimism,"" showing how the very thing that the character believes will save them (a relationship, a career, a fantasy) is the very thing that is slowly destroying them. It is the tragedy of a hope that has become a poison.",,,
UCN_id_0416,The Sacred and The Profane,"This theme, drawing from Mircea Eliade, is about the fundamental, violent division of reality into two irreconcilable realms. The Sacred is the zone of absolute, timeless, and terrifying meaning, while the Profane is the world of ordinary, contingent, historical existence. The narrative is the story of a rupture, a ""hierophany,"" the terrifying moment when the Sacred erupts into the Profane world, shattering its fragile reality and confronting a human being with the terrifying, awesome power of the truly Real.",,,
UCN_id_0498,Ugly Feelings,"This theme, drawing from the theorist Sianne Ngai, finds profound narrative power in the ""ugly feelings""—the non-cathartic, politically ambiguous, and often chronic emotions like envy, irritation, and paranoia. The story rejects grand passions in favor of these smaller, more persistent and uncomfortable states. It is a form of quiet, intimate realism that suggests that our lives are often shaped less by dramatic emotions and more by these nagging, inglorious, and deeply human feelings.",,,
UCN_id_0473,Taste (Cultural Capital),"This theme, indebted to Bourdieu, deconstructs taste not as an innate personal preference, but as a powerful, learned, and deeply political form of ""cultural capital."" The narrative is a story about the invisible weapons of class warfare. It follows a character's struggle to navigate a world where their ""taste"" is used to mark them as either legitimate or illegitimate. It is a critique of the hidden, often cruel, ways in which aesthetics are used to enforce and naturalize social hierarchies.",,,
UCN_id_0130,Discourse and Power,"This theme, indebted to Foucault, explores the profound, inescapable link between language (""discourse"") and power. The narrative reveals that the way we talk about things—madness, sexuality, crime—is not neutral, but is a powerful act that creates reality, defines truth, and enforces social control. It is a story about the struggle over the power to name. The theme suggests that the ultimate form of power is not the power to command, but the power to control the very language and categories through which we understand the world.",,,
UCN_id_0486,Tragedy,"Tragedy is the theme of the noble, but doomed, struggle of a great soul against an overwhelming fate or a fatal flaw in their own character. The narrative is not merely sad; it evokes a profound sense of awe and terror (pity and fear, in Aristotle's terms). It is the story of a fall from a great height. The theme suggests a pessimistic but deeply humanistic worldview: that even in our inevitable defeat, there is a profound dignity and beauty in the human struggle against the impossible.",,,
UCN_id_0488,Transgression (Boundary Crossing),"Transgression is the theme of the deliberate, often exhilarating and terrifying, act of crossing a sacred, moral, or social boundary. The narrative is a story of ""going too far."" The protagonist is driven by curiosity, desire, or hubris to violate a fundamental taboo. It is a theme, in the spirit of Bataille, that explores the profound, often erotic, link between pleasure, knowledge, and the forbidden, suggesting that we only discover the limits of who we are by daring to cross them.",,,
UCN_id_0492,Trauma,"Trauma is investigated as a wound in time. It is the story of a past event so catastrophic that it cannot be integrated into the normal flow of memory, and so it continues to erupt, unbidden, into the present. The narrative is often fragmented and non-linear, mirroring the fractured psyche of the traumatized character. It is a story about the haunting power of an experience that is not over, suggesting that the past is not something we remember, but something we are forced, endlessly, to relive.",,,
UCN_id_0495,Trust,"Trust is explored as a fragile, courageous, and perhaps irrational leap of faith into the unknowable inner world of another. The narrative is built around the immense vulnerability of this act. To trust is to give another person the power to destroy you. The story's drama comes from the agonizing tension of whether that trust will be honored or betrayed. It is a theme that suggests that all meaningful human connection is built not on certainty, but on this terrifying and beautiful gamble.",,,
UCN_id_0359,Pastiche,"Unlike parody, pastiche is the theme of imitation without a critical or satirical edge. The narrative is a collage of dead styles, a story that speaks in the borrowed, ghostly language of a previous era's cinema. It is a theme, often associated with postmodernism, that explores a world where true originality is no longer possible. It is the story of a culture that can only look backwards, a melancholic meditation on the end of history, where the only thing left to do is to lovingly, and perhaps sadly, recombine the fragments of the past.",,,
UCN_id_0504,Utopia,"Utopia is explored as a beautiful, necessary, but ultimately dangerous human dream. The narrative can be a story about the attempt to build a perfect society, which inevitably collapses into dystopia because it cannot account for the messiness of human nature. Or, it can be a more melancholic story about the profound human longing for utopia, the ""no-place"" that we need to dream of in order to endure the imperfections of our real world. It suggests the map to utopia is also the blueprint for a perfect prison.",,,
UCN_id_0506,Vanity,"Vanity is the theme of the tragic, and often ridiculous, human obsession with the perishable surface of things: beauty, youth, fame, and reputation. The narrative is a story of a character who builds their entire identity on this fragile foundation. It is a meditation on the terror of irrelevance and the desperate, doomed struggle against the ravages of time. The theme reveals the profound emptiness that lies beneath a life dedicated to the worship of an image in a mirror that is destined to crack.",,,
UCN_id_0517,Visibility,"Visibility is explored as a profoundly ambivalent and dangerous form of power. The narrative can be a story about the struggle for visibility, the fight of a marginalized group to be seen and recognized by a society that has rendered them invisible. But it can also be a story about the terror of becoming visible to a powerful, hostile gaze—the terror of the dissident, the whistleblower, the refugee. It is a theme that understands that to be seen is to be vulnerable, and that visibility can be both a form of liberation and the first step towards one's own destruction.",,,
UCN_id_0520,Vulnerability,"Vulnerability is portrayed not as a weakness, but as a courageous and necessary state of openness. It is the story of a character who chooses to let down their armor in a world that is hostile and dangerous. The narrative explores the immense risk and profound power of this act. It is a theme that suggests that all true connection, love, and growth are impossible without the radical, terrifying act of making oneself vulnerable to another, and to the world.",,,
UCN_id_0522,War,"War is investigated not as a glorious conflict, but as a totalizing, surreal, and soul-destroying environment that reduces human beings to their most primal functions. The narrative moves beyond the battlefield to explore war as a state of madness, a world with its own absurd logic and brutal morality. It is a theme about the profound, often invisible, trauma that war inflicts on the psyche, a story that asks what remains of a person after they have passed through the absolute, dehumanizing crucible of organized violence.",,,
UCN_id_0528,Wonder,"Wonder is the theme of the profound, often childlike, and sacred experience of seeing the world as if for the first time. It is a story about the temporary suspension of our cynical, rational, and disenchanted modern consciousness. The narrative is a quest to reclaim this sense of wonder. It is a theme that suggests that the world is far stranger, more beautiful, and more mysterious than our adult minds allow us to believe, and that the capacity for wonder is not a form of naivety, but a vital spiritual faculty.",,,
UCN_id_0532,Youth,"Youth is explored not as a biological stage, but as a powerful, beautiful, and often tragic mythological state of being. It is the story of a consciousness characterized by infinite potential, a ferocious intensity of feeling, and a profound, sacred ignorance of the limits of life. The narrative is often a lament for this lost state, a meditation on the cruel, necessary process by which the burning, limitless energy of youth is slowly extinguished by the compromises and erosions of time and experience.",,,