keyword,theorist,concept_purpose,paper_title,paper_authors,journal,volume_issue,year,paper_url,paper_argument,access
platformativity,Thomas Lamarre,Lamarre coined platformativity (a performativity via platforms) to capture the infra-individual interactions between platform and human and to challenge media studies' treatment of regions as passive while overstating platforms' dynamism.,Reformatting the stream: platformativity and the collapse of platform-area borders,Eason Lu,Screen,Vol 67 No 1,2026,https://doi.org/10.1093/screen/hjag008,"Applies Lamarre's platformativity to streaming media to argue that the feel of platforms plays with and against received geopolitical forms, theorizing how streaming collapses borders between platform and area/region.",abstract-only
hauntology,Jacques Derrida,"Derrida coined hauntology in Spectres of Marx (1994) to describe how the present is perpetually haunted by unresolved ghosts of the past and unrealized futures, displacing ontology with a logic of spectral return.",The hauntological essay film: navigating historical memory and collective trauma in The Image You Missed,James Slaymaker,Screen,Vol 66 No 3,2025,https://doi.org/10.1093/screen/hjaf032,"Reads Donal Foreman's essay film The Image You Missed (about the filmmaker's father and Northern Ireland's Troubles) as a hauntological essay film that navigates collective trauma and historical memory through spectral, archival returns.",OA
nuclear criticism,Jacques Derrida,"Derrida's Nuclear Criticism (No Apocalypse, Not Now, 1984) theorizes nuclear war as a fabulously textual event that, being unprecedented and total, can only be anticipated rhetorically and never represented or survived as referent.",(Un)moving images of the Third World War: nuclear narrative and nuclear aesthetic of Chris Marker's La Jetee,Min-Kyoo Kim,Screen,Vol 66 No 1,2025,https://doi.org/10.1093/screen/hjaf004,"Argues Chris Marker's La Jetee (1962) exposes the Faustian terms of Gaullist France's nuclear program and, through its photo-roman aesthetic, both pre-empts and circumnavigates Derrida's claim about the impossibility of representing nuclear apocalypse.",abstract-only
queer polylocality,Alvin K. Wong,"Wong proposes polylocality to conceptualize the incommensurable, messy entanglements of queer temporality, postmodern spatiality and urbanism in Asian media, against the lingering Eurocentrism of queer TV studies.","Queering BL televisuality across Asia: queer polylocality across Thailand, Hong Kong and South Korea",Alvin K. Wong,Screen,Vol 66 No 1,2025,https://doi.org/10.1093/screen/hjaf008,"Uses polylocality to compare a 2022 Thai BL series and a 2022 Korean BL vampire series, arguing the framework captures the transregional, heterogeneous time-space of queer (post)modernity in Asian Boys' Love television.",OA
melodramatic mode,Peter Brooks,Brooks's melodramatic mode (The Melodramatic Imagination) theorizes melodrama not as a genre but as a post-sacred mode of excess and moral legibility that dramatizes hidden ethical forces in a secular world.,Registers of the melodramatic mode: the 1980s heroic bloodshed cycle in the history of the Hong Kong crime film,Kristof Van den Troost,Screen,Vol 65 No 2,2024,https://doi.org/10.1093/screen/hjae020,"Argues the 1980s Hong Kong heroic bloodshed cycle operates across different registers of the melodramatic mode: melodrama (A Better Tomorrow), realism (Law with Two Phases) and modernism (City on Fire).",abstract-only
cinephilia,Thomas Elsaesser,"Elsaesser theorized cinephilia as an affective, memory-laden relation to film marked by repetition, belatedness and the second viewing, reshaped by new media technologies.","'If I can change': multigenerational cinematic franchises, retconning, and the spectre of Rocky IV",David McGowan,Screen,Vol 66 No 2,2025,https://doi.org/10.1093/screen/hjaf022,Modifies Elsaesser's theories of cinephilia (for streaming-era viewing) to analyze retconning in the Rocky franchise and the 2021 re-edit Rocky IV: Rocky vs. Drago.,abstract-only
the commons,Elinor Ostrom,"Ostrom theorized the commons (Governing the Commons) as shared resources sustainably self-governed by communities, countering the tragedy of the commons assumption that shared resources inevitably collapse without private or state control.","Contesting screens of energy: Gaia, the commons and infrastructure",Hideaki Fujiki,Screen,Vol 66 No 1,2025,https://doi.org/10.1093/screen/hjaf002,"Reads two Japanese documentaries (The Message of Gaia, Silent Revolution) as contested socio-ecological visions of energy, mobilizing the commons to position community-managed energy infrastructure as a site of anti-extractive collective governance.",abstract-only
smart cinema,Jeffrey Sconce,"Sconce coined smart film/smart cinema (Screen, 2002) to name a post-1990s mode of ironic, blank, tonally detached art cinema positioned between Hollywood and the avant-garde.",A blockbuster art film for the neoliberal age: blank style and 'smart' aesthetics in Maren Ade's screwball tragedy Toni Erdmann,Hester Baer,Screen,Vol 66 No 4,2025,https://doi.org/10.1093/screen/hjaf036,Reads Maren Ade's Toni Erdmann (2016) as a screwball tragedy whose blank style and smart aesthetics formally register neoliberal precarity and the global economy's reshaping of psychic and social life.,abstract-only
real abstraction,Alfred Sohn-Rethel,"Sohn-Rethel's real abstraction (Intellectual and Manual Labour) argues that abstract conceptual thought derives historically from the material abstraction performed in commodity exchange, not from pure cognition.",(Im)material abstractions: visions of cryptocurrency in Ivar Veermae's The Flood (2018),Toby Ashworth,Screen,Vol 67 No 1,2026,https://doi.org/10.1093/screen/hjag004,Reads Ivar Veermae's installation The Flood (on an Estonian oil-shale mine/power plant) through Marx and Sohn-Rethel's real abstraction to argue cryptocurrency forces a rethinking of the real via its simultaneous immateriality and material extractive localization.,abstract-only
extractivism,Macarena Gomez-Barris,"Gomez-Barris (The Extractive Zone) theorizes extractivism and the extractive view as a colonial-capitalist mode of perceiving land and peoples as exploitable resources, against which she posits Indigenous submerged perspectives.",Disorienting cinema: sensing beyond extractivism in the Peruvian Amazon,Martina Broner,Screen,Vol 66 No 3,2025,https://doi.org/10.1093/screen/hjaf033,"Reads Rio verde: el tiempo de los yakurunas (Sarmiento, 2017), set in an Indigenous Amazonian community, as a disorienting cinema that produces sensory modes of perception resisting extractivist logics.",abstract-only
visibility politics,Nicholas Mirzoeff,"Visibility politics (in Mirzoeff's right-to-look lineage) names how being rendered visible to representation and surveillance is simultaneously a claim to recognition and a vector of control, explaining why the demand for representation can trap marginalized groups in the apparatus that subjugates them.",Speculating in Latent Space: Visibility Politics and the Impasse of Representation in Generative AI,Gary Kafer,JCMS,Vol 64 No 2,2025,https://doi.org/10.1353/cj.2025.a951188,"Through close reading of text-to-image programs, argues that generative AI operates on a gap between human and machine perception that forecloses identity-based representational speculation, marking an impasse for marginalized visibility politics.",abstract-only
glitch,Legacy Russell,"Russell coined glitch feminism to reframe the digital error/malfunction as a refusal of the binary, normative body, a productive break that opens space for Black, queer and minoritarian self-fashioning beyond fixed representational categories.",Speculating in Latent Space: Visibility Politics and the Impasse of Representation in Generative AI,Gary Kafer,JCMS,Vol 64 No 2,2025,https://doi.org/10.1353/cj.2025.a951188,"Turns to glitch to show how generative AI might foster a revised speculation for a marginalized political imagination attentive to the nonvisual, minoritarian experience that subtends the digital image.",abstract-only
acousmatic voice,Michel Chion,"Chion theorized the acousmatic voice/acousmetre (building on Pierre Schaeffer) to explain how cinema mobilizes the gap between visible source and audible sound to produce power, mystery and the de-essentializing of who owns a voice.",FKA twigs and the Impossibly Sonorous Body,Yanie Fecu,JCMS,Vol 64 No 2,2025,https://doi.org/10.1353/cj.2025.a951185,"Analyzes FKA twigs's music videos, arguing her staging of Black masochistic desire transforms the acousmatic into an impossibly sonorous entanglement that challenges the visual and sonic color line.",abstract-only
acousmatic voice,Michel Chion,"Chion theorized the acousmatic voice/acousmetre (building on Pierre Schaeffer) to explain how the gap between visible body and audible voice can de-essentialize the link between sound, race and identity.",The Affordances of the Acousmatic: Questioning Argentineness in El futuro perfecto,Sam Carter,JCMS,Vol 63 No 4,2024,https://doi.org/10.1353/cj.2024.a934545,"Argues El futuro perfecto (Nele Wohlatz, 2016) makes nearly all Argentine characters acousmatic to undo the essentializing links between sound, race and nationality.",abstract-only
social death,Frank B. Wilderson III,"Wilderson's Afro-pessimism adapts Orlando Patterson's social death to argue that Blackness occupies a structural position of the Slave (natal alienation, dishonor, gratuitous violence) that grounds, rather than is an exception to, the modern world order.",On Failing to Get Out,Jerome Dent,JCMS,Vol 63 No 3,2024,https://doi.org/10.1353/cj.2024.a927684,"Reading Jordan Peele's Get Out, yokes horror to the slave narrative and the psychoanalytics of spectatorship, arguing the film stages a subject split of irresistible collusion between protagonist and antagonist rather than clean resistance.",abstract-only
afterlife of slavery,Saidiya Hartman,"Hartman coined the afterlife of slavery to name how slavery's racialized regimes of property, dispossession and premature death persist into the present, structuring Black life long after formal abolition.",Material Afterlives: The Quilted Poetics of Daughters of the Dust (1991) and Lemonade (2016),Alexandra Grieve,JCMS,Vol 63 No 4,2024,https://doi.org/10.1353/cj.2024.a934548,"Reads the intertextual quilted poetics linking Julie Dash's Daughters of the Dust and Beyonce's Lemonade, arguing both confront the material legacies of racialized exploitation and reproduce Black women's diasporic genealogies.",abstract-only
heterotopia,Michel Foucault,"Foucault's heterotopia theorizes space as socially produced and politically charged, sites that mirror, contest or invert the dominant order, rather than as a neutral container for events.",Vicissitudes of the Underworld: Spatiality and Political Discourse in Hong Kong Gangster Films,Lei Chin-Pang,JCMS,Vol 63 No 4,2024,https://doi.org/10.1353/cj.2024.a934546,"Through the Infernal Affairs trilogy, the Election series and Trivisa, argues that Hong Kong gangster films use spatiality to construct an implicit political discourse about the city across two decades.",abstract-only
biopolitics,Michel Foucault,"Foucault's biopolitics names the modern state's power over life (the regulation of bodies, reproduction and sexuality), explaining how legal constructions of privacy and the home operate to govern female sexuality.","Enter Your Chambers and Shut Your Doors behind You: Bodily Containment, Proliferation, and the Right to Privacy in American Law and Gothic Horror",Emily Naser-Hall,JCMS,Vol 63 No 3,2024,https://doi.org/10.1353/cj.2024.a927687,"Argues U.S. privacy/birth-control rulings cast the home as a safe container for female sexuality, while Gothic-horror films (The Birds, Night of the Living Dead) render the inside/outside boundary artificial and porous.",abstract-only
precarity,Lauren Berlant,Berlant theorized precarity to name the eroded sense of stability and affective exhaustion produced when neoliberal capitalism withdraws guarantees of the good life from ordinary subjects.,Precarious Hours: Contingency and the Temporality of Live Streaming,Chenshu Zhou,Camera Obscura,Vol 40 No 3 (120),2025,https://doi.org/10.1215/02705346-11959212,"Analyzing three documentaries about Chinese live streamers, argues streamers try to entrepreneurialize time but get stuck in a protracted present, binding live streaming's appeal to lived conditions of precarity displayed on screen.",abstract-only
contingency,Mary Ann Doane,"Doane theorized cinematic contingency to explain how modern media capture and structure the unpredictable, fleeting, non-repeatable moment, organizing the experience of time and the present.",Precarious Hours: Contingency and the Temporality of Live Streaming,Chenshu Zhou,Camera Obscura,Vol 40 No 3 (120),2025,https://doi.org/10.1215/02705346-11959212,Uses contingency to characterize the temporal experience of live streaming (the lure of what might happen in real time) and connects that temporality to streamers' precarious labor.,abstract-only
opacity,Edouard Glissant,"Glissant coined opacity (the right to opacity) to defend the colonized/racialized other's right not to be made fully transparent or knowable, refusing the demand that comprehension be a precondition of coexistence.","Forever Opaque: Glissant, Laplanche, and Return to Seoul",Homay King,Camera Obscura,Vol 40 No 3 (120),2025,https://read.dukeupress.edu/camera-obscura/article/40/3%20(120)/107/405523,"Reading Davy Chou's Return to Seoul (2022), a portrait of a Korean-French adoptee, argues the film stages opacity against the desire to render self and other transparent, modeling living alongside one another without mastery.",abstract-only
enigmatic signifier,Jean Laplanche,"Laplanche theorized the enigmatic signifier/message to explain how the unconscious is formed by messages from the other that the subject can never fully decode, founding a self opaque even to itself.","Forever Opaque: Glissant, Laplanche, and Return to Seoul",Homay King,Camera Obscura,Vol 40 No 3 (120),2025,https://read.dukeupress.edu/camera-obscura/article/40/3%20(120)/107/405523,"Pairs the enigmatic signifier with Glissant's opacity to read the adoptee protagonist's self-estrangement in Return to Seoul, arguing the film questions the fiction of a self transparent to itself.",abstract-only
observational mode,Bill Nichols,"Nichols theorized documentary modes (including the observational mode) to distinguish how nonfiction films position the viewer and make truth-claims, with the observational mode withholding commentary to imply unmediated access to events.","Feminist Observation: The Case of Un processo per stupro (A Trial for Rape, 1979)",Erika Balsom,Camera Obscura,Vol 40 No 3 (120),2025,https://read.dukeupress.edu/camera-obscura/article-abstract/40/3%20(120)/1/405519,"Reading the 1979 Italian collective video of a gang-rape trial broadcast on RAI 2, argues the feminist filmmakers adopted the observational mode (rather than 1970s feminism's intimacy) to contest sexual violence in the legal system.",abstract-only
trans of color critique,Whit Pow,"Trans of color critique extends Roderick Ferguson's queer of color critique to analyze how racialized and gendered logics jointly govern bodies, here applied to how visual/computational technologies inherit medical regimes of surveillance.",How the Computer Taught Us to See,Whit Pow,Camera Obscura,Vol 39 No 2 (116),2024,https://read.dukeupress.edu/camera-obscura/article-abstract/39/2%20(116)/1/390495,"Placing computer history (Xerox GUIs), medical history (DSM revisions) and queer/trans history side by side (1973-1981), argues that screen-based computer vision recapitulated the racialized and gendered logics of medical surveillance.",abstract-only
surface reading,Stephen Best and Sharon Marcus,"Best and Marcus proposed surface reading as a method that attends to what is manifest on a text's surface rather than excavating hidden depths, resisting the suspicious hermeneutics of symptomatic reading.",Just Be There: Ethics and Aesthetics of the Surface in Mike Mills's 20th Century Women,Camera Obscura,Camera Obscura,Vol 39 No 2 (116),2024,https://read.dukeupress.edu/camera-obscura/article/39/2%20(116)/105/390494,"Reading Mike Mills's 20th Century Women (2016), argues the film enacts surface reading, recuperating the surface as a zone of lasting mystery and an ethics of openness that refuses appropriative knowledge.",abstract-only
compulsory sexuality,Adrienne Rich,"Rich coined compulsory heterosexuality to name how heterosexuality is socially enforced as the default; asexuality studies extends this to compulsory sexuality, the assumption that everyone is or should be sexual.",Aromantic Comedy: The Aro/Ace Aesthetics of Together Together,Julia Leyda and Nicole Seymour,Camera Obscura,Vol 39 No 2 (116),2024,https://read.dukeupress.edu/camera-obscura/issue/39/2%20(116),"Reading the surrogacy comedy Together Together (2021), argues its focus on a platonic, nonsexual, intergenerational friendship challenges compulsory sexuality and shows asexuality studies as fertile ground for feminist film studies.",abstract-only
necropolitics,Achille Mbembe,"Mbembe coined necropolitics to describe sovereignty exercised as the power to dictate who may live and who must die, designating populations as disposable in the service of capital and the state.",Castle & Crook: Necroliberalism and Cartographies of Abandonment in Maquilapolis and Senorita Extraviada,Edward Avila,Camera Obscura,Vol 39 No 1 (115),2024,https://read.dukeupress.edu/camera-obscura/article/39/1%20(115)/1/387275,"Reading the documentaries Maquilapolis (2006) and Senorita Extraviada (2001), argues both map the necropolitical spatial logics of post-NAFTA neoliberal modernization on the US-Mexico border, coining necroliberalism.",abstract-only
desire-based research,Eve Tuck,"Tuck called for desire-based research to replace damage-centered framings of Indigenous and marginalized communities, foregrounding complexity, hope and survivance rather than reducing people to brokenness.","Reading Border through Desire: Queer Indigenous Theory, Nordic Settler Colonialism, and Trans Aesthetics",Kata Kyrola,Camera Obscura,Vol 38 No 3 (114),2023,https://read.dukeupress.edu/camera-obscura/article-abstract/38/3%20(114)/77/383730,"Reading Ali Abbasi's Border (2018) about gender-fluid trolls, uses Tuck's desire-based research plus queer Indigenous theory to argue the film can sensitize viewers to gender variance and to the Nordic settler-colonial trauma of the Sami.",abstract-only
the impasse,Lauren Berlant,"Berlant theorized the impasse as the stretched-out, suspended present in which subjects tread water amid attrition, a holding pattern produced when the fantasy of forward-moving good-life progress breaks down.","Surviving the Reset: Speedrunning Spyro, Trans Mundanity, and Playing in the Impasse",Madison Schmalzer,Camera Obscura,Vol 39 No 3 (117),2024,https://doi.org/10.1215/02705346-11365903,"Through autoethnography of speedrunning Spyro while transitioning, argues both videogame play and trans life are lived in Berlant's impasse, defined by prolonged waiting and negative affects like boredom and frustration.",abstract-only
environmental form,Brian R. Jacobson,Jacobson coins the downstream as a formal-aesthetic category to name how a film can deliver ecological critique not through plot but through audio-visual technique that makes viewers perceptually trace cascading effects of human action.,Evil Does Not Exist: Downstream Environmental Form,Brian R. Jacobson,Film Quarterly,Vol 78 No 2,2024,https://doi.org/10.1525/fq.2024.78.2.18,"Reading Ryusuke Hamaguchi's Evil Does Not Exist (2023), argues the film turns a familiar eco-parable into a perception-challenging experience of aesthetic ambiguity, delivering a message about environmental precarity through formal downstream effects.",abstract-only
Internal Family Systems,Richard C. Schwartz,"Schwartz developed Internal Family Systems to model the mind as autonomous, interconnected parts governed by a core Self, arguing there are no bad parts and that mental health comes from compassionately integrating one's emotional sub-personalities.",No Bad Parts: Forms of Self-Compassion in Inside Out 2,Ramzi Fawaz,Film Quarterly,Vol 78 No 2,2024,https://doi.org/10.1525/fq.2024.78.2.53,"Argues Inside Out 2 (2024) translates mindfulness, holistic medicine and the IFS model into form, presenting emotions as autonomous-but-interconnected parts and modeling an affective life premised on rejecting emotional denial.",OA
skepticism and acknowledgment,Stanley Cavell,"Cavell theorized skepticism (doubt about whether we can know other minds) and argued Hollywood comedies of remarriage stage its overcoming through conversation and mutual acknowledgment, making film a site of moral philosophy.",Suspicious Minds and Dead Bodies: Queer Romance and Skepticism in Rose Glass's Love Lies Bleeding,Michelle Devereaux,Film Quarterly,Vol 78 No 2,2024,https://doi.org/10.1525/fq.2024.78.2.24,"Reads Rose Glass's Love Lies Bleeding (2024) through Cavell, arguing the queer thriller opens a critical space in which doubt and insecurity between lovers are worked through toward Cavellian mutual acknowledgment.",abstract-only
cinema of poetry,Pier Paolo Pasolini,"Pasolini coined the cinema of poetry to describe filmmaking that moves beyond prose-like narrative realism toward a subjective, poetic, image-driven language (the free indirect point-of-view shot) expressing the filmmaker's vision through stylistic excess.",Alice Rohrwacher's Cinema of Poetry,Emma Wilson,Film Quarterly,Vol 77 No 4,2024,https://doi.org/10.1525/fq.2024.77.4.19,"Reading Rohrwacher's La Chimera (2023), argues Pasolini's films and writings are critical for understanding how Rohrwacher uses visual art and moves beyond realism into a poetic register.",abstract-only
infrastructure,Susan Leigh Star,"Star's ethnography of infrastructure argues that infrastructures are the normally invisible, boring sociotechnical relations that sustain practices, a lens for treating cultural practice as material, networked and political.","Cinephile Culture as Infrastructure: Relations and Networks in Hong Kong, 1960s-1980s",Emilie Sin-yi Choi,Film Quarterly,Vol 78 No 3,2025,https://doi.org/10.1525/fq.2025.78.3.23,"Drawing on critical infrastructure studies, argues Hong Kong's mid-century cinephile culture (cineclubs, criticism, experimental film networks) should be read as an infrastructure of relations cultivating alternative mediascapes under colonial governance.",abstract-only
t4t,Hil Malatino,"t4t (trans-for-trans) names a trans-centric ethos of love, care and solidarity, theorized in trans studies to describe how trans people orient toward one another for safety, recognition and mutual world-making rather than toward cisnormative recognition.","Orlando, Desire Lines: In Search of a t4t Documentary Practice",Eliot Dunn,Film Quarterly,Vol 78 No 1,2024,https://doi.org/10.1525/fq.2024.78.1.9,"Argues recent trans documentaries (Preciado's Orlando, My Political Biography and Rosskam's Desire Lines) move beyond representation toward a t4t documentary practice that resists conventional form to deliver care to trans audiences.",abstract-only
ostension,Linda Degh and Andrew Vazsonyi,"Degh and Vazsonyi coined ostension (1983) to describe how people pattern real-life behavior on shared legend models, performing or enacting legends rather than just telling them, explaining the porous boundary between folklore and lived action.",The Surprising Folklore of Analog Horror,Elinor Dolliver,Film Quarterly,Vol 79 No 3,2026,https://doi.org/10.1525/fq.2026.79.3.8,"Argues the YouTube/TikTok subgenre analog horror (e.g. Kris Straub's Local 58) functions like contemporary folklore, performing the social functions of legend through ostension and legend-tripping logics.",abstract-only
plasticity,Catherine Malabou,"Malabou developed plasticity, the dual capacity to both receive and give form (and to explode form), to theorize how living matter and the self are open to transformation rather than fixed.",Plastic Flesh and the Biological Oeuvre,Mitchell Herrmann,October,No 191,2025,https://doi.org/10.1162/octo_a_00545,"Reads the bio-art of Lynn Hershman Leeson, Anicka Yi and Juliana Huxtable as exposing the plasticity of living biology, arguing biotechnology's apparent mastery over life is undone by that plasticity and troubles the human/non-human distinction.",abstract-only
visceral economy,Georges Bataille,"Bataille's base materialism and economy of expenditure theorize matter and affect operating below idealist visual/rational form, energies of attraction and repulsion irreducible to ideal order.","Visceral Economies, Queer Dialectics: Eisenstein Meets Bataille",Elena Vogman,October,No 188,2024,https://doi.org/10.1162/octo_a_00520,"Maps the 1930 Paris encounter of Eisenstein and Bataille, arguing both share a cannibalistic and visceral model of mimesis constituting a visceral economy that administers affect as an aesthetic resource, and that Eisenstein embraced a queer dialectics.",abstract-only
base materialism,Georges Bataille,Bataille's informe and expenditure name an anti-idealist materialism; here invoked alongside Annette Michelson's countervailing principle that theory should not be imposed a priori on artworks.,Bataille and Eisenstein: In Defense of Michelson's View,Malcolm Turvey,October,No 189,2024,https://doi.org/10.1162/octo_a_00528,"A direct rebuttal to Vogman (No. 188): argues there is no real affinity between Eisenstein's and Bataille's thought and that Bataille's concepts should not be applied top-down to Eisenstein's films, defending Michelson's view.",abstract-only
reflexology,Ivan Pavlov,"Pavlov's reflex conditioning explained behavior as physiologically determined stimulus-response, which 1920s Soviet thinkers generalized into a materialist theory of how art conditions its audience.",The Reflex Republic: Physiologies of Art in the Early Soviet Union,Matthew Vollgraff,October,No 188,2024,https://doi.org/10.1162/octo_a_00519,"Recovers the 1920s reflexology of art that applied Pavlovian physiology to drama, cinema and literature (Meyerhold, Eisenstein, Tret'iakov), aiming to mold atomized individual subjectivities into a corporeal collective.",abstract-only
autopoiesis,Humberto Maturana and Francisco Varela,Maturana and Varela coined autopoiesis to name a system that continuously produces and maintains itself through its own recursive operations.,Cycle and Citation: What Hanne Darboven Calls Thinking,William Stewart,October,No 187,2024,https://doi.org/10.1162/octo_a_00507,"Reads Hanne Darboven's numerical paper machines as self-organizing, autopoietic systems, reframing Constructivism in her work and tracing El Lissitzky's influence.",abstract-only
counterpublic,Michael Warner,"The counterpublic names alternative discursive arenas formed by subordinated groups against a dominant bourgeois public sphere, theorizing how excluded voices circulate critique.",Counterpublics in Search of Infrastructures: Lessons from German Anti-Antisemitism,Sven Lutticken,October,No 189,2024,https://doi.org/10.1162/octo_a_00527,"Analyzes new forms of counterpublicness on social media and in art/academic groupings amid the suppression of criticism of Zionism in Germany, using historical theories of the counterpublic to read contemporary public-sphere infrastructure.",abstract-only
slow violence,Rob Nixon,"Nixon coined slow violence for harm that is gradual, attritional and dispersed across time and out of sight (e.g. environmental/structural damage), as opposed to spectacular, instantaneous violence.",On Indiana: A Disorientation Guide,Faye R. Gleisser,October,No 190,2024,https://doi.org/10.1162/octo_a_00539,"Critiques the artworld's at-risk discourse for fixating on acute crisis while ignoring the slow violence of colonial, anti-Black and neoliberal museum/university funding and lawfare, arguing the artworld is itself a riskocracy.",abstract-only
late fascism,Alberto Toscano,"Toscano coined late fascism (echoing late capitalism) to theorize fascism not as a fixed interwar type but as a recurring, plural formation entangled with race, colonialism, capitalism and crisis.",Six Propositions After Trump's Second Victory,David Joselit and Pamela M. Lee,October,No 191,2025,https://doi.org/10.1162/octo_a_00542,"Reading Trump's 2024 Madison Square Garden rally against the German American Bund's 1939 Pro American Rally in the same arena, mobilize lateness/late fascism to argue the US ignores fascism's homegrown nativist history at its peril.",OA
twofoldness,Richard Wollheim,"Wollheim coined twofoldness to describe how seeing a picture involves simultaneously seeing the marked surface and the depicted object, one doubled perceptual experience.","Surface, Material Bodies, and the Avant-Garde in Philosophy of Film",Byron Davies,October,No 191,2025,https://doi.org/10.1162/octo_a_00547,"Reads avant-garde cinema and Annette Michelson's film criticism through Wollheim's twofoldness, arguing both understand their medium as a site of doubled perception and both recur to Kleinian ideas of infancy and the body to ground filmic materiality.",abstract-only
soundscape,R. Murray Schafer,"Schafer's soundscape/schizophonia frame hearing as the sense best able to disclose one's embodied relation to the sonic environment, and name the modern severing of sounds from their sources.",Ears in the Cloud: Fantasies of Networked Perception,Harry Burson,October,No 193,2025,https://doi.org/10.1162/OCTO.a.14,"Reads Christina Kubisch's installation Cloud (2017) and her Electrical Walks within the Cage/Schafer tradition, as exemplifying a tendency to credit hearing with the power to apprehend invisible network infrastructure.",abstract-only
attachment theory / internal working models,John Bowlby,Bowlby coined 'attachment' and 'internal working models' to explain how the infant-caregiver bond forms enduring mental templates governing later emotional and social development,Attachment Theory and Mentalization in Richard Linklater's Boyhood,Maya Balakirsky Katz,American Imago,"Vol. 82, No. 1",2025,https://doi.org/10.1353/aim.2025.a962856,"Argues that Boyhood's classroom scenes overtly stage Bowlby's developmental paradigm, using attachment research's empirical apparatus to dramatize cinematic character development across the lifespan",OA
mentalization,Peter Fonagy,"Fonagy developed 'mentalization' (reflective functioning) to describe the capacity to understand oneself and others in terms of mental states, rooted in secure attachment",Attachment Theory and Mentalization in Richard Linklater's Boyhood,Maya Balakirsky Katz,American Imago,"Vol. 82, No. 1",2025,https://doi.org/10.1353/aim.2025.a962856,Contends that Linklater implicitly and perhaps unconsciously leans on Fonagy's mentalization model in the transitions between scenes to convey interior development,OA
transitional space / transitional object,Donald Winnicott,"Winnicott coined the 'transitional object' and 'transitional space' to theorize the intermediate area of experience between inner reality and the external world, the seat of play and culture",The Representation of Holocaust Trauma in The Song of Terezin by Franz Waxman: A Psychoanalytic Listening,Susanna Valimaki and Wojciech Stepien,American Imago,"Vol. 82, No. 1",2025,https://doi.org/10.1353/aim.2025.a962857,"Uses transitional space to argue that Waxman's musical memorial opens an ethical, intermediate zone where listeners can encounter the trauma of the Other through attentive (psychoanalytic) listening",OA
cultural trauma,Cathy Caruth / cultural trauma studies,"Cultural trauma theory explains how collective catastrophes are non-verbally and belatedly registered and transmitted, exceeding ordinary representation",The Representation of Holocaust Trauma in The Song of Terezin by Franz Waxman: A Psychoanalytic Listening,Susanna Valimaki and Wojciech Stepien,American Imago,"Vol. 82, No. 1",2025,https://doi.org/10.1353/aim.2025.a962857,"Argues that music, through its affective and bodily means, constructs a discourse of Holocaust trauma and mourning that words cannot, making The Song of Terezin a sonic mechanism of cultural memory",OA
the uncanny,Sigmund Freud,"Freud's 'the uncanny' (das Unheimliche) names the disturbing return of the familiar made strange, tied to repression and the death drive","Whistler's Mothers: Painters, Models, and Uncanny Arrangements",Max Cavitch,American Imago,"Vol. 82, No. 1",2025,https://doi.org/10.1353/aim.2025.a962855,"Reads Whistler's maternal portraiture through the Freudian uncanny to analyze the unsettling psychic arrangements between painter, model and viewer",OA
spectacular silence / sonic economy of moviegoing,Carlo Cenciarelli (building on cinema sound studies),The notion of 'spectacular silence' is advanced to explain a shift in how silence (vs. loudness) is marketed as the unique value of the cinematic listening experience,Spectacular Silence and the Ends of Moviegoing: The Cinema as A Quiet Place (c. 2021),Carlo Cenciarelli,"Music, Sound, and the Moving Image","Vol. 19, No. 1",2025,https://doi.org/10.3828/msmi.2025.1,"Argues that the A Quiet Place franchise's reversed sonic economy, foregrounding silence over spectacular sound, marks a broader transformation in the meanings and values of cinema as a place for listening after COVID-19 closures",OA
liminality,Victor Turner (after Arnold van Gennep),"Turner adapted van Gennep's rites-of-passage 'liminality' to theorize the ambiguous, in-between, threshold state that suspends ordinary social structure",Ambiguity and Liminality as Sonic Strategies in The Bridge,Kaapo Huttunen,"Music, Sound, and the Moving Image","Vol. 19, No. 1",2025,https://doi.org/10.3828/msmi.2025.2,"Argues that The Bridge's soundtrack consciously breaks conventional boundaries of music and sound design to create a liminal, ambiguous atmosphere mirroring the series' border setting and the 'gaps' between people",abstract-only
abjection / Powers of Horror,Julia Kristeva,"Kristeva theorized 'abjection' as the visceral horror at the breakdown of meaning and the self-other boundary, explaining attraction-repulsion toward the impure",Blood as a Fashion Statement: On the Trend of 'Abjection Chic' in Contemporary Horror Cinema,Milo Farragher-Hanks,Frames Cinema Journal,Issue 21,2023,https://doi.org/10.15664/fcj.v21.i0.2706,"Coins 'abjection chic' to argue that films like Last Night in Soho and Men evoke abject cult-horror conventions only to disembody and aestheticize them, neutralizing the subversive potential of cinematic abjection",OA
body genres / film excess,Linda Williams,"Williams coined the 'body genres' (horror, melodrama, pornography) to explain how excessive bodily affect is culturally dismissed yet central to these forms' appeal",Blood as a Fashion Statement: On the Trend of 'Abjection Chic' in Contemporary Horror Cinema,Milo Farragher-Hanks,Frames Cinema Journal,Issue 21,2023,https://doi.org/10.15664/fcj.v21.i0.2706,Draws on Williams's body genres to situate horror's sensory excess as the very quality that 'abjection chic' suppresses in pursuit of mainstream respectability and cultural capital,OA
the voice in cinema / voco-centrism,Michel Chion,Chion theorized the cinematic voice and 'voco-centrism' to explain how the human voice instantly establishes a hierarchy of perception in the soundtrack,The Voice of Meiko Kaji in 1970s Japanese Exploitation Cinema,Ash Johann Curry-Machado,Frames Cinema Journal,Issue 21,2023,https://doi.org/10.15664/fcj.v21.i0.2701,"Uses Chion's voco-centrism to argue that Kaji's sung theme songs dominate the soundscape and carry her characters' feminist vengeance, transforming silence and song into a vehicle of agency in exploitation cinema",OA
plasmaticness,Sergei Eisenstein,"Eisenstein coined 'plasmaticness' in his Disney writings to name animation's primal, revolutionary rejection of fixed form through endless metamorphosis","Posthumous Portraits in Motion: Experimental Animation, Metamorphosis and Reflections on Mortality",Michelle Stewart,Animation: An Interdisciplinary Journal,Vol. 19,2024,https://doi.org/10.1177/17468477241233480,"Uses paint-on-glass metamorphic animation of unclaimed deceased to argue metamorphosis is a self-referential engagement with animation's plasmatic, contradictory life-giving and destructive capacities, confronting mortality and the ethics of representing the dead",abstract-only
transcendental phenomenology of animation,Edmund Husserl,"Husserl's transcendental phenomenology brackets the natural attitude to study the structures of consciousness as they appear, here adapted to the lived act of animating",The Phenomenology of Animation,Jack Parry,Animation: An Interdisciplinary Journal,Vol. 19,2024,https://doi.org/10.1177/17468477241281307,"Argues for a 'pure' phenomenology of animation centered on the animator's performative creation of the frame, distinguishing it from Sobchack's projection-focused film phenomenology",abstract-only
Goethean morphology,Johann Wolfgang von Goethe,"Goethe's morphology theorized organic form as continuous transformation and development, used to explain why metamorphosis is treated as constitutive of animation",Animating Goethe,Zeke Saber,Animation: An Interdisciplinary Journal,Vol. 18,2023,https://doi.org/10.1177/17468477231155546,"Argues the claim that metamorphosis is inherent to animation neglects Goethean morphology, reconstructing its lineage through Eisenstein, Bazin and others",abstract-only
useful cinema / useful animation,Charles Acland and Haidee Wasson,"The 'useful cinema' framework was coined to study non-theatrical, instrumental moving images made to do work within institutions","Useful Animation: Iconography, Infrastructure and Impact",Malcolm Cook; Michael Cowan; Scott Curtis,Animation: An Interdisciplinary Journal,"Vol. 18, No. 3",2023,https://doi.org/10.1177/17468477231207613,"Extends 'useful cinema' to 'useful animation', arguing across iconography, infrastructure and knowledge that animation has historically functioned as a practical and epistemic tool in professional and institutional contexts",abstract-only
illusion of life / theatricality,Alan Cholodenko,"Cholodenko framed animation as the 'illusion of life', theorizing the medium's self-conscious staging of liveliness and animatedness",Alive and Lifelike: Theatricality and Animation,Hans R. Vermy,Animation: An Interdisciplinary Journal,Vol. 20,2025,https://doi.org/10.1177/17468477251370904,"Uses Chuck Jones's Duck Amuck to argue animation historiography should proceed through theatricality, since animation lays bare the performed, 'alive and lifelike' theatricality underlying cinema itself",abstract-only
corporeal feminism / Body without Organs,Elizabeth Grosz (with Deleuze and Guattari),Grosz's corporeal feminism reconceives the body as a fluid sexually-differentiated surface; the Deleuzo-Guattarian Body without Organs names a de-stratified body of pure intensities,Corporeal topographies: Body-oriented art of Mona Hatoum and Amal Kenawy,Oguz Kayir,MIRAJ: The Moving Image Review & Art Journal,"Vol. 13, No. 1-2",2024,https://doi.org/10.1386/miraj_00127_1,"Argues Hatoum and Kenawy render female corporeality as a topographical map, showing gender as porous fluid processes co-constituted by material and sociopolitical contexts rather than a fixed essence",abstract-only
haptic / embodied film phenomenology,Vivian Sobchack,"Sobchack theorized film as an embodied, reciprocal act of perception in which film and viewer are both sensuous seeing subjects",Film symbiosis: Embodied spectatorship and sensory (auto)ethnography in Sweetgrass,Dara Waldron,MIRAJ: The Moving Image Review & Art Journal,"Vol. 12, No. 1",2023,https://intellectdiscover.com/content/journals/miraj/12/1 (exact DOI unverified),"Develops 'film symbiosis' from Sobchack's phenomenology, arguing observational and sensory-ethnographic works create an embodied, symbiotic address between spectator and the on-screen nonhuman other",abstract-only
haunted geologies,Nils Bubandt,"Bubandt's 'haunted geologies' names how disturbed, contaminated landscapes carry the spectral 'ghost strata' of ecological and historical loss in the Anthropocene",Above and below: The sounding of haunted geologies,Louise K. Wilson,MIRAJ: The Moving Image Review & Art Journal,Vol. 12,2023,https://doi.org/10.1386/miraj_00118_1,Uses haunted geologies to argue field recording and sound post-production function as affective acts of divination that sonically register ghost strata at contested UK and Australian sites,OA
borderlands / bodylands,Gloria Anzaldua,"Anzaldua's 'borderlands' theorizes the border as a plural, unstable, embodied zone of mestiza consciousness articulating Chicana and queer in-between experience",Towards lesbian bodylands: Refiguring lesbian communities in Brazilian cinema,MIRAJ Vol. 14.2 author (name unverified),MIRAJ: The Moving Image Review & Art Journal,"Vol. 14, No. 2",2025,https://doi.org/10.1386/miraj_00159_1,"Coins 'bodylands' after Anzaldua to argue recent Brazilian films interweave the lesbian body, the filmic body and the spectator's body, resisting reductive visibility and reimagining lesbian existence through nonhuman elements",abstract-only
exclusion / resubjectivation,Didier Eribon,"Eribon's sociology of shame, the 'social verdict' and resubjectivation explains how marginalized queer subjects internalize exclusion then remake belonging through chosen bonds",In search of the lost community: On two Central American trans films,MIRAJ Vol. 14.2 author,MIRAJ: The Moving Image Review & Art Journal,"Vol. 14, No. 2",2025,https://doi.org/10.1386/miraj_00158_1,"Draws on Eribon to argue that in two Central American trans films the protagonists reconstitute community through chosen families and everyday care, reappropriating street, bar and home against hegemonic norms",abstract-only
chronotope,Mikhail Bakhtin,"Bakhtin's 'chronotope' names the intrinsic fusion of time and space in cultural forms, organizing meaning and social relations",The chronotopes of radical film: Collective exhibition and the social practice of 'Cinema Action',Oliver Dixon,MIRAJ: The Moving Image Review & Art Journal,"Vol. 14, No. 1",2025,https://doi.org/10.1386/miraj_00138_1,"Applies the chronotope to 1970s British film collectives, arguing the social spaces of itinerant production, exhibition and reception shape the politics of radical cinema and reinstate Cinema Action's historiographic significance",abstract-only
banality of evil,Hannah Arendt,"Concept devised after the Eichmann trial to explain how ordinary, thoughtless bureaucratic functioning enables mass atrocity without monstrous intent",Shot Composition as Philosophy: The Zone of Interest Illustrates the Banality of Evil,Thomas E. Wartenberg,Film and Philosophy,Vol. 30 (online first),2025,https://doi.org/10.5840/filmphil202512241,"Argues that the foreground/background contrast within the film shot operates like verbal irony, and that The Zone of Interest visualizes Arendt's banality of evil by placing the Hoss family's happy domestic life in the foreground while Auschwitz looms in the background",OA
anti-work of art,Theodor Adorno,"Critical-theory notion that genuine art resists the commodifying, pacifying logic of the culture industry by refusing satisfaction and turning toward suffering","Surrender to the Silence Following a Question: Benjamin, Adorno, Wittgenstein, and Apichatpong Weerasethakul's Memoria",Eleanor Furness,Film and Philosophy,Vol. 30 (online first),2025,https://doi.org/10.5840/filmphil202512242,"Reads Apichatpong's Memoria as Adorno's anti-work of art: the film inhibits viewer identification, quells the drive for explanation, and cultivates open questions, embodying Frankfurt School and Wittgensteinian ideas in form and content",OA
orchid in the land of technology,Walter Benjamin,Benjamin's figure for the survival of aura and natural beauty within technological reproduction and the culture industry,"Surrender to the Silence Following a Question: Benjamin, Adorno, Wittgenstein, and Apichatpong Weerasethakul's Memoria",Eleanor Furness,Film and Philosophy,Vol. 30 (online first),2025,https://doi.org/10.5840/filmphil202512242,"Uses Benjamin's phrase to argue that Memoria's resistance to the culture industry glimpses an enduring natural/auratic remainder, communicated through editing, dialogue and metaphor",OA
representative value of choice,T.M. Scanlon,"Scanlon's contractualist concept of how persons assert agency through self-representing choices, here repurposed to theorize filmic characterization",On the Documented Subject: An Analysis of the Filmic Presentation of Human Beings,Tyler Olds,Film and Philosophy,Vol. 30 (online first),2025,https://doi.org/10.5840/filmphil2025111140,"Refines Arthur Danto's fiction/non-fiction distinction by arguing that documentary subjects are filmmakers' characterizations, drawing on Scanlon to explain how filmic characterization manipulates subjects' capacity for action-based self-representation",OA
moving pictures ontology,Arthur Danto,Danto's distinction between fictional films (centering characters) and non-fictional films (featuring real people),On the Documented Subject: An Analysis of the Filmic Presentation of Human Beings,Tyler Olds,Film and Philosophy,Vol. 30 (online first),2025,https://doi.org/10.5840/filmphil2025111140,"Contends Danto's distinction is too coarse: non-fictional subjects are presented through the filmmaker's characterization, not as bare real-world persons, introducing a notion of fictionalization for non-fictional subjects in fictional settings",OA
purposiveness without a purpose,Immanuel Kant,"Kantian formalist concept of aesthetic judgment in which we perceive design without an actual purpose, here linked to human hubris",Electric Light (o),Sydney Harvey,Film and Philosophy,Vol. 30 (online first),2025,https://doi.org/10.5840/filmphil2025111039,"Argues conspicuous electric light in film (chiaroscuro, overexposure, lens flare) induces a Kantian false purposiveness that mirrors human hubris in anthropogenic narratives, supported by cognitive-science findings on attention to light",OA
bad faith,Jean-Paul Sartre,Sartre's existentialist concept of self-deception by which we flee the anxiety of freedom and an uncontrollable future,"The Beast and Betise: Bad Faith, Stupidity, and Paradoxes of Faith in the Age of AI",Heewon Seo,Film and Philosophy,Vol. 30 (online first),2025,https://doi.org/10.5840/filmphil2025111038,"Reads Bonello's The Beast (2023) through Sartrean bad faith and Derridean paradox of belief to argue that what distinguishes humans from AI is not intelligence but stupidity (betise), the capacity to believe the impossible",OA
paradox of belief,Jacques Derrida,Derrida's account of belief as inherently impossible yet enabling a leap toward the Other and the future,"The Beast and Betise: Bad Faith, Stupidity, and Paradoxes of Faith in the Age of AI",Heewon Seo,Film and Philosophy,Vol. 30 (online first),2025,https://doi.org/10.5840/filmphil2025111038,"Mobilizes Derrida's paradox of belief alongside Sartre to read The Beast's vision of technologically sanitized interiority, arguing belief learned through failure makes possible the leap toward the impossible Other",OA
heroic and divine virtue,Aristotle,"Aristotle's underdeveloped Nicomachean Ethics notion of a superhuman, godlike virtue that transforms a person into a godly being","When Virtue, Freedom, and Fortitude Are 'Heroic and Divine': The Case Studies of Dragon Ball, One Piece, and Naruto",Marco Vorcelli,Film and Philosophy,Vol. 30 (online first),2025,https://doi.org/10.5840/filmphil202511736,"Applies Aristotelian heroic virtue and magnanimity as a flexible interpretive lens to read shonen anime protagonists in Dragon Ball, One Piece and Naruto",OA
philosophy of nostalgia,Enrico Terrone,"Philosophical account of nostalgia's intentional structure as a bittersweet fusion of memory, imagination, and desire","It's Not Called the Wheel, It's Called the Carousel: Mad Men and the Philosophy of Nostalgia",Enrico Terrone,Film and Philosophy,Vol. 30 (online first),2025,https://doi.org/10.5840/filmphil202511635,Argues the Kodak Carousel pitch in Mad Men is television-philosophy that exemplifies nostalgia's intentional structure and its dual role in identity (self-continuity and esteem versus masking existential fracture),OA
white privilege,Shannon Sullivan,Critical philosophy of race concept analyzing the unconscious habits of middle-class white anti-racism that reproduce racial privilege,Shannon Sullivan's White Privilege and Antisemitism in James Gray's Armageddon Time,Seth Vannatta,Film and Philosophy,Vol. 29 (online first),2024,https://doi.org/10.5840/filmphil202410332,"Uses Sullivan's account of white privilege to read Armageddon Time, arguing that the Jewish Graff family complicates Sullivan's largely binary white/non-white matrix and that antisemitism poses a problem for her framework",OA
taxonomy of envy,Sara Protasi,Philosophy-of-emotion taxonomy distinguishing kinds of envy and their political valence,"'You and me, same!': Political Envy in Do The Right Thing","Logan Canada-Johnson, Sara Protasi",Film and Philosophy,Vol. 29 (online first),2024,https://doi.org/10.5840/filmphil202410229,"Builds on Protasi's taxonomy of envy to argue political envy is central to the racial dynamics of Spike Lee's Do The Right Thing, analyzing how envy can both impede and promote political action",OA
caring attention,Iris Murdoch,Murdoch's moral-philosophical idea that sustained loving attention toward another yields a more just perception and moral improvement,Murdoch's Caring Gaze and 'My Octopus Teacher',Thomas E. Wartenberg,Film and Philosophy,Vol. 28 (online first),2023,https://doi.org/10.5840/filmphil202310926,"Argues My Octopus Teacher illustrates and corrects Murdoch's account of attention, showing a human's sustained attention to a cephalopod is morally transformative and overcoming the anthropocentric bias in her view",OA
knight of faith,Soren Kierkegaard,"Kierkegaard's existentialist figure who, in fear and trembling, sustains faith amid finitude, paradox and the absurd",The Tragedy of the Knight of Faith: The Kierkegaardian Tension of Scorsese's Cinema,"Francesco Sticchi, Silvia Liliana Angeli",Film and Philosophy,Vol. 28 (online first),2023,https://doi.org/10.5840/filmphil202382124,"Reads Scorsese's storyworlds (Raging Bull, Silence) as conceptual personae embodying Kierkegaardian knights of faith, generating existential tension between desire for wholeness and mortality through affective film experience",OA
becoming-animal,Gilles Deleuze and Felix Guattari,Deleuzo-Guattarian concept of subjectivity formed through nonhuman becomings that decenter the human subject,Toward a Non-Anthropocentric Italian Cinema: Pietro Marcello's Lost and Beautiful,Laura Di Bianco,Film and Philosophy,Vol. 27 (online first),2023,https://doi.org/10.5840/filmphil2022103118,"Adopts ecocritical and posthuman perspectives (Deleuze and Guattari's becoming-animal) to argue Lost and Beautiful decenters the human and grants subjectivity to a nonhuman protagonist, gesturing toward a non-anthropocentric cinema",OA
theory of solidarity,Noel Carroll,"Carroll's cognitive account of how films generate character allegiance and audience solidarity, critiqued here from critical race theory",Racialized Disgust and the Depiction of Native Americans in the Ranown Cycle Westerns,Dan Flory,Film and Philosophy,Vol. 28 (online first),2023,https://doi.org/10.5840/filmphil20238723,"Synthesizes critical philosophy of race, cognitive film theory and philosophy of emotion to argue the Ranown Westerns elicit embodied, implicit racialized disgust toward Native Americans, with ideological implications Carroll's solidarity theory underweights",OA
Heideggerian phenomenology of film,Martin Heidegger,"Heidegger's phenomenology of being-in-the-world, mood (Stimmung) and world-disclosure, adapted to theorize the film experience",Introduction: Heidegger and the Phenomenology of Film,Robert Sinnerbrink,Film-Philosophy,"Vol. 28, No. 1",2024,https://doi.org/10.3366/film.2024.0251,"Introduces a special issue mapping a Heideggerian strand of film phenomenology, situating it among Merleau-Pontian, Husserlian and Deleuzian-affect approaches to embodied spectatorship and world-disclosure",OA
plasticity / destructive plasticity,Catherine Malabou,"Malabou's concept of plasticity as the giving, receiving and destroying of form, including the destructive plasticity of trauma that forges unrecognisable new identities","Introduction: Catherine Malabou, Plasticity and Film","Benjamin Dalton, Ben Tyrer",Film-Philosophy,"Vol. 28, No. 3",2024,https://doi.org/10.3366/film.2024.0278,"Makes the case for an emerging Malabouian film-philosophy, surveying her references to cinema and the uptake of plasticity (especially destructive plasticity and trauma) within screen studies",OA
new materialism,Jane Bennett / new materialist criticism,"New materialist framework theorizing distributed agency emerging from human entanglements with other lifeforms, matter and cosmic time",New Materialist Freedom in Chloe Zhao's Nomadland,Randy Laist,Film-Philosophy,"Vol. 28, No. 2",2024,https://doi.org/10.3366/film.2024.0265,"Argues Nomadland redirects the iconography of masculine American cinematic freedom into a new materialist vision in which Fern's refusal of a fixed home reconceives identity, agency and freedom as planetary entanglement",OA
eternal recurrence / death of God,Friedrich Nietzsche,"Nietzschean concepts of eternal recurrence, the death of God and nihilism, used to read circularity, repetition and endurance under bleakness",Nietzschean Themes in Bela Tarr's The Turin Horse,Paolo Stellino,Film-Philosophy,"Vol. 28, No. 2",2024,https://doi.org/10.3366/film.2024.0267,"Reads Bela Tarr's The Turin Horse (which opens with the 1889 Turin anecdote about Nietzsche) through eternal recurrence in its circular repetition, the death of God in the neighbor's monologue, and pervasive nihilism",OA
Deleuzian time and death,Gilles Deleuze,"Deleuze's philosophy of time and the time-image, mobilized to think the relation between moving images, death and the nature of time",Death as Film-Philosophy's Muse: Deleuzian Observations on Moving Images and the Nature of Time,Garin Dowd,Film-Philosophy,"Vol. 27, No. 3",2023,https://doi.org/10.3366/film.2023.0227,"Offers Deleuzian observations on how moving images figure death and temporality, positioning death as a generative problem for film-philosophy's thinking of time",OA
stratigraphic image / in-between space,Gilles Deleuze (stratigraphy) and spatial montage theory,Deleuzian stratigraphy and spatial theory used to analyze the layering of images/sounds and the inter-space between semantic orders,"Strata, Narrative, and Space in Ici et ailleurs",Kamil Lipinski,Film-Philosophy,"Vol. 27, No. 2",2023,https://doi.org/10.3366/film.2023.0225,"Examines Godard and Mieville's Ici et ailleurs as a stratification of images and sounds, arguing its narrative relies on an in-between method that juxtaposes static Western family life with Palestinian Fedayeen, defining an inter-space between semantic orders",OA
twofoldness of the moving image,Richard Wollheim (extended to film),"Wollheim's notion of seeing-in / twofoldness, extended to the perceptual and neuroscientific experience of filmic images",Psychology and Neurobiology of Horror Movies,Lauri Nummenmaa,Projections: The Journal for Movies and Mind,"Vol. 18, No. 2",2024,https://doi.org/10.3167/proj.2024.180203,"Explains the appeal of horror films via the brain's reality-check and emotion-regulation systems: vicarious simulation, threat proximity and unpredictability engage fear safely, mixing fear and excitement and enabling safe learning about danger",abstract-only
parasocial contact hypothesis,Edward Schiappa,Cognitive-communication hypothesis that mediated (parasocial) contact with outgroup characters reduces prejudice much as real intergroup contact does,Reducing Prejudice through Mediated Exposure: The Parasocial Contact Hypothesis,Edward Schiappa,Projections: The Journal for Movies and Mind,"Vol. 18, No. 1",2024,https://doi.org/10.3167/proj.2024.180103,"Traces the parasocial contact hypothesis from early film-effects and cultivation research to its current tenets, arguing film and television representation can reduce prejudice through mediated exposure to outgroup characters",abstract-only
biocultural approach,biocultural criticism (Hogan/Boyd lineage),"Biocultural framework integrating cognitive/neuroscientific findings with cultural analysis of embodied minds, here for disability representation","Moving, Thinking, and Representing the Autistic Mind/Body: Disability Representation in Extraordinary Attorney Woo","Kuansong Victor Zhuang, Sze-Hwee Jace Tay, Gerard Goggin",Projections: The Journal for Movies and Mind,"Vol. 18, No. 1",2024,https://doi.org/10.3167/proj.2024.180105,"Uses a biocultural approach to analyze the embodied autistic mind/body in Extraordinary Attorney Woo, arguing deep-rooted neuro-stereotypes still shape progressive disability representation and must be acknowledged for equitable portrayal",abstract-only
theory of mind,theory of mind (cognitive film studies),"Cognitive-psychology capacity to attribute mental states to others, tested as a predictor of viewers' moral understanding and reflection",Theory of Mind Negatively Predicts Reflection and Positively Predicts Moral Understanding,"Joseph Jackowski, Daniel T. Levin, Allison Eden, Sara M. Grady, Carl Plantinga, Murray Smith",Projections: The Journal for Movies and Mind,Vol. 18 (in press),2024,https://www.berghahnjournals.com/view/journals/projections/projections-overview.xml,"Empirically finds that theory of mind positively predicts viewers' moral understanding of films but negatively predicts reflection, suggesting ToM aids online processing while reducing the need for further deliberation",abstract-only
crisis of the action-image / pseudoreal,Gilles Deleuze (film ontology),"Deleuze's diagnosis of the breakdown of the sensory-motor action-image, here extended to the digital severing of image from pro-filmic reality",Crisis of the Pseudoreal: Making Sense of the Film-Image Severed from Reality,Shaler Keenum,Film and Philosophy,Vol. 29 (online first),2024,https://doi.org/10.5840/filmphil2024101533,"Argues that digital image manipulation has severed the film-image from pro-filmic reality, proposing that all images now be interpreted as pseudoreal rather than as indexical traces of the real",OA
finitude / being-toward-death,existential phenomenology (Heidegger lineage),"Existential account of mortality and finitude as the ground of meaning, here used to read angels who choose human embodiment",Wings of Desire and the Joys of Finitude,Joseph Kupfer,Film and Philosophy,Vol. 29 (online first),2024,https://doi.org/10.5840/filmphil202410330,"Argues Wim Wenders's Wings of Desire elevates ordinary mortal life by showing how embodiment, love and purposeful action derive their meaning precisely from finitude and temporal limitation",OA
aesthetic vs ethical life-view,Soren Kierkegaard,Kierkegaard's stages of existence (aesthetic vs ethical) used to diagnose chronically-online subjectivity,Inside/Outside: The Potential Ethics of Internet Aestheticism in Burnham and Kierkegaard,Gloria Nogueira,Film and Philosophy,Vol. 29 (online first),2024,https://doi.org/10.5840/filmphil202410228,"Offers a Kierkegaardian reading of Bo Burnham's Inside as the despairing aestheticism of online youth, drawing on Kierkegaard and Mark Fisher to ask whether the special thwarts or engenders ethical development",OA
semantic externalism / biosemantics,Ruth Millikan (biosemantics) and Putnam-style externalism,"Philosophy-of-language theory grounding meaning in external/teleological relations rather than mental intention, applied to film interpretation",A Biosemantic Type of Anti-intentionalist Film Analysis,Joseph McKenna,Film and Philosophy,Vol. 29 (online first),2024,https://doi.org/10.5840/filmphil202412434,"Proposes a biosemantic, semantic-externalist mode of film analysis and, via a case study of 2001: A Space Odyssey, defends anti-intentionalism against intentionalist accounts of artwork meaning",OA
fiction/character perspective gap,Noel Carroll (philosophy of horror),Carroll's theory of art-horror and the structural tension between audience and character knowledge in fiction,Being in a Horror Movie,Pete Falconer,The Journal of Aesthetics and Art Criticism,"Vol. 81, No. 3",2023,https://doi.org/10.1093/jaac/kpad023,"Argues popular complaints about character stupidity in horror miss how the genre exploits a fundamental fiction-perspective gap between audience and characters facing extraordinary threats, engaging Carroll's account of horror",abstract-only
cultural trauma,Jeffrey Alexander (cultural trauma theory),Sociological theory of how collective trauma is culturally constructed and represented to forge group identity,Construction and Representation of Cultural Trauma in Contemporary Ukrainian Cinema,Oleksandra Kalinichenko,Cinema: Journal of Philosophy and the Moving Image,"Vol. 15, No. 1",2023,https://doi.org/10.34619/2f5b-gojm,"Analyzes how contemporary Ukrainian cinema constructs and represents cultural trauma of war and invasion, examining the cinematic mediation of collective memory and national identity",OA
wartime trauma and women's resistance,trauma studies / feminist film theory,"Frameworks linking gendered trauma, testimony and resistance to wartime violence",The Ukrainian Film Butterfly Vision (2022) and Women's Resistance to Wartime Trauma,Natascha Drubek,Cinema: Journal of Philosophy and the Moving Image,"Vol. 15, No. 1",2023,https://doi.org/10.34619/2f5b-gojm,Reads Butterfly Vision through trauma and feminist frameworks to show how the film figures women's resistance to wartime sexual violence and the politics of bearing witness,OA
poetic cinema and national identity,Ukrainian poetic cinema tradition,Aesthetic-theoretical tradition (Dovzhenko/Parajanov lineage) theorizing cinematic poetics as a vehicle of national-cultural identity,Music of Ukrainian Poetic Cinema as a Space for Constructing National Identity in Ukrainian Culture,"Mariia Lihus, Olha Lihus",Cinema: Journal of Philosophy and the Moving Image,"Vol. 15, No. 1",2023,https://doi.org/10.34619/2f5b-gojm,"Argues the music of Ukrainian poetic cinema operates as a cultural space for constructing and mobilizing national identity, especially amid the Russian invasion",OA
Decolonising the Mind,Ngũgĩ wa Thiong'o,"Argues language is the carrier of culture and colonial language imposition colonizes consciousness, so reclaiming Indigenous languages is essential to decolonization",African films and languages (Editorial),Gilbert Motsaathebe and Abiodun Salawu,Journal of African Cinemas,17(3) African Language Films,2025,https://doi.org/10.1386/jac_00155_2,"Frames the African-language-films issue through Ngũgĩ, arguing African-language films are vital tools of self-representation and cultural export that embody cultural knowledge, identity and history and contribute to the African Renaissance and decolonization",OA
Decolonising the African Mind,Ngũgĩ wa Thiong'o,Language as the embodiment of culture; translation/subtitling choices either decolonize or recolonize the Indigenous-language film for non-native audiences,Issues of subtitling in Biyi Bandele's Elesin Oba,Israel Ayinla Fadipe and Imoh Sunday Obot,Journal of African Cinemas,17(3) African Language Films,2025,https://doi.org/10.1386/jac_00150_1,"Analyses subtitling lapses in Elesin Oba (2022, adapted from Soyinka's Death and the King's Horseman) through Ngũgĩ's Decolonising the African Mind, arguing translation for non-native audiences risks distorting the film's culturally embedded meaning",OA
Third Cinema,Solanas & Getino / Teshome Gabriel,"A militant, anti-imperialist cinema of marginalized peoples that resists cultural relegation and Western mainstream aesthetics",Preserving Indigenous Ovaherero cultural heritage in the digital age: Analysis of the film Tjipangandjara,William Heuva,Journal of African Cinemas,17(3) African Language Films,2025,https://intellectdiscover.com/content/journals/jac/browse,"Places the Namibian short Tjipangandjara in the Third Cinema tradition as resistance to cultural relegation and argues new filmless digital technology can promote Indigenous Ovaherero language and heritage, contra claims that modernization causes their extinction",OA
Necropolitics / the postcolony,Achille Mbembe,"Explains how postcolonial sovereign power in Africa operates through commandment, spectacle and the management of who may live and who is left to die",Jean-Pierre Bekolo's Le président: Documenting the absence,Matthias De Groof (Bekolo special issue),Journal of African Cinemas,16(1) Aesthetics of the Future,2024,https://doi.org/10.1386/jac_00107_1,"Reads Bekolo's banned mockumentary Le président through Mbembe's postcolony and necropolitics, arguing the film mocks documentary's visible evidence to expose presidents-for-life autocracy and provoke political dissent",OA
Afrofuturism,Afrofuturism lineage (via Mbembe's postcolony),A speculative aesthetic projecting African/Black futures to critique present subjugation and counter Afro-pessimist framings of the continent,Science fiction and masquerade in Jean-Pierre Bekolo's Les Saignantes (2005): A cinematic way out of Africa's declining future,Matthias De Groof,Journal of African Cinemas,16(1) Aesthetics of the Future,2024,https://doi.org/10.1386/jac_00106_1,"Argues Les Saignantes deploys Afrofuturist aesthetics and a Mevungu-ritual female-gaze masquerade to critique Africa's postcolonial commandment power and the ethnologizing phallocentric gaze, using a dying future-universe as a warning mirror",OA
The colonial library,V. Y. Mudimbe (with Foucault),"Names the colonial discourse that invented Africa as an object of Western knowledge, showing knowledge production is inseparable from colonial power",The colonial library and productive futurity in Jean-Pierre Bekolo's Mudimbe's Things and Words (2015),Olivier J. Tchouaffe,Journal of African Cinemas,16(1) Aesthetics of the Future,2024,https://doi.org/10.1386/jac_00108_1,Argues Bekolo and Mudimbe deconstruct Foucault to show how the colonial library weaponizes the imposed colonial past as a precondition of ongoing power and violence in Africa,OA
Négritude,Aimé Césaire,An anticolonial cultural-political movement affirming Black identity and African cultural value as resistance to colonial denigration,Death and negritude: Bekolo's Miraculous Weapons,Rita Keresztesi,Journal of African Cinemas,16(1) Aesthetics of the Future,2024,https://doi.org/10.1386/jac_00109_1,"Reads Bekolo's Miraculous Weapons (citing Césaire's Les Armes miraculeuses) as a meditation on art, life and death in which négritude becomes the movement that refuses to die under postcolonial tension",OA
The idea of Africa,Achille Mbembe (with Mudimbe),"Interrogates Africa not as a fixed entity but as a constructed idea whose meaning is continually produced, here through cinema as knowledge-practice",Artistic epistemologies: Black cinema and the idea of Africa,Addamms Mututa,Journal of African Cinemas,16(2-3) Artistic Epistemologies,2024,https://doi.org/10.1386/jac_00122_2,"Frames the special issue around what knowledge of contemporary Africa is deducible through its cinemas, citing Mbembe to link the idea of Africa with cultural ontologies and new possibilities for theorizing Africa cinematically",OA
Dialectic of omission / hegemony,Postcolonial canon critique (Gramscian hegemony lineage),"Explains how a global film culture is constructed hegemonically by Western institutions that structurally omit African cinemas from history, criticism and industry",Global silences on African cinemas: Dialectic of omission in western canons,Paulo Cunha,Journal of African Cinemas,15(2-3),2023,https://doi.org/10.1386/jac_00102_1,"Argues African cinemas are systematically omitted across the three fronts of Western-led global film canons and that even as world cinemas advance, African cinemas have not impacted global canon directions, reproducing a hegemonic film culture",OA
Transnational entanglement,Transnational cinema theory (Nollywood studies),"Reframes Nollywood's global circulation as mutual entanglement rather than one-way domination, contesting binary core/periphery oppositions",Nollywood internationalism: Filmic entanglements on Nigerian terrain,Noah Tsika,Journal of African Cinemas,16(2-3) Artistic Epistemologies,2024,https://doi.org/10.1386/jac_00119_1,"Argues Nollywood's global diffusion depends on both US streaming corporations and Afro-diasporic informal circulation, generating multiple contested images of Africa, and calls for resisting Nollywood/Hollywood binaries",OA
Afrofuturism,Afrofuturism / Black speculative fiction lineage,A speculative mode that decolonizes the future and imagination to project Black futures and critique present racial subjugation,"Black Panther, Afrofuturism, and the (Erased) Memory of Patrice Lumumba",Stephen Casmier,Black Camera,16(2),2025,https://doi.org/10.2979/blc.00054,"Argues that despite Afrofuturism's decolonizing promise, Coogler's Black Panther imaginatively repeats a Cold War plot in which Western power defeats African longing, leading audiences to forget US militarization of Africa and the 1961 murder of Patrice Lumumba",abstract-only
Afterlives of slavery / Black Gothic,Saidiya Hartman (afterlife of slavery) / Black Gothic,"Names how the violence of slavery persists in the present (racial mixing, passing, premature death), reworked through Gothic conventions of haunting","The Black/Body Gothic: Exhuming and Transcending Racial Mixing, Passing, and Slavery's Afterlives in Lovecraft Country (2020)",Jacqueline Pinkowitz,Black Camera,16(2),2025,https://doi.org/10.2979/blc.00055,"Argues that a Black-Lives-Matter-era new wave of Black horror inverts the equation of Blackness with monstrosity, and that Lovecraft Country uses Gothic tropes to exhume and transcend racial passing and slavery's afterlives through Black-centered subjectivity",abstract-only
General intellect,Karl Marx / autonomist Marxism,"Marx's term for collective social knowledge and cooperation incorporated into production, revived to theorize socialized cognitive and embodied labor","Articulation, Embodiment, and the General Intellect in Charles Burnett's Killer of Sheep",Elijah S. Levine,Black Camera,16(2),2025,https://doi.org/10.2979/blc.00056,"Reads Charles Burnett's Killer of Sheep through Marx's general intellect, arguing the film renders the articulation and embodiment of socialized Black labor in 1970s Watts as both exploited and a site of collective knowledge",abstract-only
Reparative reading,Eve Kosofsky Sedgwick,"A non-paranoid, less suspicion-driven mode of critique that seeks to repair rather than only expose damage from prejudice and violence",A Reparative Reading of the Atlantic Ocean in Moonlight,Michael Anthony Turcios,Black Camera,16(2),2025,https://doi.org/10.2979/blc.00057,"Applies Sedgwick's reparative reading to the recurring Atlantic Ocean in Moonlight, arguing the ocean functions as a reparative space of Black queer becoming rather than only a site of Middle Passage trauma",abstract-only
Minor cinema,Gilles Deleuze & Félix Guattari,Names a politicized minor mode of expression by a minority within a major language/cinema that produces another consciousness and collective enunciation,The Cinematic Break: DJ Aesthetics and Political Subjectivity in Melvin Van Peebles,Matthew Holtmeier,Black Camera,16(1),2024,https://doi.org/10.2979/blc.00040,"Argues Van Peebles's sound/image editing produces a cinematic break (anticipating hip-hop DJ aesthetics) that generates political subjectivity, drawing on Deleuze and Guattari's minor cinema as a means for another consciousness and sensibility",abstract-only
Anticolonial / feminist Third Cinema aesthetics,Sarah Maldoror (anticolonial cinema lineage),"Names a militant Black, African, anticolonial and feminist filmmaking practice tied to liberation struggle","Sambizanga (1972): Aesthetics and politics in the film of Sarah Maldoror—Black, African, anticolonialist, feminist",Black Camera editorial feature,Black Camera,16(1),2024,https://doi.org/10.2979/blc.00028,"Frames Maldoror's Sambizanga as an anticolonialist and feminist landmark, reading its aesthetics and politics through the Angolan liberation struggle and the intersection of Blackness, Africanness and gender",abstract-only
Metabolic rift (aesthetic rift),Karl Marx (developed by John Bellamy Foster),"Names the rupture in the metabolism between humanity and nature produced by capitalist production, depleting the ecological conditions of social reproduction",The Aesthetic Rift: An Eco-Marxist Approach to the Capitalist Spatiality of Art,Alejandro Pedregal and Jaime Vindel,Third Text,37(3),2023,https://doi.org/10.1080/09528822.2023.2288783,"Extends Marx/Foster's metabolic rift into an aesthetic rift, arguing industrial capitalism produced material and imaginary rifts between economics, ecology and aesthetics that fetishize art and the exhibition space under the Capitalocene",OA
Capitalocene / cheap nature,Jason W. Moore,"Locates ecological crisis in capitalism's specific organization of power and appropriation of cheap nature, tied to colonial dispossession rather than an undifferentiated humanity","Anthropocene as Capitalocene: Soil, Land and Territory in the Artistic Research of Anca Benera and Arnold Estefán",Cristian Nae,Third Text,37(5-6),2023,https://doi.org/10.1080/09528822.2023.2296822,Reads Benera and Estefán's research-based work on devastated landscapes as a Capitalocene critique proposing an alternative epistemology against environmental and political violence rooted in colonial exploitation of cheap nature,abstract-only
Transmotion / survivance,Gerald Vizenor,Theorizes Native sovereignty as active sovereign motion and presence that resists the colonial fixity of the vanished Indian,Miss Chief and the Art of Decolonial Tease: The Mixedblood Urban Earthdiver and the Flâneur,Renate Dohmen,Third Text,38(1-2),2024,https://doi.org/10.1080/09528822.2024.2326393,"Reads Kent Monkman's alter ego Miss Chief Eagle Testickle through Vizenor's transmotion, positing the mixedblood urban earthdiver as a decolonial figurehead displacing the modern flâneur",OA
Ecology of knowledges / abyssal line,Boaventura de Sousa Santos,"Describes how Western modernity renders Southern and Indigenous knowledges invisible, proposing intercultural translation across knowledge systems as remedy",Miss Chief and the Art of Decolonial Tease: The Mixedblood Urban Earthdiver and the Flâneur,Renate Dohmen,Third Text,38(1-2),2024,https://doi.org/10.1080/09528822.2024.2326393,Frames Monkman's parodic art-historical interventions as a post-abyssal ecology of knowledges that uses intercultural translation to displace the canonical authority of Western art history,OA
Toxic hospitality,Olivier Marboeuf,"Names the unequal condition in which racialized artists are invited into white-dominated institutions on the host's terms, reproducing the exclusion the invitation claims to remedy","A Toxic Hospitality?: Racism, Museums and Decolonial Interventions",Third Text (Vol 38 No 3 contributor),Third Text,38(3),2024,https://doi.org/10.1080/09528822.2024.2439230,"Argues commissioning artists to decolonise European museums often reproduces Marboeuf's toxic hospitality, generating spatial and temporal inequality that participates in keeping whiteness in place",abstract-only
Non-performativity of diversity,Sara Ahmed,Shows how institutional diversity and inclusion documents function as gestures that let institutions appear committed while leaving racialized power intact,"A Toxic Hospitality?: Racism, Museums and Decolonial Interventions",Third Text (Vol 38 No 3 contributor),Third Text,38(3),2024,https://doi.org/10.1080/09528822.2024.2439230,"Maps a continuity between Ahmed's critique of diversity policy and the post-2010 decolonial turn, arguing artistic interventions extend the same logic of appearing to change while preserving whiteness",abstract-only
Anishinaabe cosmologies (relational ontology),Anishinaabe cosmology / ecocriticism,"Frames land, water and beings as relational animate kin, an ontological alternative to extractive settler-colonial resource economies","Mining Matter/s: Bonnie Devine, Anishinaabe Cosmologies, and Uranium Extraction on the Canadian Shield",Zoe Weldon-Yochim,Third Text,37(1),2023,https://doi.org/10.1080/09528822.2023.2202590,"Uses ecocritical method and Anishinaabe cosmologies to read Bonnie Devine's film Rooster Rock, arguing it investigates uranium extraction's effect on place, beings and ontologies and ties Cold War extraction to community history",abstract-only
Immaterial labor,Antonio Negri (with Michael Hardt),"Names value-producing labor yielding informational, affective and communicative content, theorized by autonomists as central to post-Fordist capitalism",Living Labor and Social Labor: A Marxian Critique of Immaterial-Labor Theory,Zhuoqun Wang,Rethinking Marxism,36(2),2024,https://doi.org/10.1080/08935696.2024.2328668,"Critiques Negri's productivist reading of immaterial labor as independent of capital, arguing its social form is constituted and mediated by capital valorization and encompasses both domination and resistance",abstract-only
General intellect,Antonio Negri (via Marx's Grundrisse),"Marx's term for collective social knowledge in production, revived by autonomists to claim socialized cognitive labor exceeds capital's measure",Living Labor and Social Labor: A Marxian Critique of Immaterial-Labor Theory,Zhuoqun Wang,Rethinking Marxism,36(2),2024,https://doi.org/10.1080/08935696.2024.2328668,Argues the autonomist reading of general-intellect labor as inherently postcapitalist sets aside the social form of labor and obscures how such labor remains subsumed under capital valorization,abstract-only
Commodity fetishism,Karl Marx,"Explains how under capitalism social relations among producers appear as objective value-relations between things, masking the labor that constitutes value",Deciphering the Commodity: The Social Code of Value,Andrea Ricci,Rethinking Marxism,36(1),2024,https://doi.org/10.1080/08935696.2024.2282396,"Argues value is the objective abstract form of capitalist class relations functioning as an automatic social code, and that the commodity's use-value/exchange-value duality is homologous to the sign's signifier/signified duality in Marx's analysis of fetishism",abstract-only
Value-form / real abstraction,Alfred Sohn-Rethel / Neue Marx-Lektüre (Michael Heinrich),Explains how the exchange process generates an impersonal autonomized structure of abstract value that precedes and conditions conscious thought,Subjects of Exchange: Between Lacan and the Neue Marx-Lektüre,Thomas Waller,Rethinking Marxism,35(2),2023,https://doi.org/10.1080/08935696.2023.2183683,"Reads Lacan with the Neue Marx-Lektüre to argue a homology between psychoanalysis and the critique of political economy, showing the autonomization of value (real abstraction) parallels the impersonality of the symbolic order",abstract-only
Class consciousness,Georg Lukács,"Names the proletariat's potential standpoint of the social totality, making the working class the subject-object of history against economistic Marxism","Who Are You Calling Vulgar? Lukács, Kautsky, and the Beginnings of Western Marxism",Edward Baring,Rethinking Marxism,35(4),2023,https://doi.org/10.1080/08935696.2023.2241345,"Argues Lukács's project of promoting class consciousness paradoxically depends on the vulgar Marxism it denounces, making vulgar Marxism both precondition and obstacle to revolutionary consciousness",abstract-only
Theoretical anti-humanism,Louis Althusser,"Rejects the human subject/essence as Marxism's foundation, treating Man as an ideological category in order to ground political intervention","Ecology, Politics, and the Crisis of Marxism",Samuel J. R. Mercer,Rethinking Marxism,36(2),2024,https://doi.org/10.1080/08935696.2024.2328666,"Argues posthumanism and renewed Marxist humanism share an ideological structure producing apoliticism before ecological catastrophe, and that an Althusserian theoretical anti-humanism offers a more effective knowledge of political intervention",abstract-only
Structure of feeling / cultural materialism,Raymond Williams,"Treats culture as a material productive force and names the lived, emergent, pre-formalized experience of a social moment and the institutions producing meaning",The Making of Marxism Today: Cultural-Materialist Insights for Democratic Socialist Media Creators,Herbert (Hillary) Pimlott,Rethinking Marxism,37(1),2025,https://doi.org/10.1080/08935696.2024.2435769,"Uses Williams's cultural materialism and structure of feeling under Thatcherism to read the magazine Marxism Today as a counterhegemonic cultural apparatus, drawing lessons for contemporary socialist media against rising fascism",abstract-only
Subaltern / Southern Question,Antonio Gramsci,"Names classes excluded from hegemony and the uneven regionalized articulation of class, region and the national-popular",The Southern Question and Subaltern Social Groups and Classes,Jordan T. Camp,Rethinking Marxism,37(2),2025,https://doi.org/10.1080/08935696.2025.2475870,Argues Gramsci's writings on subaltern groups and the Southern Question supply methodological criteria for analyzing race and class in specific conjunctures and can be translated to confront the present conjuncture,abstract-only
Accented cinema,Hamid Naficy,"Names exilic, diasporic and postcolonial filmmaking whose multilingual interstitial style accents the dominant cinema and registers displacement",West as home in Ruba Nadda's films,May Telmissany,Transnational Screens,14(2),2023,https://doi.org/10.1080/25785273.2023.2231777,"Drawing on accented/transnational cinema, reads four films by Syrian-Canadian Ruba Nadda and argues she reconstructs the West as home, building cultural bridges that transcend the exilic poetics of loss and East/West binaries",abstract-only
Insider/outsider filmmaker,Trinh T. Minh-ha,"Troubles the assumption that a filmmaker sharing a community's identity has unmediated authority to represent it, foregrounding situated partial position",Insider/Outsider: Arlene Bowman's Navajo Talking Picture,Becca Voelcker,Transnational Screens,17(1) A language not their own,2026,https://doi.org/10.1080/25785273.2025.2569203,Uses Trinh's insider/outsider to argue Arlene Bowman's Navajo Talking Picture foregrounds the filmmaker's troubles with translation (she does not speak Navajo) to examine her estranged Diné identity and indict extractivism and the settler-colonial gaze,OA
Hauntology / the spectre,Jacques Derrida,Names a figure suspended between presence and absence used to think unsettled non-belonging that resists full materialization,"Specters of migration: haunting anomalies in Jupiter's Moon (2017), Europe (2022) and The Quiet Migration (2023)",Giacomo Toffano,Transnational Screens,16(1),2025,https://doi.org/10.1080/25785273.2025.2481664,"Mobilizes Derrida's spectre to argue recent migration films turn to the spectral and supernatural (the migrant as ghost/anomaly) to convey displacement, alienation and grief, shifting migration fiction away from documentary realism",abstract-only
Cinematic realism,Siegfried Kracauer,"Holds that film's vocation is the redemption of physical reality, so location and photographic recording of real places carry historical material meaning",Transnational Marseille: film space and layers of history in Transit,Celestino Deleyto,Transnational Screens,16(3),2025,https://doi.org/10.1080/25785273.2025.2550101,"Reads Petzold's Transit through Kracauer's realist aesthetics, arguing the film's location shooting collapses past and present and turns Marseille into an instance of messy, actually-existing cosmopolitanism",OA
Transnational feminism / scattered hegemonies,Inderpal Grewal & Caren Kaplan (with Ella Shohat),"Rejects a universalizing global sisterhood, analyzing gender through asymmetrical power, colonial history and cross-border circulation",Introduction: Transnational feminist approaches to film and media from the Middle East and North Africa,Zahra Khosroshahi and Sara Saljoughi,Transnational Screens,14(2),2023,https://doi.org/10.1080/25785273.2023.2231775,Brings Grewal & Kaplan's transnational-feminist methodology together with Shohat's feminist film scholarship to argue for reading MENA and diasporic cinema through gender and transnationalism rather than nation-bound or Orientalist frames,OA
Critical transnationalism,Will Higbee & Song Hwee Lim,"Guards against celebratory uses of transnational, insisting transnational filmmaking be analyzed for how it negotiates the national, the local and power",A language not their own: transnational production in 'foreign' dialogue,Hannah Holtzman and Gemma King,Transnational Screens,17(1) A language not their own,2026,https://doi.org/10.1080/25785273.2026.2634419,"Framing studies of multilingual/translingual production, argues authorship and authority in transnational filmmaking are reshaped by language barriers and translation, engaging Naficy's accented cinema and critical-transnationalist attention to language as a site of power",OA
Heterotopia,Michel Foucault,"Names other spaces that mirror, contest and invert ordinary social space as real counter-sites","Transnational authorship, heterotopia and poetic American West: the practical strategies in Chloé Zhao's Nomadland (2020)",Single author (byline unverified),Transnational Screens,17(1),2026,https://doi.org/10.1080/25785273.2026.2629736,"Argues Chloé Zhao constructs a heterotopia of the American West to perform a transnational authorship of mobility and outsiderhood, replacing the real subject with a fictional white protagonist and downplaying the film's politics of race, labor and colonialism",abstract-only
semiotic guerrilla / semiotic tactics,Umberto Eco,"Eco's 'semiological guerrilla warfare' theorizes tactical, decoding-side resistance to dominant media messages from below.","Ambushing the Indian Screen: Vernacularisation, Semiotic Tactics and Magical Realism",Prithu Halder; Bibhuti Mary Kachhap,BioScope: South Asian Screen Studies,16(2),2025,https://doi.org/10.1177/09749276251381289,Reads Om Dar-B-Dar and Ghode Ko Jalebi Khilane Le Ja Riya Hu as avant-garde/prayoga films that deploy vernacular 'semiotic guerrilla tactics' to ambush dominant cinematic codes and circulate a localized magic realism.,abstract-only
magical realism,Fredric Jameson,Jameson theorized magic realism as a formal mode registering the collision of pre-capitalist and modern modes of production in (semi-)peripheral societies.,"Ambushing the Indian Screen: Vernacularisation, Semiotic Tactics and Magical Realism",Prithu Halder; Bibhuti Mary Kachhap,BioScope: South Asian Screen Studies,16(2),2025,https://doi.org/10.1177/09749276251381289,"Recovers an obscure vernacular history of magic realism's circulation in India, arguing it constituted the affective communities and avant-garde milieu the two films draw on.",abstract-only
vernacular visual culture,Christopher Pinney,Pinney's work on vernacular/'corpothetic' visual culture explains how Indian popular images are made and used outside elite art-historical frames.,"Ambushing the Indian Screen: Vernacularisation, Semiotic Tactics and Magical Realism",Prithu Halder; Bibhuti Mary Kachhap,BioScope: South Asian Screen Studies,16(2),2025,https://doi.org/10.1177/09749276251381289,Uses Pinney's vernacular-image framework to anchor the films' postcolonial vernacularisation of magic realism in Indian popular visual practice.,abstract-only
hauntology / spectrality,Jacques Derrida,"Derrida's hauntology names how the past (and the unresolved) returns to disrupt the present as a spectral, never-settled presence.",Gender Hauntings at the Border: Qissa's Narration of Partition Through the Trans Body,Usha Iyer,BioScope: South Asian Screen Studies,16(2),2025,https://doi.org/10.1177/09749276251380901,"Argues that Qissa's spiral, ghost-possession structure stages the Partition's unresolved trauma as gendered hauntings, with male ghosts possessing female bodies to figure the transitivity of gender, nation and genre.",abstract-only
transgender / trans embodiment,Susan Stryker (trans studies),"Trans studies theorizes the trans body as a site that destabilizes naturalized gender, exposing the violence of imposed binary regimes.",Gender Hauntings at the Border: Qissa's Narration of Partition Through the Trans Body,Usha Iyer,BioScope: South Asian Screen Studies,16(2),2025,https://doi.org/10.1177/09749276251380901,"Reads the patriarch's imposition of masculinity on his daughter and the film's gender shape-shifting as a folkloric, fluid trans embodiment responding to Partition's border violence.",abstract-only
media event,Daniel Dayan & Elie Katz (reworked toward affect),The 'media event' concept theorizes how broadcast ceremonies/ruptures are constructed and ritually staged to constitute publics.,Anatomy of a Media Event: Disinformation and Event Making in Television and Social Media,Ram Bhat,BioScope: South Asian Screen Studies,16(1),2025,https://doi.org/10.1177/09749276251335057,Argues that disinformation is not separate information but is distributed affectively as part of media events; using the Praveen Nettar assassination he shows how television and social media 'event-making forms' produce communal affective politics in India.,OA
affect / affective politics,Affect theory (Brian Massumi lineage),Affect theory explains how pre-cognitive intensities circulate through media to mobilize bodies and political feeling.,Anatomy of a Media Event: Disinformation and Event Making in Television and Social Media,Ram Bhat,BioScope: South Asian Screen Studies,16(1),2025,https://doi.org/10.1177/09749276251335057,"Treats media events as affective spaces whose event-making forms signify politics to audiences, locating disinformation within a network of affective rather than purely informational circulation.",OA
material memory / archival absence,Concept developed by Dootson & Gaur (engaging media materiality / trace),"Reorients colour-film historiography from extant images toward material traces (music, ephemera, oral history) to write histories of lost films.","A History of Colour Cinema That Can Account for Indian Cinema: The Bombay Film Laboratory, Kashmir's Climate and Gevacolor's Pamposh",Kirsty Sinclair Dootson; Poorvi Gaur,BioScope: South Asian Screen Studies,16(1),2025,https://doi.org/10.1177/09749276251321449,Argues the lost film Pamposh survives in non-filmic traces that reveal how the assimilation of Gevacolor into Bombay cinema became a paradigm for the political assimilation of Kashmir into India.,OA
national narrative / national identity,Benedict Anderson (imagined community lineage),"Theorizes the nation as an imagined community continuously codified through cultural production, monuments and anniversaries.",A Looking Glass War: Bangladesh's Pendulum-swing Liberation War Cinema,Naeem Mohaiemen,BioScope: South Asian Screen Studies,16(1),2025,https://doi.org/10.1177/09749276251338868,"Reads two Liberation War films made 40 years apart (Ora Egaro Jon, Meherjaan) to trace a 'pendulum-swing' centring, decentring and return of the 1971 war as the singular event grounding Bangladeshi national identity.",OA
female stardom / star text,Richard Dyer (star theory),Dyer's star theory analyzes the star as an ideologically constructed text that negotiates social tensions around identity and desire.,At the Crossroads of Erotic and Mainstream: The Two-phase Celebrity Stardom of Silk Smitha in Malayalam Cinema,Sony Jalarajan Raj,BioScope: South Asian Screen Studies,16(2),2025,https://doi.org/10.1177/09749276251382174,"Argues Silk Smitha's two-phase erotic-mainstream star text subverts, substantiates and reinstates the cultural myth of the ideal Malayali feminine, reconfiguring glamour, sexuality and female stardom in Kerala.",OA
transtopia,Howard Chiang,Chiang coined 'transtopia' for a discursive space that shifts debate from what transgender 'is' to what it 'can do' across cultures.,Toward a cinematic transtopia,Victor Fan,Journal of Chinese Cinemas,17(1),2023,https://doi.org/10.1080/17508061.2024.2312727,"Argues that despite near-invisibility of trans self-representation in Chinese independent film, Zhang Wei's The Rib (2019) fosters a visible 'transtopia' reconfiguring trans subjectivity.",OA
Sinophone,Shu-mei Shih,Shih's 'Sinophone' reframes Chinese-language production from the margins against Han-centrism and Chinese imperial centrality.,Queering the cinematic border of the PRC and Hong Kong: On Fruit Chan's prostitute trilogy,Alvin K. Wong,Journal of Chinese Cinemas,17(1),2023,https://doi.org/10.1080/17508061.2024.2312715,"Argues Fruit Chan's sex-worker trilogy uses a Sinophone analytic of 'queering borders' to challenge the boundary of Chinese cinema across colonial legacy, nationalism and Hong Kong localism.",abstract-only
affect / affective vision,Affect theory (Sara Ahmed lineage),Affect theory explains how feeling circulates between bodies and images to forge collective attachments outside dominant norms.,Queering community: The affect of visuality in the Sinosphere,Jinyan Zeng,Journal of Chinese Cinemas,17(1),2023,https://doi.org/10.1080/17508061.2024.2312721,Argues the activist couple Shitou and Mingming's photographs/documentaries construct an 'affective feminist vision' that becomes a community-making practice resisting Han-centric heteronormative norms.,OA
queer Asian diaspora,Hongwei Bao,"Theorizes how diasporic queer subjects use media to articulate intersectional, transnational identity and politics.",Digital video activism: Fan Popo's queer Asian diasporic politics,Hongwei Bao,Journal of Chinese Cinemas,17(1),2023,https://doi.org/10.1080/17508061.2024.2312681,"Argues Fan Popo's post-2017 Berlin filmmaking enacts a context-specific, transversal queer politics rooted in a queer Asian diaspora subject position.",OA
acousmatic sound,Michel Chion,"Chion's 'acousmatic' names sound heard without seeing its source, theorizing how cinema decouples sound from image to structure listening and power.",Hou Hsiao-hsien's acousmatic sound: Listening to urban noises and decadent music in Daughter of the Nile,Raymond Kun-Xian Shen,Journal of Chinese Cinemas,17(2),2023,https://doi.org/10.1080/17508061.2024.2313877,Argues Daughter of the Nile (1987) builds acousmatic urban soundscapes implying an 'ethics of listening' that exposes power dynamics amid 1980s Taiwan noise-control debates.,abstract-only
re'nao / 'hot noise',Anatoly Detwyler (theorizing an indigenous Chinese concept),"Re'nao names the embodied, participatory immersion of an active crowd, set against the alienated individual gaze of modern spectatorship.",Shanghai Fever: Speculation and spectatorship in the 'hot noise' of postsocialist China,Anatoly Detwyler,Journal of Chinese Cinemas,17(2),2023,https://doi.org/10.1080/17508061.2024.2313353,Argues Shanghai Fever (1994) dramatizes the friction between participatory re'nao and modern spectatorship within postsocialist China's speculative economy.,abstract-only
bare life / biopolitics,Giorgio Agamben,Agamben's 'bare life' names life stripped to mere biological existence and exposed to sovereign power.,From bare life to still life: Knife in the Clear Water,Shaowen Zhang,Journal of Chinese Cinemas,online-first,2025,https://doi.org/10.1080/17508061.2025.2521980,Argues Knife in the Clear Water (2016) exposes the limits of 'bare life' for ethnic-minority precarity by reorienting the concept toward the 'bareness' of the arid land itself as a vital life form.,abstract-only
Sinophone performativity,Shu-mei Shih; Bill Nichols (performative mode),Combines Shih's peripheral Sinophone with Nichols's performative documentary mode to read filmmaker-intervention and melancholic affect.,"Blue, as in 'melancholy': Blue Island and Sinophone performativity",Chris Berry,Journal of Chinese Cinemas,online-first,2025,https://doi.org/10.1080/17508061.2025.2521977,"Argues Chan Tze-woon's Blue Island (2022) stages a melancholic, performative re-enactment of Hong Kong's struggles, recasting the Sinophone as a wider decolonial practice.",OA
transcorporeality / somatic intermediality,Stacy Alaimo,Alaimo's transcorporeality theorizes the body as porous and materially interconnected with environment.,"Somatic intermediality: Bodies, environment and population policies in Chinese children's science fiction films (1988-1992)",Ziyang Li,Journal of Chinese Cinemas,19(1),2025,https://doi.org/10.1080/17508061.2025.2564579,"Argues children's bodies in late-1980s/early-1990s sci-fi films function as a 'biosemiotic index' where China's population-control, cybernetic and environmental anxieties converge.",OA
elemental ideology / affective truth,Chuanhui Meng (engaging affect theory),"Names how socialist political truths were rendered as immediate and affective as natural forces, theorizing affect in propaganda aesthetics.","Documentary art film and affective truth: Genre hybridity, the combination of revolutionary realism and revolutionary romanticism, and elemental ideology in socialist China",Chuanhui Meng,Journal of Chinese Cinemas,18(2-3),2024,https://doi.org/10.1080/17508061.2025.2513131,"Argues the Great Leap Forward's 'documentary art film' genre hybridized documentary and fiction to forge an affective, corporeal link to 'historical truth' under the 2RR principle.",abstract-only
implicated subject,Michael Rothberg,Rothberg's 'implicated subject' names those neither victims nor perpetrators but entangled in and benefiting from historical injustice.,Present perfect cinema and the implicated subject: the utilization of photographs in Oshima Nagisa's Diary of Yunbogi,Kevin J. McKiernan,Journal of Japanese and Korean Cinema,17(1),2025,https://doi.org/10.1080/17564905.2025.2475528,"Argues Oshima positions himself as a Japanese 'implicated subject' who asserts solidarity as a citizen of the former colonizing state, linking Japan and South Korea through shared American occupation.",abstract-only
structure of feeling,Raymond Williams,"Williams's 'structure of feeling' captures the shared, not-yet-articulated affective texture of a historical present.",Recessionary cinema in post-bubble Japan,Patrick Noonan,Journal of Japanese and Korean Cinema,17(1),2025,https://doi.org/10.1080/17564905.2025.2482515,"Argues Yamashita Nobuhiro's films register the 'structure of feeling' of post-bubble Japan, an affective residue of financial precarity beneath everyday life rendered through slow aesthetics.",abstract-only
apparatus theory,Jean-Louis Baudry (re-mediated by Theresa Hak Kyung Cha),1970s apparatus theory analyzes how the cinematic apparatus ideologically constructs the viewing subject.,"Theresa Hak Kyung Cha as a re-mediating theoretician-artist: Apparatus (1981), Maya Deren, and the genealogy of women's media art",not confirmed via available sources,Journal of Japanese and Korean Cinema,18(1),2026,https://doi.org/10.1080/17564905.2026.2634502,"Argues Cha absorbed and transformed 1970s apparatus theory through her edited volume Apparatus (1981) into a trans-medial mode of theorization, building a genealogy of women's media art.",abstract-only
post-medium condition,Rosalind Krauss,Krauss's 'post-medium condition' names contemporary art no longer defined by a single medium's specificity but operating across media.,"Theresa Hak Kyung Cha as a re-mediating theoretician-artist: Apparatus (1981), Maya Deren, and the genealogy of women's media art",not confirmed via available sources,Journal of Japanese and Korean Cinema,18(1),2026,https://doi.org/10.1080/17564905.2026.2634502,Argues Cha's ritualistic art exemplifies a post-medium condition reactivating media's sensory and affective dimensions beyond medium specificity.,abstract-only
film phenomenology / embodied spectatorship,Vivian Sobchack,"Film phenomenology theorizes viewing as a bodily, sensorial encounter producing moral and affective response.",Not even human: empathy and ambiguity in Park Chan-wook's Judgement and Sympathy for Mr. Vengeance,Sue Hyon Bae,Journal of Japanese and Korean Cinema,18(1),2026,https://doi.org/10.1080/17564905.2025.2556351,Argues that through techniques of embodiment and alienation Park draws viewers into moral judgment while denying them a stable ethical position.,abstract-only
salaryman masculinity,Romit Dasgupta,Theorizes the hegemonic Japanese male ideal of the corporate male breadwinner and how it organizes gender roles.,Gokushufudo drama from a gender perspective: negotiating salaryman masculinity and affirming the gendered division of labour in Japanese society,Nunuk Endah Srimulyani; E. Matsuoka,Journal of Japanese and Korean Cinema,17(2),2026,https://doi.org/10.1080/17564905.2026.2614309,Argues the househusband protagonist negotiates salaryman masculinity while the drama ultimately affirms the persistent split between paid labour and unpaid domestic work.,abstract-only
division film (genre) / melodrama,Korean division-film scholarship + melodrama theory,The 'division film' genre theorizes how Korean cinema mediates the trauma and politics of national partition.,Shiri and the transformation of division films in South Korea's Post-Cold War era,Eunjin Choi,Journal of Japanese and Korean Cinema,18(1),2026,https://doi.org/10.1080/17564905.2024.2426310,"Argues that under the 1998 Sunshine-Policy regime division films shifted from propaganda to commercial cinema, with Shiri (1999) blending melodrama and action to balance realism and melodramatic fantasy.",abstract-only
film noir as mode vs. genre,Genre/mode theory (noir-as-mode lineage),Distinguishes genre (industrial category) from mode (transhistorical sensibility) to explain how a national cinema appropriates an imported form.,"The dark line of Japanese noir: generic appropriation, Matsumoto Seicho, and Nomura Yoshitaro's Stakeout (1958)",Rea Amit,Journal of Japanese and Korean Cinema,16(2),2024,https://doi.org/10.1080/17564905.2024.2397749,"Argues that by conflating genre and mode, Nomura's Stakeout transcends noir-as-subgenre to form an alternative 'line' of Japanese films intertwining social, cultural and national media discourses.",abstract-only
non-place (non-lieu),Marc Auge,"Auge coined 'non-place' for the transient, anonymous spaces of supermodernity that lack relational, historical or identitary anchoring.",Between the global and the national: Reading place and non-place in El hombre de al lado/The Man Next Door,Camilo A. Malagon,Studies in Spanish & Latin American Cinemas,20(1-2),2023,https://doi.org/10.1386/slac_00102_1,Uses Auge's place/non-place distinction to read the neighbours' conflict over the Curutchet House as a tension between the global and the national encoding competing modes of belonging.,abstract-only
cultural memory / trauma,Marianne Hirsch; Cathy Caruth,Cultural-memory and trauma theory explain how unprocessed collective traumas persist and structure later individual and national identity.,As if Franco had never existed? The intrusive past in Pedro Almodovar's Tacones lejanos/High Heels,Abraham Hernandez Cubo,Studies in Spanish & Latin American Cinemas,20(1-2),2023,https://doi.org/10.1386/slac_00100_1,"Argues the film's flashbacks stage an inescapable Francoist past, using individual childhood trauma as an analogy for how 1990s Spain under the 'Pact of Forgetting' still had to confront its dictatorial history.",abstract-only
material memory / postmemory,Marianne Hirsch; Aleida Assmann,Postmemory/material-memory explains how children of the disappeared remember a traumatic past via engagement with material traces.,Haunting photographs and temporal landscapes: Remembering through traces in La idea de un lago/The Idea of a Lake,Andres Buesa,Studies in Spanish & Latin American Cinemas,20(1-2),2023,https://doi.org/10.1386/slac_00101_1,"Reads the Argentine film's photographs and landscape as 'material memory' embodying the children-of-the-disappeared's relation to an absent parent, reinforcing Kirchnerist memory politics.",abstract-only
queer phenomenology / disorientation,Sara Ahmed,Ahmed's queer phenomenology theorizes how bodies are oriented in space and how queer disorientation reorganizes the experience of space.,Oblique desires: Late-Francoist Spanish Fantaterror according to queer phenomenology,Mario Barranco; Sergi Sanchez Marti,Studies in Spanish & Latin American Cinemas,21(1),2024,https://doi.org/10.1386/slac_00124_1,"Applies queer phenomenology to 1969-74 fantaterror mise-en-scene, arguing the queer construction of cinematic space diagnoses the transitional crisis of the late-Francoist film industry and regime.",abstract-only
assemblage,Jasbir Puar (after Deleuze & Guattari),"Puar mobilizes 'assemblage' to theorize identity/sexuality/race as fluid, intersecting configurations rather than stable categories.",Love that dares speak its femininity: Trans* representation in Brazil,Carolina Castellanos Gonella,Studies in Spanish & Latin American Cinemas,21(1),2024,https://doi.org/10.1386/slac_00126_1,"Uses Puar's assemblage with trans theory and Black feminism to argue the short film renders a trans*/travesti sex-worker's femininity in a complex, non-reductive way.",abstract-only
slow cinema / counter-futurism,Ira Jaffe,"'Slow cinema' theorizes a contemplative aesthetic (long takes, minimal narrative) resisting accelerated capitalist time.",Dystopian Contra-Futurismos: Subtle science fiction meets slow cinema in Dead Slow Ahead (Herce 2015) and Jauja (Alonso 2014),Virginia Luzon-Aguado,Studies in Spanish & Latin American Cinemas,21(1),2024,https://doi.org/10.1386/slac_00125_1,Argues juxtaposing slow cinema with concealed sci-fi produces a 'counter-futurism': Dead Slow Ahead critiques capitalist exploitation while Jauja interrogates colonialism and cosmic time.,abstract-only
agonism / affect,Chantal Mouffe; Lauren Berlant,Mouffe's agonism theorizes ineradicable political antagonism; Berlant's affect theory explains attachment to a damaging present ('cruel optimism').,Mobilizing affect in Spanish film and screen media from the Great Recession to the present (special issue introduction),special issue editors,Studies in Spanish & Latin American Cinemas,20(1-2),2023,https://doi.org/10.1386/slac_00091_2,"Frames the special issue's analyses through affect theory and Mouffe's agonism/'the passions', reading post-Recession Spanish screen media as sites of antagonistic political feeling.",abstract-only
aesthetics of hunger,Glauber Rocha,Rocha's 'estetica da fome' argues the authentic art of the colonized Third World expresses violence and deprivation rather than aestheticizing them.,"The aesthetics of childhood hunger and dreams in contemporary Indian cinema: Representation of children in Sahaj Paather Gappo, Kaaka Muttai and Stanley Ka Dabba",Tias Maity; Sayan Dey,Studies in South Asian Film & Media,17(1),2025,https://doi.org/10.1386/safm_00096_1,"Reading three Indian films through Rocha's aesthetics of hunger, argues they render class-, caste- and gender-based marginalization of children visible as everyday resistance against capitalist amnesia.",abstract-only
psychoanalysis / psychology of love,Sigmund Freud,Freud's psychoanalytic theory of love and sexuality explains how unconscious drives and infantile sexuality structure adult erotic life.,Margarita with a Straw: Laila's queer liberation,Debarati Byabartta,Studies in South Asian Film & Media,17(1),2025,https://doi.org/10.1386/safm_00095_1,"Reads the disabled bisexual protagonist Laila through Freudian concepts of perversion, narcissism and homoeroticism, arguing her queer-feminist self ultimately transcends classical Freudian frameworks.",abstract-only
cultural imperialism,Herbert Schiller / John Tomlinson,"The cultural-imperialism thesis explains how dominant media flows homogenize and subordinate local cultures, eroding their autonomy.","Singing Kokborok, dancing Bollywood: Neo-Bollywoodized Tripuri identities and indigenizing the global in contemporary Kokborok music videos",Aloy Deb Barma,Studies in South Asian Film & Media,17(1),2025,https://doi.org/10.1386/safm_00094_1,Argues Kokborok music videos' 'Bollywoodization' produces hybrid neo-Bollywoodized subjectivities that internalize and reinscribe the very metropolitan gaze they appear to resist.,abstract-only
hybridity,Homi K. Bhabha,"Bhabha's hybridity explains how colonial encounters produce an ambivalent 'third space' of mixed, unstable identities capable of mimicry and subversion.","Singing Kokborok, dancing Bollywood: Neo-Bollywoodized Tripuri identities and indigenizing the global in contemporary Kokborok music videos",Aloy Deb Barma,Studies in South Asian Film & Media,17(1),2025,https://doi.org/10.1386/safm_00094_1,"Uses hybridity to theorize a 'double indigenizing/double fetishizing' of Tripuri culture, arguing the videos' commercial hybridity risks attenuating Tripuri indigeneity.",abstract-only
cinematic cartography / atmosphere,Ranjani Mazumdar (cinematic city framework),"Cinematic cartography theorizes how film maps and produces urban space, scale and atmosphere rather than merely recording it.","Bombay cinema's mapping impulse: Location, suspense and atmosphere",Ranjani Mazumdar,Studies in South Asian Film & Media,16(1),2024,https://doi.org/10.1386/safm_00077_1,"Argues that through suspense films like Ugly, Trapped and Badla, production infrastructures and vertical/horizontal/atmospheric urbanism generate a 'cartographic diversity' in contemporary Indian cinema's spatial imagination.",abstract-only
visual economy,Deborah Poole,"Poole's 'visual economy' analyzes how images circulate within a transnational system of production, exchange and value linked to political-economic power.","'I am in love, I am in love, I am in looove!': The visual economy of the Indo-Swiss-film-tourism complex around 2000",Andre Schneider,Studies in South Asian Film & Media,16(1),2024,https://doi.org/10.1386/safm_00076_1,Reads the Indo-Swiss film-tourism complex (the Yash Chopra suite at Viktoria Jungfrau) as a 'visual economy' producing a composite cross-cultural style in visual and design culture.,abstract-only
world-systems theory (core/periphery),Immanuel Wallerstein,He devised the core-periphery model to explain how the modern capitalist world-economy structurally enriches an industrial Western 'core' by extracting value from a dependent 'periphery.',"Sex, Drugs, and Neocolonial Leisure: An Intermedial History and Analysis of Dieter Schidor's Kalt in Kolumbien (1985)",Juan Camilo Velásquez,Alphaville: Journal of Film and Screen Media,No. 29-30,2025,https://doi.org/10.33178/alpha.2930.01,"Reads the German-Colombian coproduction Kalt in Kolumbien through a core/periphery lens to show how the film documents Latin America as a romanticised, exploitable periphery serving a Western cultural and economic core.",OA
dependency theory / unequal exchange,Raúl Prebisch,Prebisch developed dependency and unequal-exchange theory to explain why peripheral economies that export raw materials remain structurally poor relative to the industrialised centre.,"Sex, Drugs, and Neocolonial Leisure: An Intermedial History and Analysis of Dieter Schidor's Kalt in Kolumbien (1985)",Juan Camilo Velásquez,Alphaville: Journal of Film and Screen Media,No. 29-30,2025,https://doi.org/10.33178/alpha.2930.01,Uses dependency theory to frame the unequal German-Colombian labour and leisure relations both within the film's plot and in its actual production in 1980s Cartagena.,OA
transnational cinema taxonomy,Mette Hjort,"Hjort created a typology of cinematic transnationalisms (opportunistic, cosmopolitan, etc.) to distinguish the differing political and economic motivations behind cross-border film production.","Sex, Drugs, and Neocolonial Leisure: An Intermedial History and Analysis of Dieter Schidor's Kalt in Kolumbien (1985)",Juan Camilo Velásquez,Alphaville: Journal of Film and Screen Media,No. 29-30,2025,https://doi.org/10.33178/alpha.2930.01,"Classifies Kalt in Kolumbien as a case of 'opportunistic'/'cosmopolitan' transnationalism, a financially motivated coproduction by well-travelled cosmopolitans rather than a politically neutral collaboration.",OA
hauntology,Jacques Derrida,"Derrida coined hauntology in Specters of Marx to describe how the past and its lost futures persistently 'haunt' the present, displacing a positivist, linear sense of history.",From Thailand to Colombia: Soundscapes of a Violent Past in Apichatpong Weerasethakul's Memoria (2021),Javier Pérez-Osorio,Alphaville: Journal of Film and Screen Media,No. 29-30,2025,https://doi.org/10.33178/alpha.2930.11,"Argues that Memoria's sound design makes Colombia's buried colonial and civil-war traumas reverberate in the present, turning protagonist Jessica into an 'antenna' for the ghosts of historical violence.",OA
soundscape,R. Murray Schafer,"Schafer coined 'soundscape' to theorise the sonic environment as a culturally constructed world, arguing that 'hearing is a way of touching at a distance.'",From Thailand to Colombia: Soundscapes of a Violent Past in Apichatpong Weerasethakul's Memoria (2021),Javier Pérez-Osorio,Alphaville: Journal of Film and Screen Media,No. 29-30,2025,https://doi.org/10.33178/alpha.2930.11,Analyses Memoria's meticulous sound editing as a soundscape that lets the spectator 'touch at a distance' the memories of Colombia's violent past.,OA
triangular exchange of Latin American cinema,Paul Schroeder Rodríguez,"Schroeder Rodríguez framed Latin American cinema as the product of an ongoing triangular exchange between Hollywood, Europe, and Latin America to capture its hybrid aesthetic formation.",From Thailand to Colombia: Soundscapes of a Violent Past in Apichatpong Weerasethakul's Memoria (2021),Javier Pérez-Osorio,Alphaville: Journal of Film and Screen Media,No. 29-30,2025,https://doi.org/10.33178/alpha.2930.11,Extends the triangular-exchange model to show how a Thai auteur's outsider gaze sidelines Hollywood/European influence and forges South-South cinematic solidarity.,OA
South-South solidarities,Macarena Gómez-Barris,Gómez-Barris theorised South-South solidarities to move beyond nation-centred frameworks and reposition the Global South as an active maker of transnational representational politics.,From Thailand to Colombia: Soundscapes of a Violent Past in Apichatpong Weerasethakul's Memoria (2021),Javier Pérez-Osorio,Alphaville: Journal of Film and Screen Media,No. 29-30,2025,https://doi.org/10.33178/alpha.2930.11,Reads Memoria as forging a Thailand-Colombia South-South solidarity built on shared experiences of unresolved state violence.,OA
phantasmagorical realism,Cecília Mello,Mello coined 'phantasmagorical realism' to name a contemporary realist cinema that incorporates ghosts and the unexplainable to address trauma and political violence.,From Thailand to Colombia: Soundscapes of a Violent Past in Apichatpong Weerasethakul's Memoria (2021),Javier Pérez-Osorio,Alphaville: Journal of Film and Screen Media,No. 29-30,2025,https://doi.org/10.33178/alpha.2930.11,Situates Memoria within a genealogy of phantasmagorical realism shared by East/Southeast Asian and Latin American cinemas that grapple with historical trauma through spectral aesthetics.,OA
representations of HIV/AIDS / moral panic,Gustavo Subero,Subero studied media representations of HIV/AIDS in Latin America to expose how 'othering' discourses construct the disease as foreign and morally threatening.,"Foreign Body: AIDS, Moral Panic, and Otherness in Via Appia (1989)",Henrique Rodrigues Marques,Alphaville: Journal of Film and Screen Media,No. 29-30,2025,https://doi.org/10.33178/alpha.2930.02,"Argues that the German film Via Appia reinforces foreign imaginaries of the Brazilian AIDS crisis, constructing the infected body and Brazil itself as exoticised sites of moral panic and otherness.",OA
dialogism,Mikhail Bakhtin,Bakhtin developed dialogism to argue that meaning is never closed or monologic but always produced through an open-ended exchange of voices in a social context.,"Unfinished Thinking and the Unfinished Film: Feminist Filmmaking in Cuba, Catalunya, and Scotland",David Archibald and Núria Araüna Baró,Alphaville: Journal of Film and Screen Media,No. 29-30,2025,https://doi.org/10.33178/alpha.2930.09,Builds a 'dialogical cinema' methodology from Bakhtin to structure no-budget feminist filmmaking that fosters translocal solidarity between activists in the Global North and South.,OA
diffraction / cutting-together-apart,Karen Barad,"Barad reworked diffraction into an agential-realist method studying how entities 'intra-act' rather than inter-act, dissolving the subject-object binary.","Unfinished Thinking and the Unfinished Film: Feminist Filmmaking in Cuba, Catalunya, and Scotland",David Archibald and Núria Araüna Baró,Alphaville: Journal of Film and Screen Media,No. 29-30,2025,https://doi.org/10.33178/alpha.2930.09,"Uses Barad's 'cutting together-apart' to theorise collaborative filmmaking-at-a-distance among feminist collectives in Havana, Matanzas, Glasgow, and Vilanova i la Geltrú.",OA
poor image,Hito Steyerl,"Steyerl theorised the 'poor image' to value low-resolution, widely circulating images as carriers of alternative knowledge against the hierarchy of high-definition media.","Unfinished Thinking and the Unfinished Film: Feminist Filmmaking in Cuba, Catalunya, and Scotland",David Archibald and Núria Araüna Baró,Alphaville: Journal of Film and Screen Media,No. 29-30,2025,https://doi.org/10.33178/alpha.2930.09,"Mobilises the 'poor image' to defend low-budget, mobile-phone feminist filmmaking as a means of distributing epistemic richness despite the US blockade on Cuba.",OA
Third Cinema,Fernando Solanas and Octavio Getino,"Solanas and Getino formulated Third Cinema as a militant, anti-imperialist filmmaking practice of liberation opposed to Hollywood and auteurist European cinema.","Unfinished Thinking and the Unfinished Film: Feminist Filmmaking in Cuba, Catalunya, and Scotland",David Archibald and Núria Araüna Baró,Alphaville: Journal of Film and Screen Media,No. 29-30,2025,https://doi.org/10.33178/alpha.2930.09,"Draws on Third Cinema's conception of filmmaking as a generator of theory to ground a participatory, anticolonial feminist film practice across capitalist and communist states.",OA
imperfect cinema,Julio García Espinosa,García Espinosa called for an 'imperfect cinema' that rejects technical polish and bourgeois aesthetics in favour of a popular art fused with everyday life and struggle.,"Unfinished Thinking and the Unfinished Film: Feminist Filmmaking in Cuba, Catalunya, and Scotland",David Archibald and Núria Araüna Baró,Alphaville: Journal of Film and Screen Media,No. 29-30,2025,https://doi.org/10.33178/alpha.2930.09,"Adopts 'imperfect cinema' to justify an unfinished, no-budget academic film whose incompleteness is treated as a feminist and anticolonial strength rather than a lack.",OA
metabolic documentary / Indigenous cosmologies,Ursula Biemann,Biemann developed video essays connecting Indigenous cosmologies and ecology to envision a 'metabolic' interconnection of all life against extractivist Western knowledge.,Cosmologies of the Living Forest: For a Metabolic Documentary,Dennis Hippe,Alphaville: Journal of Film and Screen Media,No. 29-30,2025,https://doi.org/10.33178/alpha.2930.05,Reads Biemann's Forest Law and Forest Mind as an ecocentric 'metabolic documentary' that confronts Kichwa and Inga cosmologies with Global North science to argue for epistemic justice in the Amazon.,OA
chronotope,Mikhail Bakhtin,"Bakhtin coined the chronotope (time-space) to analyse how literary texts fuse temporal and spatial relations, a concept later extended to film by Robert Stam.",Beyond Identity: A Chronotopic Analysis of the Soviet Latvian Film 'Two in Love' (1965),Marija Weste,"Apparatus. Film, Media and Digital Cultures of Central and Eastern Europe",No. 19,2024,https://doi.org/10.17892/app.2024.00019.368,"Applies the chronotope to read the Soviet Latvian film Divi as a multilayered 'timespace' product, displacing the binary 'Soviet versus Latvian' identity framing dominant in post-Soviet film studies.",OA
universally developed personality / face,Christian Zehnder,The article draws on the post-Stalinist socialist-anthropology concept of the 'universally developed personality' formulated by the Communist Party to revise the ideal of self-sacrifice for the collective.,Threatened Faces: Soviet Auteur Cinema and the Anthropology of the Thaw,Christian Zehnder,"Apparatus. Film, Media and Digital Cultures of Central and Eastern Europe",No. 19,2024,https://doi.org/10.17892/app.2024.00019.369,"Argues that the proliferation of facial close-ups in Thaw auteur cinema (Kalatozov, Tarkovsky, Shepit'ko, Romm) both stages the 'universally developed personality' and exposes post-war trauma and vulnerability.",OA
postcolonial critique / coloniality,Nino Dzandzava,The article uses the postcolonial framework to expose how Soviet-era knowledge production and Russian expansionism embedded colonial codes in film studies and film heritage.,"Georgian Cinema Studies: Observations, Challenges, and the Colonial Legacy",Nino Dzandzava,"Apparatus. Film, Media and Digital Cultures of Central and Eastern Europe",No. 19,2024,https://doi.org/10.17892/app.2024.00019.371,"Critiques persistent colonial stereotypes in Soviet Georgian cinema and film scholarship, calling for a decolonising reconstruction of Georgian film heritage.",OA
history of sexuality / queer historiography,Michel Foucault,Foucault's history of sexuality reframed sexuality as discursively produced and historically situated rather than a natural object simply repressed by power.,Deconstructing the Imagined Queer Censorship in State-Socialist East-Central Europe: The Case of Hungarian Cinema,Kata Benedek,"Apparatus. Film, Media and Digital Cultures of Central and Eastern Europe",No. 21,2025,https://doi.org/10.17892/app.2025.00021.378,"Uses mixed-methods and a constructionist history-of-sexuality lens to dismantle the assumption that socialist Hungary systematically censored queer cinema, showing the state in fact financed and distributed queer films.",OA
structures of feeling,Raymond Williams,"Williams coined 'structures of feeling' to name emergent, lived social experiences and affects not yet codified as formal ideology.",Angels of (Queer) Histories: Synaesthetic Films by Anatoly Belov and Oksana Kazmina,Olena Syaivo Dmytryk,"Apparatus. Film, Media and Digital Cultures of Central and Eastern Europe",No. 21,2025,https://doi.org/10.17892/app.2025.00021.413,"Reads the synaesthetic, haptic films of Belov and Kazmina as capturing emerging queer 'structures of feeling' in Ukraine amid historical upheaval and the Russia-Ukraine war.",OA
synaesthesia / haptic aesthetics,Walter Benjamin,Benjamin theorised the senses and embodied perception to understand how art reorganises experience and consciousness under historical change.,Angels of (Queer) Histories: Synaesthetic Films by Anatoly Belov and Oksana Kazmina,Olena Syaivo Dmytryk,"Apparatus. Film, Media and Digital Cultures of Central and Eastern Europe",No. 21,2025,https://doi.org/10.17892/app.2025.00021.413,"Argues that the films' symbiosis of sound, vision, and touch works to move and re-orient the audience, fostering queer solidarities and altered consciousness.",OA
archival care / queer audiovisual heritage,Dagmar Brunow,"Brunow theorises archival care and cultural memory to argue that preserving marginalised (queer) film heritage is an active, ethical, memory-making practice.",Queer Memories from Closet to Cloud: Rethinking Archival Care for Film and Video,Dagmar Brunow,"Apparatus. Film, Media and Digital Cultures of Central and Eastern Europe",No. 21,2025,https://doi.org/10.17892/app.2025.00021.415,"Rethinks archival practice as 'care' for queer film and video heritage in Southeastern and Eastern Europe, against the erasure and precarity of LGBTQ audiovisual memory.",OA
anthropological machine,Giorgio Agamben,Agamben coined the 'anthropological machine' to name the apparatus that ceaselessly produces the 'human' by excluding and capturing the 'animal' within.,"La carga epocal de la imagen: la perspectiva animal en 'La mujer sin cabeza', de Lucrecia Martel",Nicolás Podhorzer,Imagofagia,No. 32,2025,https://imagofagia.asaeca.org/index.php/imagofagia/article/view/1108,"Argues that the animal perspective and sound design in Martel's La mujer sin cabeza suspend Agamben's anthropological machine, anticipating a shift from a patriarchal to a post-pandemic 'viral' regime of power.",OA
acousmatic sound / point of audition,Michel Chion,"Chion theorised acousmatic sound and the 'point of audition' to analyse how film sound, detached from its visible source, constructs cinematic space and spectatorial experience.",El oír y hacer oír del cine a través de 'The Zone of Interest',Miguel Guillermo Jaramillo Ruiz,Imagofagia,No. 32,2025,https://imagofagia.asaeca.org/index.php/imagofagia/article/view/1102,"Analyses how The Zone of Interest desynchronises sound and image to deploy a 'spatial grammar' (spatial signature, ultrafield, point of audition) that represents the off-screen horror of the Holocaust.",OA
media archaeology,Jussi Parikka,Media archaeology excavates suppressed and obsolete media histories to read images against the grain of dominant narratives and conventions.,Arqueología de los medios y cine de metraje encontrado: descolonizando los archivos,César Ustarroz,Imagofagia,No. 30,2024,https://imagofagia.asaeca.org/index.php/imagofagia/article/view/1048,Uses media archaeology to read Salloum and Suleiman's found-footage film as a decolonising 'appropriationist' gesture that critically re-reads stereotyped archival images of the Other.,OA
event (acontecimiento),Gilles Deleuze,"Deleuze theorised the 'event' (acontecimiento) as pure potential and becoming, the irruption of novelty that escapes fixed states and identities.",El cine como arte de captar la existencia en delito flagrante,Virginia de León; Agustina De Vera; Gabriela Guillermo; Sofía Monetti Rey,Imagofagia,No. 30,2024,https://imagofagia.asaeca.org/index.php/imagofagia/article/view/1054,Puts André S. Labarthe's filmmaking into dialogue with Deleuze's notion of the event to theorise cinema as a politics of the image attuned to the irruption of novelty and becoming.,OA
landscape / Anthropocene aesthetics,Harun Farocki,The article engages Farocki's operational-image practice and Anthropocene-era landscape theory to reconsider how nature becomes an object of the constructed image.,Imaginación paisajística y mundos paralelos. En torno a la serie 'Parallel' de Harun Farocki,Guadalupe Lucero,Imagofagia,No. 31,2025,https://imagofagia.asaeca.org/index.php/imagofagia/article/view/1095,Analyses Farocki's Parallel series to examine how computer-generated nature-as-landscape raises aesthetic problems of representing the world in the Anthropocene.,OA
coming-of-age cinema,Alistair Fox,Fox theorised coming-of-age cinema as a genre articulating the psychological passage to maturity and identity formation in adolescence.,Ang pagsapit ng kamuwangan sa pelikula: Isang panimulang pagsipat sa naratibo ng piling coming-of-age films ng Cinemalaya Philippine Independent Film Festival,"Concha, Christopher Bryan A.",Plaridel Journal,Volume 21 Issue 01,2024,https://doi.org/10.52518/2022-14cncha,Uses Fox's coming-of-age concepts to conduct a preliminary narrative analysis of contemporary Cinemalaya films and define the characteristics of a Filipino coming-of-age film.,OA
three dimensions of film narrative,David Bordwell,"Bordwell built a poetics of narrative (narration, plot, story) to analyse formally how films construct and cue narrative comprehension.",Ang pagsapit ng kamuwangan sa pelikula: Isang panimulang pagsipat sa naratibo ng piling coming-of-age films ng Cinemalaya Philippine Independent Film Festival,"Concha, Christopher Bryan A.",Plaridel Journal,Volume 21 Issue 01,2024,https://doi.org/10.52518/2022-14cncha,Frames the narrative analysis of Cinemalaya coming-of-age films within Bordwell's three dimensions of film narrative.,OA
zany,Sianne Ngai,Aesthetic category theorizing how performative labor and frantic affect under post-Fordist capitalism becomes a comic style; 'zany' names the precarious worker stretched across too many roles,A Precarious and Zany Youth: The Feminist Comedy of Malena Pichot,Joaquín Serpe,The Velvet Light Trap,"No. 94, Fall 2024",2024,https://muse.jhu.edu/pub/15/article/945346,"Reads Malena Pichot's web series Cualca through Ngai's zaniness to show how feminist comedy registers the generalized precarity and misogyny of the Argentine media-labor context, pushing against postfeminist representation",abstract-only
precarity,Lauren Berlant,"Affective condition of living in chronic instability under neoliberalism, where the promise of the good life frays into ongoing crisis ordinariness",A Precarious and Zany Youth: The Feminist Comedy of Malena Pichot,Joaquín Serpe,The Velvet Light Trap,"No. 94, Fall 2024",2024,https://muse.jhu.edu/pub/15/article/945346,"Uses precarity to argue that Pichot's comedy both depicts and is produced within precarious labor structures, making feminist politics inseparable from the economics of online cultural production",abstract-only
emotional labor,Arlie Russell Hochschild,"Concept describing the commodified management of feelings demanded of workers, especially women, as part of the job under service capitalism","Post-#MeToo Reflections on Pre-#MeToo TV Production: Female Actors' Precarity, Agency, and Emotional Labor",Kristina Brüning,The Velvet Light Trap,"No. 94, Fall 2024",2024,https://muse.jhu.edu/pub/15/article/945352,"Argues that female TV actors performed extensive emotional labor and navigated precarity and constrained agency within pre-#MeToo production cultures, reframing on-set abuse as a structural labor problem",abstract-only
platformization,David Nieborg & Thomas Poell,"Concept for how platform infrastructures, data and business models reorganize the production and circulation of cultural goods and creative labor",Losing Color Consciousness: Platformization and Precarious Practices in Premiere Pro,"Brendan McCauley, J. D. Swerzenski",The Velvet Light Trap,"No. 94, Fall 2024",2024,https://muse.jhu.edu/pub/15/article/945347,"Argues that the platformization of editing software like Adobe Premiere Pro embeds precarious, deskilled color-grading practices, eroding craft knowledge ('color consciousness') among media workers",abstract-only
synthetic performance,Sarah Thomas,"Framework for the 'somebodies/nobodies' divide produced as generative AI manufactures digital performers, restructuring consent, identity and labor value of human performers",'Somebodies' and 'Nobodies': Generative AI and Audiovisual Performer Labor,Sarah Thomas,The Velvet Light Trap,"No. 94, Fall 2024",2024,https://muse.jhu.edu/pub/15/article/945343,"Argues generative AI splits performers into valued 'somebodies' and disposable 'nobodies', intensifying precarity and raising ethical questions of consent and identity manipulation in synthetic media labor",abstract-only
black capitalism,Robert E. Weems / Robert L. Allen,Critical concept analyzing the postwar incorporation of Black economic advancement into corporate and consumer capitalism as a containment of radical Black politics,Help (1970): Afram and Black Capitalism,Will Hair,The Velvet Light Trap,"No. 94, Fall 2024",2024,https://muse.jhu.edu/pub/15/article/945349,"Reads the corporate-sponsored film Help (1970) and the Afram organization as artifacts of black capitalism, showing how media promoted entrepreneurial uplift as a response to civil-rights-era demands",abstract-only
(post)cinematic assembly,Judith Butler,"Performative theory of assembly: bodies gathering in public enact a plural, embodied politics that exceeds speech, grounding claims to appear and to live a livable life",Crowd Choreographies: Spike Lee's BlacKkKlansman (2018) and the Politics of (Post)Cinematic Assembly,Claudia Breger,Discourse,"Vol. 46, No. 2, Spring 2024",2024,https://doi.org/10.1353/dis.2024.a959523,"Reads BlacKkKlansman's crowd scenes through Butler's performative assembly to theorize how cinema choreographs collective bodies, articulating a politics of (post)cinematic assembly across affect and montage",abstract-only
collective laughter,Henri Bergson,"Theory of laughter (Le rire) as a social corrective: laughter is inherently collective, an élan that disciplines mechanical rigidity and binds the group",'The Most Revolutionary Affect of the Masses': Collective Laughter,Maggie Hennefeld,Discourse,"Vol. 46, No. 2, Spring 2024",2024,https://doi.org/10.1353/dis.2024.a959524,"Mobilizes Bergson on contagious laughter to argue that hysterical collective laughter is a revolutionary mass affect blurring anxiety and enjoyment, theorizing bodily contagion as political potential",abstract-only
masses,Walter Benjamin,"Theory of the masses and distraction: the modern collective body absorbs technological media reception, opening laughter and shock as politicized mass experience",'The Most Revolutionary Affect of the Masses': Collective Laughter,Maggie Hennefeld,Discourse,"Vol. 46, No. 2, Spring 2024",2024,https://doi.org/10.1353/dis.2024.a959524,Draws on Benjamin's account of the masses to read viral and historical instances of collective laughter as a revolutionary affect of the technologically mediated crowd,abstract-only
fabulation,Gilles Deleuze,Concept of fabulation / 'the people to come': minor cinema invents a missing people through legending rather than representing an existing collective,"Fabulation, Magical Transformation, and Montage: Reconsidering the Complex Correspondences between Cinema and the People",Jamie Chambers,Discourse,"Vol. 46, No. 3, Fall 2024",2024,https://doi.org/10.1353/dis.2024.a967981,"Reconsiders Deleuze's fabulation and the people-to-come to rethink how montage and magical transformation in cinema relate to 'the people', proposing a richer model of cinema-collectivity correspondence",abstract-only
transsovereignty,Jacques Derrida,"Deconstructive critique of sovereignty: the spectral, non-self-present basis of democracy ('democracy to come') that troubles the autonomous sovereign subject and nation",The Beekeeper's Ghost: Democracy and Transsovereignty in Zanny Begg's The Beehive,Christopher Peterson,Discourse,"Vol. 46, No. 3, Fall 2024",2024,https://doi.org/10.1353/dis.2024.a967982,Theorizes 'transsovereignty' via the figure of the beehive and the spectral to argue that Begg's The Beehive stages a democracy haunted by and exceeding bounded sovereignty,abstract-only
governmentality,Michel Foucault,Concept of governmentality: the rationalities and techniques (the 'conduct of conduct') through which modern states administer populations beyond direct coercion,Institutional Film and Social Public Policies in Portugal during the Late Authoritarian Regime (1957-1969),"Frédéric Vidal, Luísa Veloso",Film History: An International Journal,"Vol. 35, No. 3, Fall 2024",2024,https://doi.org/10.2979/fih.00009,"Analyzes the Junta de Acção Social's institutional films as instruments of a corporatist governmentality, showing how the Estado Novo used cinema to mold social public policy on work and education",abstract-only
third-worldist theory,Frantz Fanon,Anticolonial theory of revolutionary violence and Third-World solidarity that framed 1960s Italian left reception of decolonization aesthetics,When Violence Appeals: The Circulation and Reception of Brazilian Cinema Novo in Italy (1960-1968),"Andrea Gelardi, Marco Zilioli",Film History: An International Journal,"Vol. 35, No. 3, Fall 2024",2024,https://doi.org/10.2979/fih.00011,"Argues that Italian festivals and left-wing critics received Cinema Novo through emergent third-worldist theory, shaping its canonization while reproducing uneven North-South power relations",abstract-only
reception / canon formation,Janet Staiger,"Historical-materialist reception study: meanings of films are produced in concrete contexts of exhibition and criticism, and canons are constructed through these reception practices",When Violence Appeals: The Circulation and Reception of Brazilian Cinema Novo in Italy (1960-1968),"Andrea Gelardi, Marco Zilioli",Film History: An International Journal,"Vol. 35, No. 3, Fall 2024",2024,https://doi.org/10.2979/fih.00011,Historicizes the early Italian reception of Cinema Novo at festivals and in journals to show how critical reception practices forged its canonical international status,abstract-only
cinematic entanglement,Andrew Higson / transnational cinema studies,Transnational and entanglement frameworks reconceiving early cinema across shifting national borders rather than within fixed nation-states,Thessaloniki in Early Cinema History: Cinematic Entanglements and Disentanglements amid Moving Borders in the Balkans and the Eastern Mediterranean,Mélisande Leventopoulos,Film History: An International Journal,"Vol. 35, No. 3, Fall 2024",2024,https://doi.org/10.2979/fih.00007,"Uses entanglement/transnational frameworks to write Thessaloniki's early cinema history through moving Balkan borders, decentering national cinema historiography",abstract-only
technological imperative,Jacques Ellul,"Critique of la technique: technology develops by its own self-augmenting logic, an autonomous imperative that subordinates social and political choice",Fossil Fuel Infrastructure in the 1920s: US Bureau of Mines Films and the Technological Imperative,Joni Hayward Marcum,The Moving Image,"Vol. 24, Nos. 1 & 2, Spring & Fall 2024",2024,https://muse.jhu.edu/pub/23/article/989865,"Argues that 1920s US Bureau of Mines films naturalized fossil-fuel infrastructure as a technological imperative, using government film to render extractive industry inevitable and progressive",abstract-only
sponsored film,Vinzenz Hediger & Patrick Vonderau,"Theory of useful/sponsored cinema: non-theatrical films made to do organizational work (instruct, persuade, govern) rather than to entertain",The American Landscape and the New Deal in Art and Film,Dimitrios Latsis,The Moving Image,"Vol. 24, Nos. 1 & 2, Spring & Fall 2024",2024,https://muse.jhu.edu/pub/23/article/989866,"Reads New Deal government landscape films as useful/sponsored cinema that aestheticized state policy, linking documentary form to art-historical traditions of the American landscape",abstract-only
distribution infrastructure,Lisa Parks / Charles Acland,"Infrastructure studies of media distribution: the material networks (16mm, satellites, depots) that move films and structure access and power","Entertainment Spanning the Universe: Movies at War, Free Films, and the US Military's 16mm Distribution Infrastructure",Tanya Goldman,The Moving Image,"Vol. 24, Nos. 1 & 2, Spring & Fall 2024",2024,https://muse.jhu.edu/pub/23/article/989867,Reconstructs the US military's 16mm distribution infrastructure to show how the apparatus of free-film circulation built wartime morale and exported American entertainment globally,OA
collective memory,Maurice Halbwachs,Theory that memory is socially framed: groups construct and reconstruct a shared past through institutions and media to serve present needs,"Ending the Erbfeindschaft: Neighbors (1963), a West German Governmental PR Film, and the Manipulation of Collective Memory in the Context of the Elysee Treaty",Jan Uelzmann,The Moving Image,"Vol. 24, Nos. 1 & 2, Spring & Fall 2024",2024,https://muse.jhu.edu/pub/23/article/989869,Argues that the West German PR film Neighbors (1963) manipulated Franco-German collective memory to reframe 'hereditary enemies' as friends in the service of Elysee Treaty reconciliation,abstract-only
elemental media,John Durham Peters,"Concept of elemental media (water, air, fire, infrastructure as media): natural environments and milieus understood as the basic media that condition existence",Media-Milieu Dialectic: Thinking beyond Elemental Media,Mehak Sawhney,Discourse,"Vol. 47, No. 1, Winter 2025",2025,https://doi.org/10.1353/dis.2025.a986920,"Critiques and extends Peters's elemental media by proposing a media-milieu dialectic, arguing the elemental must be thought together with the historically produced milieu rather than as a stable nature",abstract-only
supplementarity,Jacques Derrida,"Deconstructive logic of the supplement: the 'add-on' that is also constitutive, exposing how form is never self-sufficient but structured by what it claims to merely extend",The Queerness of Animation: Barry JC Purves and the Supplementarity of Form,Ferdinando Cocco,Discourse,"Vol. 47, No. 1, Winter 2025",2025,https://doi.org/10.1353/dis.2025.a986921,"Reads Purves's stop-motion animation through Derridean supplementarity to argue that animated form is constitutively queer, undoing norms of bodily and representational wholeness",abstract-only
anachronism,Georges Didi-Huberman,"Theory of anachronism / survival (Nachleben): images carry heterogeneous times, so history is montage of non-contemporaneous moments rather than linear chronology",Anachronic 1968: The Crisis of Media in Imagen de Caracas,Noraedén Mora Méndez,Discourse,"Vol. 47, No. 1, Winter 2025",2025,https://doi.org/10.1353/dis.2025.a986922,"Uses anachronism to read the multimedia spectacle Imagen de Caracas as an 'anachronic 1968', theorizing the work's crisis of media as a montage of disjunctive revolutionary times",abstract-only
figural analysis,Nicole Brenez,"Method of figural analysis: close attention to the figure (forms, bodies, plastic configurations) rather than narrative interpretation, an experimental rather than hermeneutic criticism","Experiment, Never Interpret: Nicole Brenez and Figural Analysis",Thomas Quist,Discourse,"Vol. 47, No. 1, Winter 2025",2025,https://doi.org/10.1353/dis.2025.a986927,"Expounds Brenez's figural analysis as a model that refuses interpretation in favor of experimentation, arguing for an avant-garde practice of reading film images figurally",abstract-only
obedience / authority,Georges Didi-Huberman,Inquiry into why subjects obey: the affective and image-based mechanisms by which authority is rendered legitimate and disobedience becomes thinkable,Why Obey?,"Georges Didi-Huberman, Heath Valentine (trans.)",Discourse,"Vol. 46, No. 3, Fall 2024",2024,https://doi.org/10.1353/dis.2024.a967985,"A translated essay theorizing the question of obedience, examining how images and affects underwrite submission to authority and where the seeds of disobedience lie",abstract-only
embodiment / gesture,Maurice Merleau-Ponty / Giorgio Agamben,"Phenomenology of the body and theory of gesture: meaning and politics are enacted through posture and bodily comportment, not only discourse",Revolutionary Postures: Embodying Rupture in the Films of May 68,Matthew Hubbell,Discourse,"Vol. 46, No. 3, Fall 2024",2024,https://doi.org/10.1353/dis.2024.a967984,"Reads films of May 68 through bodily posture and gesture to argue that revolutionary rupture is embodied and choreographed, locating politics in the comportment of filmed bodies",abstract-only
blackness / invisibility,Frantz Fanon,"Phenomenology of the racialized look: the Black subject is fixed and made hyper-visible/invisible by the white gaze, splitting body and being","'Those things you see through': Photography, Invisibility, and Blackness as Film in Jordan Peele's Get Out",Travis Alexander,Discourse,"Vol. 46, No. 3, Fall 2024",2024,https://doi.org/10.1353/dis.2024.a967983,"Theorizes blackness as a photographic-cinematic condition of (in)visibility in Get Out, arguing the film stages how Black being is seen through, captured and rendered spectral by the racial gaze",abstract-only
postfeminism,Rosalind Gill,"Critique of postfeminist sensibility: a media culture that recodes feminist gains into individualized, choice-and-empowerment rhetoric compatible with neoliberalism","Hollywood, Reflexivity, and Barbarian: The Possibilities of Horror in the Wake of #MeToo",Emma Lynn,The Velvet Light Trap,"No. 95, Spring 2025",2025,https://doi.org/10.1353/vlt.00007,"Argues the horror film Barbarian uses reflexivity to critique Hollywood's gendered abuses, reading post-#MeToo horror as exceeding postfeminist individualism toward systemic critique",abstract-only
content moderation,Tarleton Gillespie,"Theory of platform governance: moderation is the essential, value-laden product of platforms, defining acceptable speech and shaping public discourse",How 'Cracker' Became 'Hate Speech': Content Moderation Logics and Right-Wing Mass Flagging on Twitch,Alexander Rudenshiold,The Velvet Light Trap,"No. 96, Fall 2025",2025,https://doi.org/10.1353/vlt.00014,"Argues that Twitch's content-moderation logics are weaponized by right-wing mass-flagging campaigns, showing how governance infrastructures can be turned to reactionary ends",abstract-only
self-representation / visibility,Alice Marwick & danah boyd,"Theory of networked self-presentation and 'context collapse': users perform calibrated, platform-legible selves for imagined audiences",Performing Positive Energy: Mediated Self-Representation of Chinese Migrant Workers on Douyin,Suchen Ding,The Velvet Light Trap,"No. 96, Fall 2025",2025,https://doi.org/10.1353/vlt.00015,"Argues Chinese migrant workers perform state-sanctioned 'positive energy' selves on Douyin, negotiating visibility within platform and ideological constraints",abstract-only
livability,Judith Butler,"Concept of the livable life: the social and material conditions (recognition, care, infrastructure) that make a life grievable and worth living, especially for precarious populations",Trans+ Livability Politics: Euphoria's Mundane Spaces as Material Care,Petra Totten,The Velvet Light Trap,"No. 96, Fall 2025",2025,https://doi.org/10.1353/vlt.00016,"Reads Euphoria's mundane spaces as sites of material care, arguing the show stages a trans+ politics of livability grounded in everyday infrastructures of survival",abstract-only
the distribution of the sensible (le partage du sensible),Jacques Rancière,"Names the shared aesthetic substrate of art and politics: an a priori system of perception that partitions the visible/invisible and audible/inaudible, deciding who counts as a speaking, visible member of a community.","Empire of rain: Rancière, Béla Tarr, and the politics of the sensible",Corey P. Cribb,NECSUS: European Journal of Media Studies,Spring 2026,2026,https://necsus-ejms.org/empire-of-rain-ranciere-bela-tarr-and-the-politics-of-the-sensible/,"Argues this concept is the indispensable scaffolding for reading Béla Tarr as a political filmmaker: by directing his long takes at abject, marginal Hungarian subjects, Tarr does not represent a predefined group but creates a people out of those who remain invisible and inaudible, redistributing sensory attention.",OA
dissensus,Jacques Rancière,The mechanism that makes the distribution of the sensible political: a disruption of consensus that brings the sensory experience of neglected subjects to the fore and contests who has the ability to see and the talent to speak.,"Empire of rain: Rancière, Béla Tarr, and the politics of the sensible",Corey P. Cribb,NECSUS: European Journal of Media Studies,Spring 2026,2026,https://necsus-ejms.org/empire-of-rain-ranciere-bela-tarr-and-the-politics-of-the-sensible/,"Reads Tarr's films as enacting dissensus through form: an opposition of two sensible worlds (Krasznahorkai's nihilistic narrative vs. the long-take mise en scène; cyclical repetition vs. the straight line), embodied in Estike's walk, which reopens time as the site of the possible.",OA
the aesthetic regime of art,Jacques Rancière,"A historical-aesthetic paradigm that abolished art-as-mimesis, fusing art and life and creating a sensible community irrespective of the artist's intent, theorised as an alternative to the concept of modernity.","Empire of rain: Rancière, Béla Tarr, and the politics of the sensible",Corey P. Cribb,NECSUS: European Journal of Media Studies,Spring 2026,2026,https://necsus-ejms.org/empire-of-rain-ranciere-bela-tarr-and-the-politics-of-the-sensible/,"Argues Rancière positions Tarr's 'time after stories' as exemplary of the aesthetic regime against both modernism and postmodern end-of-history pathos, while critically charging Rancière with instrumentalising Tarr to substantiate his own fable about the aesthetic regime.",OA
biopolitics / environmental governmentality,Michel Foucault,"Traces the shift from sovereign power to disciplinary mechanisms and then to environmental forms of governance, where biopower modulates the conditions within which subjects act rather than coercing bodies directly.",Through the looking glass: The biopolitics of digital becoming,Marine de Dardel,NECSUS: European Journal of Media Studies,Spring 2026,2026,https://necsus-ejms.org/through-the-looking-glass-the-biopolitics-of-digital-becoming/,"Argues the avatar-subject relationship is the privileged site of environmental biopower: screen interfaces produce cybernetic milieus that govern subjectivity by continuously adjusting spaces of potential (exemplified by the game Echochrome), a real-time feedback that exceeds Foucault's original formulation.",OA
immunitary paradigm / affirmative biopolitics,Roberto Esposito,Reformulates biopolitics as having an immunitary structure that simultaneously safeguards and constrains life by introducing the very negation it aims to prevent.,Through the looking glass: The biopolitics of digital becoming,Marine de Dardel,NECSUS: European Journal of Media Studies,Spring 2026,2026,https://necsus-ejms.org/through-the-looking-glass-the-biopolitics-of-digital-becoming/,Argues the avatar enacts immunitary logic exactly: it protects the subject by mediating exposure to digital environments yet entails dispossession of the subject's image and behaviour; the character Bella Baxter in Poor Things is read as affirmative biopolitics reclaiming the immunitary apparatus.,OA
necropolitics / necropolitics of the digital,Achille Mbembe,"Names the sovereign power to dictate who may live and who must die, reducing populations to 'death-worlds' of living death; operates alongside biopower to determine which lives are optimised and which abandoned.",Through the looking glass: The biopolitics of digital becoming,Marine de Dardel,NECSUS: European Journal of Media Studies,Spring 2026,2026,https://necsus-ejms.org/through-the-looking-glass-the-biopolitics-of-digital-becoming/,"Coins the 'necropolitics of the digital' to name the systematic extraction of value from the living through the commercial resurrection, algorithmic reanimation, and political manipulation of their dead data-doubles within platform infrastructure.",OA
the dividual / societies of control,Gilles Deleuze,"Theorises the passage from disciplinary societies (operating on the bounded individual) to control societies that modulate dividuals: decomposable, reconfigurable data-profiles that are simultaneously more and less than persons.",Through the looking glass: The biopolitics of digital becoming,Marine de Dardel,NECSUS: European Journal of Media Studies,Spring 2026,2026,https://necsus-ejms.org/through-the-looking-glass-the-biopolitics-of-digital-becoming/,"Argues the avatar is the dividual in its most legible form: a decomposable, commercially exploitable data-entity that maps the transition from the disciplinary society's bounded subject to the control society's modulated dividual.",OA
cadaverous resemblance / the image as corpse,Maurice Blanchot,"Holds that the image precedes the object and bears a fundamental relationship to death, revealing the thing as absence; the corpse is its own image, a presence constituted through absence.",Through the looking glass: The biopolitics of digital becoming,Marine de Dardel,NECSUS: European Journal of Media Studies,Spring 2026,2026,https://necsus-ejms.org/through-the-looking-glass-the-biopolitics-of-digital-becoming/,"Theorises the avatar as a corpse-image whose agency is essentially posthumous, generating 'algorithmic necromancy' and 'zombie agency'; extended via Derrida's hauntology, the avatar continues to act on and extract value from the living subject whose absence it marks.",OA
opacity / the right to opacity,Édouard Glissant,A decolonial ethics opposing the demand for transparency: opacity affirms the irreducible singularity of the Other and builds horizontal relations that do not appropriate or convert the Other into one's own image.,Disappearing to appear: Towards a politics of opacity in contemporary European audiovisual culture,Jaime Vargas,NECSUS: European Journal of Media Studies,Spring 2026,2026,https://necsus-ejms.org/disappearing-to-appear-towards-a-politics-of-opacity-in-contemporary-european-audiovisual-culture/,"Argues contemporary European audiovisual depictions of migration and diasporic identity can mobilise a politics of opacity, refusing the regime of visibility/legibility that would render migrants knowable and governable, so that disappearing becomes a mode of appearing on one's own terms.",OA
operational aesthetics / sensor-milieu,Sebastian Scholz (building on Harun Farocki's operational images and Gilbert Simondon's milieu),"Names how sensing media operate within dense, entangled environments ('au milieu') where operation and exchange preclude fixed identities, requiring analytic cuts to render mediating processes sensuously perceptible.",On mediating environments: Sensor-milieus and operational aesthetics,Sebastian Scholz,NECSUS: European Journal of Media Studies,Spring 2026,2026,https://necsus-ejms.org/on-mediating-environments-sensor-milieus-and-operational-aesthetics/,Argues environmental sensor media constitute 'sensor-milieus' whose operational aesthetics must be interrupted and translated to be understood; analysis must begin in the midst of entangled processes rather than from stabilised objects or subjects.,OA
phenomenology of perception / embodiment,Maurice Merleau-Ponty,"Grounds perception in the lived, embodied body rather than a disembodied eye, holding that spatial representation is never neutral but produced through an embodied perceptual apparatus.",Getting 'up close…at a safe distance': Transparency and opacity in the weaves of VR,Jenny Andrine Madsen Evang,NECSUS: European Journal of Media Studies,Spring 2026,2026,https://necsus-ejms.org/getting-up-close-at-a-safe-distance-transparency-and-opacity-in-the-weaves-of-vr/,Argues VR's hyperreal 3D spheres are not neutral spaces but are produced through the phenomenological apparatus of Western Man and colonial cartographic techniques; weaves of transparency and opacity in VR works are read as critiques of that spatial regime.,OA
visuality / the right to look,Nicholas Mirzoeff,"A history and theory of 'visuality' as the authority of the visual field used to police and naturalise power, against which Mirzoeff posits a counter-'right to look'.",Notes on visuality and the Policing Complex,Heath Schultz,Jump Cut: A Review of Contemporary Media,"No. 62, Winter 2023-2024",2024,https://www.ejumpcut.org/archive/JC62.2024/,"Theorises post-Ferguson policing technologies as a 'Policing Complex,' a concept derived from Mirzoeff's history and theory of visuality, to show how surveillance imagery sustains the authority of the police state.",OA
Third Cinema / popular memory,Teshome Gabriel (extending Fernando Solanas and Octavio Getino),"Third Cinema theorises a militant, anti-colonial cinema aligned with popular memory against 'official history,' opposed to both Hollywood (First) and auteurist art (Second) cinema.",Notes on 'Third Cinema as guardian of popular memory'—an Indian context,Manas K Ghosh,Jump Cut: A Review of Contemporary Media,"No. 62, Winter 2023-2024",2024,https://www.ejumpcut.org/archive/JC62.2024/,"Analyses how Teshome Gabriel extends Third Cinema's potential as guardian of popular memory in the conflict between official history and popular memory, applying it to Indian film, literature, and culture.",OA
interpassivity,Robert Pfaller / Slavoj Žižek,"Names the delegation of one's own passive enjoyment or belief to another agent or object, where the medium consumes or believes in the subject's place.",Disco Elysium and the intersection of interactivity and interpassivity,Seunghyun Shin,Jump Cut: A Review of Contemporary Media,"No. 62, Winter 2023-2024",2024,https://www.ejumpcut.org/archive/JC62.2024/,"Argues the 2019 RPG Disco Elysium suggests a new model of interactivity precisely by incorporating interpassivity into the gaming experience, complicating the assumed agency of the player.",OA
panopticon / synopticon,Michel Foucault (panopticon) and Thomas Mathiesen (synopticon),The panopticon models disciplinary surveillance where the few watch the many; Mathiesen's synopticon names the inverse mass-media condition where the many watch the few.,Between panopticon and synopticon in the late period films of Stéphane Brizé,Abraham Walker,Jump Cut: A Review of Contemporary Media,"No. 62, Winter 2023-2024",2024,https://www.ejumpcut.org/archive/JC62.2024/,"Through close readings of Brizé's workplace dramas La Loi du Marché and En Guerre, contributes to debates on surveillance under late capitalism by reading the films between the poles of panoptic and synoptic visibility.",OA
melodrama / postmodern capitalism,Peter Brooks (melodramatic mode) / Fredric Jameson (postmodernism),Melodrama theory explains the moral legibility and excess of popular narrative; Jameson's postmodernism names the cultural logic of late capitalism marked by fragmentation and depthlessness.,"Everything just goes black: time, melodrama, and narrative incompleteness in The Sopranos",Daniel Fraser,Jump Cut: A Review of Contemporary Media,"No. 62, Winter 2023-2024",2024,https://www.ejumpcut.org/archive/JC62.2024/,"Argues The Sopranos reconfigures the melodrama for the era of postmodern capitalism through its network of symbols, codes, and fractured temporalities, culminating in narrative incompleteness.",OA
settler colonialism / logic of elimination,Patrick Wolfe,"Theorises settler colonialism as a structure not an event, driven by a 'logic of elimination' of the native to make claims on stolen land.","Beyond an Asian settler cinema: Asian American media, PBS, and the settler colonial state",Carson Wang,Jump Cut: A Review of Contemporary Media,"No. 63, Summer 2025",2025,https://www.ejumpcut.org/currentissue/CarsonWang/index.html,"Conceptualises Asian American media on PBS as a settler colonial media movement complicit with the settler state's claims to stolen land and citizenship, reframing Asian American media history beyond a purely anti-racist narrative.",OA
parametric / deformative criticism (deformance),Christian Keathley & Jason Mittell (parametric); Lisa Samuels & Jerome McGann (deformance),"Constraint-driven, procedural modes of videographic criticism that generate insight by manipulating and remixing image and sound according to predetermined rules rather than explanatory voiceover.",Men Shouting: A History in 7 Episodes,Alan O'Leary,[in]Transition: Journal of Videographic Film & Moving Image Studies,2023,2023,https://intransition.openlibhums.org/article/id/11389/,"Deploys parametric and deformative techniques on three American films about the 2008 financial crisis, arguing that parametric criticism need not be recuperated into conventional argument but can access an affective, poetic dimension of cinema on its own terms.",OA
autofiction,"literary autofiction concept (Serge Doubrovsky lineage), applied to screen media",A hybrid mode blending autobiography and fiction in which an author stages a version of the self oscillating between authentic confession and fictional construction.,"Autofictional Authenticity: Bo Burnham's Inside, Netflix Comedy and YouTube Aesthetics",[in]Transition videographic essay (2023),[in]Transition: Journal of Videographic Film & Moving Image Studies,2023,2023,https://intransition.openlibhums.org/article/16444/galley/33743/download/,"Frames Bo Burnham's Inside as autofiction that continually oscillates between puncturing and indulging authentic confessional modes, situating it among proto-mockumentary, confessional stand-up, and the manufactured authenticity of YouTubers.",OA
metamodernism (metamodern sensibility),Timotheus Vermeulen & Robin van den Akker,"A structure of feeling defined by oscillation between modernist sincerity and postmodern irony, theorised to characterise post-postmodern cultural production.","Autofictional Authenticity: Bo Burnham's Inside, Netflix Comedy and YouTube Aesthetics",[in]Transition videographic essay (2023),[in]Transition: Journal of Videographic Film & Moving Image Studies,2023,2023,https://intransition.openlibhums.org/article/16444/galley/33743/download/,"Argues a metamodern sensibility explains Inside's constant oscillation between sincere confession and ironic self-reflexivity, distinguishing its manufactured authenticity from straightforward documentary.",OA
modular affectivity,Louisa Stein,"Names how discrete, beloved image-moments function as transferable affective modules that accrue and shift emotional resonance as they are repeated and recontextualised across remix and fan culture.",On the Art of Affective Repetition: Fan Video & The Untamed,Louisa Stein,[in]Transition: Journal of Videographic Film & Moving Image Studies,12.1,2025,https://intransition.openlibhums.org/article/18012/galley/41317/download/,"Uses The Untamed and its transcultural fanworks to argue that logics of modular affectivity sit at the heart of remix and fan culture, as official and fan authors repeat and recontextualise image-moments that gather new emotional resonance.",OA
vidding / remix,Francesca Coppa,"Theorises vidding as a fan remix practice of music videos that reedit source footage to produce critical and affective interpretation, central to remix culture.",On the Art of Affective Repetition: Fan Video & The Untamed,Louisa Stein,[in]Transition: Journal of Videographic Film & Moving Image Studies,12.1,2025,https://intransition.openlibhums.org/article/18012/galley/41317/download/,"Positions the analytic fan video within the vidding/remix tradition, arguing transcultural fans rework the Chinese source by combining it with referents from their own cultural contexts, demonstrating remix as transcultural interpretive practice.",OA
the grid (containment and rupture),Barbara Zecchi (resonant with Rosalind Krauss on the grid),"The grid as a visual structure that both disciplines/contains and, by fracturing, releases—used to figure the social discipline of women's rage and its transformation into solidarity.",The Rhythms of Rage: From Solitude to Solidarity,Barbara Zecchi,[in]Transition: Journal of Videographic Film & Moving Image Studies,11.2,2024,https://intransition.openlibhums.org/article/id/20293/,"Assembles 500+ clips into a shifting multiscreen grid, arguing the grid operates as both structure and rupture: social constraints discipline women's rage while rhythmic montage can fracture those constraints into feminist solidarity, mapping a trajectory from solitude to solidarity.",OA
counterforensics,"Allan Sekula (counterforensics), extended via Thomas Keenan","Inverts the state's forensic gaze: turning forensic and evidentiary methods against the violence committed by the very institutions (police, military, courts) that normally wield them.",Striking Evidence: A Counterforensics of Courtroom Assemblies,Kelli Moore,World Records,Volume 9: Just Evidence,2025,https://worldrecordsjournal.org/striking-evidence/,"Examines courtwatchers' drawing, writing, and marking ('scrivening' or 'Common Paper') by Court Watch NYC and NYU students as a counterforensic record of resistant courtroom assemblies that is obscured from Anglo-American jurisprudence.",OA
forensis / forensic aesthetics,Eyal Weizman / Forensic Architecture,"Recovers the classical sense of 'forensis' as the practice of making objects and environments speak in a public forum, developing forensic aesthetics as a means of investigating state and corporate violence.",They Are Shooting at Our Shadows,Al-Haq Forensic Architecture Investigation Unit and Rachel Nelson in conversation with Laliv Melamed and Pooja Rangan,World Records,Volume 9: Just Evidence,2025,https://worldrecordsjournal.org/they-are-shooting-at-our-shadows/,"Through the Al-Haq Forensic Architecture investigation, interrogates how forensic aesthetics can be reoriented toward abolitionist and decolonial aims in documenting violence against Palestinians, and the limits of evidence under occupation.",OA
aesthetic counterforensics / Black memory,Yasmina Price (building on Saidiya Hartman's critical fabulation),"Names how Black memory, conjured in tongueless whispers and recited choreographies, forms a link between living and dead that no forensics can capture, intervening in how the past is encoded and inherited.",Tongueless Whispers and Recited Choreographies,Yasmina Price,World Records,Volume 9: Just Evidence,2025,https://worldrecordsjournal.org/tongueless-whispers/,Argues contemporary Afro-diasporic artists model an 'aesthetic counterforensics' in their audiovisual work to combat the colonialist and imperialist foundation of traditional evidence-based depictions of Black life.,OA
forensic violence / the forensic gaze,Başak Ertür & Alisa Lebow (extending Allen Feldman),"Names how state agencies survey and reconstruct bodies and events to produce control, and how the forensic gaze can itself perpetrate violence against the dead and the marginalised.",Countering Forensic Violence: Philip Scheffner's Revision,Başak Ertür and Alisa Lebow,World Records,Volume 9: Just Evidence,2025,https://worldrecordsjournal.org/countering-forensic-violence/,Reads Philip Scheffner's film Revision—revisiting the 1992 killing of undocumented Roma workers on the German-Polish border—as a documentary practice that counters forensic violence by refusing the state's reconstructive gaze and restoring agency to the dead.,OA
precarity / gig labour,"Guy Standing (the precariat), applied to platform creative work","Theorises a class-in-the-making defined by insecure, casualised labour without stable income or benefits, generalised by the platform/gig economy.","Game Design for a Fiverr: Precarity, Platform Labor, and the Creative Class",Media Industries 11.1 author,Media Industries,11.1,2024,https://journals.publishing.umich.edu/mij/article/3870/galley/4308/download/,"Examines how platforms such as Fiverr casualise creative game-design labour, forcing workers into increasingly precarious arrangements, situating freelance game work within wider debates on platform labour and the gig economy.",OA
political economy of streaming / competition,Ramon Lobato (extending media political economy),"Reframes how scholars conceptualise competition among video services, moving beyond the 'streaming wars' framing to analyse the structural economics of the platform video market.",Beyond Streaming Wars: Rethinking Competition in Video Services,Ramon Lobato,Media Industries,12.1,2025,https://journals.publishing.umich.edu/mij/article/id/1338/,Argues the 'streaming wars' metaphor obscures the actual dynamics of the video-services market and proposes rethinking competition through a more structural political-economic account of platform rivalry and market position.,OA
infrastructural / catalogue analysis (critical data studies),Karin van Es & Ramon Lobato (VoD catalogue and interface analysis methods),"Develops methods to study streaming catalogues and interfaces as infrastructures of cultural visibility, treating discoverability and catalogue composition as objects of critical data analysis.",Exploring VoD Services through Data Donations: A View from Netflix,Karin van Es and co-authors,Media Industries,12.1,2025,https://journals.publishing.umich.edu/mij/article/id/7629/print/,"Uses data-donation methods to investigate Netflix's catalogue and interface, arguing that critical analysis of VoD infrastructures reveals how platforms shape discoverability and cultural visibility beyond what corporate metrics disclose.",OA
any-space-whatever,Gilles Deleuze,"Deleuze's term (from Cinema 1) for a deconnected, emptied-out cinematic space that detaches affect from sensory-motor action, describing a postwar crisis of perception","Antonioni's cinema of any-space-whatever: Antonioni, posthumanism, material interconnectedness",Hisup Shin,Studies in European Cinema,vol 23 (online first),2026,https://doi.org/10.1080/17411548.2026.2657198,"Reads Antonioni's modernist landscapes as Deleuzian any-spaces that dissolve the human subject into a field of material relations, reframing his alienation films as ecological visions of human-nonhuman entanglement",abstract-only
new materialism / posthumanism,Stacy Alaimo,Concept of trans-corporeality and material interconnectedness theorising the porous co-constitution of human bodies and the more-than-human environment,"Antonioni's cinema of any-space-whatever: Antonioni, posthumanism, material interconnectedness",Hisup Shin,Studies in European Cinema,vol 23 (online first),2026,https://doi.org/10.1080/17411548.2026.2657198,"Mobilises new-materialist posthumanism (Alaimo, Latour, Morton) to argue that Antonioni's emptied spaces register the Anthropocene entanglement of bodies and matter rather than mere existential malaise",abstract-only
hyperobjects,Timothy Morton,"Object-oriented concept for entities (climate, pollution) massively distributed in time and space that exceed human perception, explaining ecological awareness in the Anthropocene","Antonioni's cinema of any-space-whatever: Antonioni, posthumanism, material interconnectedness",Hisup Shin,Studies in European Cinema,vol 23 (online first),2026,https://doi.org/10.1080/17411548.2026.2657198,Uses Morton's hyperobjects and ecological thought to read Antonioni's deserts and industrial wastelands as figurations of planetary-scale ecological crisis exceeding the human frame,abstract-only
history-Event,Gilles Deleuze,Deleuzian conception (Logique du sens; Nietzsche) of the pure event and untimely history that breaks linear chronology to release becoming and counter-actualisation,Cinema and history-Event: a Deleuzian perspective on two metafictional historical films depicting Portugal's political history and mythical constructs,Miguel Mesquita Duarte,Studies in European Cinema,vol 23 (online first),2025,https://doi.org/10.1080/17411548.2025.2570517,"Argues that two Portuguese metafictional historical films enact a Deleuzian 'history-Event' that destabilises national myth and official chronology, opening history to becoming rather than commemoration",abstract-only
the differend,Jean-Francois Lyotard,"Lyotard's concept for an irresolvable dispute lacking a shared idiom, exposing how dominant discourse silences incommensurable claims",Cinema and history-Event: a Deleuzian perspective on two metafictional historical films depicting Portugal's political history and mythical constructs,Miguel Mesquita Duarte,Studies in European Cinema,vol 23 (online first),2025,https://doi.org/10.1080/17411548.2025.2570517,Draws on Lyotard's differend alongside Deleuze and Nietzsche to show how the films stage the unrepresentable conflicts of Portugal's colonial and revolutionary past,abstract-only
epistemic injustice,Miranda Fricker,"Fricker's concept for the wrong done to someone in their capacity as a knower (testimonial and hermeneutical injustice), explaining how marginalised subjects are denied credibility",Resisting epistemic injustice: the unknown knowns of the protagonist of Cristi Puiu's Aurora (2010),Michael Keerdo-Dawson,Studies in European Cinema,vol 23 (online first),2025,https://doi.org/10.1080/17411548.2025.2568311,"Argues that Puiu's radically unknowable protagonist, via reversed dramatic irony and unbroken long takes, resists the marginalisation produced by epistemic injustice, modelling a survivor's opacity",abstract-only
necropolitics,Achille Mbembe,"Mbembe's theory of sovereignty as the power to dictate who may live and who must die, describing colonial and racialised regimes of disposability","Architectures of power and decay: colonial necropolitics and imperial debris in Coup de Torchon/clean slate (Bertrand Tavernier, 1981)",Laura Ceia,Studies in European Cinema,vol 23 no 2,2025,https://doi.org/10.1080/17411548.2025.2555741,"Reads Tavernier's colonial spaces (latrine, police post, cemetery) as necropolitical sites where authority collapses into abandonment, erasure and racialised disposability rather than stable control",abstract-only
imperial debris / ruination,Ann Laura Stoler,Stoler's concept of imperial debris and the ongoing processes of ruination through which colonial power persists in degraded material and social forms,"Architectures of power and decay: colonial necropolitics and imperial debris in Coup de Torchon/clean slate (Bertrand Tavernier, 1981)",Laura Ceia,Studies in European Cinema,vol 23 no 2,2025,https://doi.org/10.1080/17411548.2025.2555741,Uses Stoler's imperial debris (with Foucault on disciplinary power) to argue the film stages a spatial politics of ruin in which colonial sovereignty decays into absurdity and violence,abstract-only
hegemonic centrism / mastery of nature,Val Plumwood,"Plumwood's ecofeminist critique of the dualisms (human/nature, reason/body) that license the 'mastery' and othering of the nonhuman",Othering nature: an ecocritical reading of Jessica Hausner's Little Joe (2019),Jose-Santiago Fernandez-Vazquez,Studies in European Cinema,vol 23 (online first),2025,https://doi.org/10.1080/17411548.2025.2570530,Applies Plumwood's hegemonic centrism and the plant-horror tradition to argue Little Joe stages anxieties about the human mastery and othering of vegetal nature in an ecological-crisis register,abstract-only
philosemitism / antisemitism theory,Martin H. Schwartz,Critical theorisation of postwar West German philosemitism as a taboo that invests 'the Jew' with a damaging psychosexual power within the German subject,Trans misery and Jewish danger: Fassbinder's in einem Jahr mit 13 Monden (in a year of 13 Moons),Martin H. Schwartz,Studies in European Cinema,vol 23 (online first),2025,https://doi.org/10.1080/17411548.2025.2570534,"Argues Fassbinder's film attacks philosemitic taboo through erotics, dramatising how the abstraction of Jewishness becomes psychosexually fatal to the postwar German subject while attending to trans suffering",abstract-only
women's cinema / agency,Elif Akcali; Ozlem Guclu,Reframing women's cinema through agency and companionship rather than the scopophilic/voyeuristic gaze that fixes women as passive objects,Glaring and out loud! Thinking women's cinema in Turkey through agency and companionship,Elif Akcali and Ozlem Guclu,Studies in European Cinema,vol 23 no 2,2025,https://doi.org/10.1080/17411548.2025.2528324,"Argues post-2005 women's cinema in Turkey, energised by a rising feminist movement, disrupts dominant narrative codes and scopophilic looking through depictions of female agency and companionship",abstract-only
female subjectivity / cinematic time,Agnes Varda,"Varda's cinecriture and the dialectic of subjective vs objective time used to construct an embodied, wandering female subject against objectifying looking","Between Paris and Cleo: soundtrack, temporality and female subjectivity in Cleo from 5 to 7",Zijin Ke,Studies in European Cinema,vol 23 (online first),2025,https://doi.org/10.1080/17411548.2025.2605742,"Reads Cleo's soundtrack and temporal structure as constructing female subjectivity through sensory wandering and the dialectic of subjective and objective time, countering the silencing of women characters",abstract-only
the fold,Gilles Deleuze,"Deleuze's concept of the fold (le pli) describing continuous enfolding of matter, body and world without fixed boundaries",The heart and the sea: on the lifeblood and elemental folds of Reparer les vivants,Sarah Cooper,French Screen Studies,vol 24 no 4,2023,https://doi.org/10.1080/26438941.2023.2247811,"Uses Deleuze's writings on the fold to argue that Quillevere's heart-transplant film enfolds narrative into elemental bonds of air, water, blood and seawater, theorising an archaic connectivity of the human and the elements",abstract-only
rape-revenge genre,Kathleen McHugh,Genre-critical and affect framework dissecting how the rape-revenge form's final violent sexual acts confound moral and sensory legibility for spectators,Anger/sex/genre: de(con)structing rape-revenge in Baise-moi and Descent,Kathleen McHugh,French Screen Studies,vol 26 (online first),2026,https://doi.org/10.1080/26438941.2026.2644795,"Argues both films deconstruct rape-revenge conventions by rendering their climactic violence illegible, exposing the genre's entanglement of anger, sex and spectatorial complicity",abstract-only
politique des auteurs,Andre Bazin / Cahiers du cinema,"The auteur-theory politique des auteurs that canonised directors as the central creative authority, here interrogated for the Tradition of Quality",Mise en scene and authorship in the Tradition of Quality (1945-1960),Barry Nevin,French Screen Studies,vol 25 no 1-2,2025,https://doi.org/10.1080/26438941.2025.2454180,"Revisits the politique des auteurs and mise en scene to reassess the maligned Tradition of Quality, arguing for a more nuanced account of authorship and craft in postwar French cinema",abstract-only
modes of play,Roger Caillois,"Caillois's taxonomy of play (agon, alea, mimicry, ilinx) used to analyse competing logics of competition and surrender embodied by characters","Play and Performance, Perfection and Pessimism: A Reassessment of (the Politics of) Point Break",Tim Beasley-Murray,Journal of Popular Film and Television,vol 53 no 1-2,2025,https://doi.org/10.1080/01956051.2025.2508695,"Uses Caillois's categories of play to read Point Break as a conflict between agonistic pursuit and ecstatic surrender, yielding a pessimistic verdict on the cynical 'game' of culture-industry entertainment",abstract-only
queer utopia / straight time,Jose Esteban Munoz,Munoz's concepts of queer futurity and queer utopia as a horizon of hope opposed to 'straight time' and pragmatic heteronormative temporality,Straight Time and Queer Utopia: Anthony Bridgerton and Kate Sharma's Disorientating Desire in the Regency,Emily M. Baker,Journal of Popular Film and Television,vol 54 no 1,2025,https://doi.org/10.1080/01956051.2025.2554924,"Argues Anthony and Kate's romance momentarily inhabits queer utopia against straight time, but the series reabsorbs them into heteronormative 'happy endings,' stripping their queer potential",abstract-only
reproductive futurity,Lee Edelman,"Edelman's anti-social thesis that politics is organised around 'the Child' and reproductive futurity, against which queerness names the death drive",Straight Time and Queer Utopia: Anthony Bridgerton and Kate Sharma's Disorientating Desire in the Regency,Emily M. Baker,Journal of Popular Film and Television,vol 54 no 1,2025,https://doi.org/10.1080/01956051.2025.2554924,"Reads Anthony's marriage imperative through Edelman's reproductive futurity, framing his desire for Kate as a swerve away from the heteronormative dynastic mandate",abstract-only
queer orientation,Sara Ahmed,"Ahmed's queer phenomenology of orientation, lines and the figure of the 'unhappy queer' that is disoriented by and from heteronormative paths",Straight Time and Queer Utopia: Anthony Bridgerton and Kate Sharma's Disorientating Desire in the Regency,Emily M. Baker,Journal of Popular Film and Television,vol 54 no 1,2025,https://doi.org/10.1080/01956051.2025.2554924,Uses Ahmed's queer orientation and 'unhappy queers' to read the couple's disorientating desire and same-sex coding before their reorientation into the heteronormative resolution,abstract-only
competing masculinities,Stevie K. Seibert Desjarlais,Generational model of masculinities as performances that must be flexible to meet new situational demands rather than fixed 'winner-takes-all' norms,Measures of Success: Competing Masculinities in Cobra Kai,Stevie K. Seibert Desjarlais,Journal of Popular Film and Television,vol 51 no 2,2023,https://doi.org/10.1080/01956051.2023.2190075,"Argues Cobra Kai stages an intergenerational negotiation in which rigid Reagan-era masculine norms fail Gen Z challenges, valorising flexible over static performances of manhood",abstract-only
queer cuts / disidentification,Ethan Calof,"A theory of 'queer cuts' in editing through which diasporic, secular subjects splice fractured identities into a queer cultural genealogy against white heteropatriarchal hegemony","'Fractured Moments, Contradiction, and Confusion': Identifying Queer Cuts in Diasporic Speculative Media via Everything Everywhere All at Once and Russian Doll",Ethan Calof,Journal of Popular Film and Television,vol 54 (online first),2026,https://doi.org/10.1080/01956051.2026.2668729,"Argues that the fractured, contradictory editing ('queer cuts') of these speculative texts lets diasporic North American subjects situate themselves within a queer genealogy and renegotiate normative whiteness",abstract-only
serial narrative / nonlinear turn,Tina-Louise Smith,"Framework for the structural and narrative politics of serial TV fiction and its turn toward nonlinear, complex storytelling","The Politics of Serial television Fiction: Structural Developments, Narrative Themes, and the Nonlinear Turn",Tina-Louise Smith,"Historical Journal of Film, Radio and Television",vol 46 (online first),2026,https://doi.org/10.1080/01439685.2026.2672273,Maps structural developments and the 'nonlinear turn' in serial television to argue that narrative form itself carries political meaning across contemporary serial drama,abstract-only
racialized desire,Maxim Morel,Critical-race reading of desire and othering across species/racial coding in popular franchise media,I'd just as soon kiss a wookiee: Uncovering racialized desire in the Star Wars galaxy,Maxim Morel,"Historical Journal of Film, Radio and Television",vol 46 no 2,2026,https://doi.org/10.1080/01439685.2026.2632402,"Uncovers how the Star Wars galaxy encodes racialized desire and othering, reading interspecies attraction and alien coding as displaced expressions of racial fantasy",abstract-only
necropolitics,Achille Mbembe,Mbembe's power over life and death applied to authoritarian fatherhood and patriarchal violence in Latin American cinema,"Fathers, Masculinity, and Authoritarianism in Latin American Cinema",Oliver Wilson-Nunn,"Historical Journal of Film, Radio and Television",vol 46 no 2,2026,https://doi.org/10.1080/01439685.2026.2632403,"Examines how Latin American films link paternal authority, masculinity and political authoritarianism, reading the father as a figure of sovereign and patriarchal power",abstract-only
colonial co-production / transnationalism,Hannah Holtzman,Framework of transnational co-production politics analysing how Franco-Japanese collaboration negotiates cultural particularity and postwar geopolitics,A risky venture: Typhoon Over Nagasaki and the particularity of Franco-Japanese cinematic co-production,Hannah Holtzman,"Historical Journal of Film, Radio and Television",vol 46 (online first),2026,https://doi.org/10.1080/01439685.2026.2630846,Uses the case of a Franco-Japanese co-production to theorise the cultural and industrial particularity of transnational collaboration in the postwar period,abstract-only
spectatorship / moral pleasure,Diana W. Anselmo,"Historical reception framework theorising female spectatorial pleasure, morality and faith as structuring early cinema audiences","'I want to be good:' morality, faith, and female spectatorial pleasure during World War I",Diana W. Anselmo,New Review of Film and Television Studies,vol 22 no 1,2024,https://doi.org/10.1080/17400309.2023.2298645,"Reconstructs how WWI-era female spectators derived moral and devotional pleasure from cinema, theorising spectatorship as a gendered, faith-inflected mode of engagement",abstract-only
popular feminism,Sarah Banet-Weiser,"Banet-Weiser's concept of popular feminism as highly visible, market-friendly feminism that circulates in media economies",Reese Witherspoon's popular feminism: adaptation and authorship in Big Little Lies,Sarah Louise Smyth,New Review of Film and Television Studies,vol 22 no 1,2024,https://doi.org/10.1080/17400309.2023.2263690,"Analyses Witherspoon's authorship and adaptation strategy in Big Little Lies as an instance of popular feminism, where female-led production reconciles feminist visibility with commercial branding",abstract-only
true crime / postfeminist adaptation,Tanya Horeck,Framework theorising true-crime adaptation and feminist authorship in the #MeToo conjuncture of gendered violence and survivor testimony,I'll Be Gone in the Dark: feminism and the adaptation of true crime in the #MeToo era,Tanya Horeck,New Review of Film and Television Studies,vol 22 no 1,2024,https://doi.org/10.1080/17400309.2023.2264713,"Argues the adaptation reframes true crime through a #MeToo-era feminist lens, centring survivor knowledge and women's investigative labour against the genre's voyeurism",abstract-only
care and precarity,Adin Walker,"Affect/queer framework linking ecological precarity and intimate care to read slow, attentive tending of bodies and environments","Flowers, concrete, water: care and precarity in Tsai Ming-liang's I Don't Want to Sleep Alone (2006)",Adin Walker,New Review of Film and Television Studies,vol 22 no 2,2024,https://doi.org/10.1080/17400309.2024.2360379,"Reads Tsai's film through care and precarity, arguing its attention to flowers, concrete and water stages an ethics of tending amid migrant and ecological vulnerability",abstract-only
disidentification,Jose Esteban Munoz,"Munoz's disidentification: how minoritarian subjects work on and against dominant ideology, neither assimilating nor opposing but transforming it","Girls gone wild: animality, female teenagers, and disidentification in contemporary European cinema",Cristina Ruiz-Poveda Vera,New Review of Film and Television Studies,vol 22 no 1,2024,https://doi.org/10.1080/17400309.2024.2304604,Uses Munoz's disidentification to read animal imagery and female adolescence in European cinema as a strategy by which teenage girls rework gendered and species norms,abstract-only
radicalization / gender,Eve Bennett,"Gendered framework of radicalization theorising how popular drama figures female recruits as 'lost souls, victims and deviants'","Lost souls, victims and deviants: radicalization and gender in Agents of S.H.I.E.L.D.",Eve Bennett,New Review of Film and Television Studies,vol 22 no 1,2024,https://doi.org/10.1080/17400309.2023.2257857,"Analyses how the series genders narratives of radicalization, casting women drawn into extremism as victims or deviants and thereby reproducing anxieties about female political agency",abstract-only
film-philosophy / transformational ethics,Daniel Smith,A film-philosophy framework theorising the 'cinemakeover' as a transformational ethics through which films reshape the spectator's mode of being,Transformational ethics of film: thinking the cinemakeover in the film-philosophy debate,Daniel Smith,New Review of Film and Television Studies,vol 22 no 2,2024,https://doi.org/10.1080/17400309.2024.2362592,"Intervenes in the film-philosophy debate to argue that film enacts a transformational ('cinemakeover') ethics, reshaping how spectators perceive and live rather than merely illustrating arguments",abstract-only
dystopia / architecture,Jonathan Stubbs; Marko Kiessel,Framework linking architectural dystopia and historicity to read built environments as carriers of political-temporal meaning in speculative film,"Futures past and present: history, architecture and dystopia in Brazil (1985) and the Hunger Games series (2012-15)",Jonathan Stubbs and Marko Kiessel,New Review of Film and Television Studies,vol 22 no 2,2024,https://doi.org/10.1080/17400309.2023.2287973,"Reads dystopian architecture in Brazil and The Hunger Games as a historicising device, arguing built space encodes anxieties about authoritarian futures rooted in the past",abstract-only
cultural trauma,Jeffrey C. Alexander,"Theory of how collectivities construct shared wounds into collective identity, explaining how social groups process catastrophic events",Documentary cinema as social therapy: Kazakhstan's experience in portraying collective trauma on screen,Banu Ramazanova,Studies in Russian and Soviet Cinema,Vol 19 No 1,2025,https://www.tandfonline.com/doi/abs/10.1080/17503132.2025.2450928,"Argues that Kazakh documentary cinema underrepresents collective traumas (1931-33 famine, Jeltoqsan 1986) and that authentic confrontation with the past could serve as cultural therapy and build national self-awareness",abstract-only
collective memory,Maurice Halbwachs,"Concept that memory is socially framed and shared by groups, explaining how communities remember the past collectively",Documentary cinema as social therapy: Kazakhstan's experience in portraying collective trauma on screen,Banu Ramazanova,Studies in Russian and Soviet Cinema,Vol 19 No 1,2025,https://www.tandfonline.com/doi/abs/10.1080/17503132.2025.2450928,Uses collective memory to argue that the silence around Asharshylyk and Jeltoqsan in Kazakh documentary blocks national historical consciousness and societal progress,abstract-only
transgression,Georges Bataille,"Concept of crossing moral/sexual limits as a charged act, explaining the allure and danger of eroticism within constraint",Transgression and desire in Tarkovsky's cinema,(author not specified in abstract),Studies in Russian and Soviet Cinema,Vol 19 No 2,2025,https://www.tandfonline.com/doi/abs/10.1080/17503132.2025.2484703,"Reads Tarkovsky's subdued eroticism (Solaris, Andrei Rublev, Mirror) as 'guilty pleasure' negotiating Soviet moral standards against transgressive Western influences such as Nabokov's Lolita",abstract-only
queering,Eve Kosofsky Sedgwick / queer theory,"Analytic lens that denaturalizes heteronormativity, explaining how non-normative sexualities are read and claimed in culture",Queering Russian cinema as a community-building practice,Olga Andreevskikh,Studies in Russian and Soviet Cinema,Vol 17 No 3,2023,https://www.tandfonline.com/doi/full/10.1080/17503132.2023.2241804,"Argues LGBTQ opinion leaders appropriate the term 'kvir' to read non-heteronormative gender/sexuality in Soviet and post-Soviet cinema, reclaiming film history as shared and individual LGBTQ heritage",abstract-only
decolonisation,(postcolonial/decolonial theory),"Framework for dismantling imperial cultural hierarchies, explaining how peripheral identities resist a dominant centre",Introduction: 'Different (Everyone is So)': conceptualisations of Russian and Russophone queer cinema in the twenty-first century,Vlad Strukov,Studies in Russian and Soviet Cinema,Vol 17 No 3,2023,https://www.tandfonline.com/doi/full/10.1080/17503132.2023.2252702,"Argues a queer optic exposes the transnational, poly-cultural nature of 'Russian' vs 'Russophone' culture and contributes to de-colonising 'Russia' through queer subjectivities",abstract-only
transnationalism,(transnational cinema studies),"Framework for film flows beyond national borders, explaining poly-cultural and diasporic cinematic identities",Introduction: 'Different (Everyone is So)': conceptualisations of Russian and Russophone queer cinema in the twenty-first century,Vlad Strukov,Studies in Russian and Soviet Cinema,Vol 17 No 3,2023,https://www.tandfonline.com/doi/full/10.1080/17503132.2023.2252702,"Frames Russophone queer cinema as transnational and poly-cultural, with new centres of filmmaking redefining belonging beyond the nation-state",abstract-only
dialogism,Mikhail Bakhtin,"Theory of meaning as relational dialogue between voices/texts, explaining authorship and adaptation as intertextual negotiation",Film Adaptations of Russian Classics: Dialogism and Authorship (book review),(reviewer),Studies in Russian and Soviet Cinema,Vol 17 No 3,2023,https://www.tandfonline.com/doi/full/10.1080/17503132.2023.2246826,Reviews Smith and Sobolev's study which applies Bakhtinian dialogism to frame a synergetic 'literary-cinematic space' where adaptations of Russian classics dialogue with their sources across temporal shifts,abstract-only
decolonial historiography,(decolonial theory),"Framework for correcting imperial-centred narratives, explaining how peripheral histories are recovered against a dominant centre",Special joint issue of Studies in Russian and Soviet Cinema and Culture of Ukraine (Kul'tura Ukrainy),"Jeremy Hicks, Leonid Machulin",Studies in Russian and Soviet Cinema,Vol 18 No 3,2024,https://www.tandfonline.com/doi/full/10.1080/17503132.2024.2405346,"Frames the special issue as challenging the Russocentric framing of Ukrainian cinema, foregrounding overlooked Ukrainian films, filmmakers and institutions amid Russia's invasion",abstract-only
agonistic mourning,Athena Athanasiou,"Concept of mourning as political resistance rather than closure, explaining how grief refuses normative containment under power",Trauma,Memory,and the Politics of Mourning in New Albanian Film from Kosovo,Tatjana Aleksić,2040,Vol 16 No 2,2024,abstract-only
thanatopolitics,(Achille Mbembe / biopolitics tradition),"Politics organised around death and the power to expose populations to death, explaining war and post-war regimes of violence",Trauma,Memory,and the Politics of Mourning in New Albanian Film from Kosovo,Tatjana Aleksić,2040,Vol 16 No 2,2024,abstract-only
communicative memory,Jan and Aleida Assmann,"Distinction between short-term communicative memory (80-100 yrs) and long-term cultural memory, explaining generational dynamics of remembering",Communicative Generations between Cold War Trauma and HBO-Type 'Televisuality',Andrea Virginás,Eastern European Screen Studies,Vol 17 No 1,2024,https://www.tandfonline.com/doi/full/10.1080/2040350X.2024.2388409,"Uses Assmann's three communicative generations to argue HBO-type series (Chernobyl, The Informant, Spy/Master) aestheticise Cold War trauma for 'forgetters' and 'mourners' who lack personal memory",abstract-only
televisuality,John Thornton Caldwell,"Concept of stylistic exhibitionism and excess in television, explaining how high-end TV signals prestige and authorship",Communicative Generations between Cold War Trauma and HBO-Type 'Televisuality',Andrea Virginás,Eastern European Screen Studies,Vol 17 No 1,2024,https://www.tandfonline.com/doi/full/10.1080/2040350X.2024.2388409,Argues HBO-type televisuality and midcult aesthetics remediate Cold War-era television for the digital era while processing Eastern European collective trauma,abstract-only
ecocinema,(ecocinema studies / Scott MacDonald),"Critical framework for film's ecological vision, explaining how cinema cultivates an environmental point of view",Eden and Eastern European Ecocinema (book review),György Kalmár,Eastern European Screen Studies,Vol 16 No 3,2023,https://www.tandfonline.com/doi/full/10.1080/2040350X.2023.2187526,"Examines the rise of an ecological point of view in Hungarian cinema via Agnes Kocsis's Eden (2020), asking how far the ecocritical approach rewrites established local filmmaking traditions",abstract-only
postmemory,Marianne Hirsch,"Concept of memory inherited by later generations through images/stories, explaining transgenerational transmission of trauma",Embodied Point of View: The Turn to Personal Expression in Late Soviet Baltic Documentary Cinema,Zane Balčus,Eastern European Screen Studies,Vol 17 No 1,2026,https://www.tandfonline.com/toc/reec20/current,"Argues Baltic documentary filmmakers use archival materials, photographs and animation to voice postmemory-generation narratives of 1940s deportations and Soviet occupation in the first person (exact article DOI unverified; cited to current-issue TOC)",abstract-only
self-reflexivity,(documentary reflexivity / Bill Nichols),"Mode in which the film foregrounds its own construction, explaining the filmmaker's subjective presence in nonfiction",Embodied Point of View: The Turn to Personal Expression in Late Soviet Baltic Documentary Cinema,Zane Balčus,Eastern European Screen Studies,Vol 17 No 1,2026,https://www.tandfonline.com/toc/reec20/current,"Argues that personal expression and on-screen physical presence were exceptions in centralised Soviet Baltic documentary, marking an embodied subjective turn toward microhistory (exact article DOI unverified; cited to current-issue TOC)",abstract-only
modernity critique,Bruno Latour,"Argument that the nature/culture divide is a uniquely modern construct, explaining how 'we have never been modern'",We Have Never Been Modern: (Re)Constructing Debates (on Intersex) in the Past,(author not specified in abstract),Eastern European Screen Studies,Vol 17 No 1,2025,https://www.tandfonline.com/doi/full/10.1080/29974828.2025.2531629,Uses the Czech film's Latour-derived title to analyse the limited exportability of present-day Czech cinema and how the intersex plot was targeted and communicated to different audiences,abstract-only
performative documentary,Bill Nichols,"Documentary mode emphasising subjective, embodied and affective engagement, explaining presenter-led nonfiction performance",From Weird Weekends to Porn's MeToo: Louis Theroux,performance,and the shifting politics of television documentary,(author),2025,Vol 19 (online first),2025,abstract-only
authorship,(presenter-led / auteur theory),"Framework for the author-function in screen media, explaining how a recognisable persona structures meaning and ethics",From Weird Weekends to Porn's MeToo: Louis Theroux,performance,and the shifting politics of television documentary,(author),2025,Vol 19 (online first),2025,abstract-only
indexicality,(C. S. Peirce / documentary indexicality),"Sign that is physically connected to its referent, explaining documentary's evidentiary claim to capture the real",Digitalizing Xianchang: documentary experiments on Shanghai COVID lockdown,Jinyan Zeng,Studies in Documentary Film,Vol 19 No 2,2025,https://www.tandfonline.com/doi/full/10.1080/17503280.2025.2462526,"Argues the documentary The Memo expands the indexicality of image and audio in the digital era, reconstructing a digital xianchang of witnessing and testimony",abstract-only
xianchang,(Chinese documentary theory),"Concept of 'being there / on-the-scene' presence, explaining the immediacy and witnessing aesthetic of Chinese independent documentary",Digitalizing Xianchang: documentary experiments on Shanghai COVID lockdown,Jinyan Zeng,Studies in Documentary Film,Vol 19 No 2,2025,https://www.tandfonline.com/doi/full/10.1080/17503280.2025.2462526,"Theorises a digital xianchang (confined, archived, censored, AI-generated, testimonial, healing) through which The Memo counters dehumanisation of the Shanghai COVID lockdown",abstract-only
ethical witnessing,(witnessing / testimony theory),"Framework for the moral relation between viewer and the suffering other, explaining documentary's claim on the spectator",Ethical witnessing: participatory virtual reality production and the experience of homelessness,(author),Studies in Documentary Film,Vol 19 (online first),2025,https://www.tandfonline.com/doi/full/10.1080/17503280.2025.2470117,"Argues participatory VR documentary (Lost & Found) situates community participants' voices at the centre of production, testing the finished film's impact on viewer empathy",OA
empathy machine,(VR documentary empathy debate / Kate Nash),"Claim that immersive VR generates empathy, examined critically to explain VR documentary's affective and ethical stakes",Ethical witnessing: participatory virtual reality production and the experience of homelessness,(author),Studies in Documentary Film,Vol 19 (online first),2025,https://www.tandfonline.com/doi/full/10.1080/17503280.2025.2470117,"Uses participatory video methodology to interrogate VR's empathy claims, measuring effects on viewer empathy and on the co-creating clients of a homelessness service",OA
intime / intimacy and politics,Michaël Foessel,"Philosophical account of the boundary between intimate and public spheres, explaining how private life grounds political experience",L'intime comme objectif (comment filmer la politique ?),(author),Cinémas: Revue d'études cinématographiques,Vol 31 No 1,2024,https://www.erudit.org/en/journals/cine/2024-v31-n1-cine010154/1119110ar/,"Drawing on Foessel (2008), argues that passing through intimacy is a privileged route to bringing politics onto the screen, via Dans le laboratoire, Pater and Chronique d'une crise",OA
research-creation,(recherche-création / arts-based research),"Methodology fusing creative practice and scholarship, explaining how filmmaking itself produces knowledge",L'intime comme objectif (comment filmer la politique ?),(author),Cinémas: Revue d'études cinématographiques,Vol 31 No 1,2024,https://www.erudit.org/en/journals/cine/2024-v31-n1-cine010154/1119110ar/,"Uses a research-creation approach to theorise the relation between cinema, politics and intimacy through the author's own and others' films",OA
levels of meaning,David Bordwell,"Four levels of filmic meaning (referential, explicit, implicit, symptomatic), explaining how interpretation constructs meaning",The Rezort (2015): Zombies,Refugees and B Protocols,(author),Cinémas: Revue d'études cinématographiques,,2024,https://www.erudit.org/en/journals/cine/2024-v30-n3-cine09299/1111122ar/,abstract-only
new masculinity,(masculinity studies),"Framework for shifting models of male identity on screen, explaining the move from tough to vulnerable/emotional masculinity",Clint Eastwood and his Performance in The Bridges of Madison County as a Precursor to the New Masculinity,(author),Cinémas: Revue d'études cinématographiques,Vol 30 No 3,2024,https://www.erudit.org/fr/revues/cine/2024-v30-n3-cine09299/1111120ar/,"Argues Eastwood constructs Robert Kincaid as a precursor of a fragile, emotionally available 'new masculinity', departing from his earlier tough personas to enable viewer identification",OA
science fiction as social barometer,(genre theory / national cinema),"Reading genre cinema as an index of social-political tension, explaining how SF registers a nation's conflicts",Vers le futur par le passé ? Singularités contemporaines du cinéma de science-fiction brésilien,Alfredo Suppia,Cinémas: Revue d'études cinématographiques,Vol 30 No 3,2024,https://www.erudit.org/en/journals/cine/2024-v30-n3-cine09299/1111123ar/,"Argues Brazilian SF cinema functions as a 'barometer' of social-political tensions, tracing a critical history tied to conflicts between conservatism and modernity from mid-20th century onward",OA
vraisemblance,(narrative verisimilitude theory),"Concept of plausibility/credibility in narrative, explaining how serial fiction sustains audience adhesion",La vraisemblance dans la série Bates Motel : l'adhésion au récit et la mise en intrigue de la série thriller de type « antépisode »,(author),Cinémas: Revue d'études cinématographiques,Vol 30 No 3,2024,https://www.erudit.org/en/journals/cine/2024-v30-n3-cine09299/1111121ar/,Analyses how the prequel-thriller series Bates Motel manages verisimilitude and emplotment (mise en intrigue) to secure narrative adhesion to a known story-world,OA
postcolonial memory,(postcolonial theory),"Framework for the cinematic afterlife of empire, explaining how decolonisation reshapes a nation's relation to the past",Mémoires cinématographiques de la Révolution portugaise et de la décolonisation (special issue),(issue editors),Cinémas: Revue d'études cinématographiques,Vol 30 No 2,2023,https://www.erudit.org/en/journals/cine/2023-v30-n2-cine08213/,"Frames Portuguese cinema (e.g. Tabu, The Last Time I Saw Macao) as reworking the colonial past and the Carnation Revolution, theorising how revolution shapes the relation to memory",OA
Deleuzian time-image,Gilles Deleuze,"Concept of cinema as a form of thought via movement- and time-images, explaining how film produces philosophy",Deleuze and Cinema: Moving Images and Movements of Thought,(author),Image [&] Narrative,(archive feature),2023,https://www.imageandnarrative.be/inarchive/thinking_pictures/huygens.htm,"Reads cinema through Deleuze's movement-image and time-image to argue that films think, linking moving images to movements of thought",OA
image afterlife / iconicity,(visual culture / image-memory studies),"Framework for how a single iconic image is reworked and remembered across media, explaining the cultural circulation of icons",Christina's World in the 21st century (thematic cluster introduction),Helena Lamouliatte-Schmitt (cluster editor),Image [&] Narrative,Vol 25 No 2,2024,https://www.imageandnarrative.be/index.php/imagenarrative/article/download/3366/2784/8763,Introduces a cluster analysing the 21st-century afterlives and reworkings of Andrew Wyeth's iconic painting Christina's World across contemporary visual culture,OA
multimodality,(Kress and van Leeuwen / multimodal social semiotics),"Theory of meaning made across multiple semiotic modes, explaining how images, text and layout co-construct narrative",Narrating Asia Multimodally / Récits multimodaux de l'Asie (thematic issue),"Li-Chi Chen, Matthew M. Mucha (editors)",Image [&] Narrative,Vol 25 No 3,2024,https://www.imageandnarrative.be/index.php/imagenarrative/issue/view/325,"Frames Asian visual-verbal narratives through multimodal social semiotics, analysing how gender, identity and culture are constructed across combined modes",OA
