theorist,concept,native,one_liner,part,major,sub,era,source,confidence
Simon Schaffer,History of Scientific Instruments,,,History,"Environmental, Science & Technology History",B. History of Science,Modern,DB,high
Simon Schaffer,Social Construction of Science (Historical),,,History,"Environmental, Science & Technology History",B. History of Science,Modern,DB,high
Simon Schaffer,Leviathan and the Air-Pump,,Boyle vs Hobbes: how experimental fact-making became authoritative knowledge,History,"Environmental, Science & Technology History",B. History of Science,Modern,Knowledge,high
Simon Schaffer,Experimental Life,,The social and material practices that constitute scientific experiment,History,"Environmental, Science & Technology History",B. History of Science,Modern,Knowledge,high
Simon Schaffer,Calibration,,How instruments and observers are tuned to produce trustworthy measurement,History,"Environmental, Science & Technology History",B. History of Science,Modern,Knowledge,high
Simon Schaffer,Self-Evidence,,Critique of how scientific facts come to seem naturally obvious,History,"Environmental, Science & Technology History",B. History of Science,Modern,Knowledge,med
Simon Schaffer,Machine Philosophy,,Study of automata and instruments as actors in knowledge production,History,"Environmental, Science & Technology History",B. History of Science,Modern,Knowledge,med
Steven Shapin,History of Experimentation,,,History,"Environmental, Science & Technology History",B. History of Science,Modern,DB,high
Steven Shapin,Social Construction of Science (Historical),,,History,"Environmental, Science & Technology History",B. History of Science,Modern,DB,high
Steven Shapin,A Social History of Truth,,Trust and gentlemanly credibility underwriting early modern scientific knowledge,History,"Environmental, Science & Technology History",B. History of Science,Modern,Knowledge,high
Steven Shapin,Leviathan and the Air-Pump,,Boyle vs Hobbes debate over experiment as basis of knowledge,History,"Environmental, Science & Technology History",B. History of Science,Modern,Knowledge,high
Steven Shapin,The Scientific Revolution,,Argues there was no single coherent 'Scientific Revolution' event,History,"Environmental, Science & Technology History",B. History of Science,Modern,Knowledge,high
Steven Shapin,Truth-Telling and Gentility,,Social standing as the guarantor of credible factual testimony,History,"Environmental, Science & Technology History",B. History of Science,Modern,Knowledge,high
Steven Shapin,Invisible Technicians,,The unnamed laborers whose work underpins celebrated scientific discovery,History,"Environmental, Science & Technology History",B. History of Science,Modern,Knowledge,med
Frederick Cooper,History of Empires,,,History,Postcolonial & Decolonial History,A. Empire & Imperialism,Contemporary,DB,high
Frederick Cooper,Trans-imperial History,,,History,Postcolonial & Decolonial History,A. Empire & Imperialism,Contemporary,DB,high
Frederick Cooper,Colonialism in Question,,"Critique of loose, anachronistic uses of colonialism and modernity",History,Postcolonial & Decolonial History,A. Empire & Imperialism,Contemporary,Knowledge,high
Frederick Cooper,Gatekeeper State,,Postcolonial African states controlling resources at the colonial-era border,History,Postcolonial & Decolonial History,A. Empire & Imperialism,Contemporary,Knowledge,high
Frederick Cooper,Tensions of Empire,,Colonizer and colonized mutually shaped within imperial bourgeois projects,History,Postcolonial & Decolonial History,A. Empire & Imperialism,Contemporary,Knowledge,high
Frederick Cooper,Citizenship between Empire and Nation,,African demands reshaping French imperial citizenship after WWII,History,Postcolonial & Decolonial History,A. Empire & Imperialism,Contemporary,Knowledge,high
Frederick Cooper,Lumping and Splitting,,Methodological caution against over-generalizing or over-fragmenting historical categories,History,Postcolonial & Decolonial History,A. Empire & Imperialism,Contemporary,Knowledge,med
Georges Vigarello,History of Dirt / Cleanliness,,,History,Annales & Microhistory,B. Microhistory & Everyday Life,Modern,DB,high
Georges Vigarello,History of the Body,,,History,Annales & Microhistory,B. Microhistory & Everyday Life,Modern,DB,high
Georges Vigarello,Concepts of Cleanliness,,"History of hygiene, washing and bodily purity since the Middle Ages",History,Annales & Microhistory,B. Microhistory & Everyday Life,Modern,Knowledge,high
Georges Vigarello,History of Rape,,Changing legal and moral understandings of sexual violence over centuries,History,Annales & Microhistory,B. Microhistory & Everyday Life,Modern,Knowledge,high
Georges Vigarello,The Healthy Body,,"Historical shifts in ideals of fitness, vigor and bodily care",History,Annales & Microhistory,B. Microhistory & Everyday Life,Modern,Knowledge,med
Georges Vigarello,History of Beauty,,Evolving Western standards and practices of physical beauty,History,Annales & Microhistory,B. Microhistory & Everyday Life,Modern,Knowledge,med
Lynn Hunt,History of Human Rights,,,History,Annales & Microhistory,B. Microhistory & Everyday Life,Modern,DB,high
Lynn Hunt,New Cultural History,,,History,Annales & Microhistory,B. Microhistory & Everyday Life,Modern,DB,high
Lynn Hunt,Inventing Human Rights,,Empathy fostered by novels enabled the modern idea of human rights,History,Annales & Microhistory,B. Microhistory & Everyday Life,Modern,Knowledge,high
Lynn Hunt,The New Cultural History,,"Turn toward meaning, representation and culture in historical practice",History,Annales & Microhistory,B. Microhistory & Everyday Life,Modern,Knowledge,high
Lynn Hunt,The Family Romance of the French Revolution,,Revolution narrated through familial and psychic models of authority,History,Annales & Microhistory,B. Microhistory & Everyday Life,Modern,Knowledge,high
Lynn Hunt,"Politics, Culture, and Class in the French Revolution",,"Revolutionary politics analyzed through symbols, rhetoric and culture",History,Annales & Microhistory,B. Microhistory & Everyday Life,Modern,Knowledge,high
Lynn Hunt,Imagined Empathy,,Reading and imagination cultivating recognition of others' rights,History,Annales & Microhistory,B. Microhistory & Everyday Life,Modern,Knowledge,med
Douglass North,Cliometrics,,,History,Historiography & Method,C. Quantitative & Cliometrics,Modern,DB,high
Douglass North,Institutional Evolution,,,History,Historiography & Method,C. Quantitative & Cliometrics,Modern,DB,high
Douglass North,Institutions,,Rules of the game structuring economic and social interaction,History,Historiography & Method,C. Quantitative & Cliometrics,Modern,Knowledge,high
Douglass North,Institutional Change,,How formal and informal constraints evolve to shape economic performance,History,Historiography & Method,C. Quantitative & Cliometrics,Modern,Knowledge,high
Douglass North,Transaction Costs,,Costs of exchange shaping the emergence of economic institutions,History,Historiography & Method,C. Quantitative & Cliometrics,Modern,Knowledge,high
Douglass North,Path Dependence,,Past institutional choices constraining present economic trajectories,History,Historiography & Method,C. Quantitative & Cliometrics,Modern,Knowledge,high
Douglass North,Adaptive Efficiency,,Institutions enabling societies to learn and adjust over time,History,Historiography & Method,C. Quantitative & Cliometrics,Modern,Knowledge,med
Douglass North,New Institutional Economics,,"Framework integrating institutions, property rights and transaction costs",History,Historiography & Method,C. Quantitative & Cliometrics,Modern,Knowledge,high
Alfred Crosby,Ecological Imperialism,,,History,"Environmental, Science & Technology History",A. Environmental History,Modern,DB,high
Alfred Crosby,Environmental History,,,History,"Environmental, Science & Technology History",A. Environmental History,Modern,DB,high
Alfred Crosby,The Columbian Exchange,,"Transatlantic transfer of crops, animals and diseases after 1492",History,"Environmental, Science & Technology History",A. Environmental History,Modern,Knowledge,high
Alfred Crosby,Virgin Soil Epidemics,,Indigenous populations devastated by diseases to which they lacked immunity,History,"Environmental, Science & Technology History",A. Environmental History,Modern,Knowledge,high
Alfred Crosby,Portmanteau Biota,,The bundle of organisms Europeans carried that remade ecosystems,History,"Environmental, Science & Technology History",A. Environmental History,Modern,Knowledge,med
Alfred Crosby,The Measure of Reality,,Quantification and visualization underpinning Western expansion,History,"Environmental, Science & Technology History",A. Environmental History,Modern,Knowledge,med
Sebastian Conrad,Connected Histories (Global),,,History,"Political, Legal & Global History",C. Global & Transnational,Contemporary,DB,high
Sebastian Conrad,Global History,,,History,"Political, Legal & Global History",C. Global & Transnational,Contemporary,DB,high
Sebastian Conrad,Connected Histories,,Past understood via entanglements across regions rather than isolated units,History,"Political, Legal & Global History",C. Global & Transnational,Contemporary,Knowledge,high
Sebastian Conrad,What Is Global History?,,Programmatic definition of global history as method and perspective,History,"Political, Legal & Global History",C. Global & Transnational,Contemporary,Knowledge,high
Sebastian Conrad,Globality,,The condition of worldwide interconnection shaping historical processes,History,"Political, Legal & Global History",C. Global & Transnational,Contemporary,Knowledge,med
Sebastian Conrad,Multiple Modernities Critique,,Reassessing Enlightenment and modernity in genuinely global terms,History,"Political, Legal & Global History",C. Global & Transnational,Contemporary,Knowledge,med
Mike Davis,Disaster Culture Theory,,,History,"Environmental, Science & Technology History",A. Environmental History,Contemporary,DB,high
Mike Davis,History of Disasters,,,History,"Environmental, Science & Technology History",A. Environmental History,Contemporary,DB,high
Mike Davis,Late Victorian Holocausts,,Imperial policy and El Nino famines killing millions in the periphery,History,"Environmental, Science & Technology History",A. Environmental History,Contemporary,Knowledge,high
Mike Davis,Planet of Slums,,Explosive growth of informal urban poverty across the global South,History,"Environmental, Science & Technology History",A. Environmental History,Contemporary,Knowledge,high
Mike Davis,City of Quartz,,Los Angeles as fortress of class fear and spatial control,History,"Environmental, Science & Technology History",A. Environmental History,Contemporary,Knowledge,high
Mike Davis,Ecology of Fear,,"Disaster, catastrophe and the political ecology of Los Angeles",History,"Environmental, Science & Technology History",A. Environmental History,Contemporary,Knowledge,high
Mike Davis,The Monster at Our Door,,Avian flu and capitalism's manufacture of pandemic risk,History,"Environmental, Science & Technology History",A. Environmental History,Contemporary,Knowledge,med
Thomas Kuhn,Paradigm Shift (Historical),,,History,Intellectual History,A. History of Ideas,Modern,DB,high
Thomas Kuhn,Scientific Revolution (Historical),,,History,Intellectual History,A. History of Ideas,Modern,DB,high
Thomas Kuhn,Paradigm,,Shared framework of assumptions and exemplars guiding normal science,History,Intellectual History,A. History of Ideas,Modern,Knowledge,high
Thomas Kuhn,Paradigm Shift,,Revolutionary replacement of one scientific framework by another,History,Intellectual History,A. History of Ideas,Modern,Knowledge,high
Thomas Kuhn,Normal Science,,Puzzle-solving research conducted within an accepted paradigm,History,Intellectual History,A. History of Ideas,Modern,Knowledge,high
Thomas Kuhn,Incommensurability,,Rival paradigms lacking a common standard for comparison,History,Intellectual History,A. History of Ideas,Modern,Knowledge,high
Thomas Kuhn,Scientific Revolution,,Crisis-driven rupture transforming a scientific discipline's worldview,History,Intellectual History,A. History of Ideas,Modern,Knowledge,high
Thomas Kuhn,Anomaly and Crisis,,Accumulating puzzles destabilizing a paradigm before revolution,History,Intellectual History,A. History of Ideas,Modern,Knowledge,high
Elizabeth Eisenstein,History of Print Culture,,,History,Cultural History,C. Art & Visual Culture,Modern,DB,high
Elizabeth Eisenstein,Print Culture Studies,,,History,Cultural History,C. Art & Visual Culture,Modern,DB,high
Elizabeth Eisenstein,Print Culture,,Printing press as an agent of cultural and intellectual change,History,Cultural History,C. Art & Visual Culture,Modern,Knowledge,high
Elizabeth Eisenstein,The Printing Press as an Agent of Change,,"Print fixity and dissemination transforming Renaissance, Reformation, science",History,Cultural History,C. Art & Visual Culture,Modern,Knowledge,high
Elizabeth Eisenstein,Typographical Fixity,,Print standardizing and preserving texts across copies and time,History,Cultural History,C. Art & Visual Culture,Modern,Knowledge,high
Elizabeth Eisenstein,Communications Revolution,,Shift from script to print reorganizing knowledge production,History,Cultural History,C. Art & Visual Culture,Modern,Knowledge,high
Elizabeth Eisenstein,Standardization of Knowledge,,"Print enabling reliable, comparable editions of texts",History,Cultural History,C. Art & Visual Culture,Modern,Knowledge,med
E.A. Wrigley,Demographic History,,,History,Marxist & Social History,C. Social Structure & Class,Modern,DB,high
E.A. Wrigley,Historical Demography,,,History,Marxist & Social History,C. Social Structure & Class,Modern,DB,high
E.A. Wrigley,Family Reconstitution,,Linking parish records to reconstruct demographic life histories,History,Marxist & Social History,C. Social Structure & Class,Modern,Knowledge,high
E.A. Wrigley,Organic vs Mineral Economy,,Transition from land-based to fossil-fuel energy driving industrialization,History,Marxist & Social History,C. Social Structure & Class,Modern,Knowledge,high
E.A. Wrigley,Population and History,,"Long-run interplay of fertility, mortality and economic change",History,Marxist & Social History,C. Social Structure & Class,Modern,Knowledge,high
E.A. Wrigley,Energy and the Industrial Revolution,,Coal as the precondition for escaping the organic economy,History,Marxist & Social History,C. Social Structure & Class,Modern,Knowledge,med
Roy Porter,History of Medicine,,,History,"Environmental, Science & Technology History",B. History of Science,Modern,DB,high
Roy Porter,Social History of Medicine,,,History,"Environmental, Science & Technology History",B. History of Science,Modern,DB,high
Roy Porter,The Patient's View,,"Writing medical history from the sufferer's perspective, not the doctor's",History,"Environmental, Science & Technology History",B. History of Science,Modern,Knowledge,high
Roy Porter,History of Madness,,Cultural and institutional history of insanity and psychiatry,History,"Environmental, Science & Technology History",B. History of Science,Modern,Knowledge,high
Roy Porter,The Greatest Benefit to Mankind,,Sweeping narrative history of medicine from antiquity to modernity,History,"Environmental, Science & Technology History",B. History of Science,Modern,Knowledge,high
Roy Porter,Enlightenment and the Body,,"Eighteenth-century reimagining of health, flesh and self",History,"Environmental, Science & Technology History",B. History of Science,Modern,Knowledge,med
David R. Roediger,Whiteness Studies,,,History,Postcolonial & Decolonial History,B. Race & Racism,Contemporary,DB,high
David R. Roediger,Whiteness Studies (Historical),,,History,Postcolonial & Decolonial History,B. Race & Racism,Contemporary,DB,high
David R. Roediger,The Wages of Whiteness,,White workers' psychological wage of racial status over solidarity,History,Postcolonial & Decolonial History,B. Race & Racism,Contemporary,Knowledge,high
David R. Roediger,Working Toward Whiteness,,How European immigrants became racially 'white' in America,History,Postcolonial & Decolonial History,B. Race & Racism,Contemporary,Knowledge,high
David R. Roediger,Racial Wage,,Symbolic compensation of white identity substituting for class gains,History,Postcolonial & Decolonial History,B. Race & Racism,Contemporary,Knowledge,high
David R. Roediger,Inbetween Peoples,,Immigrants positioned ambiguously between Black and white categories,History,Postcolonial & Decolonial History,B. Race & Racism,Contemporary,Knowledge,med
Mary Ainsworth,Attachment Theory,,,Family,애착·심리역동 가족이론 (Attachment & Psychodynamic),A. 애착·내적작동모델 (Attachment & Internal Working Models),Modern,DB,high
Mary Ainsworth,Attachment Theory (Individual),,,Family,애착·심리역동 가족이론 (Attachment & Psychodynamic),A. 애착·내적작동모델 (Attachment & Internal Working Models),Modern,DB,high
Mary Ainsworth,Strange Situation,,Laboratory procedure classifying infant attachment patterns,Family,애착·심리역동 가족이론 (Attachment & Psychodynamic),A. 애착·내적작동모델 (Attachment & Internal Working Models),Modern,Knowledge,high
Mary Ainsworth,Secure Base,,Caregiver as safe base from which a child explores the world,Family,애착·심리역동 가족이론 (Attachment & Psychodynamic),A. 애착·내적작동모델 (Attachment & Internal Working Models),Modern,Knowledge,high
Mary Ainsworth,Attachment Styles,,"Secure, anxious-ambivalent and avoidant patterns of infant attachment",Family,애착·심리역동 가족이론 (Attachment & Psychodynamic),A. 애착·내적작동모델 (Attachment & Internal Working Models),Modern,Knowledge,high
Mary Ainsworth,Maternal Sensitivity,,Responsive caregiving fostering secure infant attachment,Family,애착·심리역동 가족이론 (Attachment & Psychodynamic),A. 애착·내적작동모델 (Attachment & Internal Working Models),Modern,Knowledge,high
Judith Stacey,Queer Family Theory,,,Family,가족사회학·구조 (Family Sociology & Structure),B. 사회구성주의·포스트모던 (Social Construction & Postmodern),Contemporary,DB,high
Judith Stacey,The Myth of the Traditional Family,,,Family,가족사회학·구조 (Family Sociology & Structure),B. 사회구성주의·포스트모던 (Social Construction & Postmodern),Contemporary,DB,high
Judith Stacey,Postmodern Family,,"Diverse, fluid family forms replacing the modern nuclear ideal",Family,가족사회학·구조 (Family Sociology & Structure),B. 사회구성주의·포스트모던 (Social Construction & Postmodern),Contemporary,Knowledge,high
Judith Stacey,Brave New Families,,Ethnography of recombinant working-class family arrangements,Family,가족사회학·구조 (Family Sociology & Structure),B. 사회구성주의·포스트모던 (Social Construction & Postmodern),Contemporary,Knowledge,high
Judith Stacey,Queer Family,,Chosen and same-sex families challenging heteronormative kinship,Family,가족사회학·구조 (Family Sociology & Structure),B. 사회구성주의·포스트모던 (Social Construction & Postmodern),Contemporary,Knowledge,high
Judith Stacey,In the Name of the Family,,Critique of family-values politics and its assumptions,Family,가족사회학·구조 (Family Sociology & Structure),B. 사회구성주의·포스트모던 (Social Construction & Postmodern),Contemporary,Knowledge,med
Rhacel Salazar Parreñas,Global Care Chains,,,Family,"탈식민·초국가·교차성 가족이론 (Decolonial, Transnational & Intersectional)",A. 토착·탈식민 가족연구 (Indigenous & Decolonizing),Contemporary,DB,high
Rhacel Salazar Parreñas,Transnational Motherhood Theory,,,Family,"탈식민·초국가·교차성 가족이론 (Decolonial, Transnational & Intersectional)",A. 토착·탈식민 가족연구 (Indigenous & Decolonizing),Contemporary,DB,high
Rhacel Salazar Parreñas,Transnational Motherhood,,Migrant women mothering children across national borders,Family,"탈식민·초국가·교차성 가족이론 (Decolonial, Transnational & Intersectional)",A. 토착·탈식민 가족연구 (Indigenous & Decolonizing),Contemporary,Knowledge,high
Rhacel Salazar Parreñas,Servants of Globalization,,Filipina domestic workers within global migration and care economies,Family,"탈식민·초국가·교차성 가족이론 (Decolonial, Transnational & Intersectional)",A. 토착·탈식민 가족연구 (Indigenous & Decolonizing),Contemporary,Knowledge,high
Rhacel Salazar Parreñas,Care Crisis,,Wealthy nations importing care labor at the South's expense,Family,"탈식민·초국가·교차성 가족이론 (Decolonial, Transnational & Intersectional)",A. 토착·탈식민 가족연구 (Indigenous & Decolonizing),Contemporary,Knowledge,high
Rhacel Salazar Parreñas,Contradictory Class Mobility,,Migrant domestics gaining income while losing social status,Family,"탈식민·초국가·교차성 가족이론 (Decolonial, Transnational & Intersectional)",A. 토착·탈식민 가족연구 (Indigenous & Decolonizing),Contemporary,Knowledge,med
David H. Olson,Family Adaptability Theory,,,Family,애착·심리역동 가족이론 (Attachment & Psychodynamic),C. 정서조절·표출정서 (Emotion Regulation & Expressed Emotion),Modern,DB,high
David H. Olson,Family Cohesion Theory,,,Family,애착·심리역동 가족이론 (Attachment & Psychodynamic),C. 정서조절·표출정서 (Emotion Regulation & Expressed Emotion),Modern,DB,high
David H. Olson,Circumplex Model,,"Mapping families on cohesion, flexibility and communication dimensions",Family,애착·심리역동 가족이론 (Attachment & Psychodynamic),C. 정서조절·표출정서 (Emotion Regulation & Expressed Emotion),Modern,Knowledge,high
David H. Olson,Family Cohesion,,Emotional bonding among family members along a balance continuum,Family,애착·심리역동 가족이론 (Attachment & Psychodynamic),C. 정서조절·표출정서 (Emotion Regulation & Expressed Emotion),Modern,Knowledge,high
David H. Olson,Family Adaptability,,Family's capacity to change roles and rules under stress,Family,애착·심리역동 가족이론 (Attachment & Psychodynamic),C. 정서조절·표출정서 (Emotion Regulation & Expressed Emotion),Modern,Knowledge,high
David H. Olson,FACES Assessment,,Self-report instrument measuring family cohesion and adaptability,Family,애착·심리역동 가족이론 (Attachment & Psychodynamic),C. 정서조절·표출정서 (Emotion Regulation & Expressed Emotion),Modern,Knowledge,med
David H. Olson,Balanced Family Functioning,,Healthy families occupying moderate levels of cohesion and flexibility,Family,애착·심리역동 가족이론 (Attachment & Psychodynamic),C. 정서조절·표출정서 (Emotion Regulation & Expressed Emotion),Modern,Knowledge,high
Glen Elder Jr.,Life Course Perspective (Health),,,Family,"생태·정책·사회자본 가족이론 (Ecological, Policy & Social Capital)",A. 생태체계 (Ecological Systems),Modern,DB,high
Glen Elder Jr.,Transitions and Trajectories,,,Family,"생태·정책·사회자본 가족이론 (Ecological, Policy & Social Capital)",A. 생태체계 (Ecological Systems),Modern,DB,high
Glen Elder Jr.,Life Course Theory,,"Lives shaped by historical time, timing and linked social roles",Family,"생태·정책·사회자본 가족이론 (Ecological, Policy & Social Capital)",A. 생태체계 (Ecological Systems),Modern,Knowledge,high
Glen Elder Jr.,Children of the Great Depression,,Cohort study linking economic hardship to lifelong development,Family,"생태·정책·사회자본 가족이론 (Ecological, Policy & Social Capital)",A. 생태체계 (Ecological Systems),Modern,Knowledge,high
Glen Elder Jr.,Linked Lives,,Individual lives interdependent through shared social relationships,Family,"생태·정책·사회자본 가족이론 (Ecological, Policy & Social Capital)",A. 생태체계 (Ecological Systems),Modern,Knowledge,high
Glen Elder Jr.,Timing of Lives,,Developmental impact depending on when events occur in a life,Family,"생태·정책·사회자본 가족이론 (Ecological, Policy & Social Capital)",A. 생태체계 (Ecological Systems),Modern,Knowledge,high
Glen Elder Jr.,Human Agency,,Individuals constructing lives within historical constraints,Family,"생태·정책·사회자본 가족이론 (Ecological, Policy & Social Capital)",A. 생태체계 (Ecological Systems),Modern,Knowledge,high
Glen Elder Jr.,Cohort Effects,,Birth cohorts shaped by the historical conditions they encounter,Family,"생태·정책·사회자본 가족이론 (Ecological, Policy & Social Capital)",A. 생태체계 (Ecological Systems),Modern,Knowledge,med
Froma Walsh,Family Meaning-Making,,,Family,"가족 건강·스트레스·회복탄력성 (Family Health, Stress & Resilience)",C. 가족 회복탄력성·강인성 (Family Resilience & Hardiness),Contemporary,DB,high
Froma Walsh,Family Resilience and Disability,,,Family,"가족 건강·스트레스·회복탄력성 (Family Health, Stress & Resilience)",C. 가족 회복탄력성·강인성 (Family Resilience & Hardiness),Contemporary,DB,high
Froma Walsh,Family Resilience,,Family's capacity to rebound and grow stronger through adversity,Family,"가족 건강·스트레스·회복탄력성 (Family Health, Stress & Resilience)",C. 가족 회복탄력성·강인성 (Family Resilience & Hardiness),Contemporary,Knowledge,high
Froma Walsh,Family Belief Systems,,Shared meanings and outlook enabling families to cope with crisis,Family,"가족 건강·스트레스·회복탄력성 (Family Health, Stress & Resilience)",C. 가족 회복탄력성·강인성 (Family Resilience & Hardiness),Contemporary,Knowledge,high
Froma Walsh,Organizational Patterns,,"Flexibility, connectedness and resources sustaining resilient families",Family,"가족 건강·스트레스·회복탄력성 (Family Health, Stress & Resilience)",C. 가족 회복탄력성·강인성 (Family Resilience & Hardiness),Contemporary,Knowledge,med
Froma Walsh,Spirituality and Resilience,,Faith and transcendence as resources in family coping,Family,"가족 건강·스트레스·회복탄력성 (Family Health, Stress & Resilience)",C. 가족 회복탄력성·강인성 (Family Resilience & Hardiness),Contemporary,Knowledge,med
Mara Selvini Palazzoli,Milan Systemic Family Therapy,,,Family,가족치료 실천 모델 (Family Therapy Practice Models),A. 전략적·구조적 가족치료 (Strategic & Structural),Modern,DB,high
Mara Selvini Palazzoli,Milan Systemic Family Therapy (Individual),,,Family,가족치료 실천 모델 (Family Therapy Practice Models),A. 전략적·구조적 가족치료 (Strategic & Structural),Modern,DB,high
Mara Selvini Palazzoli,Circular Questioning,,Interview technique eliciting differences and relational patterns,Family,가족치료 실천 모델 (Family Therapy Practice Models),A. 전략적·구조적 가족치료 (Strategic & Structural),Modern,Knowledge,high
Mara Selvini Palazzoli,Hypothesizing,,Therapist's tentative systemic explanation guiding the session,Family,가족치료 실천 모델 (Family Therapy Practice Models),A. 전략적·구조적 가족치료 (Strategic & Structural),Modern,Knowledge,high
Mara Selvini Palazzoli,Neutrality,,"Therapist allied with the whole system, not any single member",Family,가족치료 실천 모델 (Family Therapy Practice Models),A. 전략적·구조적 가족치료 (Strategic & Structural),Modern,Knowledge,high
Mara Selvini Palazzoli,Positive Connotation,,Reframing symptoms as serving a positive family function,Family,가족치료 실천 모델 (Family Therapy Practice Models),A. 전략적·구조적 가족치료 (Strategic & Structural),Modern,Knowledge,high
Mara Selvini Palazzoli,Family Games,,Covert relational power maneuvers sustaining a symptom,Family,가족치료 실천 모델 (Family Therapy Practice Models),A. 전략적·구조적 가족치료 (Strategic & Structural),Modern,Knowledge,med
Rollo May,Existential Psychology,,,Psychology,Psychoanalytic & Psychodynamic,A. Classical Psychoanalysis,Modern,DB,high
Rollo May,Existential Therapy,,,Psychology,Psychoanalytic & Psychodynamic,A. Classical Psychoanalysis,Modern,DB,high
Rollo May,The Meaning of Anxiety,,Anxiety as a normal response to threats against one's existence,Psychology,Psychoanalytic & Psychodynamic,A. Classical Psychoanalysis,Modern,Knowledge,high
Rollo May,The Daimonic,,Natural urges that can become creative or destructive when possessing us,Psychology,Psychoanalytic & Psychodynamic,A. Classical Psychoanalysis,Modern,Knowledge,high
Rollo May,Love and Will,,Integration of love and will against modern emotional apathy,Psychology,Psychoanalytic & Psychodynamic,A. Classical Psychoanalysis,Modern,Knowledge,high
Rollo May,The Courage to Create,,Creativity as courageous encounter with one's world,Psychology,Psychoanalytic & Psychodynamic,A. Classical Psychoanalysis,Modern,Knowledge,med
Frederic Bartlett,Constructive Memory,,,Psychology,Cognitive,A. Social-Cognitive Theory,Modern,DB,high
Frederic Bartlett,Schema Theory (Cognition),,,Psychology,Cognitive,A. Social-Cognitive Theory,Modern,DB,high
Frederic Bartlett,Schema Theory,,Memory organized by mental frameworks that reshape recall,Psychology,Cognitive,A. Social-Cognitive Theory,Modern,Knowledge,high
Frederic Bartlett,Reconstructive Memory,,"Remembering as active reconstruction, not faithful reproduction",Psychology,Cognitive,A. Social-Cognitive Theory,Modern,Knowledge,high
Frederic Bartlett,War of the Ghosts,,Classic study showing culturally driven distortion in recall,Psychology,Cognitive,A. Social-Cognitive Theory,Modern,Knowledge,high
Frederic Bartlett,Effort After Meaning,,People reshape memories to make material sensible and familiar,Psychology,Cognitive,A. Social-Cognitive Theory,Modern,Knowledge,high
Frederic Bartlett,Conventionalization,,Recalled material drifting toward familiar cultural forms,Psychology,Cognitive,A. Social-Cognitive Theory,Modern,Knowledge,med
Aaron Beck,Cognitive Behavioral Therapy (CBT),,,Psychology,Cognitive,A. Social-Cognitive Theory,Modern,DB,high
Aaron Beck,Schema Theory (Cognition),,,Psychology,Cognitive,A. Social-Cognitive Theory,Modern,DB,high
Aaron Beck,Cognitive Therapy,,Treating disorders by correcting distorted thoughts and beliefs,Psychology,Cognitive,A. Social-Cognitive Theory,Modern,Knowledge,high
Aaron Beck,Cognitive Distortions,,Systematic errors in thinking maintaining depression and anxiety,Psychology,Cognitive,A. Social-Cognitive Theory,Modern,Knowledge,high
Aaron Beck,Negative Cognitive Triad,,"Negative views of self, world and future in depression",Psychology,Cognitive,A. Social-Cognitive Theory,Modern,Knowledge,high
Aaron Beck,Automatic Thoughts,,Spontaneous appraisals shaping emotional reactions,Psychology,Cognitive,A. Social-Cognitive Theory,Modern,Knowledge,high
Aaron Beck,Schema (Cognitive),,Core beliefs filtering interpretation of experience,Psychology,Cognitive,A. Social-Cognitive Theory,Modern,Knowledge,high
Aaron Beck,Beck Depression Inventory,,Widely used self-report scale measuring depression severity,Psychology,Cognitive,A. Social-Cognitive Theory,Modern,Knowledge,med
Fritz Heider,Attribution Theory,,,Psychology,Cognitive,A. Social-Cognitive Theory,Modern,DB,high
Fritz Heider,Cognitive Consistency Theory,,,Psychology,Cognitive,A. Social-Cognitive Theory,Modern,DB,high
Fritz Heider,Balance Theory,,Drive toward consistency among attitudes and relationships,Psychology,Cognitive,A. Social-Cognitive Theory,Modern,Knowledge,high
Fritz Heider,Naive Psychology,,Ordinary people's commonsense theories of behavior,Psychology,Cognitive,A. Social-Cognitive Theory,Modern,Knowledge,high
Fritz Heider,Person vs Situation Causation,,Distinguishing dispositional from situational causes of action,Psychology,Cognitive,A. Social-Cognitive Theory,Modern,Knowledge,high
Fritz Heider,Phenomenal Causality,,"Perceived causality among objects, as in animated shapes",Psychology,Cognitive,A. Social-Cognitive Theory,Modern,Knowledge,med
Jean Piaget,Cognitive Development Theory (Piaget),,,Psychology,Developmental,A. Cognitive & Moral Development,Modern,DB,high
Jean Piaget,Play Theory (Developmental),,,Psychology,Developmental,A. Cognitive & Moral Development,Modern,DB,high
Jean Piaget,Cognitive Development Stages,,Children's thinking unfolding through sensorimotor to formal-operational stages,Psychology,Developmental,A. Cognitive & Moral Development,Modern,Knowledge,high
Jean Piaget,Schema (Assimilation/Accommodation),,Mental structures adjusting through assimilation and accommodation,Psychology,Developmental,A. Cognitive & Moral Development,Modern,Knowledge,high
Jean Piaget,Object Permanence,,Infant's understanding that hidden objects continue to exist,Psychology,Developmental,A. Cognitive & Moral Development,Modern,Knowledge,high
Jean Piaget,Conservation,,Grasping that quantity persists despite changes in appearance,Psychology,Developmental,A. Cognitive & Moral Development,Modern,Knowledge,high
Jean Piaget,Egocentrism,,Young child's inability to take another's perspective,Psychology,Developmental,A. Cognitive & Moral Development,Modern,Knowledge,high
Jean Piaget,Genetic Epistemology,,Study of how knowledge develops in the child,Psychology,Developmental,A. Cognitive & Moral Development,Modern,Knowledge,high
Irwin Altman,Place Attachment Theory,,,Psychology,Social Psychology,A. Identity & Intergroup,Modern,DB,high
Irwin Altman,Social Penetration Theory,,,Psychology,Social Psychology,A. Identity & Intergroup,Modern,DB,high
Irwin Altman,Privacy Regulation,,Dialectical control over openness and closedness to others,Psychology,Social Psychology,A. Identity & Intergroup,Modern,Knowledge,high
Irwin Altman,Place Attachment,,Emotional bonds between people and meaningful physical settings,Psychology,Social Psychology,A. Identity & Intergroup,Modern,Knowledge,high
Irwin Altman,Territoriality,,Human regulation of space to manage social interaction,Psychology,Social Psychology,A. Identity & Intergroup,Modern,Knowledge,high
Irwin Altman,Onion Model,,Self-disclosure peeling personality layers from surface to core,Psychology,Social Psychology,A. Identity & Intergroup,Modern,Knowledge,med
Bibb Latané,Bystander Effect,,,Psychology,Social Psychology,A. Identity & Intergroup,Modern,DB,high
Bibb Latané,Social Impact Theory,,,Psychology,Social Psychology,A. Identity & Intergroup,Modern,DB,high
Bibb Latané,Diffusion of Responsibility,,Responsibility to act dispersing across a group of witnesses,Psychology,Social Psychology,A. Identity & Intergroup,Modern,Knowledge,high
Bibb Latané,Social Loafing,,Individuals exerting less effort within a group,Psychology,Social Psychology,A. Identity & Intergroup,Modern,Knowledge,high
Bibb Latané,Unresponsive Bystander,,Classic studies on why witnesses fail to intervene,Psychology,Social Psychology,A. Identity & Intergroup,Modern,Knowledge,med
Gordon Allport,Contact Hypothesis,,,Psychology,Personality,A. Trait Theories,Modern,DB,high
Gordon Allport,Trait Theory (General),,,Psychology,Personality,A. Trait Theories,Modern,DB,high
Gordon Allport,Trait Theory,,"Personality described by stable, measurable individual traits",Psychology,Personality,A. Trait Theories,Modern,Knowledge,high
Gordon Allport,The Nature of Prejudice,,Landmark analysis of the psychology of prejudice,Psychology,Personality,A. Trait Theories,Modern,Knowledge,high
Gordon Allport,"Cardinal, Central, Secondary Traits",,Hierarchy of traits from dominant to peripheral,Psychology,Personality,A. Trait Theories,Modern,Knowledge,high
Gordon Allport,Functional Autonomy,,Motives becoming independent of their original origins,Psychology,Personality,A. Trait Theories,Modern,Knowledge,med
D.W. Winnicott,Object Relations Criticism,,,Psychology,Personality,A. Trait Theories,Modern,DB,high
D.W. Winnicott,Object Relations Theory (Individual),,,Psychology,Personality,A. Trait Theories,Modern,DB,high
D.W. Winnicott,Transitional Object,,Comfort object bridging inner and outer reality for the infant,Psychology,Personality,A. Trait Theories,Modern,Knowledge,high
D.W. Winnicott,Good-Enough Mother,,"Adequate, imperfect caregiving fostering healthy development",Psychology,Personality,A. Trait Theories,Modern,Knowledge,high
D.W. Winnicott,True Self / False Self,,Authentic self versus compliant facade protecting it,Psychology,Personality,A. Trait Theories,Modern,Knowledge,high
D.W. Winnicott,Holding Environment,,Safe psychological space enabling the child's development,Psychology,Personality,A. Trait Theories,Modern,Knowledge,high
D.W. Winnicott,Transitional Space,,Intermediate area of play and culture between self and world,Psychology,Personality,A. Trait Theories,Modern,Knowledge,high
D.W. Winnicott,Object Relations,,Internalized relationships structuring the developing psyche,Psychology,Personality,A. Trait Theories,Modern,Knowledge,med
Albert Ellis,Cognitive Behavioral Therapy (CBT),,,Psychology,Clinical & Psychopathology,A. Models of Psychopathology,Modern,DB,high
Albert Ellis,Rational Emotive Behavior Therapy (REBT),,,Psychology,Clinical & Psychopathology,A. Models of Psychopathology,Modern,DB,high
Albert Ellis,Rational Emotive Behavior Therapy,,Disputing irrational beliefs to change emotion and behavior,Psychology,Clinical & Psychopathology,A. Models of Psychopathology,Modern,Knowledge,high
Albert Ellis,ABC Model,,"Activating event, belief and consequence framing emotional reactions",Psychology,Clinical & Psychopathology,A. Models of Psychopathology,Modern,Knowledge,high
Albert Ellis,Irrational Beliefs,,Rigid demands and catastrophizing producing emotional disturbance,Psychology,Clinical & Psychopathology,A. Models of Psychopathology,Modern,Knowledge,high
Albert Ellis,Musturbation,,Tyranny of absolutist 'musts' and 'shoulds' driving distress,Psychology,Clinical & Psychopathology,A. Models of Psychopathology,Modern,Knowledge,high
Albert Ellis,Unconditional Self-Acceptance,,Accepting oneself independent of performance or approval,Psychology,Clinical & Psychopathology,A. Models of Psychopathology,Modern,Knowledge,med
Marsha M. Linehan,Biosocial Theory of Borderline Personality Disorder,,,Psychology,Clinical & Psychopathology,A. Models of Psychopathology,Contemporary,DB,high
Marsha M. Linehan,Dialectical Behavior Therapy (DBT),,,Psychology,Clinical & Psychopathology,A. Models of Psychopathology,Contemporary,DB,high
Marsha M. Linehan,Dialectical Behavior Therapy,,Balancing acceptance and change to treat emotional dysregulation,Psychology,Clinical & Psychopathology,A. Models of Psychopathology,Contemporary,Knowledge,high
Marsha M. Linehan,Biosocial Theory,,Borderline traits from biological vulnerability plus invalidating environment,Psychology,Clinical & Psychopathology,A. Models of Psychopathology,Contemporary,Knowledge,high
Marsha M. Linehan,Emotion Dysregulation,,"Heightened, slow-to-recover emotional reactivity central to BPD",Psychology,Clinical & Psychopathology,A. Models of Psychopathology,Contemporary,Knowledge,high
Marsha M. Linehan,Radical Acceptance,,Fully accepting reality as it is to reduce suffering,Psychology,Clinical & Psychopathology,A. Models of Psychopathology,Contemporary,Knowledge,high
Marsha M. Linehan,Dialectics,,Holding opposing truths in synthesis within therapy,Psychology,Clinical & Psychopathology,A. Models of Psychopathology,Contemporary,Knowledge,high
Marsha M. Linehan,Distress Tolerance,,Skills for surviving crises without making them worse,Psychology,Clinical & Psychopathology,A. Models of Psychopathology,Contemporary,Knowledge,med
Simon Baron-Cohen,Gaze Following (Human Ethology),,,Psychology,Cognitive Science & Neuroscience,A. Cognitive Science,Contemporary,DB,high
Simon Baron-Cohen,Theory of Mind,,,Psychology,Cognitive Science & Neuroscience,A. Cognitive Science,Contemporary,DB,high
Simon Baron-Cohen,Mindblindness,,Autism as impairment in attributing others' mental states,Psychology,Cognitive Science & Neuroscience,A. Cognitive Science,Contemporary,Knowledge,high
Simon Baron-Cohen,Empathizing-Systemizing Theory,,Cognition along empathizing versus systemizing dimensions,Psychology,Cognitive Science & Neuroscience,A. Cognitive Science,Contemporary,Knowledge,high
Simon Baron-Cohen,Extreme Male Brain Theory,,Autism as exaggeration of male-typical systemizing cognition,Psychology,Cognitive Science & Neuroscience,A. Cognitive Science,Contemporary,Knowledge,high
Simon Baron-Cohen,Sally-Anne Test,,False-belief task probing children's theory of mind,Psychology,Cognitive Science & Neuroscience,A. Cognitive Science,Contemporary,Knowledge,med
Godfrey Hochbaum,Health Belief Model,,,Psychology,"Critical, Cultural & Environmental",A. Critical & Health Belief,Modern,DB,high
Godfrey Hochbaum,Health Belief Model (Public Health),,,Psychology,"Critical, Cultural & Environmental",A. Critical & Health Belief,Modern,DB,high
Godfrey Hochbaum,Perceived Susceptibility,,Belief about one's own risk of contracting a condition,Psychology,"Critical, Cultural & Environmental",A. Critical & Health Belief,Modern,Knowledge,high
Godfrey Hochbaum,Cues to Action,,Triggers prompting individuals to take health-protective behavior,Psychology,"Critical, Cultural & Environmental",A. Critical & Health Belief,Modern,Knowledge,high
Godfrey Hochbaum,TB Screening Studies,,Founding HBM research on tuberculosis X-ray uptake,Psychology,"Critical, Cultural & Environmental",A. Critical & Health Belief,Modern,Web,high
Stephen Kegels,Health Belief Model,,,Psychology,"Critical, Cultural & Environmental",A. Critical & Health Belief,Modern,DB,high
Stephen Kegels,Health Belief Model (Public Health),,,Psychology,"Critical, Cultural & Environmental",A. Critical & Health Belief,Modern,DB,high
Stephen Kegels,Perceived Barriers,,Perceived costs and obstacles deterring health action,Psychology,"Critical, Cultural & Environmental",A. Critical & Health Belief,Modern,Knowledge,high
Stephen Kegels,Dental Health Behavior,,Kegeles's HBM research on preventive dental care decisions,Psychology,"Critical, Cultural & Environmental",A. Critical & Health Belief,Modern,Web,med
Gary Berntson,Social Neuroscience,,,Psychology,Emerging & Contemporary,A. Digital & Cyberpsychology,Contemporary,DB,high
Gary Berntson,Social Neuroscience (General),,,Psychology,Emerging & Contemporary,A. Digital & Cyberpsychology,Contemporary,DB,high
Gary Berntson,Doctrine of Autonomic Space,,Sympathetic and parasympathetic systems as independent dimensions,Psychology,Emerging & Contemporary,A. Digital & Cyberpsychology,Contemporary,Web,high
Gary Berntson,Bivariate Autonomic Control,,Cardiac control modeled along two separable autonomic axes,Psychology,Emerging & Contemporary,A. Digital & Cyberpsychology,Contemporary,Web,med
Gary Berntson,Neurovisceral Integration,,"Brain-body integration linking emotion, cognition and physiology",Psychology,Emerging & Contemporary,A. Digital & Cyberpsychology,Contemporary,Knowledge,med
Edward L. Deci,Self-Determination Theory,,,Psychology,Emerging & Contemporary,A. Digital & Cyberpsychology,Contemporary,DB,high
Edward L. Deci,Self-Determination Theory (Health),,,Psychology,Emerging & Contemporary,A. Digital & Cyberpsychology,Contemporary,DB,high
Edward L. Deci,Intrinsic Motivation,,Acting from inherent interest rather than external reward,Psychology,Emerging & Contemporary,A. Digital & Cyberpsychology,Contemporary,Knowledge,high
Edward L. Deci,Cognitive Evaluation Theory,,How rewards and feedback affect intrinsic motivation,Psychology,Emerging & Contemporary,A. Digital & Cyberpsychology,Contemporary,Knowledge,high
Edward L. Deci,Overjustification Effect,,Extrinsic rewards undermining preexisting intrinsic interest,Psychology,Emerging & Contemporary,A. Digital & Cyberpsychology,Contemporary,Knowledge,high
Edward L. Deci,Basic Psychological Needs,,"Autonomy, competence and relatedness as universal needs",Psychology,Emerging & Contemporary,A. Digital & Cyberpsychology,Contemporary,Knowledge,high
Richard M. Ryan,Self-Determination Theory,,,Psychology,Emerging & Contemporary,A. Digital & Cyberpsychology,Contemporary,DB,high
Richard M. Ryan,Self-Determination Theory (Health),,,Psychology,Emerging & Contemporary,A. Digital & Cyberpsychology,Contemporary,DB,high
Richard M. Ryan,Organismic Integration Theory,,Continuum of extrinsic motivation from controlled to autonomous,Psychology,Emerging & Contemporary,A. Digital & Cyberpsychology,Contemporary,Knowledge,high
Richard M. Ryan,Autonomy Support,,Social contexts nurturing volition and self-endorsed action,Psychology,Emerging & Contemporary,A. Digital & Cyberpsychology,Contemporary,Knowledge,high
Richard M. Ryan,Eudaimonic Well-Being,,Wellness from need satisfaction and authentic living,Psychology,Emerging & Contemporary,A. Digital & Cyberpsychology,Contemporary,Knowledge,med
Richard M. Ryan,Intrinsic vs Extrinsic Goals,,"Aspirations toward growth versus wealth, fame and image",Psychology,Emerging & Contemporary,A. Digital & Cyberpsychology,Contemporary,Knowledge,med
Insoo Kim Berg,Solution-Building,,,Psychology,Counseling & Psychotherapy,A. Cognitive & Behavioral Therapies,Contemporary,DB,high
Insoo Kim Berg,Solution-Focused Brief Therapy (SFBT),,,Psychology,Counseling & Psychotherapy,A. Cognitive & Behavioral Therapies,Contemporary,DB,high
Insoo Kim Berg,Solution-Focused Brief Therapy,,Brief therapy building on client strengths and desired futures,Psychology,Counseling & Psychotherapy,A. Cognitive & Behavioral Therapies,Contemporary,Knowledge,high
Insoo Kim Berg,Miracle Question,,Imagining a future where the problem has vanished overnight,Psychology,Counseling & Psychotherapy,A. Cognitive & Behavioral Therapies,Contemporary,Knowledge,high
Insoo Kim Berg,Scaling Questions,,Rating progress to mobilize change toward goals,Psychology,Counseling & Psychotherapy,A. Cognitive & Behavioral Therapies,Contemporary,Knowledge,high
Insoo Kim Berg,Exception Finding,,Identifying times the problem was absent or lessened,Psychology,Counseling & Psychotherapy,A. Cognitive & Behavioral Therapies,Contemporary,Knowledge,high
Shinobu Kitayama,Cultural Self Theory,,,Psychology,"Critical, Cultural & Environmental",B. Cross-Cultural,Contemporary,DB,high
Shinobu Kitayama,Independent vs. Interdependent Self-Construal,,,Psychology,"Critical, Cultural & Environmental",B. Cross-Cultural,Contemporary,DB,high
Shinobu Kitayama,Independent vs Interdependent Self,,Cultures cultivating separate versus relational self-construals,Psychology,"Critical, Cultural & Environmental",B. Cross-Cultural,Contemporary,Knowledge,high
Shinobu Kitayama,Cultural Psychology,,Mind and culture as mutually constituting one another,Psychology,"Critical, Cultural & Environmental",B. Cross-Cultural,Contemporary,Knowledge,high
Shinobu Kitayama,Culture and the Self,,Self-concept shaped by cultural models of personhood,Psychology,"Critical, Cultural & Environmental",B. Cross-Cultural,Contemporary,Knowledge,high
Shinobu Kitayama,Cultural Task Analysis,,Everyday cultural practices reproducing psychological tendencies,Psychology,"Critical, Cultural & Environmental",B. Cross-Cultural,Contemporary,Knowledge,med
Shinobu Kitayama,Culture-Gene Coevolution (Psychology),,Genetic predispositions interacting with cultural environments,Psychology,"Critical, Cultural & Environmental",B. Cross-Cultural,Contemporary,Web,med
Rachel Kaplan,Attention Restoration Theory,,,Psychology,"Critical, Cultural & Environmental",C. Environmental,Contemporary,DB,high
Rachel Kaplan,Restoration Theory (Environmental),,,Psychology,"Critical, Cultural & Environmental",C. Environmental,Contemporary,DB,high
Rachel Kaplan,Restorative Environments,,Settings fostering recovery from mental fatigue,Psychology,"Critical, Cultural & Environmental",C. Environmental,Contemporary,Knowledge,high
Rachel Kaplan,The Experience of Nature,,Psychological benefits of contact with natural settings,Psychology,"Critical, Cultural & Environmental",C. Environmental,Contemporary,Knowledge,high
Rachel Kaplan,Preference Matrix,,"Coherence, legibility, complexity and mystery shaping landscape preference",Psychology,"Critical, Cultural & Environmental",C. Environmental,Contemporary,Knowledge,med
Rachel Kaplan,Fascination,,"Effortless attention nature draws, freeing directed attention",Psychology,"Critical, Cultural & Environmental",C. Environmental,Contemporary,Knowledge,high
Stephen Kaplan,Attention Restoration Theory,,,Psychology,"Critical, Cultural & Environmental",C. Environmental,Contemporary,DB,high
Stephen Kaplan,Restoration Theory (Environmental),,,Psychology,"Critical, Cultural & Environmental",C. Environmental,Contemporary,DB,high
Stephen Kaplan,Directed Attention Fatigue,,Depletion of voluntary attention from sustained mental effort,Psychology,"Critical, Cultural & Environmental",C. Environmental,Contemporary,Knowledge,high
Stephen Kaplan,Soft Fascination,,"Gentle, undemanding stimuli allowing attentional recovery",Psychology,"Critical, Cultural & Environmental",C. Environmental,Contemporary,Knowledge,high
Stephen Kaplan,Reasonable Person Model,,"Environments supporting understanding, exploration and meaningful action",Psychology,"Critical, Cultural & Environmental",C. Environmental,Contemporary,Knowledge,med
Stephen Kaplan,Being Away,,Psychological distance from demands as a restorative component,Psychology,"Critical, Cultural & Environmental",C. Environmental,Contemporary,Knowledge,med
Stephen Porges,Polyvagal Theory,,,Psychology,Health Psychology,C. Addiction & Health Behavior,Contemporary,DB,high
Stephen Porges,Polyvagal Theory (Trauma),,,Psychology,Health Psychology,C. Addiction & Health Behavior,Contemporary,DB,high
Stephen Porges,Neuroception,,Subconscious detection of safety or threat in the environment,Psychology,Health Psychology,C. Addiction & Health Behavior,Contemporary,Knowledge,high
Stephen Porges,Social Engagement System,,Vagal-facial circuit enabling calm social connection,Psychology,Health Psychology,C. Addiction & Health Behavior,Contemporary,Knowledge,high
Stephen Porges,Vagal Tone,,Parasympathetic regulation indexing emotional and physiological flexibility,Psychology,Health Psychology,C. Addiction & Health Behavior,Contemporary,Knowledge,high
Stephen Porges,Dorsal Vagal Shutdown,,Immobilization defense underlying freeze and collapse responses,Psychology,Health Psychology,C. Addiction & Health Behavior,Contemporary,Knowledge,med
Shelley E. Taylor,Hormonal Influences on Social Behavior,,,Psychology,Relationship & Interpersonal,B. Interdependence & Commitment,Contemporary,DB,high
Shelley E. Taylor,Social Support Theory (Relationships),,,Psychology,Relationship & Interpersonal,B. Interdependence & Commitment,Contemporary,DB,high
Shelley E. Taylor,Tend-and-Befriend,,Female stress response of nurturing and seeking social bonds,Psychology,Relationship & Interpersonal,B. Interdependence & Commitment,Contemporary,Knowledge,high
Shelley E. Taylor,Social Support Theory,,Relationships buffering stress and promoting health,Psychology,Relationship & Interpersonal,B. Interdependence & Commitment,Contemporary,Knowledge,high
Shelley E. Taylor,Positive Illusions,,Self-enhancing beliefs supporting mental health and coping,Psychology,Relationship & Interpersonal,B. Interdependence & Commitment,Contemporary,Knowledge,high
Shelley E. Taylor,Cognitive Adaptation Theory,,"Maintaining meaning, mastery and esteem after threatening events",Psychology,Relationship & Interpersonal,B. Interdependence & Commitment,Contemporary,Knowledge,high
Shelley E. Taylor,Health Psychology,,"Psychological factors shaping illness, coping and recovery",Psychology,Relationship & Interpersonal,B. Interdependence & Commitment,Contemporary,Knowledge,med
Anthony Greenwald,Implicit Association Test (IAT) (Theory),,,Psychology,Social Psychology,C. Social Cognition & Influence,Contemporary,DB,high
Anthony Greenwald,Implicit Bias Theory,,,Psychology,Social Psychology,C. Social Cognition & Influence,Contemporary,DB,high
Anthony Greenwald,Implicit Association Test,,Reaction-time measure of automatic attitudes and stereotypes,Psychology,Social Psychology,C. Social Cognition & Influence,Contemporary,Knowledge,high
Anthony Greenwald,Implicit Social Cognition,,Attitudes and beliefs operating outside conscious awareness,Psychology,Social Psychology,C. Social Cognition & Influence,Contemporary,Knowledge,high
Anthony Greenwald,Implicit Bias,,Unconscious associations influencing judgment and behavior,Psychology,Social Psychology,C. Social Cognition & Influence,Contemporary,Knowledge,high
Anthony Greenwald,Totalitarian Ego,,Self-serving biases reconstructing memory and self-image,Psychology,Social Psychology,C. Social Cognition & Influence,Contemporary,Knowledge,med
Anthony Greenwald,Self-Esteem (Implicit),,"Automatic, nonconscious evaluations of the self",Psychology,Social Psychology,C. Social Cognition & Influence,Contemporary,Knowledge,med
Carlo C. DiClemente,Transtheoretical Model (Stages of Change),,,Psychology,Health Psychology,B. Health Behavior Models,Contemporary,DB,high
Carlo C. DiClemente,Transtheoretical Model / Stages of Change (Health),,,Psychology,Health Psychology,B. Health Behavior Models,Contemporary,DB,high
Carlo C. DiClemente,Transtheoretical Model,,Behavior change unfolding through identifiable stages,Psychology,Health Psychology,B. Health Behavior Models,Contemporary,Knowledge,high
Carlo C. DiClemente,Stages of Change,,Precontemplation through maintenance in changing behavior,Psychology,Health Psychology,B. Health Behavior Models,Contemporary,Knowledge,high
Carlo C. DiClemente,Processes of Change,,Cognitive and behavioral activities driving stage progression,Psychology,Health Psychology,B. Health Behavior Models,Contemporary,Knowledge,high
Carlo C. DiClemente,Decisional Balance,,Weighing pros and cons in deciding to change,Psychology,Health Psychology,B. Health Behavior Models,Contemporary,Knowledge,high
Carlo C. DiClemente,Self-Efficacy (Change),,Confidence in sustaining behavior change across situations,Psychology,Health Psychology,B. Health Behavior Models,Contemporary,Knowledge,med
Cohen,Buffering Hypothesis (Social Support),,,Psychology,Health Psychology,A. Stress & Coping,Modern,DB,high
Cohen,Stress-Buffering Hypothesis,,,Psychology,Health Psychology,A. Stress & Coping,Modern,DB,high
Cohen,Main-Effect Model of Support,,Support benefiting well-being regardless of stress levels,Psychology,Health Psychology,A. Stress & Coping,Modern,Web,high
Cohen,Perceived Social Support,,Belief that support is available driving health benefits,Psychology,Health Psychology,A. Stress & Coping,Modern,Web,high
Cohen,Common Cold Studies,,Cohen's research linking social ties to infection resistance,Psychology,Health Psychology,A. Stress & Coping,Modern,Knowledge,med
Wills,Buffering Hypothesis (Social Support),,,Psychology,Health Psychology,A. Stress & Coping,Modern,DB,high
Wills,Stress-Buffering Hypothesis,,,Psychology,Health Psychology,A. Stress & Coping,Modern,DB,high
Wills,Functional Social Support,,Support functions matched to stress-elicited needs,Psychology,Health Psychology,A. Stress & Coping,Modern,Web,high
Wills,Substance Use and Coping,,Wills's work on adolescent coping and substance use,Psychology,Health Psychology,A. Stress & Coping,Modern,Knowledge,med
Ann Masten,Protective Factors (Developmental),,,Psychology,Positive Psychology,C. Resilience & Interventions,Contemporary,DB,high
Ann Masten,Resilience Theory,,,Psychology,Positive Psychology,C. Resilience & Interventions,Contemporary,DB,high
Ann Masten,Ordinary Magic,,"Resilience arising from common, everyday adaptive systems",Psychology,Positive Psychology,C. Resilience & Interventions,Contemporary,Knowledge,high
Ann Masten,Protective Factors,,Resources and assets reducing the impact of risk,Psychology,Positive Psychology,C. Resilience & Interventions,Contemporary,Knowledge,high
Ann Masten,Developmental Cascades,,Effects spreading across domains and time in development,Psychology,Positive Psychology,C. Resilience & Interventions,Contemporary,Knowledge,high
Ann Masten,Competence Under Adversity,,Achieving developmental tasks despite difficult circumstances,Psychology,Positive Psychology,C. Resilience & Interventions,Contemporary,Knowledge,med
Sue Johnson,Emotionally Focused Therapy (EFT),,,Psychology,Relationship & Interpersonal,A. Love & Attachment,Contemporary,DB,high
Sue Johnson,Neurobiology of Attachment,,,Psychology,Relationship & Interpersonal,A. Love & Attachment,Contemporary,DB,high
Sue Johnson,Emotionally Focused Therapy,,Attachment-based couples therapy reshaping emotional bonds,Psychology,Relationship & Interpersonal,A. Love & Attachment,Contemporary,Knowledge,high
Sue Johnson,Adult Attachment,,Adult love understood through attachment needs and bonds,Psychology,Relationship & Interpersonal,A. Love & Attachment,Contemporary,Knowledge,high
Sue Johnson,Hold Me Tight,,Strengthening couples through accessibility and responsiveness,Psychology,Relationship & Interpersonal,A. Love & Attachment,Contemporary,Knowledge,high
Sue Johnson,Attachment Injury,,Relationship wound from abandonment at a moment of need,Psychology,Relationship & Interpersonal,A. Love & Attachment,Contemporary,Knowledge,high
Sue Johnson,Negative Interaction Cycles,,Self-reinforcing distress patterns trapping distressed couples,Psychology,Relationship & Interpersonal,A. Love & Attachment,Contemporary,Knowledge,med
Roman Jakobson,Foregrounding,,,Critics,Formalist & Text-Centric,A. Formalism & New Criticism,Modern,DB,high
Roman Jakobson,Russian Formalism,,,Critics,Formalist & Text-Centric,A. Formalism & New Criticism,Modern,DB,high
Roman Jakobson,Functions of Language,,Six communicative functions structuring any verbal message,Critics,Formalist & Text-Centric,A. Formalism & New Criticism,Modern,Knowledge,high
Roman Jakobson,Poetic Function,,Language foregrounding its own form and palpability,Critics,Formalist & Text-Centric,A. Formalism & New Criticism,Modern,Knowledge,high
Roman Jakobson,Metaphor and Metonymy,,Two axes of language: substitution and combination,Critics,Formalist & Text-Centric,A. Formalism & New Criticism,Modern,Knowledge,high
Roman Jakobson,Literariness,,The quality making a verbal message a work of art,Critics,Formalist & Text-Centric,A. Formalism & New Criticism,Modern,Knowledge,high
Roman Jakobson,Markedness,,Asymmetry between marked and unmarked linguistic terms,Critics,Formalist & Text-Centric,A. Formalism & New Criticism,Modern,Knowledge,med
I.A. Richards,New Criticism,,,Critics,Formalist & Text-Centric,A. Formalism & New Criticism,Modern,DB,high
I.A. Richards,Practical Criticism,,,Critics,Formalist & Text-Centric,A. Formalism & New Criticism,Modern,DB,high
I.A. Richards,Tenor and Vehicle,,Two components of metaphor: idea and its figurative carrier,Critics,Formalist & Text-Centric,A. Formalism & New Criticism,Modern,Knowledge,high
I.A. Richards,Emotive vs Referential Language,,Distinguishing scientific reference from emotive expression,Critics,Formalist & Text-Centric,A. Formalism & New Criticism,Modern,Knowledge,high
I.A. Richards,Stock Responses,,"Conventional, habitual reactions obstructing genuine reading",Critics,Formalist & Text-Centric,A. Formalism & New Criticism,Modern,Knowledge,med
Gérard Genette,Narratology,,,Critics,Formalist & Text-Centric,A. Formalism & New Criticism,Modern,DB,high
Gérard Genette,Transtextuality,,,Critics,Formalist & Text-Centric,A. Formalism & New Criticism,Modern,DB,high
Gérard Genette,Paratext,,Thresholds like titles and prefaces framing a text,Critics,Formalist & Text-Centric,A. Formalism & New Criticism,Modern,Knowledge,high
Gérard Genette,Focalization,,Perspective regulating the information a narrative reveals,Critics,Formalist & Text-Centric,A. Formalism & New Criticism,Modern,Knowledge,high
Gérard Genette,"Order, Duration, Frequency",,Temporal relations between story and narrative discourse,Critics,Formalist & Text-Centric,A. Formalism & New Criticism,Modern,Knowledge,high
Gérard Genette,Hypertextuality,,A later text transforming or imitating an earlier one,Critics,Formalist & Text-Centric,A. Formalism & New Criticism,Modern,Knowledge,med
Vladimir Propp,Narratology,,,Critics,Formalist & Text-Centric,A. Formalism & New Criticism,Modern,DB,high
Vladimir Propp,Proppian Functions,,,Critics,Formalist & Text-Centric,A. Formalism & New Criticism,Modern,DB,high
Vladimir Propp,Morphology of the Folktale,,Folktales reducible to a fixed sequence of functions,Critics,Formalist & Text-Centric,A. Formalism & New Criticism,Modern,Knowledge,high
Vladimir Propp,Narrative Functions,,Thirty-one recurring actions structuring fairy tales,Critics,Formalist & Text-Centric,A. Formalism & New Criticism,Modern,Knowledge,high
Vladimir Propp,Dramatis Personae,,Seven character roles recurring across folktales,Critics,Formalist & Text-Centric,A. Formalism & New Criticism,Modern,Knowledge,high
Vladimir Propp,Spheres of Action,,Character roles defined by the functions they perform,Critics,Formalist & Text-Centric,A. Formalism & New Criticism,Modern,Knowledge,high
Vladimir Propp,The Quest Structure,,Lack and its liquidation driving the folktale plot,Critics,Formalist & Text-Centric,A. Formalism & New Criticism,Modern,Knowledge,med
David T. Mitchell,Narrative Prosthesis,,,Critics,Identity-Based & Political,A. Feminist & Gender Criticism,Contemporary,DB,high
David T. Mitchell,Narrative Protheses,,,Critics,Identity-Based & Political,A. Feminist & Gender Criticism,Contemporary,DB,high
David T. Mitchell,Cultural Locations of Disability,,Sites that materially manage and represent disabled bodies,Critics,Identity-Based & Political,A. Feminist & Gender Criticism,Contemporary,Knowledge,high
David T. Mitchell,The Materiality of Metaphor,,Disability supplying meaning while its lived reality is erased,Critics,Identity-Based & Political,A. Feminist & Gender Criticism,Contemporary,Knowledge,high
David T. Mitchell,Disability as Masquerade,,Representations using disability to signify deeper truths,Critics,Identity-Based & Political,A. Feminist & Gender Criticism,Contemporary,Knowledge,med
Sharon L. Snyder,Narrative Prosthesis,,,Critics,Identity-Based & Political,A. Feminist & Gender Criticism,Contemporary,DB,high
Sharon L. Snyder,Narrative Protheses,,,Critics,Identity-Based & Political,A. Feminist & Gender Criticism,Contemporary,DB,high
Sharon L. Snyder,Cultural Model of Disability,,"Disability as cultural and aesthetic, not merely medical or social",Critics,Identity-Based & Political,A. Feminist & Gender Criticism,Contemporary,Knowledge,high
Sharon L. Snyder,Cultural Locations of Disability,,Sites that materially manage and represent disabled bodies,Critics,Identity-Based & Political,A. Feminist & Gender Criticism,Contemporary,Knowledge,high
Sharon L. Snyder,Disability Aesthetics,,Disability's role in shaping artistic representation and value,Critics,Identity-Based & Political,A. Feminist & Gender Criticism,Contemporary,Knowledge,med
Terry Eagleton,Ideology,,,Critics,Historical & Cultural Materialist,A. New Historicism & Cultural Poetics,Contemporary,DB,high
Terry Eagleton,Marxist Criticism,,,Critics,Historical & Cultural Materialist,A. New Historicism & Cultural Poetics,Contemporary,DB,high
Terry Eagleton,Marxist Literary Criticism,,"Reading literature through class, production and ideology",Critics,Historical & Cultural Materialist,A. New Historicism & Cultural Poetics,Contemporary,Knowledge,high
Terry Eagleton,Literary Theory: An Introduction,,Influential survey demystifying modern literary theory,Critics,Historical & Cultural Materialist,A. New Historicism & Cultural Poetics,Contemporary,Knowledge,high
Terry Eagleton,The Ideology of the Aesthetic,,Aesthetics as a discourse entangled with bourgeois ideology,Critics,Historical & Cultural Materialist,A. New Historicism & Cultural Poetics,Contemporary,Knowledge,high
Terry Eagleton,Criticism and Ideology,,Materialist account of literature's relation to ideology,Critics,Historical & Cultural Materialist,A. New Historicism & Cultural Poetics,Contemporary,Knowledge,med
Pascale Casanova,Comparative Literature,,,Critics,Intertextual & Comparative,A. Intertextuality,Contemporary,DB,high
Pascale Casanova,World Literature,,,Critics,Intertextual & Comparative,A. Intertextuality,Contemporary,DB,high
Pascale Casanova,The World Republic of Letters,,Global literary space structured by unequal symbolic capital,Critics,Intertextual & Comparative,A. Intertextuality,Contemporary,Knowledge,high
Pascale Casanova,Literary Capital,,Prestige and recognition accumulated by languages and authors,Critics,Intertextual & Comparative,A. Intertextuality,Contemporary,Knowledge,high
Pascale Casanova,Greenwich Meridian of Literature,,A consecrating center setting literary modernity's standard,Critics,Intertextual & Comparative,A. Intertextuality,Contemporary,Knowledge,high
Pascale Casanova,Litterisation,,Translation into a dominant language conferring literary value,Critics,Intertextual & Comparative,A. Intertextuality,Contemporary,Knowledge,med
Pascale Casanova,World Literary Space,,Competitive transnational field of literary recognition,Critics,Intertextual & Comparative,A. Intertextuality,Contemporary,Knowledge,high
Lisa Zunshine,Cognitive Literary Studies,,,Critics,Cognitive & Evolutionary,A. Cognitive Literary Studies,Contemporary,DB,high
Lisa Zunshine,Theory of Mind,,,Critics,Cognitive & Evolutionary,A. Cognitive Literary Studies,Contemporary,DB,high
Lisa Zunshine,Theory of Mind (Literary),,Fiction exercising our capacity to attribute mental states,Critics,Cognitive & Evolutionary,A. Cognitive Literary Studies,Contemporary,Knowledge,high
Lisa Zunshine,Mind-Reading in Fiction,,Readers tracking characters' nested intentions and beliefs,Critics,Cognitive & Evolutionary,A. Cognitive Literary Studies,Contemporary,Knowledge,high
Lisa Zunshine,Embedded Mental States,,Layered representations of who thinks what about whom,Critics,Cognitive & Evolutionary,A. Cognitive Literary Studies,Contemporary,Knowledge,high
Lisa Zunshine,Why We Read Fiction,,Fiction's appeal rooted in cognitive mind-reading pleasure,Critics,Cognitive & Evolutionary,A. Cognitive Literary Studies,Contemporary,Knowledge,med
Patrick Colm Hogan,Cognitive Literary Studies,,,Critics,Cognitive & Evolutionary,A. Cognitive Literary Studies,Contemporary,DB,high
Patrick Colm Hogan,Poetics of Emotion,,,Critics,Cognitive & Evolutionary,A. Cognitive Literary Studies,Contemporary,DB,high
Patrick Colm Hogan,Affective Narratology,,Emotion as the organizing principle of narrative structure,Critics,Cognitive & Evolutionary,A. Cognitive Literary Studies,Contemporary,Knowledge,high
Patrick Colm Hogan,Cross-Cultural Story Prototypes,,Recurring emotion-based plot patterns across world literatures,Critics,Cognitive & Evolutionary,A. Cognitive Literary Studies,Contemporary,Knowledge,high
Patrick Colm Hogan,"Romantic, Heroic, Sacrificial Prototypes",,Universal narrative prototypes organized by target emotions,Critics,Cognitive & Evolutionary,A. Cognitive Literary Studies,Contemporary,Knowledge,med
Joseph Carroll,Evolutionary Literary Theory,,,Critics,Cognitive & Evolutionary,A. Cognitive Literary Studies,Contemporary,DB,high
Joseph Carroll,Literary Darwinism,,,Critics,Cognitive & Evolutionary,A. Cognitive Literary Studies,Contemporary,DB,high
Joseph Carroll,Human Nature in Literature,,Universal evolved dispositions shaping literary representation,Critics,Cognitive & Evolutionary,A. Cognitive Literary Studies,Contemporary,Knowledge,high
Joseph Carroll,Adaptationist Criticism,,Reading texts as expressions of evolved motives,Critics,Cognitive & Evolutionary,A. Cognitive Literary Studies,Contemporary,Knowledge,med
Joseph Carroll,Agonistic Structure,,Conflict reflecting evolved status and reproductive interests,Critics,Cognitive & Evolutionary,A. Cognitive Literary Studies,Contemporary,Knowledge,med
Graham Harman,Object-Oriented Literary Criticism,,,Critics,Post-Humanist & Non-Human,A. Posthumanism & Cyborg Theory,Contemporary,DB,high
Graham Harman,Object-Oriented Ontology (OOO),,,Critics,Post-Humanist & Non-Human,A. Posthumanism & Cyborg Theory,Contemporary,DB,high
Graham Harman,Object-Oriented Ontology,,"All objects equally real, withdrawing from full relation",Critics,Post-Humanist & Non-Human,A. Posthumanism & Cyborg Theory,Contemporary,Knowledge,high
Graham Harman,Withdrawal,,Objects always exceeding any relation or access to them,Critics,Post-Humanist & Non-Human,A. Posthumanism & Cyborg Theory,Contemporary,Knowledge,high
Graham Harman,Vicarious Causation,,Objects interacting only indirectly through sensual qualities,Critics,Post-Humanist & Non-Human,A. Posthumanism & Cyborg Theory,Contemporary,Knowledge,high
Graham Harman,Real vs Sensual Objects,,Distinction between objects in themselves and as encountered,Critics,Post-Humanist & Non-Human,A. Posthumanism & Cyborg Theory,Contemporary,Knowledge,high
Graham Harman,Allure,,Aesthetic split between an object and its sensual qualities,Critics,Post-Humanist & Non-Human,A. Posthumanism & Cyborg Theory,Contemporary,Knowledge,med
Erin Manning,Aesthetics of Affect,,,Critics,Affect & Sensory,A. Affect Theory,Contemporary,DB,high
Erin Manning,Digital Materiality,,,Critics,Affect & Sensory,A. Affect Theory,Contemporary,DB,high
Erin Manning,The Minor Gesture,,"Small, neurodivergent variations opening new modes of experience",Critics,Affect & Sensory,A. Affect Theory,Contemporary,Knowledge,high
Erin Manning,Movement and Relation,,Thought emerging through bodily movement and relation,Critics,Affect & Sensory,A. Affect Theory,Contemporary,Knowledge,high
Erin Manning,Research-Creation,,Practice fusing artistic making with conceptual inquiry,Critics,Affect & Sensory,A. Affect Theory,Contemporary,Knowledge,med
Erin Manning,Preacceleration,,The incipient movement before movement actualizes,Critics,Affect & Sensory,A. Affect Theory,Contemporary,Knowledge,med
Glenn Albrecht,Solastalgia,,,Critics,Ecological & Environmental,B. Dark Ecology & Anthropocene,Contemporary,DB,high
Glenn Albrecht,Solastalgia (Ecocriticism),,,Critics,Ecological & Environmental,B. Dark Ecology & Anthropocene,Contemporary,DB,high
Glenn Albrecht,Psychoterratic,,Mental states arising from the human-earth relationship,Critics,Ecological & Environmental,B. Dark Ecology & Anthropocene,Contemporary,Knowledge,high
Glenn Albrecht,Symbiocene,,Proposed era of human-nature symbiosis after the Anthropocene,Critics,Ecological & Environmental,B. Dark Ecology & Anthropocene,Contemporary,Knowledge,high
Glenn Albrecht,Earth Emotions,,Vocabulary for emotions tied to ecological loss and connection,Critics,Ecological & Environmental,B. Dark Ecology & Anthropocene,Contemporary,Knowledge,med
Glenn Albrecht,Tierratrauma,,Acute trauma from witnessing environmental destruction,Critics,Ecological & Environmental,B. Dark Ecology & Anthropocene,Contemporary,Knowledge,med
Édouard Glissant,Creolization,,,Critics,Identity-Based & Political,C. Postcolonial & Critical Race,Contemporary,DB,high
Édouard Glissant,Cultural Creolization Theory,,,Critics,Identity-Based & Political,C. Postcolonial & Critical Race,Contemporary,DB,high
Édouard Glissant,Poetics of Relation,,"Identity formed through openness and relation, not roots",Critics,Identity-Based & Political,C. Postcolonial & Critical Race,Contemporary,Knowledge,high
Édouard Glissant,Opacity,,The right to remain irreducible and not fully understood,Critics,Identity-Based & Political,C. Postcolonial & Critical Race,Contemporary,Knowledge,high
Édouard Glissant,Tout-Monde,,"The whole-world as chaotic, interconnected totality",Critics,Identity-Based & Political,C. Postcolonial & Critical Race,Contemporary,Knowledge,high
Édouard Glissant,Antillanite,,Caribbean cultural identity rooted in archipelagic relation,Critics,Identity-Based & Political,C. Postcolonial & Critical Race,Contemporary,Knowledge,med
Édouard Glissant,Rhizomatic Identity,,Identity spreading laterally rather than from a single root,Critics,Identity-Based & Political,C. Postcolonial & Critical Race,Contemporary,Knowledge,med
Katherine Hayles,Born-Digital Literature Theory,,,Critics,Digital & Media-Specific,C. Platform & Media Studies,Contemporary,DB,high
Katherine Hayles,Electronic Literature Theory,,,Critics,Digital & Media-Specific,C. Platform & Media Studies,Contemporary,DB,high
Katherine Hayles,Posthuman,,Reconceiving the human as entangled with information and machines,Critics,Digital & Media-Specific,C. Platform & Media Studies,Contemporary,Knowledge,high
Katherine Hayles,How We Became Posthuman,,History of cybernetics displacing the liberal human subject,Critics,Digital & Media-Specific,C. Platform & Media Studies,Contemporary,Knowledge,high
Katherine Hayles,Electronic Literature,,Literature born digital and inseparable from computation,Critics,Digital & Media-Specific,C. Platform & Media Studies,Contemporary,Knowledge,high
Katherine Hayles,Hyper vs Deep Attention,,Cognitive shift between rapid scanning and sustained focus,Critics,Digital & Media-Specific,C. Platform & Media Studies,Contemporary,Knowledge,high
Katherine Hayles,Technogenesis,,Co-evolution of humans and technologies over time,Critics,Digital & Media-Specific,C. Platform & Media Studies,Contemporary,Knowledge,med
Katherine Hayles,Distributed Cognition,,"Thinking spread across bodies, tools and environments",Critics,Digital & Media-Specific,C. Platform & Media Studies,Contemporary,Knowledge,med
W.D. Hamilton,Inclusive Fitness Theory,,,Nature,Evolutionary Theory & Human Origins,A. Selection & Adaptation,Modern,DB,high
W.D. Hamilton,Kin Selection Theory,,,Nature,Evolutionary Theory & Human Origins,A. Selection & Adaptation,Modern,DB,high
W.D. Hamilton,Inclusive Fitness,,Reproductive success counting effects on relatives' genes,Nature,Evolutionary Theory & Human Origins,A. Selection & Adaptation,Modern,Knowledge,high
W.D. Hamilton,Kin Selection,,Altruism evolving among genetic relatives,Nature,Evolutionary Theory & Human Origins,A. Selection & Adaptation,Modern,Knowledge,high
W.D. Hamilton,Hamilton's Rule,,Altruism favored when relatedness times benefit exceeds cost,Nature,Evolutionary Theory & Human Origins,A. Selection & Adaptation,Modern,Knowledge,high
W.D. Hamilton,Selfish Gene Logic,,Evolution viewed from the gene's-eye perspective,Nature,Evolutionary Theory & Human Origins,A. Selection & Adaptation,Modern,Knowledge,high
W.D. Hamilton,Parasite Theory of Sex,,Sexual reproduction maintained by coevolving parasites,Nature,Evolutionary Theory & Human Origins,A. Selection & Adaptation,Modern,Knowledge,med
L.L. Cavalli-Sforza,Gene-Culture Coevolution Theory,,,Nature,Evolutionary Theory & Human Origins,B. Gene-Culture Coevolution & Human Origins,Modern,DB,high
L.L. Cavalli-Sforza,Human Genetic Diversity Theory,,,Nature,Evolutionary Theory & Human Origins,B. Gene-Culture Coevolution & Human Origins,Modern,DB,high
L.L. Cavalli-Sforza,Gene-Culture Coevolution,,Genes and culture jointly shaping human evolution,Nature,Evolutionary Theory & Human Origins,B. Gene-Culture Coevolution & Human Origins,Modern,Knowledge,high
L.L. Cavalli-Sforza,Cultural Transmission,,Modeling how culture spreads like genetic inheritance,Nature,Evolutionary Theory & Human Origins,B. Gene-Culture Coevolution & Human Origins,Modern,Knowledge,high
L.L. Cavalli-Sforza,Human Genetic Diversity,,Mapping global genetic variation across populations,Nature,Evolutionary Theory & Human Origins,B. Gene-Culture Coevolution & Human Origins,Modern,Knowledge,high
L.L. Cavalli-Sforza,Demic Diffusion,,Population movement spreading genes and culture together,Nature,Evolutionary Theory & Human Origins,B. Gene-Culture Coevolution & Human Origins,Modern,Knowledge,high
L.L. Cavalli-Sforza,History and Geography of Human Genes,,Synthesis correlating genetics with language and migration,Nature,Evolutionary Theory & Human Origins,B. Gene-Culture Coevolution & Human Origins,Modern,Knowledge,med
Sanfey et al.,Neurobiology of Fairness,,,Nature,Neuroeconomics & Neurophilosophy,A. Neuroeconomics & Behavioral Decision,Contemporary,DB,high
Sanfey et al.,Social Preference Theory (Neuroeconomics),,,Nature,Neuroeconomics & Neurophilosophy,A. Neuroeconomics & Behavioral Decision,Contemporary,DB,high
Sanfey et al.,Neuroeconomics of Fairness,,Brain imaging of how people respond to unfair offers,Nature,Neuroeconomics & Neurophilosophy,A. Neuroeconomics & Behavioral Decision,Contemporary,Web,high
Sanfey et al.,Ultimatum Game (Neural Basis),,Anterior insula activity driving rejection of unfair offers,Nature,Neuroeconomics & Neurophilosophy,A. Neuroeconomics & Behavioral Decision,Contemporary,Web,high
Sanfey et al.,Emotion in Economic Decision,,"Affect, not just reason, shaping economic choices",Nature,Neuroeconomics & Neurophilosophy,A. Neuroeconomics & Behavioral Decision,Contemporary,Web,high
Sanfey et al.,Insula and Unfairness,,Disgust-related insula response to inequitable proposals,Nature,Neuroeconomics & Neurophilosophy,A. Neuroeconomics & Behavioral Decision,Contemporary,Web,med
Robert Sapolsky,Cortisol and Stress Response Theory,,,Nature,Behavioral Endocrinology & Stress Biology,A. Hormones & Social Behavior,Contemporary,DB,high
Robert Sapolsky,Hormonal Influences on Social Behavior,,,Nature,Behavioral Endocrinology & Stress Biology,A. Hormones & Social Behavior,Contemporary,DB,high
Robert Sapolsky,Cortisol and Stress Response,,Glucocorticoid release and its costs to body and brain,Nature,Behavioral Endocrinology & Stress Biology,A. Hormones & Social Behavior,Contemporary,Knowledge,high
Robert Sapolsky,Why Zebras Don't Get Ulcers,,Chronic psychological stress harming human health,Nature,Behavioral Endocrinology & Stress Biology,A. Hormones & Social Behavior,Contemporary,Knowledge,high
Robert Sapolsky,Stress and the Brain,,Prolonged stress damaging hippocampal and prefrontal function,Nature,Behavioral Endocrinology & Stress Biology,A. Hormones & Social Behavior,Contemporary,Knowledge,high
Robert Sapolsky,Behave / Biology of Behavior,,Layered biological causes of human good and bad behavior,Nature,Behavioral Endocrinology & Stress Biology,A. Hormones & Social Behavior,Contemporary,Knowledge,high
Robert Sapolsky,Social Rank and Health (Baboons),,Dominance hierarchy stress shaping primate physiology,Nature,Behavioral Endocrinology & Stress Biology,A. Hormones & Social Behavior,Contemporary,Knowledge,med
Sue Carter,Oxytocin Theory of Bonding,,,Nature,Behavioral Endocrinology & Stress Biology,A. Hormones & Social Behavior,Contemporary,DB,high
Sue Carter,Pair Bonding Theory (Human),,,Nature,Behavioral Endocrinology & Stress Biology,A. Hormones & Social Behavior,Contemporary,DB,high
Sue Carter,Pair Bonding (Prairie Voles),,Monogamous voles revealing the neurochemistry of bonding,Nature,Behavioral Endocrinology & Stress Biology,A. Hormones & Social Behavior,Contemporary,Knowledge,high
Sue Carter,Oxytocin and Vasopressin,,Neuropeptides regulating social behavior and stress,Nature,Behavioral Endocrinology & Stress Biology,A. Hormones & Social Behavior,Contemporary,Knowledge,high
Sue Carter,Neurobiology of Love,,"Hormonal basis of attachment, trust and partnership",Nature,Behavioral Endocrinology & Stress Biology,A. Hormones & Social Behavior,Contemporary,Knowledge,high
Sue Carter,Sociality and Health,,Social bonds buffering stress and supporting physiology,Nature,Behavioral Endocrinology & Stress Biology,A. Hormones & Social Behavior,Contemporary,Knowledge,med
Randolph Nesse,Evolutionary Psychiatry,,,Nature,Human Ecology & Evolutionary Medicine,B. Evolutionary Medicine & Pathogen Coevolution,Contemporary,DB,high
Randolph Nesse,Mismatch Theory (Evolutionary Medicine),,,Nature,Human Ecology & Evolutionary Medicine,B. Evolutionary Medicine & Pathogen Coevolution,Contemporary,DB,high
Randolph Nesse,Evolutionary Medicine,,Explaining disease vulnerability through evolutionary trade-offs,Nature,Human Ecology & Evolutionary Medicine,B. Evolutionary Medicine & Pathogen Coevolution,Contemporary,Knowledge,high
Randolph Nesse,Mismatch Theory,,Modern environments mismatched with evolved bodies causing disease,Nature,Human Ecology & Evolutionary Medicine,B. Evolutionary Medicine & Pathogen Coevolution,Contemporary,Knowledge,high
Randolph Nesse,Why We Get Sick,,Darwinian framework reframing symptoms and vulnerability,Nature,Human Ecology & Evolutionary Medicine,B. Evolutionary Medicine & Pathogen Coevolution,Contemporary,Knowledge,high
Randolph Nesse,Smoke Detector Principle,,Defenses over-triggered because false alarms are cheaper,Nature,Human Ecology & Evolutionary Medicine,B. Evolutionary Medicine & Pathogen Coevolution,Contemporary,Knowledge,high
Helen Fisher,Mating Systems (Human Evolutionary Biology),,,Nature,Evolutionary Psychology & Adaptive Mind,"B. Mating, Reproduction & Sexual Strategy",Contemporary,DB,high
Helen Fisher,Pair Bonding Theory (Human),,,Nature,Evolutionary Psychology & Adaptive Mind,"B. Mating, Reproduction & Sexual Strategy",Contemporary,DB,high
Helen Fisher,Three Brain Systems of Love,,"Lust, attraction and attachment as distinct neural systems",Nature,Evolutionary Psychology & Adaptive Mind,"B. Mating, Reproduction & Sexual Strategy",Contemporary,Knowledge,high
Helen Fisher,Neurochemistry of Romantic Love,,Dopamine-driven attraction underlying intense romantic passion,Nature,Evolutionary Psychology & Adaptive Mind,"B. Mating, Reproduction & Sexual Strategy",Contemporary,Knowledge,high
Helen Fisher,Anatomy of Love,,"Evolutionary account of human mating, marriage and divorce",Nature,Evolutionary Psychology & Adaptive Mind,"B. Mating, Reproduction & Sexual Strategy",Contemporary,Knowledge,high
Helen Fisher,Four Temperament Types,,Personality styles linked to dominant neurochemical systems,Nature,Evolutionary Psychology & Adaptive Mind,"B. Mating, Reproduction & Sexual Strategy",Contemporary,Knowledge,med
Helen Fisher,Serial Monogamy,,"Human pair-bonding evolved for sequential, not lifelong, mating",Nature,Evolutionary Psychology & Adaptive Mind,"B. Mating, Reproduction & Sexual Strategy",Contemporary,Knowledge,med
Marco Iacoboni,Empathy-Mirroring Systems Theory,,,Nature,Neurobiology & Neuroscience,C. Social & Affective Neuroscience,Contemporary,DB,high
Marco Iacoboni,Imitation and Learning (Neurobiological),,,Nature,Neurobiology & Neuroscience,C. Social & Affective Neuroscience,Contemporary,DB,high
Marco Iacoboni,Mirror Neurons,,Neurons firing both when acting and watching others act,Nature,Neurobiology & Neuroscience,C. Social & Affective Neuroscience,Contemporary,Knowledge,high
Marco Iacoboni,Mirroring and Empathy,,Mirror systems grounding understanding of others' emotions,Nature,Neurobiology & Neuroscience,C. Social & Affective Neuroscience,Contemporary,Knowledge,high
Marco Iacoboni,Imitation and Learning,,Neural imitation mechanisms underpinning social learning,Nature,Neurobiology & Neuroscience,C. Social & Affective Neuroscience,Contemporary,Knowledge,high
Marco Iacoboni,Embodied Simulation,,Understanding others by inwardly simulating their actions,Nature,Neurobiology & Neuroscience,C. Social & Affective Neuroscience,Contemporary,Knowledge,high
Marco Iacoboni,Mirroring People,,Popular synthesis of mirror-neuron social neuroscience,Nature,Neurobiology & Neuroscience,C. Social & Affective Neuroscience,Contemporary,Knowledge,med
Antonio Damasio,Brain and Purchase Decisions (Neuro-Marketing),,,Nature,Biological Basis of Mind & Behavior,"B. Consciousness, Self & Decision",Contemporary,DB,high
Antonio Damasio,Somatic Marker Hypothesis,,,Nature,Biological Basis of Mind & Behavior,"B. Consciousness, Self & Decision",Contemporary,DB,high
Antonio Damasio,Descartes' Error,,"Emotion as essential to, not opposed to, reason",Nature,Biological Basis of Mind & Behavior,"B. Consciousness, Self & Decision",Contemporary,Knowledge,high
Antonio Damasio,Core vs Extended Consciousness,,Layered consciousness from momentary self to autobiographical self,Nature,Biological Basis of Mind & Behavior,"B. Consciousness, Self & Decision",Contemporary,Knowledge,high
Antonio Damasio,Feeling of What Happens,,Consciousness arising from the body's representation in the brain,Nature,Biological Basis of Mind & Behavior,"B. Consciousness, Self & Decision",Contemporary,Knowledge,high
Antonio Damasio,Homeostasis and Feeling,,Feelings as mental expressions of bodily life-regulation,Nature,Biological Basis of Mind & Behavior,"B. Consciousness, Self & Decision",Contemporary,Knowledge,med
Till Roenneberg,Chronotype and Health Theory,,,Nature,Chronobiology & Sensory Biology,A. Circadian Rhythms & Sleep,Contemporary,DB,high
Till Roenneberg,Social Jetlag Theory,,,Nature,Chronobiology & Sensory Biology,A. Circadian Rhythms & Sleep,Contemporary,DB,high
Till Roenneberg,Social Jetlag,,Mismatch between internal clock and social schedule,Nature,Chronobiology & Sensory Biology,A. Circadian Rhythms & Sleep,Contemporary,Knowledge,high
Till Roenneberg,Chronotype,,Individual's biological timing of sleep and wakefulness,Nature,Chronobiology & Sensory Biology,A. Circadian Rhythms & Sleep,Contemporary,Knowledge,high
Till Roenneberg,Internal Time,,Body clock often misaligned with imposed clock time,Nature,Chronobiology & Sensory Biology,A. Circadian Rhythms & Sleep,Contemporary,Knowledge,high
Till Roenneberg,Munich Chronotype Questionnaire,,Tool measuring chronotype from sleep timing,Nature,Chronobiology & Sensory Biology,A. Circadian Rhythms & Sleep,Contemporary,Knowledge,med
Till Roenneberg,Chronotype and Health,,Circadian misalignment raising risks to health,Nature,Chronobiology & Sensory Biology,A. Circadian Rhythms & Sleep,Contemporary,Knowledge,med
Amotz Zahavi,Costly Signaling Theory (Biological),,,Nature,Evolutionary Psychology & Adaptive Mind,"C. Cooperation, Morality & Group Living",Modern,DB,high
Amotz Zahavi,Costly Signaling Theory (Culture),,,Nature,Evolutionary Psychology & Adaptive Mind,"C. Cooperation, Morality & Group Living",Modern,DB,high
Amotz Zahavi,Handicap Principle,,Costly signals are honest because only the fit can afford them,Nature,Evolutionary Psychology & Adaptive Mind,"C. Cooperation, Morality & Group Living",Modern,Knowledge,high
Amotz Zahavi,Costly Signaling,,Reliable communication guaranteed by signal expense,Nature,Evolutionary Psychology & Adaptive Mind,"C. Cooperation, Morality & Group Living",Modern,Knowledge,high
Amotz Zahavi,Honest Signaling,,Signals kept truthful by their burdensome cost,Nature,Evolutionary Psychology & Adaptive Mind,"C. Cooperation, Morality & Group Living",Modern,Knowledge,high
Amotz Zahavi,Peacock's Tail,,Extravagant ornament as proof of underlying quality,Nature,Evolutionary Psychology & Adaptive Mind,"C. Cooperation, Morality & Group Living",Modern,Knowledge,high
Amotz Zahavi,Altruism as Signal,,Generosity advertising status and quality to observers,Nature,Evolutionary Psychology & Adaptive Mind,"C. Cooperation, Morality & Group Living",Modern,Knowledge,med
Larry Squire,Consolidation Theory (Memory),,,Nature,Neurobiology & Neuroscience,B. Memory & Learning Neuroscience,Contemporary,DB,high
Larry Squire,Declarative vs. Non-Declarative Memory Systems,,,Nature,Neurobiology & Neuroscience,B. Memory & Learning Neuroscience,Contemporary,DB,high
Larry Squire,Declarative vs Non-Declarative Memory,,Conscious facts versus unconscious skills and habits,Nature,Neurobiology & Neuroscience,B. Memory & Learning Neuroscience,Contemporary,Knowledge,high
Larry Squire,Memory Consolidation,,Stabilizing new memories over time into long-term storage,Nature,Neurobiology & Neuroscience,B. Memory & Learning Neuroscience,Contemporary,Knowledge,high
Larry Squire,Medial Temporal Lobe Memory System,,Hippocampal circuitry essential for forming new memories,Nature,Neurobiology & Neuroscience,B. Memory & Learning Neuroscience,Contemporary,Knowledge,high
Larry Squire,Patient H.M. Studies,,Amnesia case revealing distinct memory systems,Nature,Neurobiology & Neuroscience,B. Memory & Learning Neuroscience,Contemporary,Knowledge,high
Larry Squire,Systems Consolidation,,Memories gradually becoming independent of the hippocampus,Nature,Neurobiology & Neuroscience,B. Memory & Learning Neuroscience,Contemporary,Knowledge,med
Richard Alexander,Indirect Reciprocity (Evolutionary Economics),,,Nature,Evolutionary Psychology & Adaptive Mind,"C. Cooperation, Morality & Group Living",Modern,DB,high
Richard Alexander,Indirect Reciprocity Theory (Evolutionary),,,Nature,Evolutionary Psychology & Adaptive Mind,"C. Cooperation, Morality & Group Living",Modern,DB,high
Richard Alexander,Indirect Reciprocity,,"Cooperation rewarded through reputation, not direct return",Nature,Evolutionary Psychology & Adaptive Mind,"C. Cooperation, Morality & Group Living",Modern,Knowledge,high
Richard Alexander,The Biology of Moral Systems,,Morality evolving from reciprocity and reputation management,Nature,Evolutionary Psychology & Adaptive Mind,"C. Cooperation, Morality & Group Living",Modern,Knowledge,high
Richard Alexander,Reputation and Status,,Social standing as the currency of indirect reciprocity,Nature,Evolutionary Psychology & Adaptive Mind,"C. Cooperation, Morality & Group Living",Modern,Knowledge,high
Richard Alexander,Eusociality and Conflict,,Evolution of cooperation amid genetic conflicts of interest,Nature,Evolutionary Psychology & Adaptive Mind,"C. Cooperation, Morality & Group Living",Modern,Knowledge,med
Richard Alexander,Ecological Dominance Hypothesis,,Human evolution driven by intra-species social competition,Nature,Evolutionary Psychology & Adaptive Mind,"C. Cooperation, Morality & Group Living",Modern,Knowledge,med
Abdel R. Omran,Epidemiological Transition Theory,,,Nature,Human Ecology & Evolutionary Medicine,A. Cultural & Disease Ecology,Modern,DB,high
Abdel R. Omran,Epidemiological Transition Theory (Human Ecology),,,Nature,Human Ecology & Evolutionary Medicine,A. Cultural & Disease Ecology,Modern,DB,high
Abdel R. Omran,Epidemiological Transition,,Shift from infectious to chronic disease as societies modernize,Nature,Human Ecology & Evolutionary Medicine,A. Cultural & Disease Ecology,Modern,Knowledge,high
Abdel R. Omran,Age of Pestilence and Famine,,Earliest mortality stage dominated by epidemics and hunger,Nature,Human Ecology & Evolutionary Medicine,A. Cultural & Disease Ecology,Modern,Knowledge,high
Abdel R. Omran,Age of Receding Pandemics,,Transitional stage of declining epidemic mortality,Nature,Human Ecology & Evolutionary Medicine,A. Cultural & Disease Ecology,Modern,Knowledge,high
Abdel R. Omran,Age of Degenerative Diseases,,Modern stage dominated by chronic and man-made diseases,Nature,Human Ecology & Evolutionary Medicine,A. Cultural & Disease Ecology,Modern,Knowledge,high
Abdel R. Omran,Mortality Transition,,Long-term changes in causes and patterns of death,Nature,Human Ecology & Evolutionary Medicine,A. Cultural & Disease Ecology,Modern,Knowledge,med
Brian Wynne,Lay Expertise,,,Culture,"Digital, Media & Algorithmic Culture",D. Technological Culture & STS,Contemporary,DB,high
Brian Wynne,Lay Expertise (Health),,,Culture,"Digital, Media & Algorithmic Culture",D. Technological Culture & STS,Contemporary,DB,high
Brian Wynne,Public Understanding of Science,,Critique of the deficit model of public scientific ignorance,Culture,"Digital, Media & Algorithmic Culture",D. Technological Culture & STS,Contemporary,Knowledge,high
Brian Wynne,Sheep Farmers and Chernobyl,,Case showing experts ignoring valid local knowledge,Culture,"Digital, Media & Algorithmic Culture",D. Technological Culture & STS,Contemporary,Knowledge,high
Brian Wynne,Reflexive Scientisation,,Public questioning the framing assumptions of expert science,Culture,"Digital, Media & Algorithmic Culture",D. Technological Culture & STS,Contemporary,Knowledge,med
Brian Wynne,Trust and Risk,,Public risk judgments shaped by institutional trust,Culture,"Digital, Media & Algorithmic Culture",D. Technological Culture & STS,Contemporary,Knowledge,med
George Ainslie,Hyperbolic Discounting,,,Economics,Behavioral & Cognitive Economics,Foundations & Bounded Rationality,Contemporary,DB,high
George Ainslie,Present Bias,,,Economics,Behavioral & Cognitive Economics,Foundations & Bounded Rationality,Contemporary,DB,high
George Ainslie,Picoeconomics,,Bargaining among successive transient interests within a person,Economics,Behavioral & Cognitive Economics,Foundations & Bounded Rationality,Contemporary,Knowledge,high
George Ainslie,Preference Reversal,,Switching choices as a tempting reward draws near,Economics,Behavioral & Cognitive Economics,Foundations & Bounded Rationality,Contemporary,Knowledge,high
George Ainslie,Will and Bundling,,Self-control through bundling choices into broader patterns,Economics,Behavioral & Cognitive Economics,Foundations & Bounded Rationality,Contemporary,Knowledge,med
Matthew Rabin,Asymmetric Paternalism,,,Economics,Behavioral & Cognitive Economics,Social Preferences & Fairness,Contemporary,DB,high
Matthew Rabin,Fairness Theory,,,Economics,Behavioral & Cognitive Economics,Social Preferences & Fairness,Contemporary,DB,high
Matthew Rabin,Fairness Equilibrium,,Game theory incorporating reciprocal fairness motives,Economics,Behavioral & Cognitive Economics,Social Preferences & Fairness,Contemporary,Knowledge,high
Matthew Rabin,Reference-Dependent Preferences,,Utility judged against expectations or reference points,Economics,Behavioral & Cognitive Economics,Social Preferences & Fairness,Contemporary,Knowledge,high
Matthew Rabin,Projection Bias,,Mispredicting future tastes from current states,Economics,Behavioral & Cognitive Economics,Social Preferences & Fairness,Contemporary,Knowledge,high
Matthew Rabin,Law of Small Numbers,,"Over-inferring patterns from tiny, random samples",Economics,Behavioral & Cognitive Economics,Social Preferences & Fairness,Contemporary,Knowledge,med
Klaus Schmidt,Fairness Theory,,,Economics,Behavioral & Cognitive Economics,Social Preferences & Fairness,Contemporary,DB,high
Klaus Schmidt,Inequality Aversion,,,Economics,Behavioral & Cognitive Economics,Social Preferences & Fairness,Contemporary,DB,high
Klaus Schmidt,Fehr-Schmidt Model,,Utility penalizing both advantageous and disadvantageous inequality,Economics,Behavioral & Cognitive Economics,Social Preferences & Fairness,Contemporary,Web,high
Klaus Schmidt,Theory of Fairness,,Fairness preferences explaining cooperation and competition,Economics,Behavioral & Cognitive Economics,Social Preferences & Fairness,Contemporary,Web,high
Klaus Schmidt,Other-Regarding Preferences,,Caring about others' payoffs alongside one's own,Economics,Behavioral & Cognitive Economics,Social Preferences & Fairness,Contemporary,Web,med
Armin Falk,Intentions-Based Reciprocity,,,Economics,Behavioral & Cognitive Economics,Social Preferences & Fairness,Contemporary,DB,high
Armin Falk,Reciprocity,,,Economics,Behavioral & Cognitive Economics,Social Preferences & Fairness,Contemporary,DB,high
Armin Falk,Preference Measurement,,Large-scale measurement of economic preferences across people,Economics,Behavioral & Cognitive Economics,Social Preferences & Fairness,Contemporary,Knowledge,high
Armin Falk,Global Preferences Survey,,"Worldwide mapping of patience, risk and social preferences",Economics,Behavioral & Cognitive Economics,Social Preferences & Fairness,Contemporary,Web,med
Armin Falk,Morals and Markets,,How market interaction can erode moral concern,Economics,Behavioral & Cognitive Economics,Social Preferences & Fairness,Contemporary,Knowledge,med
James Andreoni,Altruism,,,Economics,Behavioral & Cognitive Economics,Social Preferences & Fairness,Contemporary,DB,high
James Andreoni,Warm-Glow Giving,,,Economics,Behavioral & Cognitive Economics,Social Preferences & Fairness,Contemporary,DB,high
James Andreoni,Impure Altruism,,Giving mixing genuine altruism with personal satisfaction,Economics,Behavioral & Cognitive Economics,Social Preferences & Fairness,Contemporary,Knowledge,high
James Andreoni,Crowding Out,,Public provision partly displacing private charitable giving,Economics,Behavioral & Cognitive Economics,Social Preferences & Fairness,Contemporary,Knowledge,high
James Andreoni,Cooperation in Public Goods,,Patterns of contribution and decay in public-goods games,Economics,Behavioral & Cognitive Economics,Social Preferences & Fairness,Contemporary,Knowledge,med
James Andreoni,Giving and Social Image,,Generosity motivated by how one appears to others,Economics,Behavioral & Cognitive Economics,Social Preferences & Fairness,Contemporary,Knowledge,med
Paul Zak,Hormonal Influences on Economic Behavior,,,Economics,Behavioral & Cognitive Economics,Neuroeconomics & Neuromarketing,Contemporary,DB,high
Paul Zak,Neurobiology of Trust,,,Economics,Behavioral & Cognitive Economics,Neuroeconomics & Neuromarketing,Contemporary,DB,high
Paul Zak,Neuroeconomics of Trust,,Oxytocin underlying trust and trustworthiness in exchange,Economics,Behavioral & Cognitive Economics,Neuroeconomics & Neuromarketing,Contemporary,Knowledge,high
Paul Zak,Oxytocin and Economic Behavior,,"Hormone shaping generosity, trust and cooperation",Economics,Behavioral & Cognitive Economics,Neuroeconomics & Neuromarketing,Contemporary,Knowledge,high
Paul Zak,The Moral Molecule,,Oxytocin framed as a biological basis for morality,Economics,Behavioral & Cognitive Economics,Neuroeconomics & Neuromarketing,Contemporary,Knowledge,high
Paul Zak,Trust and Prosperity,,Interpersonal trust as an engine of economic growth,Economics,Behavioral & Cognitive Economics,Neuroeconomics & Neuromarketing,Contemporary,Knowledge,med
Robert Axelrod,Evolutionary Game Theory,,,Economics,Behavioral Game Theory & Strategic Interaction,Behavioral Game Theory,Modern,DB,high
Robert Axelrod,Social Norms,,,Economics,Behavioral Game Theory & Strategic Interaction,Behavioral Game Theory,Modern,DB,high
Robert Axelrod,The Evolution of Cooperation,,How cooperation emerges among self-interested agents,Economics,Behavioral Game Theory & Strategic Interaction,Behavioral Game Theory,Modern,Knowledge,high
Robert Axelrod,Tit-for-Tat,,"Cooperate first, then mirror the opponent's last move",Economics,Behavioral Game Theory & Strategic Interaction,Behavioral Game Theory,Modern,Knowledge,high
Robert Axelrod,Iterated Prisoner's Dilemma,,Repeated games making cooperation rationally sustainable,Economics,Behavioral Game Theory & Strategic Interaction,Behavioral Game Theory,Modern,Knowledge,high
Robert Axelrod,Shadow of the Future,,Expected future interaction promoting present cooperation,Economics,Behavioral Game Theory & Strategic Interaction,Behavioral Game Theory,Modern,Knowledge,high
Robert Axelrod,Social Norms (Evolution),,Computational accounts of how norms emerge and persist,Economics,Behavioral Game Theory & Strategic Interaction,Behavioral Game Theory,Modern,Knowledge,med
Harvey Leibenstein,Bandwagon Effect,,,Economics,"Marketing, Consumption & Industrial Organization",Psychology of Consumption,Modern,DB,high
Harvey Leibenstein,Snob Effect,,,Economics,"Marketing, Consumption & Industrial Organization",Psychology of Consumption,Modern,DB,high
Harvey Leibenstein,X-Efficiency,,Inefficiency from slack effort within non-competitive firms,Economics,"Marketing, Consumption & Industrial Organization",Psychology of Consumption,Modern,Knowledge,high
Harvey Leibenstein,Veblen Effect,,Demand rising with price for conspicuous status goods,Economics,"Marketing, Consumption & Industrial Organization",Psychology of Consumption,Modern,Knowledge,high
Harvey Leibenstein,Critical Minimum Effort,,Development requiring a threshold push to escape stagnation,Economics,"Marketing, Consumption & Industrial Organization",Psychology of Consumption,Modern,Knowledge,med
Janet Yellen,Fairness and Wage Setting,,,Economics,"Labor, Personnel & Inequality Economics",Behavioral Labor Economics,Contemporary,DB,high
Janet Yellen,Price Stickiness (Behavioral Economics),,,Economics,"Labor, Personnel & Inequality Economics",Behavioral Labor Economics,Contemporary,DB,high
Janet Yellen,Fair Wage-Effort Hypothesis,,Workers reducing effort when pay falls below a fair wage,Economics,"Labor, Personnel & Inequality Economics",Behavioral Labor Economics,Contemporary,Knowledge,high
Janet Yellen,Efficiency Wage Theory,,Above-market wages raising productivity and reducing turnover,Economics,"Labor, Personnel & Inequality Economics",Behavioral Labor Economics,Contemporary,Knowledge,high
Janet Yellen,Wage Stickiness,,Fairness norms keeping wages from falling in downturns,Economics,"Labor, Personnel & Inequality Economics",Behavioral Labor Economics,Contemporary,Knowledge,high
Janet Yellen,Near-Rational Behavior,,Small individual deviations producing large macro effects,Economics,"Labor, Personnel & Inequality Economics",Behavioral Labor Economics,Contemporary,Knowledge,med
Edward Deci,Intrinsic Motivation (Labor),,,Economics,"Labor, Personnel & Inequality Economics",Behavioral Labor Economics,Contemporary,DB,high
Edward Deci,Intrinsic Motivation in Education,,,Economics,"Labor, Personnel & Inequality Economics",Behavioral Labor Economics,Contemporary,DB,high
Edward Deci,Self-Determination Theory,,"Motivation driven by autonomy, competence and relatedness",Economics,"Labor, Personnel & Inequality Economics",Behavioral Labor Economics,Contemporary,Knowledge,high
Edward Deci,Overjustification Effect,,Rewards undermining preexisting intrinsic motivation at work,Economics,"Labor, Personnel & Inequality Economics",Behavioral Labor Economics,Contemporary,Knowledge,high
Edward Deci,Crowding Out of Motivation,,Incentives displacing internal drive to perform,Economics,"Labor, Personnel & Inequality Economics",Behavioral Labor Economics,Contemporary,Knowledge,high
Edward Deci,Autonomy at Work,,Self-endorsed action enhancing engagement and performance,Economics,"Labor, Personnel & Inequality Economics",Behavioral Labor Economics,Contemporary,Knowledge,med
